stock_code,trade_date,return_1d,return_5d,return_10d,return_20d,intraday_return,high_low_range,gap,sma_5,sma_20,sma_60,price_to_sma_5,price_to_sma_20,price_to_sma_60,rsi_14,roc_10,roc_20,macd,macd_signal,macd_hist,volatility_5,volatility_20,atr_14,volume_change_1d,volume_sma_20,volume_ratio_20,target_return_5d
660,2024-06-11,0.0216346153846154,0.0942327497425334,0.054590570719603,0.1812117843246248,0.0119047619047618,0.0436893203883494,0.0096153846153845,203000.0,196550.0,182846.66666666663,0.0467980295566503,0.0811498346476724,0.1621759579975936,69.29805942873003,0.054590570719603,0.1812117843246248,6187.902396973892,5195.01656291191,992.8858340619818,0.0310476765632605,0.0239961674516144,6757.468051226343,0.2536594090310136,3435519.8,0.8936531234662074,0.1035294117647058
5380,2024-06-11,0.0130841121495326,0.0226415094339622,0.0207156308851224,0.1221532091097308,0.0018484288354898,0.0224299065420561,0.0112149532710279,265300.0,259750.0,246466.66666666663,0.0214851111948737,0.0433108758421558,0.0995401677035434,62.161746438220085,0.0207156308851224,0.1221532091097308,5369.888510278834,5020.998451148049,348.8900591307847,0.0162353328692478,0.0273791592208523,8699.909939419324,0.0225313369847779,965073.35,1.002245062512606,0.0442804428044281
5930,2024-06-11,-0.0066050198150594,-0.0066050198150594,-0.0259067357512953,-0.0505050505050505,-0.0092226613965744,0.0119840213049267,0.0026420079260238,76180.0,76755.0,78453.33333333333,-0.0128642688369651,-0.0202592664972965,-0.0414683888511215,43.76850185169421,-0.0259067357512953,-0.0505050505050505,-767.5600307351124,-763.4231042293941,-4.136926505718293,0.0178341952321436,0.0170875320882751,1894.0138248716212,0.1625083782829426,20985665.9,0.8087031920202257,0.0611702127659574
35420,2024-06-11,-0.002929115407147,-0.0144759698899826,-0.0491620111731843,-0.097560975609756,-0.0046783625730993,0.0088235294117646,0.0017574692442883,174040.0,178530.0,184003.33333333337,-0.0220638933578487,-0.0466588248473646,-0.075016756942809,33.369122413434425,-0.0491620111731843,-0.097560975609756,-3600.557416145311,-3007.579240326196,-592.9781758191152,0.0183484962042865,0.0141256354944896,3614.004719400403,-0.18533816564591,646089.95,0.9390116654809444,-0.0199764982373678
35720,2024-06-11,0.0011600928074246,-0.0259593679458238,-0.0588876772082879,-0.0972803347280334,-0.0046136101499423,0.0197674418604651,0.0058004640371229,43930.0,45010.0,48629.166666666664,-0.0177555201456862,-0.0413241501888469,-0.1126724359523605,32.9499750952634,-0.0588876772082879,-0.0972803347280334,-1258.672904636922,-1245.0978701068548,-13.575034530067114,0.0125989988454313,0.0146197571451775,1162.638525378425,-0.2246725225619906,1074414.85,0.6588749215445039,-0.0196987253765932
660,2024-06-12,0.0117647058823529,0.1122607346094153,0.0617283950617284,0.1697497279651796,0.0141509433962263,0.0236966824644548,-0.0023529411764705,207340.0,198110.0,183703.33333333337,0.0369441497057971,0.0852556660441168,0.1703652628331911,70.81333503462106,0.0617283950617284,0.1697497279651796,6911.664994875726,5538.346249304674,1373.3187455710522,0.0287695384355052,0.0238141599567478,6631.934618995891,-0.2992779210745487,3381585.2,0.6361900921496817,0.086046511627907
5380,2024-06-12,-0.0036900369003689,0.0424710424710423,0.0188679245283018,0.1020408163265305,-0.0109890109890109,0.0186567164179105,0.0073800738007379,267500.0,261000.0,246825.0,0.0093457943925232,0.0344827586206897,0.0938924339106654,61.10686220793277,0.0188679245283018,0.1020408163265305,5523.716235206812,5121.542007959802,402.1742272470101,0.0087944419198696,0.0273884691299981,8435.630658032229,-0.4134506430668707,965927.3,0.5873464804235267,0.0611111111111111
5930,2024-06-12,0.0172872340425531,0.0159362549800796,-0.0141752577319587,-0.024234693877551,0.0159362549800796,0.0252659574468085,0.0013297872340425,76420.0,76660.0,78493.33333333333,0.0010468463752943,-0.0020871380120009,-0.0253949379989807,48.58103782641327,-0.0141752577319587,-0.024234693877551,-683.3197524423449,-747.4024338719843,64.08268142963936,0.0193349463651,0.0175336671493957,1894.4414088093629,0.1340832323041862,21015384.95,0.9158397548173391,0.061437908496732
35420,2024-06-12,-0.0105757931844888,-0.0475113122171946,-0.0507328072153325,-0.0862723819858926,-0.0094117647058823,0.0190816935002982,-0.0011750881316098,172360.0,177735.0,183670.0,-0.0229751682524947,-0.0525220131094044,-0.0831382370555888,31.277423326059377,-0.0507328072153325,-0.0862723819858926,-3868.729427242215,-3179.8092777094,-688.9201495328148,0.0108254545125993,0.0135695739579804,3584.4329537289454,0.6116805068849454,658786.1,1.4842207508628371,-0.0029691211401424
35720,2024-06-12,-0.0023174971031286,-0.0347533632286995,-0.0454545454545454,-0.0840425531914893,-0.0023174971031286,0.0198830409356725,0.0,43620.0,44812.5,48436.666666666664,-0.0130674002751031,-0.0393305439330543,-0.1112105154497281,32.497692366512595,-0.0454545454545454,-0.0840425531914893,-1265.597741502781,-1249.19784438604,-16.39989711674093,0.0109967744582508,0.0143639608881289,1140.3072021371088,0.4797550518784299,1077031.45,0.9726048389766148,-0.0058072009291521
660,2024-06-13,0.0325581395348837,0.1461022199277233,0.0962962962962963,0.1980572045331894,-0.0176991150442478,0.0342465753424656,0.0511627906976743,213000.0,199945.0,184705.0,0.0422535211267605,0.1103053339668409,0.2019165696651417,74.594277507736,0.0962962962962963,0.1980572045331894,7958.354608674854,6022.34792117871,1936.006687496144,0.0266916469072191,0.02443237548382,6979.653574781899,1.685444034414044,3532295.7,1.635559276648328,0.0698198198198198
5380,2024-06-13,-0.0037037037037036,0.018939393939394,0.0306513409961686,0.0912778904665314,-0.0146520146520146,0.0446096654275092,0.011111111111111,268500.0,262125.0,247116.66666666663,0.0018621973929235,0.0262279446828803,0.0885546637890335,60.010154190106356,0.0306513409961686,0.0912778904665314,5501.516119578213,5197.536830283484,303.9792892947289,0.0075884961757751,0.0274593413432472,8690.228468172783,2.282204133720172,1025500.1,1.815802845850527,0.0613382899628252
5930,2024-06-13,0.0274509803921567,0.0155038759689922,0.0452127659574468,0.0038314176245211,0.0025510204081633,0.0154241645244215,0.0248366013071894,76660.0,76675.0,78565.0,0.0253065483955126,0.0251059667427453,0.0004454909947178,55.24451919160656,0.0452127659574468,0.0038314176245211,-442.0110471993685,-686.3241565374611,244.31310933809263,0.0191964483072033,0.018657387430533,1937.695593894408,0.7542622965725339,22115375.55,1.5267117632103695,0.0381679389312976
35420,2024-06-13,0.0089073634204275,-0.0406549971767362,-0.0308043354249857,-0.0786334056399132,-0.0005882352941176,0.0182460270747497,0.009501187648456,170920.0,177010.0,183388.33333333337,-0.0059677041890943,-0.0401672221908366,-0.0735506620741051,34.93748741391089,-0.0308043354249857,-0.0786334056399132,-3915.0894994435657,-3326.8653220562337,-588.224177387332,0.0129793420030934,0.0138562475439225,3656.973457034021,0.005214853178207,680789.5,1.4437399519234653,-0.0158917010005885
35720,2024-06-13,0.0139372822299652,-0.0202020202020202,-0.0022857142857143,-0.0643086816720257,0.0069204152249136,0.0220162224797217,0.0069686411149825,43440.0,44662.5,48249.166666666664,0.0048342541436463,-0.0226700251889169,-0.0953211627143818,37.99694806861078,-0.0022857142857143,-0.0643086816720257,-1208.7371693435198,-1241.1057093775362,32.368540034016405,0.0145101736657243,0.0149017765895069,1133.8566876987438,1.3652081189392913,1141657.25,2.170193374587688,-0.0286368843069874
660,2024-06-14,-0.0045045045045044,0.0650602409638554,0.1292795094532448,0.1450777202072539,-0.0177777777777777,0.0416666666666667,0.0135135135135135,215700.0,201345.0,185701.66666666663,0.0245711636532219,0.0976185154833744,0.1900808644689959,73.1366804443423,0.1292795094532448,0.1450777202072539,8607.944994316058,6539.46733580618,2068.477658509878,0.0148063166576761,0.0233859236325961,7123.964033726049,-0.426854233627976,3443697.95,0.961531193524101,0.0588235294117647
5380,2024-06-14,-0.0037174721189591,0.0113207547169811,0.0428015564202335,0.0850202429149797,-0.0018621973929237,0.0262172284644195,-0.0018587360594795,269100.0,263175.0,247525.0,-0.0040876997398736,0.0183338083024602,0.0827189172810827,58.87227401838723,0.0428015564202335,0.0850202429149797,5341.65544642671,5226.36055351213,115.29489291458049,0.0082964409300493,0.0275189983918463,8569.497863303299,-0.5821854394969996,1036423.45,0.7506729030494245,0.0447761194029849
5930,2024-06-14,0.0127226463104326,0.0297542043984475,0.0829931972789115,0.0179028132992327,-0.001254705144291,0.018987341772152,0.0139949109414758,77120.0,76745.0,78686.66666666667,0.0321576763485478,0.0372011205941755,0.0116072185037701,58.033502976397855,0.0829931972789115,0.0179028132992327,-168.14227759647474,-582.6877807492639,414.54550315278914,0.0193935284054573,0.018854449540151,1935.003051473379,-0.3209707057889567,22212217.25,1.0321622439560822,0.0050251256281406
35420,2024-06-14,0.0,-0.0313568985176738,-0.0029342723004694,-0.0986737400530504,0.0035440047253396,0.0142264374629519,-0.0035314891112419,169820.0,176080.0,183118.33333333337,0.0004710870333293,-0.0350976828714221,-0.0721846529111412,34.9374874139109,-0.0029342723004694,-0.0986737400530504,-3906.79508878148,-3442.851275401283,-463.9438133801973,0.0134227290195076,0.0124629448021455,3567.1896386744484,-0.3105415395321722,674386.35,1.0048498164294102,-0.0135373749264272
35720,2024-06-14,0.0057273768613974,-0.0079096045197739,0.0057273768613974,-0.0619658119658119,0.015028901734104,0.0267131242740998,-0.0091638029782359,43370.0,44517.5,48079.166666666664,0.0122204288678811,-0.0138709496265513,-0.0869226102781869,40.183596839518366,0.0057273768613974,-0.0619658119658119,-1130.470485522521,-1218.9786646065331,88.50817908401223,0.0149832026008373,0.0149692382807045,1135.009781434548,-0.5339533915048209,1127113.7,1.024461862188349,-0.0170842824601367
660,2024-06-17,0.009049773755656,0.0721153846153845,0.1786469344608878,0.1743022643496576,0.0182648401826484,0.047945205479452,-0.009049773755656,218700.0,203000.0,186680.0,0.0196616369455875,0.0985221674876848,0.1945575316048853,74.22161216043317,0.1786469344608878,0.1743022643496576,9178.331250937335,7067.240118832411,2111.0911321049243,0.0139154528688952,0.0227449315426919,7365.109459888474,-0.3360942467481048,3411545.25,0.644382483274991,0.0
5380,2024-06-17,0.0391791044776119,0.0411214953271028,0.1007905138339921,0.1413934426229508,0.0090579710144926,0.0344827586206897,0.0298507462686568,271300.0,264900.0,248125.0,0.0265388868411353,0.0513401283503209,0.122418136020151,66.13358442984398,0.1007905138339921,0.1413934426229508,5993.141751548188,5379.716793119342,613.4249584288464,0.0187660073387395,0.0282741951943011,9171.676587353064,1.5010430390159573,1113268.55,1.7478702690379602,0.0089766606822261
5930,2024-06-17,-0.0188442211055276,0.0317040951122853,0.0625850340136053,0.0090439276485787,-0.0138888888888888,0.0192307692307691,-0.0050251256281407,77600.0,76780.0,78775.0,0.0064432989690721,0.0171919770773638,-0.0085687083465566,52.72588581805362,0.0625850340136053,0.0090439276485787,-71.31469710878446,-480.413164021168,409.0984669123836,0.0187620142145367,0.0192206791516314,1911.0742620824233,-0.2967538771101461,22222459.75,0.7255295399961293,0.0320102432778488
35420,2024-06-17,-0.0223660977045321,-0.0269478617457528,-0.0240893066980023,-0.1131873998932194,-0.015995260663507,0.0204819277108434,-0.0064743967039434,168900.0,175020.0,182818.33333333337,-0.0165778567199526,-0.0509656039309792,-0.0914477942584168,30.21027009691433,-0.0240893066980023,-0.1131873998932194,-4158.908640669775,-3586.062748454982,-572.8458922147934,0.0117750048912476,0.0130478250830805,3590.961807340559,0.2935644433688429,698505.3,1.2549554026290135,0.0168573148705599
35720,2024-06-17,-0.0341685649202733,-0.0162412993039443,-0.0207852193995381,-0.0871905274488697,-0.025287356321839,0.0379596678529063,-0.0091116173120728,43230.0,44315.0,47902.5,-0.0191996298866528,-0.043213358907819,-0.1148687438025155,32.72605703519373,-0.0207852193995381,-0.0871905274488697,-1175.92569921806,-1210.3680715288383,34.44237231077864,0.0183861550600043,0.0164934528964502,1178.9376541892232,0.1440540060709196,1146994.6,1.1517246898982785,-0.0082547169811321
660,2024-06-18,0.0515695067264574,0.1035294117647058,0.2075180226570545,0.2335612835349816,0.0330396475770924,0.0330396475770924,0.0179372197309417,223100.0,205220.0,187918.33333333337,0.0510981622590767,0.1426761524217912,0.2478825021507569,79.37876427755387,0.2075180226570545,0.2335612835349816,10437.99762007437,7741.391619080803,2696.6060009935663,0.0220369041952933,0.0246241698393779,7660.458784182154,0.4266360071690458,3388750.4,0.9254830335099332,-0.0405117270788912
5380,2024-06-18,0.0161579892280072,0.0442804428044281,0.0679245283018867,0.1297405189620759,0.0089126559714796,0.0412926391382406,0.0071813285457809,273700.0,266525.0,248883.33333333337,0.0339788089148702,0.0618140887346403,0.1370789526551932,68.68532279215454,0.0679245283018867,0.1297405189620759,6794.24194215273,5662.621822926019,1131.6201192267108,0.0190134855183694,0.0279867088066753,9337.985402542132,-0.1428317407979755,1153636.25,1.4457936806337353,0.0194346289752649
5930,2024-06-18,0.0217669654289371,0.0611702127659574,0.0541611624834874,0.0114068441064638,0.013977128335451,0.020356234096692,0.0076824583866836,78520.0,76825.0,78891.66666666667,0.0163015792154865,0.0387243735763098,0.0115136790958063,57.472982482006394,0.0541611624834874,0.0114068441064638,140.97260608935903,-356.13600999906265,497.1086160884217,0.0181241552583598,0.0193502415407189,1924.5689576479645,0.1292898595929517,22160000.5,0.8216424904864059,0.0125313283208019
35420,2024-06-18,0.0042143287176399,-0.0199764982373678,-0.034163288940359,-0.0934782608695652,0.0005998800239952,0.0186410102224894,0.0036122817579771,168220.0,174160.0,182555.0,-0.0084413268339079,-0.0422599908130454,-0.0863027580729095,32.03458988038159,-0.034163288940359,-0.0934782608695652,-4253.19807715583,-3719.489814195152,-533.7082629606784,0.0125561076965375,0.0129291713922973,3570.178821101948,-0.2432885044712882,703187.2,0.9433163743594878,-0.0023980815347721
35720,2024-06-18,-0.0023584905660377,-0.0196987253765932,-0.0451467268623024,-0.0814332247557003,-0.0047058823529412,0.0189573459715639,0.0023584905660376,43060.0,44127.5,47740.833333333336,-0.0176497909893171,-0.0414140841878647,-0.1139660318734836,32.295743033669254,-0.0451467268623024,-0.0814332247557003,-1206.1151036892916,-1209.5174779609292,3.4023742716376546,0.0182476102410335,0.016469095292729,1151.870678889993,-0.3402903206759615,1143186.35,0.762335029630121,-0.0307328605200946
660,2024-06-19,-0.0042643923240938,0.086046511627907,0.2079668908432488,0.2161458333333332,-0.0063829787234042,0.0496760259179265,0.0021321961620468,226800.0,207295.0,189201.66666666663,0.0295414462081129,0.1264140476133046,0.2341328917116658,77.9189944903985,0.2079668908432488,0.2161458333333332,11226.19209595013,8438.35171445467,2787.84038149546,0.0245706162131073,0.0248550836649785,7934.711728169144,0.198461465370376,3453277.55,1.0884303232446522,0.0149892933618842
5380,2024-06-19,0.0123674911660778,0.0611111111111111,0.106177606177606,0.1324110671936758,0.0,0.0299295774647887,0.0123674911660778,277000.0,268200.0,249641.66666666663,0.0342960288808664,0.0682326621923936,0.1476449577728078,70.54430968885303,0.106177606177606,0.1324110671936758,7623.659562231507,6054.829370787117,1568.83019144439,0.0176759499042376,0.0280075217977611,9349.557873789125,-0.2631780900762627,1186253.6,1.0360010709345793,0.0104712041884815
5930,2024-06-19,0.0175438596491228,0.061437908496732,0.0783532536520583,0.0357142857142858,0.0012330456226881,0.0248447204968944,0.0162907268170426,79460.0,76965.0,78963.33333333333,0.0218978102189781,0.055025011368804,0.0283253830891976,60.95060752525946,0.0783532536520583,0.0357142857142858,417.368953539888,-201.43501729127252,618.8039708311605,0.0181429531968421,0.0196250709103129,1979.9568892445384,0.3274053502279652,22683914.5,1.0654626211009568,0.001231527093596
35420,2024-06-19,0.0065947242206234,-0.0029691211401424,-0.0503393665158371,-0.0835152838427947,0.0011926058437685,0.0199878861296183,0.0053956834532373,168120.0,173395.0,182301.66666666663,-0.0013085891030216,-0.0316906485192768,-0.0789990949067936,34.913827522464004,-0.0503393665158371,-0.0835152838427947,-4190.8527857741865,-3813.7624085109583,-377.09037726322777,0.0126434789661681,0.0131791064600042,3550.8803338803805,0.1662646533841478,718412.05,1.0768416259164917,0.0029779630732578
35720,2024-06-19,0.011820330969267,-0.0058072009291521,-0.0403587443946188,-0.0685527747551686,0.0070588235294117,0.0239234449760765,0.0047281323877068,43010.0,43970.0,47572.5,-0.0048825854452453,-0.0266090516261087,-0.1003205633506753,36.77239386185548,-0.0403587443946188,-0.0685527747551686,-1176.1368296574728,-1202.841348300238,26.70451864276515,0.0195878771667761,0.0168485306548577,1141.0227732549936,0.6408832678708098,1156714.45,1.236273135517586,-0.02803738317757
660,2024-06-20,0.0171306209850106,0.0698198198198198,0.2261228704181723,0.2013151239251391,0.0171306209850106,0.0324675324675325,0.0,229900.0,209285.0,190326.66666666663,0.0330578512396693,0.1348161597821153,0.2478545658341799,79.53981273305021,0.2261228704181723,0.2013151239251391,12034.87788649724,9157.656948863185,2877.220937634056,0.0230302540525914,0.0244907351624861,7903.660890442777,-0.2211681209114331,3402173.5,0.8604375996697405,-0.0042105263157894
5380,2024-06-20,-0.0034904013961605,0.0613382899628252,0.081439393939394,0.0306859205776173,0.0,0.0194690265486725,-0.0034904013961605,280300.0,268625.0,250200.0,0.0185515519086691,0.0628199162401117,0.1410871302957634,69.27885748881533,0.081439393939394,0.0306859205776173,8106.836790928792,6465.230854815452,1641.605936113339,0.0176285972582363,0.0188222753614785,9074.589454232757,-0.4873746907954693,1050921.7,0.5994699700272628,0.0437828371278459
5930,2024-06-20,0.0049261083743843,0.0381679389312976,0.0542635658914729,0.05019305019305,0.0012269938650306,0.0123152709359606,0.0036945812807882,80060.0,77160.0,79001.66666666667,0.01923557332001,0.0575427682737168,0.0328896014852007,61.909028946518696,0.0542635658914729,0.05019305019305,661.0712889664865,-28.93375603972073,690.0050450062072,0.0160644687446204,0.0194651355070179,1909.9599685842145,-0.1605350653028237,22722284.85,0.8929081355126133,0.0
35420,2024-06-20,-0.004169148302561,-0.0158917010005885,-0.0559006211180124,-0.0843373493975904,-0.0017910447761193,0.0192192192192193,-0.0023823704586063,167580.0,172625.0,182015.0,-0.0022675736961451,-0.0314265025343953,-0.0813943905722055,33.928800567916355,-0.0559006211180124,-0.0843373493975904,-4150.088209497684,-3881.027568708304,-269.06064078938016,0.0115044822623206,0.0131770770766218,3525.817452888925,-0.2480920766892101,731688.75,0.794993772966989,-0.0107655502392344
35720,2024-06-20,-0.0093457943925233,-0.0286368843069874,-0.0482603815937149,-0.0742358078602619,-0.0035252643948295,0.014218009478673,-0.0058411214953271,42760.0,43800.0,47385.833333333336,-0.0084190832553788,-0.0319634703196347,-0.1052178041960502,34.79053370525848,-0.0482603815937149,-0.0742358078602619,-1171.1551411179316,-1196.5041068637768,25.348965745845135,0.0178357612313998,0.0169005755200016,1102.3782894510657,-0.4519414132019594,1135895.3,0.6899685208663158,-0.0471698113207547
660,2024-06-21,-0.0147368421052631,0.0588235294117647,0.1277108433734939,0.1699999999999999,0.0151843817787418,0.0195652173913043,-0.0294736842105263,232500.0,210985.0,191396.66666666663,0.0064516129032257,0.1090835841410526,0.2225918250056602,74.39408711016968,0.1277108433734939,0.1699999999999999,12252.111735085462,9776.54790610764,2475.5638289778217,0.0253961069150231,0.0250723736031166,7874.827969696864,0.3146304620070383,3360500.75,1.145184687133309,0.0106837606837606
5380,2024-06-21,-0.0192644483362521,0.0447761194029849,0.0566037735849056,0.0313075506445672,-0.0123456790123457,0.021505376344086,-0.0070052539404553,282700.0,269050.0,250808.33333333337,-0.0095507605235232,0.0406987548782753,0.1163903379074327,62.62492557337287,0.0566037735849056,0.0313075506445672,7954.262405538524,6763.0371649600675,1191.2252405784566,0.0219558865403513,0.0187871109869579,8890.690207501846,0.391373913485165,1000437.3,0.8761768478644288,0.0535714285714286
5930,2024-06-21,-0.0196078431372549,0.0050251256281406,0.0349288486416559,0.0217113665389527,-0.0086741016109045,0.01,-0.0110294117647058,80140.0,77245.0,79020.0,-0.0017469428500124,0.0356657388827756,0.0124019235636547,55.98942177814904,0.0349288486416559,0.0217113665389527,716.8372635717533,120.22044788257408,596.6168156891792,0.0196133473577528,0.020039822029641,1887.819970828199,-0.1173739568995145,22681256.65,0.7895295783798646,0.01875
35420,2024-06-21,0.0023923444976077,-0.0135373749264272,-0.0444697833523375,-0.0796265788028556,0.0084235860409145,0.0144927536231884,-0.005980861244019,167120.0,171900.0,181660.0,0.0028721876495931,-0.0250145433391506,-0.0773973356820433,35.05634589198044,-0.0444697833523375,-0.0796265788028556,-4038.94686672269,-3912.6114283111815,-126.33543841150868,0.0117158022221592,0.013259030015366,3445.401920539716,0.4991473092104359,754970.95,1.1550590125355156,-0.0041766109785202
35720,2024-06-21,0.017688679245283,-0.0170842824601367,-0.0248587570621469,-0.0506050605060506,0.0164899882214368,0.017688679245283,0.0011792452830188,42610.0,43685.0,47211.666666666664,0.0126730814362825,-0.0122467666246995,-0.0860309951636247,41.19059116104963,-0.0248587570621469,-0.0506050605060506,-1094.0765516226456,-1176.0185958155507,81.94204419290509,0.0203681843032349,0.0175281537836658,1077.2084116331323,1.6944503988608353,1196745.0,1.7645588659238185,-0.0579374275782155
660,2024-06-24,-0.047008547008547,0.0,0.0721153846153845,0.1228600201409868,-0.0219298245614034,0.0454545454545454,-0.0256410256410256,232500.0,212205.0,192290.0,-0.0408602150537634,0.0508706203906599,0.1597066930157573,61.03061954242954,0.0721153846153845,0.1228600201409868,11405.191112354456,10102.276547357003,1302.9145649974523,0.0367307352761686,0.0277950353533316,8312.340257575659,0.3202198111731802,3424843.45,1.4834914571058715,0.0560538116591928
5380,2024-06-24,0.0035714285714285,0.0089766606822261,0.0504672897196261,0.0504672897196261,0.0144404332129963,0.0272232304900181,-0.0107142857142856,283200.0,269725.0,251500.0,-0.0077683615819209,0.0418018352025211,0.1172962226640159,63.31483192434883,0.0504672897196261,0.0504672897196261,7823.849284158263,6975.199588799707,848.6496953585556,0.0140769102890133,0.0183855871928916,8791.355192680287,-0.3177660399744455,977380.8,0.6118587555638498,0.0177935943060498
5930,2024-06-24,0.0075,0.0320102432778488,0.0647291941875825,0.0619235836627141,0.0112923462986198,0.0176100628930817,-0.00375,80640.0,77480.0,79060.0,-0.0004960317460317,0.0402684563758388,0.0194788768024285,57.62570084611937,0.0647291941875825,0.0619235836627141,800.222716455406,256.2209015971405,544.0018148582656,0.0161254159844616,0.018606312411461,1852.9756871976135,-0.1369980650031833,22059404.1,0.7005731854742169,0.0148883374689825
35420,2024-06-24,0.0077565632458234,0.0168573148705599,-0.0105448154657293,-0.0564245810055865,0.0071556350626118,0.0209330143540669,0.0005966587112171,167680.0,171395.0,181341.66666666663,0.0072757633587785,-0.0145570174159106,-0.068608979366757,38.71677081062734,-0.0105448154657293,-0.0564245810055865,-3802.138727890735,-3890.516888227092,88.37816033635727,0.0046943448162787,0.0131407867365849,3449.301783358308,-0.3221747726011311,748022.75,0.7902005654239794,-0.0355239786856127
35720,2024-06-24,-0.0254924681344148,-0.0082547169811321,-0.0243619489559164,-0.0539932508436445,-0.0175233644859813,0.0214030915576695,-0.0081112398609501,42540.0,43565.0,47015.833333333336,-0.0115185707569346,-0.0347756226328475,-0.1056204470125312,35.6622143322553,-0.0243619489559164,-0.0539932508436445,-1108.9685222275075,-1162.608581097942,53.640058870434586,0.0172014650663405,0.0177490810909835,1078.8363822307658,-0.5780519925160781,1177279.35,0.7568628465283112,-0.0249702734839476
660,2024-06-25,0.0089686098654708,-0.0405117270788912,0.0588235294117647,0.1166253101736973,0.0440835266821346,0.0465116279069768,-0.0336322869955156,230600.0,213380.0,193096.66666666663,-0.0242844752818733,0.0544568375667822,0.1652194928274266,62.35469742481408,0.0588235294117647,0.1166253101736973,10771.219785572584,10236.06519500012,535.1545905724633,0.0250024337695197,0.0277336046464723,8432.887382034542,0.1279882048352931,3472649.3,1.6503247246993815,0.031111111111111
5380,2024-06-25,0.0266903914590748,0.0194346289752649,0.0645756457564574,0.0866290018832391,0.0266903914590748,0.0446428571428572,0.0,284300.0,270875.0,252300.0,0.0147731269785438,0.0650669127826488,0.143479984145858,68.07464367378658,0.0645756457564574,0.0866290018832391,8230.803684397019,7226.32040791917,1004.4832764778484,0.0171929488739627,0.0189756254777177,9056.258393203125,0.7110844304277957,977972.05,1.046309043290143,-0.0554592720970537
5930,2024-06-25,0.0024813895781636,0.0125313283208019,0.074468085106383,0.0466321243523315,0.0024813895781636,0.0212234706616729,0.0,80840.0,77660.0,79075.0,-0.0004948045522018,0.0404326551635334,0.0218147328485613,58.183796105628375,0.074468085106383,0.0466321243523315,872.3882682422554,379.4543749261635,492.93389331609194,0.0136559253538398,0.0183141023507528,1842.048852397784,0.2351609692286778,20822566.9,0.9167197344915242,0.0123762376237623
35420,2024-06-25,-0.0148016577856719,-0.0023980815347721,-0.0223266745005875,-0.0703910614525139,-0.0107015457788347,0.016294508147254,-0.0041444641799881,167600.0,170765.0,180966.66666666663,-0.0071599045346062,-0.025561444089831,-0.0804936452385337,34.669821809322954,-0.0223266745005875,-0.0703910614525139,-3772.706268943846,-3866.954764370443,94.24849542659696,0.0092851599741843,0.0133882484865188,3431.494513118429,0.1421632650299109,753843.25,0.8955694701783162,-0.0390625
35720,2024-06-25,-0.0249702734839476,-0.0307328605200946,-0.0498261877172653,-0.1057797164667393,-0.029585798816568,0.0317073170731707,0.0047562425683709,42280.0,43322.5,46784.166666666664,-0.0302743614001892,-0.0536095562352126,-0.123635132968775,31.338481423401618,-0.0498261877172653,-0.1057797164667393,-1191.7588864082063,-1168.438642159995,-23.32024424821134,0.0201849059153342,0.0164822576633152,1094.6337834999968,0.8038200348132909,1182616.15,1.3590834185716136,-0.024390243902439
660,2024-06-26,0.0533333333333332,0.0149892933618842,0.1023255813953487,0.1703703703703702,0.0394736842105263,0.0483516483516484,0.0133333333333334,231300.0,215105.0,194026.66666666663,0.0246433203631646,0.1017874991283327,0.2214815832875207,69.1317131180386,0.1023255813953487,0.1703703703703702,11109.034617460566,10410.659079492209,698.3755379683571,0.0373588990649964,0.0296884756532204,8794.823997603504,-0.0984360667311231,3626745.15,1.424655382802401,-0.0042194092827003
5380,2024-06-26,0.0034662045060658,0.0104712041884815,0.0722222222222221,0.0924528301886793,0.0017301038062282,0.0244328097731238,0.0017331022530329,284900.0,272100.0,253058.33333333337,0.016146016146016,0.0639470782800442,0.1440050054335298,68.65854813634931,0.0722222222222221,0.0924528301886793,8535.616349149379,7488.179596165212,1047.4367529841666,0.0165557122355644,0.0189210355033418,8909.382793688614,-0.3215738702051578,982745.25,0.7063956808745705,-0.0466321243523316
5930,2024-06-26,0.006188118811881,0.001231527093596,0.0627450980392156,0.047680412371134,0.0149812734082397,0.0187734668335419,-0.0086633663366336,80860.0,77845.0,79100.0,0.0054415038337867,0.0443830689190056,0.0278128950695322,59.6157929381778,0.0627450980392156,0.047680412371134,958.872523707818,495.3380046824944,463.5345190253235,0.0112804196598221,0.0183234129313419,1817.616791512228,-0.0683772361287643,20784775.4,0.8555898082978564,0.0061500615006149
35420,2024-06-26,0.0120192307692308,0.0029779630732578,0.0,-0.0507328072153325,0.0156815440289506,0.0266666666666666,-0.0036057692307692,167700.0,170315.0,180618.33333333337,0.0041741204531902,-0.0112438716495905,-0.0676472488027239,40.06702889838775,0.0,-0.0507328072153325,-3547.1086869319843,-3802.985548882752,255.8768619507673,0.0105448539310906,0.013759916715046,3500.673476467113,-0.059235482929676,757406.4,0.8385564209650196,-0.0510688836104512
35720,2024-06-26,0.0146341463414634,-0.02803738317757,-0.0336817653890824,-0.0776053215077605,0.0233702337023369,0.039506172839506,-0.0085365853658536,42040.0,43147.5,46564.166666666664,-0.0104662226450998,-0.0358653456167796,-0.1066091594036902,36.10564115273024,-0.0336817653890824,-0.0776053215077605,-1195.178586134869,-1173.78663095497,-21.391955179899018,0.0208367411040964,0.0168549012748695,1130.7313703928542,-0.2254898666935444,1208109.2,1.0304118203884218,-0.0360576923076922
660,2024-06-27,-0.0021097046413501,-0.0042105263157894,0.0653153153153154,0.1679012345679011,0.0305010893246187,0.0505494505494505,-0.0316455696202531,231100.0,216805.0,194998.33333333337,0.0233665080051925,0.0908420008763635,0.2128308788964008,68.57774554375919,0.0653153153153154,0.1679012345679011,11207.219632558466,10569.971190105462,637.2484424530048,0.0365917573122598,0.0297232863043082,8988.05085491754,-0.2717039859009201,3661238.45,1.0277956629675404,-0.0274841437632135
5380,2024-06-27,0.0293609671848014,0.0437828371278459,0.1078066914498141,0.1417624521072797,0.038327526132404,0.0418848167539267,-0.008635578583765,287400.0,273950.0,254075.0,0.0368823938761309,0.087789742653769,0.1728820230246974,73.15325424549643,0.1078066914498141,0.1417624521072797,9355.220387355366,7861.587754403244,1493.6326329521223,0.0199136505637567,0.0190961667453222,9130.141165568,0.6671007350833398,992334.3,1.1662531467470183,-0.0687919463087248
5930,2024-06-27,0.0036900369003689,0.0,0.0381679389312976,0.0851063829787233,0.0036900369003689,0.0136645962732919,0.0,80860.0,78165.0,79113.33333333333,0.0091516200840959,0.0439454999040491,0.0314317013567035,60.49005141304389,0.0381679389312976,0.0851063829787233,1039.6351452411473,604.1974327942249,435.4377124469223,0.0111665944080444,0.0165495980371039,1766.3584492613547,-0.3398436573038819,19859517.65,0.5911382243465516,0.036764705882353
35420,2024-06-27,-0.017814726840855,-0.0107655502392344,-0.0264861683343142,-0.0564746149458071,-0.0083932853717025,0.0139056831922612,-0.009501187648456,167340.0,169820.0,180256.66666666663,-0.0115931636189793,-0.0260275585914497,-0.0824195129167667,35.34950107442181,-0.0264861683343142,-0.0564746149458071,-3569.2517929120513,-3756.238797688611,186.9870047765603,0.0134626324516507,0.0140353318681784,3464.9110852908907,-0.0823172651811918,741644.0,0.785883793302447,-0.0338573155985489
35720,2024-06-27,-0.0288461538461538,-0.0471698113207547,-0.0744558991981672,-0.0765714285714286,-0.0170316301703162,0.0222772277227722,-0.0120192307692307,41640.0,42980.0,46330.833333333336,-0.0297790585975024,-0.0600279199627733,-0.1280105041638938,31.40873931916001,-0.0744558991981672,-0.0765714285714286,-1279.9640649961077,-1195.0221177631977,-84.94194723291002,0.0234040089580685,0.0167680220145073,1135.6791296505075,-0.0331734747158292,1196326.75,1.006041200700394,-0.0024752475247524
660,2024-06-28,0.0,0.0106837606837606,0.0701357466063348,0.2084823709759835,0.0042462845010615,0.021505376344086,-0.0042283298097252,231600.0,218845.0,195890.0,0.0211571675302244,0.0806735360643378,0.2073102251263463,68.57774554375919,0.0701357466063348,0.2084823709759835,11156.427611537629,10687.262474391897,469.16513714573193,0.0357224467538291,0.0281452173836055,8703.190079566286,-0.3706394224828295,3659541.0,0.6471541103105554,-0.0021141649048626
5380,2024-06-28,-0.0100671140939597,0.0535714285714286,0.1007462686567164,0.1478599221789882,-0.015025041736227,0.0221843003412969,0.0050335570469799,290400.0,275850.0,255108.33333333337,0.0158402203856748,0.0694217872031901,0.1563714761702543,69.37185519679979,0.1007462686567164,0.1478599221789882,9651.431865866003,8219.556576695797,1431.875289170208,0.0168693209016983,0.0188092214712703,8942.273939456,-0.3420509404111075,998380.65,0.7626880589081929,-0.0474576271186441
5930,2024-06-28,-0.0012254901960784,0.01875,0.0238693467336683,0.1088435374149658,-0.0048840048840048,0.0136138613861385,0.0036764705882352,81160.0,78565.0,79098.33333333333,0.0041892557910301,0.0373576019856169,0.0303630502117617,60.0235921709898,0.0238693467336683,0.1088435374149658,1083.0858014824626,699.9751065318725,383.1106949505901,0.0034048753781746,0.0153741944046267,1718.761417171258,-0.1945353892597098,18904750.45,0.5001879831743561,0.0687116564417178
35420,2024-06-28,0.0090689238210399,-0.0041766109785202,-0.0176574455562095,-0.0205399061032863,-0.0023909145248057,0.0186859553948162,0.0114873035066505,167200.0,169645.0,179915.0,-0.0017942583732057,-0.0161808482419169,-0.0723397159769891,39.20390899556223,-0.0176574455562095,-0.0205399061032863,-3426.267026452988,-3690.244443441487,263.97741698849904,0.0143220113154989,0.0129435087188791,3474.5602934843987,0.2181056402548873,729771.6,0.9728632903774276,0.0071899340922707
35720,2024-06-28,0.006188118811881,-0.0579374275782155,-0.0740318906605922,-0.0687285223367697,0.0,0.0223048327137547,0.006188118811881,41140.0,42830.0,46113.333333333336,-0.0119105493437043,-0.0508989026383376,-0.1184762180135897,33.35389619708299,-0.0740318906605922,-0.0687285223367697,-1311.861929460087,-1218.3900801025754,-93.47184935751125,0.0204560195890198,0.0169157857044622,1118.8449061040428,-0.2221445817969114,1203213.05,0.7780758361954269,0.0209102091020909
660,2024-07-01,-0.0042283298097252,0.0560538116591928,0.0560538116591928,0.2447145877378436,0.0085653104925054,0.0193965517241379,-0.0126849894291755,234100.0,221160.0,196723.33333333337,0.0059803502776591,0.0648399348887682,0.197112696341732,67.3263588985649,0.0560538116591928,0.2447145877378436,10909.722437102086,10731.754466933931,177.96797016815253,0.0240874356125355,0.026507788523956,8402.962216740123,-0.2779781335623597,3447097.3,0.4960564936765783,-0.0084925690021231
5380,2024-07-01,-0.0305084745762711,0.0177935943060498,0.0269299820466786,0.1304347826086955,-0.0205479452054794,0.0367775831873904,-0.0101694915254236,291400.0,277500.0,256083.33333333337,-0.0185312285518187,0.0306306306306305,0.1168239505369346,59.44444289257568,0.0269299820466786,0.1304347826086955,9055.569840586628,8386.759229473964,668.8106111126635,0.0252329749120931,0.0200145481183042,9053.540086637717,0.1352545725080864,990875.35,0.8724033754598901,-0.0104895104895105
5930,2024-07-01,0.003680981595092,0.0148883374689825,0.0473751600512164,0.1129251700680271,0.003680981595092,0.009840098400984,0.0,81400.0,78980.0,79095.0,0.0049140049140048,0.0357052418333756,0.0341993804918137,60.99533695283636,0.0473751600512164,0.1129251700680271,1128.7171042187256,785.7235060692432,342.9935981494824,0.0027028166001845,0.0153294882561614,1653.1356016590253,0.196836609073524,18160671.75,0.6231708912419498,0.0684596577017115
35420,2024-07-01,-0.0239664469742361,-0.0355239786856127,-0.0192655027092113,-0.0428907168037603,-0.0151148730350665,0.0278637770897833,-0.0089874176153385,166000.0,169280.0,179391.66666666666,-0.0186746987951806,-0.0376890359168241,-0.0919310633158358,33.47288355073992,-0.0192655027092113,-0.0428907168037603,-3594.2844655354857,-3671.052447860287,76.76798232480132,0.0164740478824066,0.0139294332611339,3612.091701092656,0.6059230838573006,730902.85,1.5599255085679309,0.0466543891958257
35720,2024-07-01,0.0086100861008611,-0.0249702734839476,-0.0330188679245283,-0.0531177829099307,0.0173697270471464,0.0223602484472049,-0.008610086100861,40930.0,42715.0,45900.0,0.0017102369899828,-0.0401498302703968,-0.1067538126361655,36.08658749248162,-0.0330188679245283,-0.0531177829099307,-1293.9829123938543,-1233.5086465608313,-60.47426583302308,0.0203916842892002,0.0170855177386582,1103.2131270966113,-0.2370776903431031,1130299.95,0.6319039472663871,0.0341463414634146
660,2024-07-02,-0.0148619957537154,0.031111111111111,-0.0106609808102345,0.1946446961894954,-0.0148619957537154,0.0281995661605205,0.0,235500.0,223050.0,197485.0,-0.0148619957537154,0.0401255323918403,0.1747727675519659,62.99366585167764,-0.0106609808102345,0.1946446961894954,10312.905306850822,10647.984634917311,-335.0793280664893,0.0268381405600838,0.0268756932419318,8267.036344115828,0.3707653125374643,3415172.5,0.6863334136123431,0.0280172413793102
5380,2024-07-02,-0.0472027972027971,-0.0554592720970537,-0.0371024734982332,0.0283018867924529,-0.0371024734982332,0.0461254612546124,-0.0104895104895105,288200.0,277875.0,256958.33333333337,-0.0544760582928521,-0.0193432298695456,0.0604832171233986,48.282945769839394,-0.0371024734982332,0.0283018867924529,7408.605919463618,8191.128567471896,-782.5226480082774,0.0297084653365261,0.0209525869110234,9478.28722330645,0.8034722937197709,1009498.65,1.5443299503174177,0.0073394495412844
5930,2024-07-02,0.0,0.0123762376237623,0.0250626566416041,0.0805812417437252,-0.0084848484848485,0.0134969325153373,0.0085574572127138,81600.0,79285.0,79041.66666666667,0.0024509803921568,0.0317210064955539,0.0348972061149182,60.99533695283636,0.0250626566416041,0.0805812417437252,1151.6052518984943,858.8998552350935,292.70539666340085,0.0030222867280874,0.0142384056067465,1613.6259158262378,0.278752822473258,18098953.55,0.799598935928536,0.0733496332518337
35420,2024-07-02,-0.01841620626151,-0.0390625,-0.0413669064748201,-0.074116965836711,-0.0105198019801979,0.0181704260651629,-0.0079803560466543,164700.0,168640.0,178856.66666666666,-0.0291438979963569,-0.051826375711575,-0.1059880351119145,29.938024870507064,-0.0413669064748201,-0.074116965836711,-3924.2777928447176,-3721.6975168571735,-202.58027598754416,0.0169684465256646,0.0137961127522629,3589.7994367288948,-0.182265729015554,744426.1,1.252431906941468,0.0675422138836772
35720,2024-07-02,-0.024390243902439,-0.024390243902439,-0.0543735224586288,-0.0970654627539503,-0.0147783251231526,0.0212765957446807,-0.0097560975609756,40730.0,42500.0,45713.333333333336,-0.0179229069481954,-0.0588235294117647,-0.1249817704535511,32.043836814476066,-0.0543735224586288,-0.0970654627539503,-1345.000971246307,-1255.8071114979266,-89.19385974838042,0.0202499549362005,0.0166221416055326,1099.4121894468533,0.5830342979470515,1141604.7,0.9904198887758608,0.06125
660,2024-07-03,0.0172413793103447,-0.0042194092827003,0.0107066381156317,0.2209001551991722,0.0216450216450216,0.0488888888888889,-0.0043103448275861,235300.0,225185.0,198431.66666666663,0.0029749256268594,0.0480271776539289,0.1893263004056813,65.7096158789232,0.0107066381156317,0.2209001551991722,10046.87587082092,10527.762882098034,-480.8870112771128,0.0115902925068714,0.0267247899445931,8462.248033821841,0.4145699540134653,3481117.35,0.952474928775383,0.0127118644067796
5380,2024-07-03,0.0128440366972477,-0.0466321243523316,-0.0366492146596858,0.0656370656370657,0.0036363636363636,0.0330275229357797,0.0091743119266054,285500.0,278725.0,257958.33333333337,-0.0332749562171629,-0.0097766615839985,0.0699402358261993,50.8591078674012,-0.0366492146596858,0.0656370656370657,6313.0232927209,7815.507512521697,-1502.4842198007973,0.0311121636759976,0.0202830012073627,9444.123850213133,-0.3122785838861988,1030086.05,1.0408421704186752,-0.0054347826086956
5930,2024-07-03,0.0,0.0061500615006149,0.0073891625615762,0.0863213811420982,-0.0060753341433779,0.0160493827160492,0.0061124694376528,81700.0,79610.0,79003.33333333333,0.0012239902080783,0.0275091068961186,0.0353993502383866,60.99533695283636,0.0073891625615762,0.0863213811420982,1156.4138547598704,918.4026551400488,238.0111996198216,0.0022975160736364,0.0141058967086928,1591.2240646957923,-0.2094801071096104,17966067.3,0.6367741926470464,0.0733496332518337
35420,2024-07-03,-0.0006253908692933,-0.0510688836104512,-0.0482430017867778,-0.0961538461538461,-0.0012499999999999,0.0169067000626172,0.0006253908692932,162980.0,167790.0,178296.66666666666,-0.0195115965149098,-0.0476190476190476,-0.1037409560844285,29.824961416585523,-0.0482430017867778,-0.0961538461538461,-4146.075667028927,-3806.573146891524,-339.50252013740237,0.0139450356813481,0.0122271525064805,3526.2423341054023,-0.3474247138660342,736934.35,0.825614927571228,0.1107634543178974
35720,2024-07-03,0.0024999999999999,-0.0360576923076922,-0.0630841121495326,-0.100896860986547,0.0,0.0249999999999999,0.0024999999999999,40430.0,42275.0,45531.666666666664,-0.0081622557506801,-0.0514488468361915,-0.1192942640653025,32.853932666490365,-0.0630841121495326,-0.100896860986547,-1361.667530503968,-1276.979195299135,-84.68833520483304,0.017939831699108,0.0164903757794634,1092.311318772078,0.0381995422175209,1164792.85,1.007783486995134,0.0660847880299251
660,2024-07-04,-0.0254237288135593,-0.0274841437632135,-0.031578947368421,0.1874032008260195,-0.0436590436590436,0.068888888888889,0.0190677966101695,234000.0,227000.0,199131.66666666663,-0.0170940170940171,0.0132158590308371,0.1550146887737595,58.74506608267544,-0.031578947368421,0.1874032008260195,9245.3214594491,10271.274597568248,-1025.9531381191482,0.0160750511431036,0.0278569501060227,8964.944602834566,1.2921056544410088,3725629.9,2.0398918314457375,0.0478260869565216
5380,2024-07-04,0.0054347826086955,-0.0687919463087248,-0.0280210157618213,0.0511363636363635,0.0,0.02367941712204,0.0054347826086955,281400.0,279400.0,258816.66666666663,-0.0138592750533048,-0.0068002863278453,0.0721875201236397,51.963488458537945,-0.0280210157618213,0.0511363636363635,5502.375670142239,7352.881144045806,-1850.5054739035668,0.0249433661571653,0.0199441391981513,9233.829289483623,-0.4844346490299461,1013620.2,0.5453393687300233,0.0036036036036035
5930,2024-07-04,0.0342298288508557,0.036764705882353,0.036764705882353,0.0930232558139534,0.0205066344993969,0.0279126213592233,0.0134474327628362,82300.0,79970.0,78991.66666666667,0.0279465370595382,0.057896711266725,0.0709990505327564,69.6073989291172,0.036764705882353,0.0930232558139534,1370.364596548592,1008.7950434217576,361.56955312683453,0.0151457097103096,0.0147231401828616,1684.7080600746644,2.833563950264363,19000030.35,2.308271523366277,0.0354609929078013
35420,2024-07-04,0.0,-0.0338573155985489,-0.0442583732057416,-0.0976849237718803,-0.0018738288569644,0.0087719298245614,0.0018773466833541,161860.0,166925.0,177721.66666666666,-0.01272704806623,-0.0426838400479256,-0.1008412030046983,29.824961416585523,-0.0442583732057416,-0.0976849237718803,-4272.600204728486,-3899.778558458917,-372.8216462695691,0.0138366447298127,0.0121842664279157,3374.3678816693023,-0.1692208065428057,738811.4,0.684161072771752,0.1020025031289111
35720,2024-07-04,0.0049875311720697,-0.0024752475247524,-0.0495283018867924,-0.095398428731762,0.0049875311720697,0.01625,0.0,40410.0,42062.5,45381.666666666664,-0.0027220984904726,-0.0419019316493313,-0.1119762018436225,34.53479735427693,-0.0495283018867924,-0.095398428731762,-1343.2533814265917,-1290.2340325246264,-53.01934890196526,0.0135789365496358,0.0166253995575388,1060.7176531455011,-0.2662449237940842,1175214.95,0.7329084777214585,0.0508684863523574
660,2024-07-05,0.0260869565217392,-0.0021141649048626,0.0085470085470085,0.1373493975903614,0.0328227571115973,0.043956043956044,-0.0065217391304347,233900.0,228425.0,200018.33333333337,0.0089781958101753,0.0331618693225348,0.1798918432477021,62.97159467996401,0.0085470085470085,0.1373493975903614,8990.595678921905,10015.13881383898,-1024.543134917074,0.0215791389595682,0.0241255433570741,9038.877131203526,-0.4682426648203222,3687428.25,1.0959651892887678,-0.0127118644067796
5380,2024-07-05,0.0126126126126127,-0.0474576271186441,0.0035714285714285,0.060377358490566,0.0126126126126127,0.0180505415162455,0.0,278600.0,280200.0,259741.66666666663,0.0086145010768126,0.0028551034975017,0.0818441400109082,54.53122494275911,0.0035714285714285,0.060377358490566,5083.750032279815,6899.054921692608,-1815.3048894127933,0.0277219937117915,0.0200670225893549,8931.412911663365,0.0603400709521371,1016932.35,0.5763618396051615,-0.0338078291814946
5930,2024-07-05,0.0295508274231679,0.0687116564417178,0.0887500000000001,0.1267787839586027,0.0175233644859813,0.022300469483568,0.011820330969267,83420.0,80460.0,79035.0,0.0441141213138336,0.0825254784986329,0.1020433984943378,74.92987559179961,0.0887500000000001,0.1267787839586027,1721.8033304679702,1151.396700831,570.4066296369701,0.0169430494101519,0.015663221046584,1742.94319864076,0.0440968124091925,20230122.55,2.263515353741641,-0.0309988518943742
35420,2024-07-05,0.0519399249061327,0.0071899340922707,0.0029832935560858,-0.0416191562143671,0.0466998754669987,0.0524344569288388,0.0050062578222778,162100.0,166560.0,177305.0,0.0370141887723627,0.0092459173871277,-0.051916189616762,48.53448995485397,0.0029832935560858,-0.0416191562143671,-3660.9302532995935,-3852.008897427052,191.07864412745857,0.0299822382741035,0.0175606141673296,3761.913032978638,1.584771280363071,772201.5,1.6919340353521717,0.0398572278405711
35720,2024-07-05,0.0297766749379653,0.0209102091020909,-0.0382387022016222,-0.0621468926553672,0.0297766749379653,0.0423940149625934,0.0,40580.0,41925.0,45260.833333333336,0.0226712666338098,-0.0101371496720333,-0.0830924456391656,43.64956096196936,-0.0382387022016222,-0.0621468926553672,-1217.792114982185,-1275.7456490161385,57.95353403395325,0.0193292560093133,0.0183271283359743,1106.3806779208226,0.7773778771079443,1205633.05,1.26978934427851,0.0180722891566265
660,2024-07-08,-0.010593220338983,-0.0084925690021231,0.047085201793722,0.1225961538461537,-0.0021367521367521,0.0193548387096773,-0.0084745762711864,233500.0,229700.0,200890.0,0.0,0.0165433173704832,0.1623276419931305,60.20397430362378,0.047085201793722,0.1225961538461537,8489.137068207754,9709.938464712735,-1220.8013965049813,0.0220559138516816,0.0244214980079886,8714.671621831845,-0.428642516145204,3680431.35,0.6273783642235304,-0.0149892933618843
5380,2024-07-08,0.0071174377224199,-0.0104895104895105,0.0071174377224199,0.0579439252336448,0.00354609929078,0.0302491103202846,0.00355871886121,278000.0,280975.0,260583.33333333337,0.0179856115107914,0.0072070468902927,0.0860249440358169,55.97927255110229,0.0071174377224199,0.0579439252336448,4857.376668914338,6490.719271136954,-1633.3426022226167,0.0255706885921086,0.0200353691717258,8900.59770368741,0.0301712445041211,999826.25,0.6039099293502246,-0.0512367491166078
5930,2024-07-08,0.0034443168771527,0.0684596577017115,0.0843672456575681,0.1545574636723909,-0.0056882821387941,0.0195627157652473,0.0091848450057405,84540.0,81045.0,79083.33333333333,0.0338301395788975,0.0784132272194459,0.105163329820864,75.48469185398689,0.0843672456575681,0.1545574636723909,2001.4570014251076,1321.4087609498215,680.0482404752859,0.0169776065765149,0.0143656150384234,1739.8758273092772,-0.4750997424330045,20701975.25,1.1610394037158362,-0.0080091533180778
35420,2024-07-08,0.0142772159428912,0.0466543891958257,0.0094730609828301,-0.0011716461628588,0.0142772159428912,0.0349187236604455,0.0,163620.0,166550.0,176981.66666666666,0.0420486493093754,0.0237166016211347,-0.036623379069395,52.479759217919046,0.0094730609828301,-0.0011716461628588,-2948.528664535668,-3671.3128508487753,722.784186313107,0.0264387786977698,0.0168945824282111,3907.490673480164,-0.1212034467292352,792374.05,1.4490126222583892,0.0340175953079178
35720,2024-07-08,0.0216867469879518,0.0341463414634146,0.0083234244946492,-0.0162412993039443,0.0216867469879518,0.046116504854369,0.0,40860.0,41890.0,45148.333333333336,0.0376896720509054,0.0121747433755072,-0.0608734172542361,49.34589544042459,0.0083234244946492,-0.0162412993039443,-1033.8234063436105,-1227.3612004816327,193.5377941380225,0.0208811296753413,0.0182859436697671,1163.0677723550496,0.0423463322228754,1239767.45,1.287118806030921,-0.0117924528301887
660,2024-07-09,0.0214132762312633,0.0280172413793102,0.06,0.1223529411764705,0.0127388535031847,0.0343347639484978,0.0085653104925054,234800.0,231000.0,201816.66666666663,0.0157580919931856,0.0324675324675325,0.1817656288710876,63.64538176099624,0.06,0.1223529411764705,8398.374486386601,9447.62566904751,-1049.251182660908,0.0225271165049727,0.0244141274092269,8663.623648843857,1.0834703682033484,3767462.25,1.2769287867449768,-0.0230607966457022
5380,2024-07-09,-0.0300353356890459,0.0073394495412844,-0.048526863084922,0.0129151291512914,-0.0334507042253521,0.0477064220183485,0.0035335689045936,278400.0,281150.0,261358.33333333337,-0.0140086206896551,-0.0236528543482127,0.0502821796384274,48.85769548869675,-0.048526863084922,0.0129151291512914,3946.601222757192,5981.895661461002,-2035.2944387038103,0.0179836592393591,0.0211817051789077,9193.412153424024,0.8806402729357987,1008241.25,1.1262582244080968,0.0
5930,2024-07-09,0.0045766590389015,0.0733496332518337,0.0866336633663367,0.1675531914893617,0.0,0.0149597238204832,0.0045766590389015,85740.0,81675.0,79153.33333333333,0.0240261254956846,0.0749923477196203,0.1092394508548808,76.23972762565688,0.0866336633663367,0.1675531914893617,2229.659085492094,1503.0588258582764,726.6002596338178,0.0161759608233134,0.0140087575067333,1708.4561253586146,-0.1123160863859419,20920226.55,1.0198838405982749,-0.0011389521640091
35420,2024-07-09,0.0011730205278592,0.0675422138836772,0.0258413461538462,0.0029377203290246,-0.0023378141437755,0.0182567726737337,0.0035190615835776,165780.0,166575.0,176676.66666666666,0.0296778863554108,0.024763619990995,-0.0338282738712902,52.80444621127524,0.0258413461538462,0.0029377203290246,-2340.823389412515,-3405.2149585615234,1064.3915691490083,0.0224268525937468,0.0168810832788027,3849.812768231581,-0.4242292015050167,795093.6,0.8314455052839063,0.0052724077328647
35720,2024-07-09,0.0011792452830188,0.06125,0.0353658536585366,-0.0162224797219003,0.0023612750885477,0.0273809523809522,-0.0011792452830188,41350.0,41855.0,45035.0,0.026602176541717,0.0142157448333533,-0.0573998001554346,49.650408768371705,0.0353658536585366,-0.0162224797219003,-873.918310899222,-1156.6726225651507,282.75431166592875,0.0129069099753074,0.0182860444288215,1162.1343600439743,-0.2960755216427863,1260535.8,0.8911067817351954,-0.0365135453474676
660,2024-07-10,0.0020964360587001,0.0127118644067796,0.0084388185654007,0.1116279069767443,0.0063157894736842,0.0213675213675212,-0.0041928721174003,235400.0,232200.0,202660.0,0.0152931180968565,0.0292850990525408,0.1793151090496398,63.98082178180472,0.0084388185654007,0.1116279069767443,8271.442270015192,9212.388989241046,-940.9467192258544,0.0215937102555529,0.0243911265383486,8401.936245355011,-0.4638348742127317,3788864.35,0.6807773416327243,-0.0774058577405857
5380,2024-07-10,0.0,-0.0054347826086956,-0.0518134715025906,0.0166666666666666,-0.0018181818181818,0.0183486238532109,0.0018214936247722,278100.0,281375.0,261916.66666666663,-0.0129449838187701,-0.0244335850733007,0.0480432707604199,48.85769548869675,-0.0518134715025906,0.0166666666666666,3188.055203998636,5423.127569968529,-2235.0723659698933,0.016857118742592,0.021156077308963,8893.882713893736,-0.4080745724501118,1013482.3,0.6632133585362072,-0.0218579234972677
5930,2024-07-10,0.0,0.0733496332518337,0.0799507995079951,0.1477124183006535,0.0022831050228311,0.010332950631458,-0.0022779043280182,86940.0,82240.0,79215.0,0.0098918794570967,0.0676070038910505,0.1083759389004608,76.23972762565688,0.0799507995079951,0.1477124183006535,2383.040671749797,1679.0551950365807,703.9854767132165,0.0161759608233134,0.0139300992339707,1650.7092592615709,-0.1650881522910288,20848582.65,0.8544392345059486,-0.0125284738041002
35420,2024-07-10,0.0398359695371997,0.1107634543178974,0.0540380047505937,0.0540380047505937,0.0404454865181711,0.0506776664702415,-0.0005858230814294,169320.0,167030.0,176575.0,0.0483108906213087,0.0626833502963539,0.0052385671810846,62.24894564785855,0.0540380047505937,0.0540380047505937,-1295.574830391124,-2983.2869329274436,1687.7121025363194,0.0234007826274108,0.0188263064448471,4189.11185621504,1.5097015930065636,829159.7,2.000948671287329,-0.0230985915492957
35720,2024-07-10,0.0070671378091873,0.0660847880299251,0.0276442307692308,-0.0069686411149826,0.0178571428571427,0.03125,-0.0106007067137808,41880.0,41840.0,44946.666666666664,0.0207736389684813,0.0217495219885277,-0.0488727380599228,51.53307387551229,0.0276442307692308,-0.0069686411149826,-714.7457340023466,-1068.28724485259,353.5415108502434,0.0122068303287877,0.0183614626937502,1171.9819057551192,0.1447886175387618,1272454.95,1.0105733016324074,-0.0362573099415204
660,2024-07-11,0.0083682008368199,0.0478260869565216,0.0190274841437632,0.0855855855855856,-0.0061855670103092,0.0311203319502073,0.0146443514644352,237600.0,233150.0,203553.33333333337,0.0143097643097642,0.033669311601973,0.1839648904464021,65.35773400290515,0.0190274841437632,0.0855855855855856,8237.276661518903,9017.36652369662,-780.089862177716,0.0148060900848781,0.023569151197822,8480.369370686796,1.0687574073234076,3766805.25,1.41661080035927,-0.1182572614107884
5380,2024-07-11,0.0145719489981785,0.0036036036036035,-0.0654362416107382,0.0353159851301114,0.0054151624548737,0.0145719489981785,0.0091074681238616,278300.0,281850.0,262591.6666666667,0.0007186489399928,-0.0118857548341316,0.0605820189774999,52.17806562495173,-0.0654362416107382,0.0353159851301114,2876.5099733018433,4913.804050635193,-2037.2940773333496,0.0181697421588548,0.0213343067817089,8544.319662901327,-0.0278165006583303,953049.9,0.6856493033575681,-0.0646319569120287
5930,2024-07-11,-0.0022779043280182,0.0354609929078013,0.0735294117647058,0.1145038167938932,-0.0101694915254236,0.0242214532871971,0.0079726651480638,87540.0,82690.0,79280.0,0.0006854009595613,0.0593784012577094,0.1049445005045408,74.90201434161554,0.0735294117647058,0.1145038167938932,2460.0998556069826,1835.2641271506611,624.8357284563215,0.0128658221146905,0.0132004299483892,1682.8014550286014,0.3853048137215953,20394272.85,1.210026372673542,-0.0079908675799086
35420,2024-07-11,-0.0078873239436619,0.1020025031289111,0.0646916565900845,0.0364920541494997,-0.0128923766816143,0.0193953223046206,0.0050704225352111,172580.0,167340.0,176411.66666666666,0.0203963379302352,0.0523485120114737,-0.0017667009929426,59.604348004134465,0.0646916565900845,0.0364920541494997,-573.5644228342862,-2501.3424309088123,1927.778008074526,0.0253891970402427,0.0189139545834098,4132.746723628251,-0.5230991871525991,819577.0,0.965411425650061,-0.0068143100511073
35720,2024-07-11,-0.0093567251461987,0.0508684863523574,0.0482673267326732,-0.0297823596792669,-0.0185399768250289,0.0273159144893111,0.0093567251461987,42290.0,41775.0,44855.0,0.0014187751241427,0.0137642130460802,-0.0558466168766024,48.907202974336926,0.0482673267326732,-0.0297823596792669,-613.8014559890944,-977.3900870798908,363.5886310907965,0.0157222946518318,0.0181559243746072,1170.4117696297535,0.0746957988473524,1217672.15,1.1349204299367446,-0.0283353010625737
660,2024-07-12,-0.0331950207468879,-0.0127118644067796,-0.014799154334038,0.0542986425339366,0.0043103448275862,0.0260869565217392,-0.0373443983402489,237000.0,233750.0,204300.0,-0.0168776371308017,-0.0032085561497325,0.1404796867351934,56.1169067209718,-0.014799154334038,0.0542986425339366,7478.459997750935,8709.585218507482,-1231.1252207565467,0.0207286321634347,0.0249696377942482,8660.342987066311,-0.0680499248795515,3849892.9,1.2917180111685704,-0.1008583690987124
5380,2024-07-12,-0.0251346499102333,-0.0338078291814946,-0.0796610169491525,0.0130597014925373,-0.0216216216216216,0.0391791044776119,-0.0035906642728904,276400.0,282025.0,263091.6666666667,-0.0177279305354558,-0.0373193865792039,0.0319597098603148,46.48972126536308,-0.0796610169491525,0.0130597014925373,2041.236530752445,4339.2905466586435,-2298.0540159061984,0.0198285244858681,0.0221556844805595,8684.011115551233,0.0204374267359188,947489.8,0.7037679983467896,-0.0478821362799263
5930,2024-07-12,-0.0365296803652968,-0.0309988518943742,0.0355828220858895,0.0603015075376884,-0.0174621653084982,0.0237812128418548,-0.0194063926940639,87000.0,82930.0,79316.66666666667,-0.0298850574712643,0.0177257928373326,0.0640890943475518,57.51369400942842,0.0355828220858895,0.0603015075376884,2237.167878793014,1915.644877479132,321.52300131388233,0.0171963111336859,0.0160681427271148,1812.601351097987,0.0675421215865006,20565161.55,1.2810201337805682,0.0
35420,2024-07-12,-0.0073821692220329,0.0398572278405711,0.0473337327741163,0.0288404944084754,-0.0073821692220329,0.0436781609195402,0.0,173920.0,167585.0,176278.33333333334,0.0050597976080957,0.0430527791866814,-0.0083863586941106,57.175300208436575,0.0473337327741163,0.0288404944084754,-105.05411010075476,-2022.0847667472008,1917.030656646446,0.0199283603269468,0.0190259438170605,4380.407671940518,0.7610641167095746,855364.4,1.6290191642298884,-0.0148741418764302
35720,2024-07-12,-0.0023612750885477,0.0180722891566265,0.0393603936039359,-0.0375854214123007,-0.0023612750885477,0.0488676996424315,0.0,42440.0,41692.5,44763.333333333336,-0.0044769085768143,0.0133717095400851,-0.0561471442400774,48.24534105385425,0.0393603936039359,-0.0375854214123007,-535.6963782751336,-889.0513453189395,353.3549670438059,0.0117091394391226,0.0180798312177275,1233.2395003704855,0.3532950640430519,1253447.95,1.4920452021960704,-0.0213017751479289
660,2024-07-15,-0.0128755364806867,-0.0149892933618843,-0.0233545647558386,0.031390134529148,-0.0212765957446808,0.0397350993377483,0.0085836909871244,236300.0,234100.0,205148.33333333337,-0.0266610241218789,-0.0175138829560017,0.1211399881386638,53.08575406923631,-0.0233545647558386,0.031390134529148,6559.404662915651,8279.549107389115,-1720.1444444734643,0.0209782794878859,0.0251678773258477,8684.604202275861,-0.3361359475694232,3905044.9,0.8454140949826211,-0.108695652173913
5380,2024-07-15,-0.011049723756906,-0.0512367491166078,-0.0611888111888111,-0.0359066427289048,-0.0164835164835165,0.0224299065420561,0.0055248618784531,273500.0,281525.0,263533.3333333333,-0.0182815356489944,-0.0462658733682621,0.0188464457374146,44.26260556913306,-0.0611888111888111,-0.0359066427289048,1124.2418218519306,3696.2808016973017,-2572.0389798453707,0.0182675386873375,0.0203603334502198,8492.296035869002,-0.1880152306568708,877269.45,0.6171900776893576,-0.0502793296089385
5930,2024-07-15,0.0272511848341232,-0.0080091533180778,0.0599022004889975,0.1101152368758002,0.0236127508854782,0.0380499405469678,0.0035545023696681,86860.0,83360.0,79428.33333333333,-0.0018420446695832,0.040067178502879,0.091550034622406,63.98522937870959,0.0599022004889975,0.1101152368758002,2220.4870664311456,1976.6133152695347,243.87375116161093,0.022877040467227,0.0160675990221711,1911.701254590988,-0.0437021382847943,21018663.0,1.198605258574249,-0.0426758938869665
35420,2024-07-15,0.0085812356979404,0.0340175953079178,0.0822590546347452,0.061408789885611,-0.010662177328844,0.0255681818181818,0.0194508009153318,175080.0,168095.0,176225.0,0.0069682430888735,0.0488116838692405,0.0004255922825933,59.239402655596,0.0822590546347452,0.061408789885611,382.8676917286648,-1541.0942750520278,1923.9619667806928,0.0196407854759105,0.0182161102725802,4474.66426680191,-0.3356403917023407,857820.85,1.0791553970738763,-0.0204197390811117
35720,2024-07-15,-0.008284023668639,-0.0117924528301887,0.0219512195121951,-0.0117924528301887,-0.0152761457109282,0.0238663484486874,0.0071005917159763,42340.0,41667.5,44682.5,-0.0103920642418516,0.005579888402232,-0.0622727018407653,45.90382996396922,0.0219512195121951,-0.0117924528301887,-496.3183672083542,-810.5047496968225,314.1863824884683,0.0068089098195517,0.016494571503074,1216.579536058308,-0.4073016750605951,1242820.1,0.8918949733754707,-0.0202863961813842
660,2024-07-16,0.0130434782608694,-0.0230607966457022,0.0043103448275862,-0.0063965884861407,0.0286975717439292,0.0491071428571427,-0.0152173913043478,235200.0,234025.0,206053.33333333337,-0.0093537414965986,-0.0043798739450913,0.1307752038307232,55.664734695232895,0.0043103448275862,-0.0063965884861407,6003.912253424554,7824.421736596203,-1820.5094831716488,0.0187778475746292,0.0224941254566574,8849.989616399014,0.2062195203218049,3947342.8,1.008827761298056,-0.1201716738197424
5380,2024-07-16,0.0223463687150837,0.0,0.0073394495412844,-0.0300353356890459,0.0147874306839186,0.0222222222222221,0.0074487895716945,273500.0,281100.0,264216.6666666667,0.0036563071297988,-0.023479188900747,0.0389200782186336,49.475756894042746,0.0073394495412844,-0.0300353356890459,871.6192798716947,3131.34849733218,-2259.7292174604854,0.0191405406062456,0.0206892205274645,8421.417747592644,0.0196198300094931,821476.7,0.6720397547489783,-0.0400728597449908
5930,2024-07-16,0.0115340253748559,-0.0011389521640091,0.0721271393643032,0.0989974937343358,0.0092059838895282,0.0149942329873125,0.0023068050749712,86840.0,83755.0,79575.0,0.0099032703823123,0.0471016655722047,0.10210493245366,66.38282748377677,0.0721271393643032,0.0989974937343358,2261.885437755249,2033.6677397666776,228.2176979885712,0.0235333120905569,0.0156757784353266,1868.0083078344887,-0.3582885459022874,20916617.5,0.77291120325741,-0.0433295324971493
35420,2024-07-16,-0.0266591038003403,0.0052724077328647,0.0731707317073171,0.0287769784172662,-0.0227790432801822,0.0298071303331384,-0.0039705048213273,175260.0,168335.0,176091.66666666666,-0.0208832591578226,0.0193958475658657,-0.025507548152004,50.95247597008272,0.0731707317073171,0.0287769784172662,385.8506681850122,-1155.70528640462,1541.5559545896322,0.0248974686688759,0.0193905174284383,4526.473962030345,-0.1227085453300235,865260.85,0.938593257744182,-0.0058275058275057
35720,2024-07-16,-0.0238663484486874,-0.0365135453474676,0.0224999999999999,-0.033096926713948,-0.0250297973778307,0.0330882352941177,0.0011933174224343,42030.0,41597.5,44582.5,-0.0268855579348085,-0.016767834605445,-0.0825996747602758,39.93951865232183,0.0224999999999999,-0.033096926713948,-539.5826791394138,-756.3203355853408,216.73765644592697,0.0112963470418537,0.0173058049431705,1226.1095691970004,0.0795794183848837,1259079.35,0.9504373175527022,-0.050122249388753
660,2024-07-17,-0.0536480686695278,-0.0774058577405857,-0.0656779661016949,-0.0556745182012847,-0.0392156862745097,0.0430839002267573,-0.0150214592274677,231500.0,233375.0,206690.0,-0.0475161987041036,-0.0551687198714515,0.0668150370119502,44.6507282209726,-0.0656779661016949,-0.0556745182012847,4503.125753072003,7160.162539891364,-2657.0367868193607,0.028105015748973,0.0254886405881012,9110.704643799085,0.5196440952451027,4061985.7,1.489791064503255,-0.0544217687074829
5380,2024-07-17,-0.0218579234972677,-0.0218579234972677,-0.0271739130434782,-0.06282722513089,-0.0254083484573502,0.0279850746268657,0.0036429872495447,272300.0,280200.0,264841.6666666667,-0.0139551964744766,-0.0417558886509635,0.0138132846669392,44.94832558141063,-0.0271739130434782,-0.06282722513089,185.13017399125965,2542.104832663996,-2356.9746586727365,0.0215294753280929,0.0209118804937421,8355.60219419317,-0.0708195592910254,785677.1,0.6528992635778744,-0.0372439478584729
5930,2024-07-17,-0.0114025085518814,-0.0125284738041002,0.0599022004889975,0.0677339901477831,-0.0045924225028702,0.0185185185185186,-0.0068415051311288,86620.0,84030.0,79693.33333333333,0.0009235742322788,0.0317743662977507,0.0879203613853103,61.94198341038859,0.0599022004889975,0.0677339901477831,2188.7715071658167,2064.6884932465055,124.08301391931128,0.0240789265890695,0.0157778321521365,1848.8648572748823,0.1249360413215125,20617498.85,0.8820900213121631,-0.0542099192618223
35420,2024-07-17,0.0104895104895104,-0.0230985915492957,0.0851063829787233,0.0327575938058368,0.0081395348837209,0.0168997668997668,0.0023310023310023,174440.0,168610.0,175970.0,-0.0059619353359321,0.0284087539291857,-0.0146047621753707,53.62793667523681,0.0851063829787233,0.0327575938058368,527.3803429791878,-819.0881605278585,1346.4685035070463,0.0150547773548985,0.0194627865563844,4410.29725045675,-0.3104399799046455,854580.6,0.6553050701127547,-0.0098039215686274
35720,2024-07-17,0.0073349633251833,-0.0362573099415204,0.0274314214463839,-0.0373831775700934,0.006105006105006,0.0221948212083846,0.0012224938875304,41720.0,41517.5,44450.833333333336,-0.0124640460210929,-0.0076473776118504,-0.0731332370971673,42.35914194585661,0.0274314214463839,-0.0373831775700934,-543.3985055339508,-713.7359695750628,170.33746404111196,0.0113821708592717,0.0171519506381891,1202.8160285400718,0.2858167122930517,1264513.9,1.2168359715144297,-0.0400485436893204
660,2024-07-18,-0.0362811791383219,-0.1182572614107884,-0.0760869565217391,-0.1052631578947368,0.0,0.0287081339712917,-0.0362811791383219,225800.0,232125.0,207343.33333333337,-0.0589016829052259,-0.0845449649973074,0.0248701831101394,39.2923013565368,-0.0760869565217391,-0.1052631578947368,2637.801563302084,6255.690344573508,-3617.888781271424,0.0255372705082823,0.0261086562509174,9281.368597813436,0.4620590563347,4358001.05,2.030211764175688,-0.1058823529411764
5380,2024-07-18,-0.0297951582867783,-0.0646319569120287,-0.0612612612612613,-0.0875656742556917,-0.0243445692883894,0.0428849902534114,-0.0055865921787709,268700.0,278950.0,265266.6666666667,-0.0305173055452177,-0.0661408854633447,-0.017969339029907,39.728191704831474,-0.0612612612612613,-0.0875656742556917,-993.0037998352782,1835.083106164141,-2828.0869059994193,0.0209816050657228,0.0217526850808084,8615.916323179372,1.1119699474431153,808345.95,1.340234339022791,-0.0345489443378118
5930,2024-07-18,0.0023068050749712,-0.0079908675799086,0.0271867612293144,0.0649509803921568,0.0369928400954653,0.0369928400954653,-0.0334486735870819,86480.0,84295.0,79848.33333333333,0.0048566142460684,0.0309033750519009,0.0883132605564718,62.48256051476876,0.0271867612293144,0.0649509803921568,2122.4996640297613,2076.250727403157,46.24893662660452,0.0241663987783928,0.0157753729200506,1938.2316531838196,0.3593491652319935,20839142.7,1.186315116504289,-0.0747986191024165
35420,2024-07-18,0.0086505190311418,-0.0068143100511073,0.0944931163954942,0.0460526315789473,0.0092325447201384,0.0245183887915936,-0.0005767012687427,174200.0,168995.0,175845.0,0.0040183696900115,0.0349418621852717,-0.0053740510108334,55.79207519125838,0.0944931163954942,0.0460526315789473,751.9135030831094,-504.8878278056649,1256.8013308887744,0.0159351392687151,0.0194672790879969,4395.276018281268,-0.0648058698846987,851682.15,0.6149230672499124,0.017724413950829
35720,2024-07-18,-0.0012135922330097,-0.0283353010625737,0.021091811414392,-0.0294811320754716,0.0085784313725489,0.021091811414392,-0.0097087378640776,41480.0,41455.0,44326.666666666664,-0.0079556412729026,-0.0073573754673742,-0.0716649120168445,42.05504609498216,0.021091811414392,-0.0294811320754716,-544.1841415349845,-679.8256039670472,135.64146243206267,0.0115960790139157,0.0170588690102383,1181.186312215781,-0.3916687138413706,1272129.45,0.735807979290158,-0.0145808019441069
660,2024-07-19,-0.0141176470588235,-0.1008583690987124,-0.1122881355932203,-0.1047008547008546,0.0047961630695443,0.0338164251207728,-0.0188235294117646,221100.0,230900.0,207975.0,-0.052464947987336,-0.0926808142052836,0.0073326120927996,37.4760397474433,-0.1122881355932203,-0.1047008547008546,906.9885762937192,5185.94999091755,-4278.961414623831,0.0253549382569406,0.0260971424258334,9118.41369796962,-0.4892245581178763,4391539.85,1.0290627329728093,-0.0844868735083532
5380,2024-07-19,-0.0076775431861804,-0.0478821362799263,-0.0800711743772242,-0.0767857142857142,0.0,0.0216535433070865,-0.0076775431861804,266100.0,277875.0,265491.6666666667,-0.0285606914693724,-0.0697255960413855,-0.0263347876581186,38.52365429635229,-0.0800711743772242,-0.0767857142857142,-2064.2711149433744,1055.2122619426382,-3119.4833768860126,0.0199026938441576,0.0214870944149668,8464.779442952275,-0.3188827855226224,801413.15,0.920753546407368,-0.058027079303675
5930,2024-07-19,-0.0287686996547755,0.0,-0.0309988518943742,0.0549999999999999,-0.0140186915887849,0.0237812128418548,-0.0149597238204832,86480.0,84515.0,79986.66666666667,-0.0240518038852913,-0.0013607052002603,0.0551758626437739,52.453104259940936,-0.0309988518943742,0.0549999999999999,1846.9590500168415,2030.392391925894,-183.4333419090524,0.0214386792377292,0.0165867154406787,1999.786535099261,-0.2488763151859149,20872222.65,0.8896571443961672,-0.0414691943127961
35420,2024-07-19,-0.0154373927958834,-0.0148741418764302,0.024390243902439,0.0274463007159904,-0.008635578583765,0.0288574793875147,-0.006861063464837,173680.0,169225.0,175700.0,-0.0085214187010593,0.0175801447776629,-0.0199203187250995,51.16351226097814,0.024390243902439,0.0274463007159904,703.8763663772843,-263.1349889690751,967.0113553463592,0.0170747648026329,0.0198731868041471,4445.613445546892,0.1780592264172198,838928.95,0.7354281909093733,0.0150987224157956
35720,2024-07-19,0.0048602673147022,-0.0213017751479289,-0.0036144578313253,-0.0417149478563151,0.011002444987775,0.035670356703567,-0.0060753341433779,41300.0,41365.0,44199.166666666664,0.0012106537530265,-0.0003626254079536,-0.064461999660627,43.79323357021122,-0.0036144578313253,-0.0417149478563151,-522.6437236835409,-648.389227910346,125.74550422680512,0.0125249877294961,0.0165383112128256,1200.3872899146538,0.2236788267205673,1223813.9,0.9359396882156676,-0.0374848851269649
660,2024-07-22,-0.0214797136038186,-0.108695652173913,-0.1220556745182013,-0.0807174887892376,-0.0191387559808612,0.0448877805486285,-0.0023866348448687,216100.0,230000.0,208541.66666666663,-0.0513651087459509,-0.108695652173913,-0.0169830169830169,34.87213319642542,-0.1220556745182013,-0.0807174887892376,-818.3718958785757,3985.085613558326,-4803.457509436901,0.0249738197689488,0.0245207877998419,9109.955576686076,0.4742620879497783,4470625.6,1.4902703997400275,-0.0458536585365854
5380,2024-07-22,-0.0135396518375241,-0.0502793296089385,-0.0989399293286219,-0.0925266903914591,-0.0154440154440154,0.0418326693227091,0.0019342359767891,263400.0,276575.0,265583.3333333333,-0.031890660592255,-0.0780077736599476,-0.0398493881393159,36.44137499724222,-0.0989399293286219,-0.0925266903914591,-3159.2609360116185,212.31762235178684,-3371.578558363405,0.0199788278883099,0.0215202096241276,8610.152339884255,0.0427603048635052,809985.05,0.9499644468746676,0.0019607843137254
5930,2024-07-22,-0.0165876777251184,-0.0426758938869665,-0.0503432494279175,0.0297766749379653,-0.0165876777251184,0.0278450363196125,0.0,85740.0,84635.0,80111.66666666667,-0.0319570795428038,-0.0193182489513794,0.0360538415128881,47.82360915974274,-0.0503432494279175,0.0297766749379653,1498.3507735107996,1923.984068242875,-425.63329473207546,0.0158332681966344,0.0170950876976572,2021.2303540207424,0.0225340756552732,21048889.3,0.9020694502868616,-0.0216867469879518
35420,2024-07-22,0.0029036004645761,-0.0204197390811117,0.0129032258064516,0.0224985198342213,0.0040697674418603,0.0187463386057411,-0.0011614401858304,172960.0,169415.0,175576.66666666666,-0.0015032377428306,0.0193902546999971,-0.0163841057088071,51.95835723156733,0.0129032258064516,0.0224985198342213,698.105089854158,-70.88697320442847,768.9920630585865,0.0162933239808795,0.0198228530122441,4356.641056579257,-0.2474650389320747,832589.2,0.5576495587499815,0.0133178922987839
35720,2024-07-22,-0.0072551390568319,-0.0202863961813842,-0.0318396226415094,-0.0237812128418549,-0.0072551390568319,0.018359853121175,0.0,41130.0,41315.0,44091.666666666664,-0.0019450522732797,-0.0064141353019484,-0.0689850689850689,41.76922052323193,-0.0318396226415094,-0.0237812128418549,-523.742898031458,-623.4599619345685,99.71706390311044,0.012450036326504,0.0156538368111032,1168.2167692064645,-0.2311980974597876,1223291.85,0.7198592878714919,-0.0267965895249695
660,2024-07-23,0.0,-0.1201716738197424,-0.140461215932914,-0.0888888888888889,-0.0167865707434052,0.0448877805486285,0.0170731707317073,210500.0,229000.0,208961.66666666663,-0.0261282660332541,-0.1048034934497816,-0.0189588201982819,34.87213319642542,-0.140461215932914,-0.0888888888888889,-2160.8238681403163,2755.903717218597,-4916.7275853589135,0.0206381891150612,0.0243542532013299,9102.101606922784,-0.1029535571121755,4482901.6,1.3331809469117055,-0.0785365853658536
5380,2024-07-23,0.0333333333333334,-0.0400728597449908,-0.0400728597449908,-0.0866551126516465,0.0213178294573643,0.0271844660194173,0.0117647058823529,261200.0,275325.0,265766.6666666667,0.0088055130168454,-0.0429492418051393,-0.0085287846481877,44.31357956904741,-0.0400728597449908,-0.0866551126516465,-3303.093292278645,-490.76456057429954,-2812.3287317043455,0.0245268437097748,0.0220730762154662,8673.712887035379,0.0436476632222464,798974.1,1.005091404089319,-0.0512333965844402
5930,2024-07-23,0.0108433734939759,-0.0433295324971493,-0.0444191343963553,0.0383663366336632,-0.003562945368171,0.015587529976019,0.0144578313253012,84980.0,84790.0,80200.0,-0.0127088726759237,-0.0104965208161339,0.0461346633416459,50.82815017478912,-0.0444191343963553,0.0383663366336632,1279.9442802538106,1795.1761106450622,-515.2318303912516,0.0156153975311807,0.0172193992390153,1998.2853287335463,-0.1696463895308296,20882785.85,0.7549945257902455,-0.034564958283671
35420,2024-07-23,-0.0121598147075854,-0.0058275058275057,-0.0005858230814294,0.0252403846153845,-0.0195402298850574,0.0375146541617819,0.0075275043427909,172760.0,169625.0,175358.33333333334,-0.0125028941884695,0.0057479734708916,-0.0271349142232572,48.39566395394497,-0.0005858230814294,0.0252403846153845,518.1064533775789,46.911712111973,471.1947412656059,0.0119718205683447,0.0197184556018849,4502.595266823596,0.2904975952685049,828791.7,0.7229428093934821,0.0158264947245017
35720,2024-07-23,-0.0535931790499391,-0.050122249388753,-0.0848056537102474,-0.0524390243902439,-0.0407407407407407,0.0710594315245478,-0.0133982947624847,40720.0,41207.5,43937.5,-0.0459233791748526,-0.0572104592610568,-0.1157894736842105,30.600170236791858,-0.0848056537102474,-0.0524390243902439,-694.1340699788998,-637.5947835434348,-56.53928643546499,0.0250321065135087,0.0189200458985164,1281.2012856917167,3.835588997476715,1355838.65,3.1406465658727165,0.005148005148005
660,2024-07-24,0.0170731707317073,-0.0544217687074829,-0.1276150627615062,-0.120253164556962,0.0321782178217822,0.0625,-0.0146341463414634,208100.0,227575.0,209593.33333333337,0.0019221528111483,-0.0838185213665824,-0.005216450904927,38.71329726171329,-0.1276150627615062,-0.120253164556962,-2908.775426258304,1622.967888523217,-4531.743314781521,0.0204192156908457,0.0209441245936507,9344.808634999728,-0.1903758692978303,4466495.2,1.0833402440463833,-0.0666666666666666
5380,2024-07-24,-0.0189753320683111,-0.0372439478584729,-0.058287795992714,-0.1070811744386873,-0.0038535645472062,0.0233009708737863,-0.0151802656546489,259200.0,273775.0,265908.3333333333,-0.0027006172839506,-0.055793991416309,-0.0278604782349806,41.089618773407224,-0.058287795992714,-0.1070811744386873,-3777.000770353654,-1148.0118025301706,-2628.988967823483,0.0241479001780201,0.0222279526224154,8482.73339510428,-0.2423659036513656,794684.35,0.7656020909434041,-0.0367504835589942
5930,2024-07-24,-0.0226460071513706,-0.0542099192618223,-0.0660592255125285,0.0086100861008611,-0.0108564535585041,0.017094017094017,-0.0119189511323003,84040.0,84825.0,80295.0,-0.0242741551642075,-0.0333038608900677,0.0212341988915871,44.944145549157334,-0.0660592255125285,0.0086100861008611,942.6748706621,1624.6758626484698,-682.0009919863696,0.0168580690667427,0.0180400363089108,1998.407805252579,0.0743793648628103,20840577.9,0.8127933438928294,0.023170731707317
35420,2024-07-24,0.0064478311840563,-0.0098039215686274,-0.0326760563380281,0.0195961995249405,0.0159763313609466,0.032934131736527,-0.0093786635404454,172420.0,169790.0,175175.0,-0.0041758496694118,0.0112491901760998,-0.0198373055515912,50.31736453712168,-0.0326760563380281,0.0195961995249405,458.9268213417672,129.31473395793185,329.6120873838354,0.0110972665722104,0.0195999756731501,4573.838462050482,-0.313699473771173,817595.8,0.5029502353118741,0.0133954571927781
35720,2024-07-24,0.018018018018018,-0.0400485436893204,-0.0748538011695906,-0.0492788461538461,0.0272727272727273,0.0669291338582678,-0.009009009009009,40390.0,41105.0,43806.666666666664,-0.0207972270363951,-0.0378299476949276,-0.0971693806117789,36.425283206283176,-0.0748538011695906,-0.0492788461538461,-763.8806113054816,-662.8519490958442,-101.02866220963732,0.027237559396218,0.0190958080414937,1371.8297652851656,-0.3987729585905815,1421603.7,1.800889375850668,-0.0088495575221239
660,2024-07-25,-0.0887290167865707,-0.1058823529411764,-0.2116182572614108,-0.1966173361522198,-0.0316004077471967,0.0518518518518518,-0.0589928057553956,203600.0,225250.0,209796.66666666663,-0.0667976424361492,-0.1564927857935627,-0.0943612068828547,28.982973165419295,-0.2116182572614108,-0.1966173361522198,-4937.412397134147,310.89183139174423,-5248.304228525891,0.04038677866421,0.0278700370718081,10070.179446785462,1.5840978239349384,4903533.05,2.5499495715645275,0.0173684210526314
5380,2024-07-25,-0.0270793036750484,-0.0345489443378118,-0.0969479353680431,-0.1560402684563758,-0.0059288537549406,0.0303030303030302,-0.0212765957446808,257400.0,271450.0,265941.6666666667,-0.0229215229215229,-0.0734941978264873,-0.0543038886973961,37.02802751333756,-0.0969479353680431,-0.1560402684563758,-4663.657617616293,-1851.1409655473951,-2812.516652068897,0.0235391458287277,0.0211370137348786,8662.538152596831,0.3687320434179471,778456.35,1.0697491259464966,0.0079522862823062
5930,2024-07-25,-0.0195121951219512,-0.0747986191024165,-0.0821917808219178,-0.0147058823529411,0.0,0.0112359550561798,-0.0195121951219512,82740.0,84765.0,80356.66666666667,-0.028281363306744,-0.0514953105645018,0.0005392624548885,40.674053637101466,-0.0821917808219178,-0.0147058823529411,540.0543945356912,1407.7515690259145,-867.697174490223,0.0153153559252097,0.0185680606769636,1991.3786763059663,0.1998176642737981,21269782.45,0.9555250998817808,0.0335820895522387
35420,2024-07-25,0.0366919044845661,0.017724413950829,0.0107893242475864,0.076178960096735,0.0470588235294118,0.0572271386430678,-0.0099009900990099,173040.0,170420.0,175116.66666666666,0.0286638927415625,0.0444783476117827,0.016465213667079,59.597256693139805,0.0107893242475864,0.076178960096735,909.8951800448704,285.4308231753196,624.4643568695508,0.0207027989358492,0.0205886208041925,4939.992857618305,2.58259283577734,862113.4,1.708821600499424,-0.0168539325842697
35720,2024-07-25,0.0252844500632112,-0.0145808019441069,-0.0425029515938606,0.0037128712871286,0.0304955527318933,0.0422535211267605,-0.0050568900126422,40270.0,41112.5,43694.166666666664,0.006953066799106,-0.0136819702037093,-0.0719584994183052,43.69592010607901,-0.0425029515938606,0.0037128712871286,-730.0480654923449,-676.2911723751444,-53.75689311720055,0.0311458491148383,0.0189781459049157,1391.6990677647966,-0.4015700636407774,1438029.55,1.0653960483635403,-0.0184956843403205
660,2024-07-26,0.0094736842105263,-0.0844868735083532,-0.1768240343347639,-0.1890063424947146,0.0052410901467505,0.0451370231058569,0.0042105263157894,200060.0,223015.0,210061.66666666663,-0.0412876137158851,-0.139968163576441,-0.0869347889905345,30.80529658221971,-0.1768240343347639,-0.1890063424947146,-6326.943785744719,-1016.6752920355486,-5310.268493709171,0.0427656359916109,0.0281372160631958,9950.880914872214,-0.2986825085122382,5223574.05,1.678756138242168,-0.0969760166840458
5380,2024-07-26,-0.0318091451292246,-0.058027079303675,-0.1031307550644566,-0.1745762711864407,-0.0201207243460764,0.0797413793103447,-0.0119284294234592,254400.0,268875.0,265808.3333333333,-0.0428459119496855,-0.0943747094374709,-0.0839263880615731,33.011868985750766,-0.1031307550644566,-0.1745762711864407,-5943.361328518804,-2669.585038141677,-3273.7762903771268,0.026101626496959,0.021785464836208,9436.642570268486,2.197515950107655,873520.75,3.0482859165051317,0.002053388090349
5930,2024-07-26,0.0062189054726369,-0.0414691943127961,-0.0414691943127961,-0.007361963190184,0.0024783147459728,0.0111940298507462,0.0037313432835821,82040.0,84735.0,80426.66666666667,-0.0138956606533398,-0.0452587478609783,0.0058852785145888,42.5121770309746,-0.0414691943127961,-0.007361963190184,258.3425754106138,1177.8697703028542,-919.5271948922403,0.0156322380491466,0.0186288848623356,1913.423056569826,-0.286141068719838,21522402.7,0.674103825777779,-0.0160692212608157
35420,2024-07-26,-0.0179775280898876,0.0150987224157956,0.0,0.0473337327741163,-0.0201793721973093,0.0257879656160457,0.002247191011236,173560.0,170815.0,174951.66666666666,0.0071445033417838,0.0233293329040189,-0.0008669060978745,54.07254952994643,0.0,0.0473337327741163,997.5781370909536,427.8602859584464,569.7178511325071,0.0213116972721952,0.0211112158231915,4908.564796359855,-0.4019819467580053,870664.95,1.0118691466792131,-0.0194508009153318
35720,2024-07-26,-0.0184956843403205,-0.0374848851269649,-0.0579881656804733,-0.020910209102091,-0.0184956843403205,0.0201005025125629,0.0,39960.0,41070.0,43549.166666666664,-0.004004004004004,-0.0309228147065985,-0.0860904341835855,40.00100182933815,-0.0579881656804733,-0.020910209102091,-755.050508909495,-692.0430396820145,-63.00746922748044,0.0315083725818912,0.0193775078781725,1349.4348486387398,-0.3796436327037062,1438741.5,0.6605981686077729,-0.0062814070351758
660,2024-07-29,0.0198123044838374,-0.0458536585365854,-0.1495652173913043,-0.1694267515923566,0.0030769230769229,0.018210197710718,0.0166840458811261,198180.0,221020.0,210418.33333333337,-0.01301846805934,-0.1150122160890416,-0.0704232045686766,34.61952598204772,-0.1495652173913043,-0.1694267515923566,-7040.372152482392,-2221.4146641249176,-4818.957488357475,0.0455180423504702,0.0289013298118121,9518.675135238484,-0.5418728497668006,5338944.6,0.752464447748718,-0.2019427402862985
5380,2024-07-29,0.0492813141683778,0.0019607843137254,-0.0484171322160148,-0.1066433566433566,0.0471311475409836,0.0699588477366255,0.002053388090349,254500.0,267350.0,265883.3333333333,0.0039292730844793,-0.0443239199551149,-0.0390522158841596,42.99895968061707,-0.0484171322160148,-0.1066433566433566,-5920.982625339646,-3319.8645555812714,-2601.1180697583745,0.0375513598921802,0.0247985580889264,9976.88238667788,-0.5109284004715442,895412.15,1.454381649835777,-0.1232876712328767
5930,2024-07-29,0.0037082818294189,-0.0216867469879518,-0.063437139561707,-0.0073349633251833,-0.0049019607843137,0.0110974106041923,0.0086526576019776,81680.0,84705.0,80488.33333333333,-0.0058765915768853,-0.0413789032524644,0.0088418611392955,43.640499041891026,-0.063437139561707,-0.0073349633251833,58.6157362053782,954.0189634833592,-895.4032272779809,0.015589147225864,0.0186291855404655,1855.3214096719817,-0.1179458647698625,21596399.4,0.5925587762560087,-0.1206896551724138
35420,2024-07-29,0.0011441647597254,0.0133178922987839,-0.0073737946681792,0.0742786985880907,-0.0017113519680547,0.0149769585253456,0.0028604118993134,174020.0,171420.0,174795.0,0.0056315366049879,0.0208843775522109,0.0011728024256987,54.35733556130469,-0.0073737946681792,0.0742786985880907,1070.8616146958084,556.4605517059189,514.4010629898895,0.0213319425162407,0.0201789623104061,4743.66731090558,-0.5123501842794373,835138.2,0.5144286298962256,-0.1079999999999999
35720,2024-07-29,0.0037688442211054,-0.0267965895249695,-0.0465393794749403,-0.025609756097561,0.002509410288582,0.0164556962025317,0.0012562814070351,39740.0,41017.5,43405.0,0.0052843482637141,-0.0260254769305784,-0.0795991245248243,41.07421017179866,-0.0465393794749403,-0.025609756097561,-754.0689416846362,-704.4482200825389,-49.62072160209732,0.0318876942662362,0.0192827842504882,1299.4752165931156,-0.3103710951884936,1435801.65,0.4565003808151356,-0.0913642052565707
660,2024-07-30,-0.0342535787321063,-0.0785365853658536,-0.1892703862660943,-0.1857758620689655,-0.0125457396759017,0.0305630026809651,-0.0219836400817995,194960.0,218865.0,210673.33333333337,-0.0310832991382847,-0.1369108811367738,-0.1033511597734249,31.339331628669044,-0.1892703862660943,-0.1857758620689655,-8053.566774257139,-3387.845086151362,-4665.721688105777,0.0464910936214015,0.0294346997436488,9488.769768435735,0.2857008796310816,5480003.8,0.9425414996975002,-0.1334039174166225
5380,2024-07-30,-0.0215264187866928,-0.0512333965844402,-0.0892531876138433,-0.0825688073394494,-0.0118577075098814,0.034068136272545,-0.0097847358121331,251800.0,266225.0,265900.0,-0.0071485305798252,-0.0609446896422198,-0.0597969161338849,40.05163798096795,-0.0892531876138433,-0.0825688073394494,-6274.720306605654,-3910.835705786148,-2363.8846008195055,0.0335224856603544,0.0231249102618212,9871.39078762946,-0.5431834080617628,847207.15,0.7021883608985122,-0.06
5930,2024-07-30,-0.0024630541871921,-0.034564958283671,-0.0763968072976054,-0.0097799511002445,0.007462686567164,0.0124999999999999,-0.0098522167487684,81100.0,84665.0,80538.33333333333,-0.001233045622688,-0.0432882537057816,0.0057322600004139,43.03409333528554,-0.0763968072976054,-0.0097799511002445,-114.487807174286,740.3176093518301,-854.8054165261161,0.0133353335799642,0.0186359128591924,1808.5127375525544,0.0291080754318779,21531286.0,0.6116511572973393,-0.1049382716049383
35420,2024-07-30,-0.0097142857142856,0.0158264947245017,0.0099067599067599,0.0838023764853033,-0.0068767908309456,0.0231749710312862,-0.0028571428571428,174560.0,172090.0,174536.66666666666,-0.007218148487626,0.0070312046022429,-0.0070854261759706,51.43768185938297,0.0099067599067599,0.0838023764853033,980.4613579509604,641.2607129549273,339.20064499603325,0.0209265315456997,0.019764756795328,4690.548217269467,-0.0622039528046943,808665.8,0.4982218859756403,-0.0859780727062896
35720,2024-07-30,-0.0225281602002502,0.005148005148005,-0.0452322738386308,-0.02375,-0.0138888888888888,0.030808729139923,-0.0087609511889862,39780.0,40970.0,43250.833333333336,-0.018350930115636,-0.0468635587014888,-0.0971272229822162,36.81876330879346,-0.0452322738386308,-0.02375,-816.5014010761661,-726.8588562812644,-89.64254479490171,0.0213333690671364,0.0191686592184717,1292.3698439793218,0.5704453774845752,1430735.2,0.7194475958933562,-0.0268886043533931
660,2024-07-31,0.0301746956061408,-0.0666666666666666,-0.1174603174603174,-0.1754237288135592,0.0351063829787234,0.0529157667386608,-0.0047644256220222,192180.0,216795.0,211030.0,0.0125923613279217,-0.1023778223667519,-0.077856228972184,36.82359270181637,-0.1174603174603174,-0.1754237288135592,-8300.900830926723,-4370.456235106434,-3930.4445958202887,0.0490711977419305,0.0301923572093564,9511.000499261756,0.2468084546161559,5636216.4,1.1425978959927798,-0.1300102774922918
5380,2024-07-31,-0.004,-0.0367504835589942,-0.0726256983240223,-0.0978260869565217,-0.004,0.0242424242424241,0.0,249900.0,264875.0,266033.3333333333,-0.0036014405762304,-0.0599339310995752,-0.0640270642776593,39.52121555098468,-0.0726256983240223,-0.0978260869565217,-6560.130509231647,-4440.694666475249,-2119.4358427563984,0.0331898769133769,0.0227815481718782,9594.862874227356,3.361915215860378e-05,823345.25,0.7225632260585702,-0.0522088353413654
5930,2024-07-31,0.0358024691358025,0.023170731707317,-0.0322952710495962,0.0256723716381417,0.0332512315270936,0.0370828182941904,0.0024691358024691,81480.0,84770.0,80643.33333333333,0.0297005400098182,-0.0102630647634776,0.0403835820278593,53.19088774458818,-0.0322952710495962,0.0256723716381417,-17.46650575181411,588.7607863311013,-606.2272920829154,0.0200510657972517,0.0203129845410411,1893.6189705845147,0.5751629733729922,21996485.75,0.9430744181488172,-0.1096543504171633
35420,2024-07-31,0.0040392383150604,0.0133954571927781,0.0034602076124568,0.0888610763454318,0.0005750431282345,0.0209912536443148,0.0034622042700518,175020.0,172800.0,174193.33333333334,-0.0058279053822419,0.0069444444444444,-0.0011098779134295,52.56743509564318,0.0034602076124568,0.0888610763454318,954.3020530032518,703.8689809645922,250.4330720386596,0.0208641137962328,0.0197321324460807,4612.651916035934,0.054982067288003,799496.95,0.5316430537977662,-0.0649425287356322
35720,2024-07-31,0.0038412291933418,-0.0088495575221239,-0.0485436893203883,-0.0224438902743142,-0.0012738853503184,0.0167741935483871,0.0051216389244557,39710.0,40925.0,43084.166666666664,-0.0128431125661042,-0.042150274893097,-0.0901529951064775,37.97220521339166,-0.0485436893203883,-0.0224438902743142,-844.1450498749327,-750.3160949999981,-93.82895487493464,0.0193949336974498,0.0191839787010789,1246.4862836950845,0.1047594621402667,1428900.85,0.7958368839937354,-0.0229591836734693
660,2024-08-01,-0.0066803699897225,0.0173684210526314,-0.0903529411764706,-0.1595652173913043,-0.0406947890818858,0.0424211070874289,0.0354573484069886,192840.0,214960.0,211258.33333333337,0.0023853972204936,-0.1007629326386304,-0.0850065086189894,36.11507325608878,-0.0903529411764706,-0.1595652173913043,-8503.787617993483,-5197.122511683844,-3306.6651063096388,0.0252095089664598,0.0299506537635423,9417.357606457344,0.0026767375851504,5579080.65,1.1573890762808745,-0.1546818416968443
5380,2024-08-01,0.0180722891566265,0.0079522862823062,-0.0268714011516314,-0.0864864864864864,0.0099601593625497,0.0298804780876493,0.0080321285140563,250300.0,263675.0,266225.0,0.012784658409908,-0.0385891722764767,-0.047797915297211,43.168644262329025,-0.0268714011516314,-0.0864864864864864,-6350.008810329164,-4822.557495246032,-1527.4513150831317,0.0325053524763031,0.0232533390995021,9588.086954639688,0.2343108893815797,832422.65,0.8821420224449683,-0.0670611439842209
5930,2024-08-01,-0.0095351609058402,0.0335820895522387,-0.0437284234752589,-0.0177304964539006,-0.0337209302325581,0.036101083032491,0.0250297973778308,82020.0,84695.0,80673.33333333333,0.0131675201170446,-0.0188322805360411,0.0300801586645731,50.51517093451543,-0.0437284234752589,-0.0177304964539006,-5.071280925069004,469.9943728798672,-475.06565380493623,0.0173469510146128,0.018906053288958,1972.646186971335,0.0075208528135626,20848641.2,1.0024796244275145,-0.1167268351383874
35420,2024-08-01,0.0057471264367816,-0.0168539325842697,0.0005717552887363,0.0951188986232791,-0.0084985835694051,0.0143266475644698,0.014367816091954,174420.0,173560.0,173863.33333333334,0.0033253067308793,0.0082968425904585,0.0065377020264958,54.206421715094535,0.0005717552887363,0.0951188986232791,1002.7037137649896,763.6359275246717,239.0677862403178,0.0101491964506749,0.0197057799703994,4497.462493461939,0.1339451872381172,798322.65,0.603740855905817,-0.0702857142857142
35720,2024-08-01,0.0153061224489796,-0.0184956843403205,-0.0328068043742405,-0.0124069478908188,0.0114358322744598,0.0216284987277353,0.0038265306122449,39560.0,40900.0,42919.166666666664,0.006066734074823,-0.0268948655256723,-0.0726753781333126,42.49452696319554,-0.0328068043742405,-0.0124069478908188,-808.320044804168,-761.9168849608321,-46.40315984333586,0.0161807568271994,0.0194886108145575,1225.3086920025785,-0.2280895062488348,1429724.35,0.6139610058400418,-0.0339195979899497
660,2024-08-02,-0.1039834454216244,-0.0969760166840458,-0.1732696897374701,-0.2661016949152542,-0.0566448801742919,0.0672853828306263,-0.0501810657009829,189120.0,211820.0,211178.33333333337,-0.0841793570219966,-0.1823246152393541,-0.1798401035459762,27.352066475952327,-0.1732696897374701,-0.2661016949152542,-10169.254045262409,-6191.548818399558,-3977.7052268628513,0.0536916558735201,0.0356833309088356,10237.546348853248,1.0210316691515025,6029522.95,2.164373385459956,-0.0098152424942262
5380,2024-08-02,-0.0374753451676528,0.002053388090349,-0.0560928433268859,-0.1316725978647687,0.0061855670103092,0.0247933884297519,-0.0433925049309664,250400.0,261825.0,266258.3333333333,-0.0255591054313099,-0.0680798243101308,-0.0835967575349754,37.96336289505795,-0.0560928433268859,-0.1316725978647687,-6870.853532723733,-5232.216702741573,-1638.6368299821606,0.0340413574257706,0.0240252584278603,9724.652172165424,0.2113616091187025,847592.65,1.0494675714802388,-0.0040983606557376
5930,2024-08-02,-0.0421179302045727,-0.0160692212608157,-0.0568720379146919,-0.0861079219288174,-0.0172839506172839,0.0238993710691823,-0.0252707581227437,81760.0,84320.0,80645.0,-0.0264187866927593,-0.055977229601518,-0.0129580259160518,40.83652815364971,-0.0568720379146919,-0.0861079219288174,-274.50440926963347,321.0946164499671,-595.5990257196006,0.0279455301245663,0.0196433551450358,2088.8857450448113,0.2344429549416855,19849095.3,1.2998212064607295,-0.0615577889447236
35420,2024-08-02,-0.0205714285714285,-0.0194508009153318,-0.0046457607433216,0.0196311719214752,-0.0034883720930232,0.0117302052785923,-0.0171428571428571,173740.0,173725.0,173538.33333333334,-0.0134684010590537,-0.0133832206072815,-0.0123219653678823,47.8026225124246,-0.0046457607433216,0.0196311719214752,742.0189327234693,759.3125285644313,-17.293595840961984,0.0111049584231943,0.0170560677775618,4497.643743928943,0.3994024648325656,766721.15,0.8796992231139052,-0.0449241540256709
35720,2024-08-02,-0.0062814070351758,-0.0062814070351758,-0.0435308343409915,-0.0469879518072289,0.0012658227848101,0.0229299363057324,-0.007537688442211,39510.0,40802.5,42748.333333333336,0.0010124019235635,-0.0306966484896759,-0.0748177316854459,41.14835351462613,-0.0435308343409915,-0.0469879518072289,-790.9834163891283,-767.7301912464914,-23.253225142636893,0.0141709590715126,0.0181691883345817,1202.0723568595372,0.1865708963938048,1405257.65,0.7411921934742715,-0.0644753476611883
660,2024-08-05,-0.0987297921478059,-0.2019427402862985,-0.2385365853658536,-0.3314775160599571,-0.0708333333333333,0.1292875989445909,-0.0300230946882217,181220.0,207950.0,210856.66666666663,-0.1386160467939521,-0.2493387833613849,-0.2596866749924909,22.377446481695557,-0.2385365853658536,-0.3314775160599571,-12722.320288333343,-7497.703112386315,-5224.617175947028,0.0582547748633508,0.0402917496447234,11049.150181078016,-0.052973995142887,6532012.85,1.892038684522796,0.1338885329916719
5380,2024-08-05,-0.081967213114754,-0.1232876712328767,-0.1215686274509804,-0.2084805653710247,-0.0508474576271186,0.1062355658198614,-0.0327868852459016,244100.0,258875.0,266041.6666666667,-0.0823433019254403,-0.134717527764365,-0.1580266249021144,29.81306472800334,-0.1215686274509804,-0.2084805653710247,-8796.064029953413,-5944.986168183941,-2851.0778617694723,0.0377771954416414,0.0290494072227113,10994.319874153609,0.6480386635054147,890700.65,1.6458559898884098,0.0870535714285714
5930,2024-08-05,-0.1030150753768843,-0.1206896551724138,-0.1397590361445783,-0.183066361556064,-0.0691003911342894,0.0954415954415954,-0.0364321608040201,79800.0,83520.0,80506.66666666667,-0.1052631578947368,-0.1451149425287355,-0.1131169261344816,27.5286660278733,-0.1397590361445783,-0.183066361556064,-1136.6015393484995,29.55538529027376,-1166.1569246387733,0.052011285638995,0.0294222706719746,2611.108191827325,1.116597206812718,21377744.35,2.5544692230356847,0.057422969187675
35420,2024-08-05,-0.0892648774795799,-0.1079999999999999,-0.0961204400694846,-0.0844574780058651,-0.0763313609467455,0.1224354731965586,-0.014002333722287,169960.0,173005.0,173001.66666666666,-0.0815485996705107,-0.0977139389034998,-0.0976965539831022,31.02645543169473,-0.0961204400694846,-0.0844574780058651,-691.1901570694463,469.2119914376558,-1160.402148507102,0.0391327138527557,0.0261427199589475,5626.383476505447,1.1457425231732703,781676.6,1.851493315777906,0.0269058295964126
35720,2024-08-05,-0.0821744627054361,-0.0913642052565707,-0.1157125456760048,-0.1438679245283018,-0.0821744627054361,0.1202263083451202,0.0,38780.0,40497.5,42543.333333333336,-0.0639504899432696,-0.10364837335638,-0.1467523309566717,28.505911115773756,-0.1157125456760048,-0.1438679245283018,-1027.6457910908575,-819.7133112153647,-207.93247987549285,0.038281371864243,0.0246544764604112,1419.781474226713,1.5779835363289507,1459728.25,1.8394793688482771,0.0220385674931129
660,2024-08-06,0.048686739269699,-0.1334039174166225,-0.2014634146341463,-0.3136268343815513,-0.0084797092671108,0.0303405572755417,0.0576553491351696,176180.0,204210.0,210586.66666666663,-0.0708366443410148,-0.1983742226139758,-0.2226478409522603,28.593433306257865,-0.2014634146341463,-0.3136268343815513,-13971.33435013154,-8792.42935993536,-5178.904990196179,0.0715505718653844,0.0421544866681459,10995.639453858155,-0.1328201128570435,6827339.85,1.5697652724874975,0.1111789859499083
5380,2024-08-06,0.0491071428571427,-0.06,-0.1081593927893738,-0.1438979963570127,0.006423982869379,0.0592105263157893,0.0424107142857141,241100.0,256900.0,265933.3333333333,-0.0253007051016176,-0.0852471778902296,-0.1163198796690899,37.73126103013892,-0.1081593927893738,-0.1438979963570127,-9326.686909207958,-6621.326316388745,-2705.360592819213,0.0506064145160538,0.0316269462441067,11459.011311714066,-0.1471965565344329,896432.65,1.3946167623412646,0.0340425531914894
5930,2024-08-06,0.0154061624649859,-0.1049382716049383,-0.135876042908224,-0.174259681093394,-0.0320427236315087,0.04149377593361,0.0490196078431373,78100.0,82755.0,80395.0,-0.0717029449423816,-0.1239200048335448,-0.0982026245413272,30.787108012941815,-0.135876042908224,-0.174259681093394,-1711.3317519248376,-318.6220421527485,-1392.7097097720891,0.0544411073074698,0.0297947910914092,2703.1718924110874,-0.1339264979136143,22675695.6,2.085723271042675,0.049655172413793
35420,2024-08-06,0.0147341447789879,-0.0859780727062896,-0.0715123094958968,-0.0720562390158172,-0.01,0.0427841634738186,0.0249839846252402,166980.0,172390.0,172498.33333333334,-0.0513833992094862,-0.0811531991414815,-0.0817302582633648,34.73450672349725,-0.0715123094958968,-0.0720562390158172,-1622.7221771970217,50.82515771072029,-1673.547334907742,0.0424325492062216,0.0264597386807469,5738.784656755058,-0.2290769718690858,804409.4,1.3870213351559542,-0.0126262626262626
35720,2024-08-06,0.0468319559228649,-0.0268886043533931,-0.0218790218790219,-0.1048292108362779,0.0340136054421769,0.0612244897959184,0.0123966942148761,38570.0,40275.0,42380.0,-0.0147783251231526,-0.0564866542520173,-0.1033506370929684,39.05400396782174,-0.0218790218790219,-0.1048292108362779,-1065.7414317706716,-868.9189353264261,-196.82249644424553,0.0477842122136685,0.0274492227357764,1511.2256546390906,-0.3504420626112605,1490772.35,1.169966695451522,-0.0421052631578947
660,2024-08-07,0.0342089187538179,-0.1300102774922918,-0.1880095923261391,-0.2916317991631799,0.0522063393412057,0.0864040660736975,-0.0171044593769089,171120.0,200725.0,210345.0,-0.0106358111266947,-0.1565574791381243,-0.1951318072690104,32.85985291047058,-0.1880095923261391,-0.2916317991631799,-14343.965488575925,-9902.736585663471,-4441.2289029124495,0.0723620386980932,0.0435395086627287,11181.665207154005,-0.0919337957685507,7184973.05,1.3544987479111004,0.1027761370348494
5380,2024-08-07,0.004255319148936,-0.0522088353413654,-0.0870406189555126,-0.1402550091074681,0.0128755364806867,0.0410367170626349,-0.0085106382978723,238500.0,254975.0,265783.3333333333,-0.010482180293501,-0.0744190606922247,-0.1120586944252837,38.411500157586005,-0.0870406189555126,-0.1402550091074681,-9556.357975185643,-7208.332648148125,-2348.0253270375197,0.0510350430301513,0.0316925940214301,11319.08193230592,-0.394663968388552,900663.85,0.8402457809314763,0.021186440677966
5930,2024-08-07,0.0303448275862068,-0.1096543504171633,-0.0890243902439024,-0.1492027334851936,0.0232876712328766,0.043956043956044,0.0068965517241379,76260.0,82100.0,80333.33333333333,-0.020456333595594,-0.0901339829476248,-0.0701244813278008,36.897960661642166,-0.0890243902439024,-0.1492027334851936,-1966.6180238644156,-648.2212384950819,-1318.3967853693337,0.0530624943620589,0.031029063265649,2760.0881858102953,-0.3083778054047146,23420524.65,1.3966565006049083,0.0334672021419009
35420,2024-08-07,0.0271464646464647,-0.0649425287356322,-0.052417006406523,-0.0833802816901408,0.0422805893657911,0.0480769230769231,-0.0145202020202019,164720.0,171650.0,172138.33333333334,-0.0122632345798932,-0.0521409845616078,-0.0548299332900865,41.10889076671604,-0.052417006406523,-0.0833802816901408,-1991.0424530554155,-357.54836444250685,-1633.4940886129086,0.0463801568868028,0.0255035519400054,5864.585752701125,-0.3026521578191198,760356.8,1.0232748625382189,-0.0331899200983405
35720,2024-08-07,0.0078947368421051,-0.0229591836734693,-0.0316055625790139,-0.104093567251462,0.0268096514745308,0.0388739946380696,-0.0184210526315788,38390.0,40052.5,42235.0,-0.0023443605105496,-0.0437550714686972,-0.0931691724872736,40.71625441984745,-0.0316055625790139,-0.104093567251462,-1059.511618266013,-907.0374719143437,-152.47414635166956,0.0479949293088359,0.0274692337300605,1506.852393593441,-0.2194702990676281,1494545.1,0.91088853725458,-0.0391644908616187
660,2024-08-08,-0.034849379799173,-0.1546818416968443,-0.14,-0.3219917012448132,0.0049200492004919,0.0434243176178659,-0.0395747194329592,165140.0,196845.0,209980.0,-0.0105365144725687,-0.169905255403998,-0.2218306505381465,30.77366554207339,-0.14,-0.3219917012448132,-14943.104238199565,-10910.810116170693,-4032.294122028872,0.071643009240431,0.04333022095408,10961.54626378586,-0.4481770876950015,7186686.25,0.7472652642934009,0.2221542227662178
5380,2024-08-08,0.0021186440677967,-0.0670611439842209,-0.0596421471172962,-0.1508078994614003,0.0215982721382288,0.0503282275711158,-0.0190677966101694,235100.0,252875.0,265616.6666666667,0.0059549128030624,-0.064755313890262,-0.109619125305892,38.77166282251199,-0.0596421471172962,-0.1508078994614003,-9587.509289268608,-7684.167976372222,-1903.3413128963855,0.0493429830899149,0.0313661659198058,11332.004651426923,-0.0767648150913278,902925.2,0.7738016393827529,0.0782241014799154
5930,2024-08-08,-0.0174029451137884,-0.1167268351383874,-0.0870646766169154,-0.1621004566210045,0.0027322404371583,0.0193103448275862,-0.0200803212851405,74320.0,81390.0,80251.66666666667,-0.0123789020452098,-0.098169308268829,-0.085377250732072,34.93513128146904,-0.0870646766169154,-0.1621004566210045,-2247.9207380750304,-968.1611384110716,-1279.7595996639589,0.0527240488175546,0.0310775214753364,2720.0818868238457,-0.1313250624540896,23607380.7,1.2036375132460164,0.0926430517711172
35420,2024-08-08,0.0,-0.0702857142857142,-0.0859550561797752,-0.0760931289040317,0.0162398500936913,0.0289490245437382,-0.015980331899201,162260.0,170980.0,171776.66666666666,0.0027116972759768,-0.048426716575038,-0.0528399278132458,41.10889076671605,-0.0859550561797752,-0.0760931289040317,-2256.922527268616,-737.4231970077287,-1519.4993302608875,0.045885270646774,0.0255016484992652,5774.258198936759,-0.0694232019885509,756997.3,0.9564617997977006,-0.031960663798402
35720,2024-08-08,0.0039164490861618,-0.0339195979899497,-0.0517879161528976,-0.0920897284533648,-0.0128369704749679,0.0426666666666666,0.016971279373368,38120.0,39857.5,42098.333333333336,0.0086568730325289,-0.0353133036442325,-0.0866621798170949,41.57429909301,-0.0517879161528976,-0.0920897284533648,-1030.5906918077671,-931.7481158930284,-98.84257591473886,0.0471307653906606,0.0275216112328087,1513.5057940510526,0.379526709976171,1519348.95,1.2360807568267975,-0.0494148244473342
660,2024-08-09,0.0495716034271724,-0.0098152424942262,-0.1058394160583942,-0.2639484978540772,-0.0075231481481481,0.0236966824644548,0.0575275397796817,164800.0,193770.0,209621.66666666663,0.0406553398058251,-0.1149300717345306,-0.1818593815842827,36.71402671198777,-0.1058394160583942,-0.2639484978540772,-14596.069307127502,-11647.861954362055,-2948.2073527654466,0.0651148915961384,0.0457209642910014,10850.007244944014,-0.0426570951189314,7195101.3,0.714552413598402,0.1306122448979592
5380,2024-08-09,0.0274841437632136,-0.0040983606557376,-0.002053388090349,-0.1049723756906076,0.0103950103950103,0.0333333333333334,0.0169133192389006,234900.0,251450.0,265550.0,0.0344827586206897,-0.0336050904752436,-0.0849180945208059,43.40511103390277,-0.002053388090349,-0.1049723756906076,-8984.137705837667,-7944.161922265312,-1039.9757835723558,0.0497692446247525,0.0320239316711014,11344.004319182146,-0.1312723187130108,899932.9,0.674458062373317,0.0493827160493827
5930,2024-08-09,0.0177111716621254,-0.0615577889447236,-0.07663782447466,-0.1149289099526066,-0.0132100396301189,0.0215633423180592,0.0313351498637601,73340.0,80905.0,80193.33333333333,0.0185437687482956,-0.0766948890674247,-0.0685011222878043,38.4606096890712,-0.07663782447466,-0.1149289099526066,-2338.993568432925,-1242.3276244154424,-1096.6659440174824,0.0541710676664788,0.03085284362654,2697.218894907857,-0.4232490480553237,23109572.5,0.709152971133499,0.0481927710843372
35420,2024-08-09,0.0061462814996926,-0.0449241540256709,-0.0635011441647597,-0.0635011441647597,-0.0370588235294118,0.0423053341508277,0.0448678549477565,160720.0,170425.0,171363.33333333334,0.0185415629666501,-0.03946017309667,-0.0447197961446439,42.62040754031065,-0.0635011441647597,-0.0635011441647597,-2359.7411321106774,-1061.8867840283183,-1297.854348082359,0.0464217254792275,0.0255761824233388,5883.239756155563,0.7080861666291456,749163.1,1.650803409831584,-0.0433720219914477
35720,2024-08-09,-0.0377113133940182,-0.0644753476611883,-0.0703517587939698,-0.1242603550295857,-0.0488431876606684,0.0683060109289617,0.0117035110533159,37610.0,39595.0,41935.0,-0.0162190906673757,-0.0655385781032958,-0.1176821271014665,36.13041749178901,-0.0703517587939698,-0.1242603550295857,-1111.856738693103,-967.7698404530432,-144.08689824005944,0.0492329944440361,0.0284982241889814,1583.969665904549,0.6981919428680357,1585302.35,2.0117733377484743,-0.0094594594594594
660,2024-08-12,0.032069970845481,0.1338885329916719,-0.0950920245398773,-0.2304347826086956,0.0143266475644698,0.0417149478563152,0.0174927113702623,168980.0,191120.0,209406.66666666663,0.0474612380163332,-0.0738802846379238,-0.1547547037661965,40.4506627714967,-0.0950920245398773,-0.2304347826086956,-13719.09243170492,-12062.10804983063,-1656.984381874292,0.0349183585479123,0.0468783433197979,10667.863870305157,-0.1415097844368237,7250719.1,0.6087307947152442,0.1282485875706214
5380,2024-08-12,0.0020576131687242,0.0870535714285714,-0.0469667318982387,-0.0931098696461825,-0.0101626016260162,0.0289256198347107,0.0123456790123457,238800.0,250200.0,265541.6666666667,0.0196817420435511,-0.0267785771382893,-0.0830064333908677,43.75768994278124,-0.0469667318982387,-0.0931098696461825,-8369.141306217003,-8029.157799055651,-339.98350716135246,0.0209042002773675,0.0320285407143652,11033.718296383422,-0.2259150826980709,896353.0,0.5241729541821135,0.0513347022587269
5930,2024-08-12,0.0107095046854082,0.057422969187675,-0.0701970443349754,-0.1291810841983852,0.0039893617021276,0.0147058823529411,0.0066934404283802,74160.0,80345.0,80161.66666666667,0.0180690399137,-0.0603024457029062,-0.0581533151755827,40.59382366023176,-0.0701970443349754,-0.1291810841983852,-2319.8740643721976,-1457.8369124067935,-862.0371519654041,0.0176413041663191,0.0301388396449292,2590.2746881287244,-0.3996140032762554,22341881.45,0.4403952738725144,0.0450331125827814
35420,2024-08-12,-0.0207697006719609,0.0269058295964126,-0.0839999999999999,-0.0907543959160521,-0.0261239368165249,0.0332496863237139,0.0054978619425778,161560.0,169625.0,170913.33333333334,-0.0077989601386482,-0.0549742078113485,-0.0620977493466474,38.95910352538452,-0.0839999999999999,-0.0907543959160521,-2684.6304534870724,-1386.4355179200693,-1298.194935567003,0.0178507137346563,0.0257211732608384,5841.579773573023,-0.3439013326368679,743447.55,1.09141660363263,-0.0230817217716781
35720,2024-08-12,0.0027027027027026,0.0220385674931129,-0.0713391739674593,-0.1145584725536993,0.0,0.0244565217391303,0.0027027027027026,37770.0,39355.0,41779.166666666664,-0.0177389462536404,-0.057298945496125,-0.111997606462551,36.74558201315987,-0.0713391739674593,-0.1145584725536993,-1154.8787784044762,-1005.1916280433298,-149.68715036114634,0.0299525753733462,0.0285621085493961,1535.1146897685098,-0.5789329780586084,1597023.9,0.840874078340343,-0.0161725067385444
660,2024-08-13,0.027683615819209,0.1111789859499083,-0.0370566437268395,-0.21931330472103,0.0111172873818787,0.0201342281879195,0.0163841807909603,172620.0,188565.0,209270.0,0.0537597033947399,-0.0353459019436268,-0.1307879772542648,43.64321228580093,-0.0370566437268395,-0.21931330472103,-12484.77616256525,-12146.641672377553,-338.13449018769643,0.0326896956635657,0.0474002580055353,10291.587879569077,-0.040656940061662,7263324.0,0.5829682112487341,0.0588235294117647
5380,2024-08-13,-0.002053388090349,0.0340425531914894,-0.028,-0.1147540983606557,0.0041322314049587,0.0229166666666666,-0.0061601642710472,240400.0,248625.0,265416.6666666667,0.0108153078202994,-0.0226244343891403,-0.0844583987441131,43.46607203085455,-0.028,-0.1147540983606557,-7831.817730374954,-7989.689785319512,157.87205494455793,0.0118014111471721,0.0314156795954329,10638.452703784607,-0.237036122627936,886673.45,0.4042908919850932,0.0390946502057614
5930,2024-08-13,0.0079470198675497,0.049655172413793,-0.0604938271604937,-0.1322690992018244,-0.0052287581699346,0.0145695364238409,0.0132450331125828,74880.0,79765.0,80115.0,0.016292735042735,-0.045947470695167,-0.0501154590276478,42.21177889930162,-0.0604938271604937,-0.1322690992018244,-2230.5938368104107,-1612.3882972875172,-618.2055395228936,0.0175279659888822,0.0300367295274449,2483.82649611953,0.0891329316567437,22069360.1,0.4855718947646334,0.028909329829172
35420,2024-08-13,-0.0243293824079849,-0.0126262626262626,-0.0975187536064627,-0.0885780885780885,-0.0212765957446808,0.0269058295964126,-0.0031191515907673,161160.0,168865.0,170453.33333333334,-0.0295358649789029,-0.0738163621828087,-0.0824468085106383,35.22147522753393,-0.0975187536064627,-0.0885780885780885,-3219.690400964435,-1753.0864945289425,-1466.6039064354925,0.0210364488155274,0.0256202364748216,5724.324075460664,0.2755644180322918,754591.5,1.371612322693802,0.0
35720,2024-08-13,-0.0188679245283018,-0.0421052631578947,-0.0678617157490396,-0.1100244498777506,-0.0148849797023004,0.0248618784530387,-0.0040431266846361,37450.0,39130.0,41618.333333333336,-0.02803738317757,-0.0697674418604651,-0.1253854471186577,34.2581894420138,-0.0678617157490396,-0.1100244498777506,-1231.264948794822,-1050.4062921936284,-180.8586566011936,0.0194242957199011,0.0284159846916308,1489.749354785045,-0.1025596918897665,1597448.55,0.7544336873948146,0.0054945054945054
660,2024-08-14,0.0263881253435953,0.1027761370348494,-0.0405960945529291,-0.1532879818594104,-0.0069148936170212,0.0184082295614509,0.033534909290819,176100.0,186875.0,209181.66666666663,0.0601930721181147,-0.0009364548494983,-0.1074743643882111,46.65999218080851,-0.0405960945529291,-0.1532879818594104,-10992.536622212909,-11915.820662344624,923.2840401317152,0.0321259832936075,0.0470048282138238,9999.331602457,0.0439811944726467,7181774.3,0.6155186469727961,0.0235672201392609
5380,2024-08-14,-0.008230452674897,0.021186440677966,-0.0321285140562248,-0.1024208566108006,-0.0183299389002036,0.0398322851153039,0.0102880658436212,241400.0,247250.0,265216.6666666667,-0.0016570008285003,-0.025278058645096,-0.091308992647521,42.25306667348716,-0.0321285140562248,-0.1024208566108006,-7481.130396249442,-7887.977907505499,406.8475112560563,0.0136442833397972,0.0311915397662426,10557.134653514278,0.3955712269230125,886038.85,0.5646208402712816,0.0290456431535268
5930,2024-08-14,0.014454664914586,0.0334672021419009,-0.0798569725864124,-0.1095732410611303,-0.0025839793281653,0.0103896103896103,0.0170827858081472,75380.0,79290.0,80095.0,0.0241443353674715,-0.0263589355530331,-0.036144578313253,45.16063408404468,-0.0798569725864124,-0.1095732410611303,-2047.4757800390944,-1699.4057938378328,-348.0699862012616,0.0139639050777824,0.0303747411403584,2427.838889253849,0.2360811294163141,21822344.0,0.6070002379212792,0.0142487046632124
35420,2024-08-14,0.0057544757033247,-0.0331899200983405,-0.0959770114942528,-0.0928489042675894,0.0,0.014771997430957,0.0057544757033247,160080.0,168060.0,170021.66666666666,-0.0173663168415791,-0.0640247530643818,-0.0748237969670532,36.729983471612634,-0.0959770114942528,-0.0928489042675894,-3530.410412224912,-2108.5512780681365,-1421.859134156775,0.0147797523071624,0.0254979215463558,5479.729498642046,-0.1701959503655531,769533.6,1.1160695257491031,0.0470438652256834
35720,2024-08-14,0.0109890109890109,-0.0391644908616187,-0.0612244897959183,-0.1067961165048543,0.0040927694406549,0.0165289256198346,0.0068681318681318,37150.0,38910.0,41465.833333333336,-0.009421265141319,-0.0542277049601644,-0.1125223577644245,36.88726366460314,-0.0612244897959183,-0.1067961165048543,-1245.1713221913014,-1089.359298193163,-155.81202399813833,0.0201109070667204,0.0285138749948401,1426.195829443256,-0.1084229680650598,1574238.3,0.6825529527518165,0.0203804347826086
660,2024-08-16,0.0696304231387252,0.2221542227662178,0.0331091567511641,-0.060235294117647,0.0188775510204082,0.0272213662044169,0.0498125334761649,183360.0,186235.0,209215.0,0.0891143106457241,0.0723011249228124,-0.0454795306263891,53.8632820162852,0.0331091567511641,-0.060235294117647,-8661.094969546975,-11264.875523785096,2603.7805542381193,0.0184643458623582,0.0494578764192301,10235.093630852927,0.574406245786691,7087375.45,0.9819838174369612,-0.071106659989985
5380,2024-08-16,0.0580912863070539,0.0782241014799154,0.0059171597633136,-0.0211132437619961,0.0282258064516129,0.0405679513184584,0.0290456431535268,245100.0,246975.0,264850.0,0.040391676866585,0.032493167324628,-0.0371908627525013,52.29006538441849,0.0059171597633136,-0.0211132437619961,-6004.311198330601,-7511.24456567052,1506.9333673399187,0.0274298487253193,0.0336005533907484,10910.196463977543,1.224917845349367,887523.85,1.2541330579454288,-0.0098039215686274
5930,2024-08-16,0.0388601036269429,0.0926430517711172,-0.0348977135980745,-0.0771001150747986,0.0100755667506298,0.0190597204574332,0.0284974093264249,76740.0,78955.0,80136.66666666667,0.0450873077925462,0.0157684757140144,0.0007903165425731,52.308384885750456,-0.0348977135980745,-0.0771001150747986,-1641.3579204029957,-1687.7962191508657,46.438298747869794,0.0122677454301186,0.0319188890950625,2468.7075400214317,0.6654988823937609,21689328.4,1.0171581891857937,-0.0311720698254364
35420,2024-08-16,0.0012714558169104,-0.031960663798402,-0.0999999999999999,-0.0994854202401371,-0.010678391959799,0.0140127388535031,0.0120788302606484,159040.0,167190.0,169603.33333333334,-0.0096830985915492,-0.0579580118428135,-0.071362591144042,37.08063291149045,-0.0999999999999999,-0.0994854202401371,-3717.665003244096,-2430.3740231033285,-1287.2909801407673,0.014932696296876,0.0253499537936983,5245.4631058818995,-0.0383290272025597,784644.35,1.052622121092187,0.0469841269841269
35720,2024-08-16,-0.0067934782608695,-0.0494148244473342,-0.0816582914572864,-0.1117861482381531,-0.0201072386058981,0.0218878248974008,0.013586956521739,36770.0,38680.0,41311.666666666664,-0.0059831384280663,-0.0550672182006204,-0.1152620325170451,35.92039607181782,-0.0816582914572864,-0.1117861482381531,-1261.8196623487602,-1123.8513710242826,-137.9682913244776,0.0190965680391311,0.0284997476504803,1381.467555911595,0.0890366784209599,1585944.7,0.7378384630939528,0.024623803009576
660,2024-08-19,-0.0290435653480219,0.1306122448979592,0.119515011547344,-0.0744630071599045,-0.0300150075037518,0.038981288981289,0.00100150225338,187840.0,185455.0,209113.33333333337,0.0322614991482113,0.0455366530964385,-0.0727516179424235,50.58129340519883,0.119515011547344,-0.0744630071599045,-7198.443019799626,-10451.589022988002,3253.146003188376,0.0352530041554907,0.0497635663474203,10039.72980007772,-0.4285626022315942,7060268.25,0.5632967274295846,-0.073749355337803
5380,2024-08-19,0.0,0.0493827160493827,0.0450819672131148,-0.0135396518375241,-0.00390625,0.038,0.0039215686274509,247500.0,246800.0,264575.0,0.0303030303030302,0.03322528363047,-0.036190116224133,52.29006538441849,0.0450819672131148,-0.0135396518375241,-4778.833921347657,-6964.762436805948,2185.9285154582903,0.0271729794768744,0.0335583868285448,10809.468145122006,-0.3357910936659141,887594.3,0.832940229562087,-0.0215686274509804
5930,2024-08-19,-0.0236907730673316,0.0481927710843372,-0.0163316582914573,-0.0722748815165876,-0.0224719101123596,0.0269230769230768,-0.0012468827930174,77460.0,78650.0,80136.66666666667,0.010844306738962,-0.0044500953591862,-0.0229191797346201,48.037892481802494,-0.0163316582914573,-0.0722748815165876,-1456.0364301422087,-1641.4442613491342,185.4078312069255,0.022315603357186,0.0317269489200727,2449.514144305615,-0.3587662168418635,21468200.55,0.6589543901014098,-0.0280970625798212
35420,2024-08-19,-0.0057142857142856,-0.0433720219914477,-0.0863477246207701,-0.0905923344947735,-0.0082330588980367,0.0172413793103447,0.0025396825396826,157620.0,166410.0,169178.33333333334,-0.0064712599923867,-0.0589507842076798,-0.0743495522476282,36.110772618345955,-0.0863477246207701,-0.0905923344947735,-3893.802759703627,-2723.0597704233883,-1170.7429892802388,0.013296757438291,0.0252303855142861,5063.6443126046215,-0.3364530337775173,781198.05,0.7015455299715609,0.0900383141762453
35720,2024-08-19,0.0027359781121751,-0.0094594594594594,-0.0733249051833122,-0.1136638452237001,0.0,0.0288858321870701,0.0027359781121751,36700.0,38445.0,41165.0,-0.0013623978201634,-0.0466900767329951,-0.1096805538685776,36.63584540539424,-0.0733249051833122,-0.1136638452237001,-1252.506314468148,-1149.5823597130557,-102.92395475509238,0.011408836266473,0.0284629827135663,1357.7913019179095,0.0351367449714614,1589238.25,0.7621808750198404,0.0559345156889494
660,2024-08-20,0.0299123259412068,0.1282485875706214,0.2793081358103779,-0.0258536585365853,0.0050327126321088,0.02221100454316,0.0247550283651367,192380.0,185190.0,209131.66666666663,0.0380496933153133,0.0783519628489659,-0.0450991799424604,53.62440865897807,0.2793081358103779,-0.0258536585365853,-5507.77903615369,-9462.82702562114,3955.04798946745,0.035163206750685,0.0500659579178337,9936.891957215026,0.0706970484980484,6940055.7,0.6135671216586921,-0.1236855282924386
5380,2024-08-20,0.0039215686274509,0.0513347022587269,0.1428571428571428,0.0039215686274509,-0.0077519379844961,0.0235294117647058,0.0117647058823529,250000.0,246850.0,264383.3333333333,0.024,0.0370670447640266,-0.0317090083842904,52.96726470004579,0.1428571428571428,0.0039215686274509,-3684.4704260322615,-6308.704034651211,2624.23360861895,0.0270497449979041,0.0334183517874225,10465.93470618472,-0.1061728929425019,882162.35,0.7490888723600594,-0.033203125
5930,2024-08-20,0.0076628352490422,0.0450331125827814,0.1050420168067227,-0.0493975903614457,-0.0075471698113207,0.013977128335451,0.0153256704980841,78140.0,78445.0,80186.66666666667,0.0097261325825441,0.0058002422079164,-0.0160458929165281,49.44161783599407,0.1050420168067227,-0.0493975903614457,-1246.3852747510828,-1562.432464029524,316.04718927844124,0.0223212434756261,0.0316536286547614,2381.691705426643,-0.2447752510945237,21053014.35,0.5074729833165197,-0.0392902408111534
35420,2024-08-20,0.0,-0.0230817217716781,0.0032030749519538,-0.093225246091488,-0.0082330588980367,0.0153354632587858,0.0083014048531289,156880.0,165605.0,168805.0,-0.0017848036715961,-0.0543763775248331,-0.0723023607120642,36.110772618345955,0.0032030749519538,-0.093225246091488,-3987.4286058220314,-2975.933537503117,-1011.4950683189144,0.0117615821686203,0.0251943318363795,4873.384004561434,-0.0111176799027818,785081.05,0.6903147133662186,0.0721583652618136
35720,2024-08-20,-0.0040927694406548,-0.0161725067385444,0.0055096418732782,-0.1108404384896467,-0.0108401084010839,0.0164835164835164,0.0068212824010913,36580.0,38217.5,41032.5,-0.0021869874248222,-0.0449401452214299,-0.1104612197648206,35.98679536469837,0.0055096418732782,-0.1108404384896467,-1242.90176767316,-1168.2462413050766,-74.65552636808343,0.0111328082819832,0.0284622081811936,1303.663351780916,-0.2155302583120267,1592719.25,0.596601064500225,0.0410958904109588
660,2024-08-21,-0.0355533299949925,0.0588235294117647,0.1765424557116677,-0.0604878048780488,-0.0020725388601036,0.022501308215594,-0.0335503254882323,194520.0,184570.0,208983.33333333337,-0.0098704503392966,0.0435065286883025,-0.0783954063322434,49.59809966026546,0.1765424557116677,-0.0604878048780488,-4686.799800691457,-8507.621580635203,3820.821779943746,0.0441437220698711,0.0506902927961448,9841.399674556813,0.0588966203950505,6866678.9,0.656646839857329,-0.0690550363447559
5380,2024-08-21,-0.013671875,0.0390946502057614,0.074468085106383,-0.0417457305502846,-0.0194174757281553,0.0258964143426294,0.005859375,251900.0,246300.0,264166.6666666667,0.0023818975784042,0.0251725537961835,-0.0441640378548896,50.27738358436244,0.074468085106383,-0.0417457305502846,-3064.2771413716837,-5659.8186559953065,2595.541514623623,0.0288221524315435,0.0326487922980992,10182.653655742955,-0.4559576161666299,859985.9,0.4180452260903347,0.0257425742574257
5930,2024-08-21,-0.0076045627376425,0.028909329829172,0.08,-0.0667461263408819,0.0051347881899872,0.0102827763496144,-0.0126742712294043,78580.0,78165.0,80205.0,-0.0035632476457113,0.0017271157167531,-0.0237516364316439,48.043903697774,0.08,-0.0667461263408819,-1115.7880985927768,-1473.1035909421746,357.3154923493978,0.0235618268187573,0.0315271125122018,2290.142297896168,-0.2694011776294581,20654974.8,0.3779040195197914,-0.0242656449553001
35420,2024-08-21,-0.0012771392081737,0.0,-0.0126262626262626,-0.0832356389214536,-0.0019144862795149,0.012210796915167,0.0006385696040869,156880.0,164895.0,168428.33333333334,-0.0030596634370219,-0.0515176324327601,-0.0714151419495928,35.86898282996222,-0.0126262626262626,-0.0832356389214536,-4031.295823084918,-3187.0059946194774,-844.2898284654407,0.0041537482517299,0.0251392177195162,4660.999432807046,-0.1422466523849854,778365.7,0.597228269436847,0.0473145780051151
35720,2024-08-21,0.0027397260273973,0.0054945054945054,-0.0368421052631579,-0.0579150579150579,0.0027397260273973,0.0109890109890109,0.0,36620.0,38105.0,40878.333333333336,-0.0005461496450027,-0.0394961291169138,-0.1046601704244303,36.79077647214323,-0.0368421052631579,-0.0579150579150579,-1213.2355071622878,-1177.244094476519,-35.991412685768864,0.0069359261504939,0.0261412023351981,1239.1159695108506,-0.2954185250121551,1413284.05,0.4737235943475057,0.0150273224043715
660,2024-08-22,-0.0077881619937694,0.0235672201392609,0.1287655050206733,-0.0834532374100719,-0.0046874999999999,0.0285714285714284,-0.0031152647975077,195400.0,183700.0,208793.33333333337,-0.0220061412487205,0.04028307022319,-0.0847408921102206,48.765050072394665,0.1287655050206733,-0.0834532374100719,-4109.829746688949,-7628.063213845952,3518.2334671570034,0.0440563799427126,0.0505061437754381,9524.156840659896,-0.2977979735119871,6783053.05,0.4667834641216613,-0.1119832548403977
5380,2024-08-22,-0.0178217821782178,0.0290456431535268,0.0508474576271187,-0.0406189555125725,-0.0216962524654832,0.0346232179226069,0.0039603960396039,253300.0,245775.0,263883.3333333333,-0.0209238057639162,0.0090529956260807,-0.0601907408577021,46.97433235874632,0.0508474576271187,-0.0406189555125725,-2902.424543516594,-5108.3398334995645,2205.9152899829705,0.0304476109284206,0.0326175224904422,10062.464108904172,0.3831210554277593,854427.8,0.5819684237802187,0.0423387096774192
5930,2024-08-22,0.0,0.0142487046632124,0.0481927710843372,-0.0451219512195122,-0.0050825921219822,0.0141388174807197,0.0051085568326947,78800.0,77980.0,80216.66666666667,-0.0063451776649746,0.0041036163118748,-0.0238936214419281,48.043903697774,0.0481927710843372,-0.0451219512195122,-1000.7528397953284,-1378.6334407128054,377.88060091747707,0.0231383492380701,0.0311876423569722,2205.132133760728,0.0440072624800815,20215475.7,0.4031120078960101,-0.0549169859514686
35420,2024-08-22,0.0530690537084399,0.0470438652256834,0.0122925629993853,-0.040768782760629,0.047709923664122,0.0483768300445575,0.0051150895140665,158360.0,164545.0,168216.66666666666,0.0400353624652689,0.0009419915524628,-0.0209055781234518,50.63996603953917,0.0122925629993853,-0.040768782760629,-3357.615770250035,-3221.127949745589,-136.48782050444606,0.0245144755432318,0.0281434092011658,4920.9280447494,2.477064160976806,838622.95,1.927391803432043,0.0012143290831816
35720,2024-08-22,0.0259562841530054,0.0203804347826086,-0.0195822454308094,-0.0505689001264222,0.0176151761517615,0.0258503401360543,0.0081967213114753,36770.0,38005.0,40752.5,0.0212129453358715,-0.0119721089330351,-0.0785841359425801,43.98800957262773,-0.0195822454308094,-0.0505689001264222,-1100.3831890165966,-1161.8719133845343,61.48872436793795,0.0129150781961953,0.0265288539554345,1229.1791145457898,1.4700659889530492,1367962.7,1.208895534944045,-0.014647137150466
660,2024-08-23,-0.0293040293040293,-0.071106659989985,0.1352509179926559,-0.0236842105263157,-0.0026881720430107,0.0210355987055015,-0.0266875981161694,192560.0,183475.0,208510.0,-0.036663896967179,0.0110369260117182,-0.1103544194523044,45.680325066616874,0.1352509179926559,-0.0236842105263157,-4057.6756616819766,-6913.985703413157,2856.3100417311807,0.0268854799587878,0.0468167122112422,9251.002780612762,0.3806166791473864,6376431.55,0.6855451933770073,-0.0636118598382748
5380,2024-08-23,0.0181451612903225,-0.0098039215686274,0.0676532769556026,0.0039761431411531,0.0285132382892057,0.036734693877551,-0.0100806451612903,252800.0,245825.0,263741.6666666667,-0.0011867088607594,0.0271534628292484,-0.0426237795822933,50.478019566744635,0.0676532769556026,0.0039761431411531,-2383.5665304561553,-4563.385172890883,2179.8186424347277,0.0144169021747075,0.0323217010689518,9986.573815411017,-0.0966535947712418,835249.6,0.5377901408153922,0.0118811881188118
5930,2024-08-23,-0.007662835249042,-0.0311720698254364,0.0585831062670298,-0.0335820895522388,0.0,0.0116129032258065,-0.007662835249042,78300.0,77845.0,80258.33333333333,-0.007662835249042,-0.0018626758301752,-0.0318762329976117,46.518717778734946,0.0585831062670298,-0.0335820895522388,-947.0841573780052,-1292.323584045845,345.23942666784,0.0116258395657824,0.0309455833304613,2111.9084099206757,0.1559932807312118,19670300.45,0.4789101225955092,-0.0437580437580437
35420,2024-08-23,0.0012143290831816,0.0469841269841269,0.0135218192993238,-0.0735955056179775,0.0036518563603165,0.0128597672994488,-0.002428658166363,159840.0,163890.0,168043.33333333334,0.0316566566566567,0.0061626700835926,-0.018705492630869,50.93323445545721,0.0135218192993238,-0.0735955056179775,-2775.585919507605,-3132.019543697992,356.4336241903875,0.024519264602519,0.0266764691346595,4719.433184410157,-0.6353938336565915,794429.7,0.7418315302159525,0.0254699818071557
35720,2024-08-23,-0.0026631158455392,0.024623803009576,-0.0260078023407022,-0.0764488286066584,0.0,0.0188679245283018,-0.0026631158455392,36950.0,37850.0,40647.5,0.013531799729364,-0.0105680317040951,-0.0786641244849006,43.42746433955972,-0.0260078023407022,-0.0764488286066584,-1007.4033592555352,-1130.978202558735,123.57484330319949,0.0121529965209393,0.0257261442369622,1191.3806063639477,-0.4724863399212927,1334977.25,0.6534658174886501,-0.0066755674232309
660,2024-08-26,-0.0318059299191374,-0.073749355337803,0.0472303206997084,-0.0636079249217935,-0.0436634717784877,0.049554565701559,0.0123989218328841,189700.0,182865.0,208241.66666666663,-0.0532419609910385,-0.0178547015557924,-0.1375405178278442,42.62129931744694,0.0472303206997084,-0.0636079249217935,-4441.228151643096,-6419.434193059145,1978.2060414160496,0.0272881341265514,0.0472787535467506,9225.931153426136,0.1239603855300854,6183636.4,0.7945493043543116,-0.0311804008908685
5380,2024-08-26,-0.0118811881188118,-0.0215686274509804,0.0267489711934156,0.0246406570841888,-0.0234833659491193,0.0424242424242424,0.0118811881188118,251700.0,246125.0,263616.6666666667,-0.0087405641636869,0.0137125444388013,-0.05354997787191,48.1918612287293,0.0267489711934156,0.0246406570841888,-2189.206930132932,-4088.549524339293,1899.342594206361,0.0149959756242012,0.0315651227970226,10023.24711431023,0.0453016436288511,725589.45,0.6471124959162513,-0.0140280561122244
5930,2024-08-26,-0.0205920205920205,-0.0280970625798212,0.0187416331994645,-0.0593325092707045,-0.0256081946222791,0.0289473684210526,0.005148005148005,77860.0,77605.0,80301.66666666667,-0.022604675057796,-0.0193930803427614,-0.052323530022208,42.6320769704175,0.0187416331994645,-0.0593325092707045,-1021.8783901578428,-1238.2345452682448,216.35615511040217,0.0104915360208543,0.0311855531564159,2118.200666354913,0.6619351855449283,19727680.65,0.7936025667568783,-0.0223390275952694
35420,2024-08-26,0.0351728320194058,0.0900383141762453,0.0427611484422725,-0.0234553775743706,0.0307971014492753,0.0468085106382978,0.0042449969678592,162660.0,163685.0,168048.33333333334,0.0494282552563629,0.0428567064789076,0.0157791905106665,58.61282862417906,0.0427611484422725,-0.0234553775743706,-1825.2709547434931,-2870.6698259070927,1045.398871163599,0.0250072408444993,0.0277795290690941,4932.330814095146,1.1676403663124244,814252.85,1.568876301753196,-0.0240187463386057
35720,2024-08-26,0.0333778371161548,0.0559345156889494,0.0459459459459459,-0.0276381909547738,0.0306258322237016,0.0471063257065949,0.0026702269692924,37360.0,37795.0,40565.0,0.0358672376873661,0.023944966265379,-0.0459755947245161,51.71105722290581,0.0459459459459459,-0.0276381909547738,-823.3604344084888,-1069.4546489286856,246.09421452019683,0.0173719771456392,0.0267449858515952,1231.2819916236658,1.0104669850360288,1375148.5,1.275393166628913,-0.0465116279069767
660,2024-08-27,-0.0256124721603563,-0.1236855282924386,-0.0112994350282485,-0.1053169734151329,-0.010180995475113,0.0392156862745098,-0.0155902004454342,184760.0,181835.0,208005.0,-0.0528252868586274,-0.037589023015371,-0.1586740703348477,40.35240694555231,-0.0112994350282485,-0.1053169734151329,-5058.071519542631,-6147.1616583558425,1089.0901388132115,0.0108133245351882,0.0472570965816,9052.650356752842,0.1797934708186348,6272596.4,0.924109512290636,-0.0382857142857142
5380,2024-08-27,-0.0080160320641282,-0.033203125,0.0164271047227926,-0.0313111545988258,-0.0040241448692153,0.0265848670756645,-0.0040080160320641,250000.0,245725.0,263525.0,-0.01,0.0072235222301353,-0.0608101698131107,46.67420180688517,0.0164271047227926,-0.0313111545988258,-2171.5268224137835,-3705.144983954191,1533.6181615404075,0.0143016331063142,0.0295550505021224,9771.586606145214,0.1820512929730926,688226.8,0.8064463633209284,-0.0404040404040404
5930,2024-08-27,-0.0039421813403416,-0.0392902408111534,0.0039735099337747,-0.0665024630541871,0.0013210039630118,0.0119047619047618,-0.0052562417871222,77240.0,77335.0,80340.0,-0.0186431900569653,-0.0198487101571086,-0.0565098332088623,41.92477740434195,0.0039735099337747,-0.0665024630541871,-1092.7641464365445,-1209.1404655019048,116.37631906536058,0.0077344530033458,0.0311513421326901,2031.186333043848,-0.2890783675816805,19644331.1,0.5665830484805868,-0.0435356200527704
35420,2024-08-27,-0.0164030462800234,0.0721583652618136,0.0474111041796632,-0.0405714285714285,-0.0175541252194265,0.0238237045860632,0.0011716461628588,164920.0,163330.0,168010.0,0.0180693669658016,0.0279801628604665,-0.0006547229331587,54.202369200207386,0.0474111041796632,-0.0405714285714285,-1283.28320793694,-2553.1925023130625,1269.9092943761225,0.0287021711010167,0.0279908527185733,4865.735755945493,-0.5080988710427394,824191.15,0.7624262890956788,-0.015485407980941
35720,2024-08-27,-0.0180878552971576,0.0410958904109588,0.0242587601078168,-0.0488110137672089,-0.0168175937904269,0.0236842105263157,-0.0012919896640827,37660.0,37697.5,40476.666666666664,0.0090281465746149,0.0080244048013793,-0.0611875154409947,47.51522066732146,0.0242587601078168,-0.0488110137672089,-725.6246906176893,-1000.6886572664864,275.0639666487971,0.021142737954328,0.0269830936008602,1207.6189922219755,-0.3449458478608551,1399819.8,0.8207270678697358,-0.0473684210526316
660,2024-08-28,0.0245714285714284,-0.0690550363447559,-0.0142935678944474,-0.0508205399682372,0.0245714285714284,0.0390804597701148,0.0,182100.0,181355.0,207756.66666666663,-0.0153761669412411,-0.0113313666565575,-0.1369711361047378,43.386325120626445,-0.0142935678944474,-0.0508205399682372,-5140.691576791054,-5945.867642042885,805.1760652518306,0.0235183718408139,0.0471358811276349,8891.746759841924,-0.0356210901419909,6293844.15,0.8881830987187694,-0.1366424986056887
5380,2024-08-28,0.0464646464646465,0.0257425742574257,0.0658436213991768,0.036,0.0380761523046091,0.0609756097560976,0.0080808080808081,251300.0,246175.0,263425.0,0.0306406685236768,0.0520970854067228,-0.016797950080668,55.37621194735406,0.0658436213991768,0.036,-1215.5492243727203,-3207.225832037897,1991.6766076651768,0.0267704243875887,0.0309668679436326,10145.04470570627,1.1097874303175752,717030.35,1.6330828953056171,-0.1023166023166023
5930,2024-08-28,0.0079155672823219,-0.0242656449553001,0.0039421813403417,-0.0567901234567901,0.0079155672823219,0.0132625994694959,0.0,76860.0,77105.0,80351.66666666667,-0.0059849076242518,-0.0091433759159587,-0.0491796477982203,43.92843834081109,0.0039421813403417,-0.0567901234567901,-1087.985019345084,-1184.9093762705406,96.92435692545678,0.0105241317830172,0.0312462936591504,1957.530166397859,-0.1200012219068125,19475575.0,0.5029126996250431,-0.0837696335078533
35420,2024-08-28,-0.0244192972007146,0.0473145780051151,0.0473145780051151,-0.0548182342758222,-0.025,0.0299511002444987,0.0005955926146514,166400.0,162855.0,167861.66666666666,-0.015625,0.0058027079303675,-0.0241965110160151,48.45297476076018,0.0473145780051151,-0.0548182342758222,-1171.0901503769855,-2276.7720319258474,1105.6818815488618,0.0333438093348078,0.028402894752552,4868.183201949387,0.243938031620742,843130.0,0.9271073262723424,-0.0384615384615384
35720,2024-08-28,-0.0223684210526315,0.0150273224043715,0.0206043956043955,-0.0486555697823303,-0.0223684210526315,0.031081081081081,0.0,37770.0,37602.5,40357.5,-0.0164151442944135,-0.0120337743501096,-0.0794771727683826,42.957196297215155,0.0206043956043955,-0.0486555697823303,-708.5881427403656,-942.2685543612624,233.6804116208967,0.0253467658954848,0.0269767656987319,1203.503349920406,0.030164422432477,1407529.1,0.8408529528803347,-0.0807537012113055
660,2024-08-29,-0.0535415504740658,-0.1119832548403977,-0.0910551687198714,-0.1279547790339157,0.0125298329355607,0.0269138755980862,-0.0652537646402676,177820.0,180110.0,207363.33333333337,-0.0456641547632437,-0.0577980123258009,-0.1816296677329647,38.658674634291934,-0.0910551687198714,-0.1279547790339157,-5912.650976894045,-5939.224309013117,26.573332119071893,0.0288090324103008,0.047884104274856,9120.9077055675,0.4820138724162741,6386076.95,1.2972886272533874,-0.060695344725987
5380,2024-08-29,-0.0019305019305019,0.0423387096774192,0.0726141078838173,0.0381526104417671,-0.011472275334608,0.04296875,0.0096525096525097,253400.0,246650.0,263416.6666666667,0.0201262825572217,0.0480437867423475,-0.0186649794368871,54.95630161026603,0.0726141078838173,0.0381526104417671,-492.5975538348721,-2664.300176397292,2171.70262256242,0.024141743504975,0.0309484069127444,10206.112941012963,0.4062520816075561,769618.35,2.1396046494993266,-0.1141199226305609
5930,2024-08-29,-0.031413612565445,-0.0549169859514686,-0.0414507772020725,-0.1179976162097735,0.0054347826086955,0.0163265306122448,-0.0366492146596858,76000.0,76610.0,80330.0,-0.0263157894736841,-0.0340686594439367,-0.0787999502054027,38.24452675140983,-0.0414507772020725,-0.1179976162097735,-1263.294990776616,-1200.5864991717558,-62.70849160486023,0.015226407714092,0.0305232542222587,2024.8494402265833,0.7238710363781193,19282582.8,0.8756336832636341,-0.0675675675675675
35420,2024-08-29,0.0067155067155066,0.0012143290831816,0.0483153210425937,-0.0522988505747126,0.0128992628992627,0.0234423195558297,-0.006105006105006,166440.0,162400.0,167663.33333333334,-0.0092525835135784,0.0153940886699508,-0.0164814409829221,49.98579325367842,0.0483153210425937,-0.0522988505747126,-982.0945622558938,-2017.8365379918569,1035.741975735963,0.0231733832502848,0.0284412193140229,4791.884401810145,-0.4267787511897574,844281.2,0.5307129899374758,-0.0309278350515463
35720,2024-08-29,-0.0040376850605652,-0.014647137150466,0.0054347826086955,-0.0561224489795918,0.0,0.017687074829932,-0.0040376850605652,37660.0,37492.5,40230.833333333336,-0.0175252257036643,-0.0131359605254384,-0.0803073927543137,42.18808233758367,0.0054347826086955,-0.0561224489795918,-699.1311534605193,-893.6410741811137,194.50992072059444,0.0219489087147894,0.026942369793979,1163.9673963546627,-0.306477683192159,1391710.55,0.5897785283010177,-0.0689189189189188
660,2024-08-30,0.0235710076605775,-0.0636118598382748,-0.1301952929394091,-0.1013967925504397,0.0157894736842105,0.036009445100354,0.0076605774896876,175460.0,179130.0,207030.0,-0.010030776245298,-0.0303131803717969,-0.1609911607013476,41.51815426957774,-0.1301952929394091,-0.1013967925504397,-6130.993515699607,-5977.578150350415,-153.41536534919214,0.0350158998462381,0.0483275260700852,8905.12858374125,-0.4570372565433271,6288129.65,0.7153511855468819,-0.0995970063327575
5380,2024-08-30,-0.011605415860735,0.0118811881188118,0.0019607843137254,0.0078895463510848,-0.0210727969348658,0.0391389432485322,0.0096711798839459,254000.0,246750.0,263275.0,0.0059055118110236,0.0354609929078013,-0.0295318583230462,52.3893805174209,0.0019607843137254,0.0078895463510848,-159.88501932419604,-2163.417144982673,2003.532125658477,0.0248436674252673,0.0308654291444595,10191.390588083468,-0.2670459755665797,793249.6,1.5215135311760637,-0.1095890410958904
5930,2024-08-30,0.0040540540540541,-0.0437580437580437,-0.0735660847880299,-0.1058965102286402,-0.0013440860215053,0.0121457489878542,0.0054054054054053,75320.0,76170.0,80278.33333333333,-0.0135422198619225,-0.0245503479059997,-0.074470072871468,39.30176366546072,-0.0735660847880299,-0.1058965102286402,-1362.3179599520226,-1232.9327913278094,-129.3851686242133,0.0167232056221254,0.0305868756665667,1951.6459087818273,-0.0311504429600699,19055491.9,0.8584674741458656,-0.0726783310901749
35420,2024-08-30,0.0254699818071557,0.0254699818071557,0.0736507936507937,-0.0337142857142857,0.0217522658610271,0.0308716707021792,0.0036385688295936,167280.0,162105.0,167530.0,0.0108799617407939,0.0431510440763702,0.0093714558586521,55.43487744237105,0.0736507936507937,-0.0337142857142857,-487.78639991307864,-1711.8265103761014,1224.0401104630228,0.0257656578767636,0.0290695023773393,4835.321230252278,1.1210901843681025,867702.15,1.0953055723095764,-0.0703725606150207
35720,2024-08-30,0.0054054054054053,-0.0066755674232309,0.0177838577291382,-0.0653266331658291,-0.0013422818791946,0.0161507402422611,0.0067567567567567,37610.0,37362.5,40108.333333333336,-0.0109013560223344,-0.0043492806958849,-0.072511946810721,43.637092963573906,0.0177838577291382,-0.0653266331658291,-667.800108828611,-848.4728811106132,180.67277228200223,0.0222519416365798,0.0266871241793534,1134.398296615044,0.649500914350738,1415516.4,0.9564792043384308,-0.0860215053763441
660,2024-09-02,0.0017271157167531,-0.0311804008908685,-0.1026302217637957,0.0046189376443417,0.0023041474654377,0.0385985748218526,-0.0005757052389177,174340.0,179170.0,206471.66666666663,-0.0019502122289778,-0.0288552771111235,-0.157269358991952,41.73751999180872,-0.1026302217637957,0.0046189376443417,-6208.259111450985,-6023.714342570529,-184.5447688804561,0.0335913335011388,0.0422363227274886,8733.33368490259,-0.2202095006003485,5811006.2,0.6036252379149071,-0.0977011494252874
5380,2024-09-02,-0.0371819960861057,-0.0140280561122244,-0.0352941176470588,0.0081967213114753,-0.0390625,0.0448979591836735,0.0019569471624265,253300.0,246850.0,262958.3333333333,-0.0288195815238847,-0.003443386672068,-0.0644905720171129,45.1910113594622,-0.0352941176470588,0.0081967213114753,-655.2255120087357,-1861.7788183878856,1206.55330637915,0.0304714060520628,0.0308463221176289,10249.148403220364,-0.1659403118630587,799106.55,1.2597318843150516,-0.0670731707317072
5930,2024-09-02,0.0013458950201883,-0.0223390275952694,-0.0498084291187739,-0.0653266331658291,-0.0013422818791946,0.0163265306122448,0.0026917900403768,74980.0,75910.0,80230.0,-0.0077353961056281,-0.0198919773415887,-0.0726660850056089,39.672508882746534,-0.0498084291187739,-0.0653266331658291,-1416.397859335004,-1269.6258049292485,-146.77205440575565,0.0157011470466507,0.0293383024716776,1897.9569152974111,-0.2272298471988908,18397546.95,0.6871229101551498,-0.092741935483871
35420,2024-09-02,-0.0147841513897102,-0.0240187463386057,0.0638569604086845,-0.028004667444574,-0.0147841513897102,0.0254699818071557,0.0,166460.0,161865.0,167383.33333333334,0.0008410428931875,0.0292527723720383,-0.004679876530917,51.8160347142624,0.0638569604086845,-0.028004667444574,-294.37930520102964,-1428.337069341087,1133.9577641400574,0.0204208375892711,0.028895888223637,4789.941142377115,-0.4680076473144438,859258.2,0.5884203374492091,-0.0696278511404562
35720,2024-09-02,-0.0080645161290322,-0.0465116279069767,0.0068212824010913,-0.0670037926675094,-0.0120481927710843,0.0163265306122448,0.0040322580645162,37250.0,37230.0,39985.833333333336,-0.0093959731543624,-0.0088638195004029,-0.0771731654961133,41.939049806892875,0.0068212824010913,-0.0670037926675094,-659.5743603696683,-810.6931769624242,151.11881659275593,0.0111062151062452,0.026701545244075,1096.2269897139695,-0.4578325622344731,1400140.45,0.5242666905309392,-0.078590785907859
660,2024-09-03,-0.0327586206896551,-0.0382857142857142,-0.1572358537806709,0.0781550288276746,-0.026604973973395,0.0326797385620916,-0.0063218390804598,173000.0,179780.0,205810.0,-0.0271676300578034,-0.0638558237846256,-0.1822554783538215,38.762449927338295,-0.1572358537806709,0.0781550288276746,-6652.746297735372,-6149.520733603498,-503.2255641318734,0.0347732558378324,0.0361709438493987,8516.666993123834,-0.0630321552483557,5357393.85,0.6134650712678144,-0.0760546642899584
5380,2024-09-03,-0.0345528455284552,-0.0404040404040404,-0.072265625,0.0602678571428572,-0.026639344262295,0.0360169491525423,-0.008130081300813,251300.0,247525.0,262458.3333333333,-0.0549144448865897,-0.0405009594990405,-0.0950944594380059,39.90747064308806,-0.072265625,0.0602678571428572,-1713.908513262897,-1832.204757362888,118.2962440999911,0.0338104753472539,0.0255047221735552,10231.352088704623,0.0177428327339916,777034.35,1.318501556591417,-0.0273684210526315
5930,2024-09-03,-0.0255376344086021,-0.0435356200527704,-0.0811153358681875,0.0154061624649859,-0.0215924426450742,0.0248275862068965,-0.0040322580645161,74320.0,75965.0,80176.66666666667,-0.0244886975242195,-0.0456131113012571,-0.0957468922795493,35.26510409230791,-0.0811153358681875,0.0154061624649859,-1594.1938162950537,-1334.5394072024094,-259.6544090926443,0.0182966760736378,0.0185675832635285,1898.1028499190247,0.2905714536139103,16482837.4,0.9897931165662048,-0.0868965517241379
35420,2024-09-03,-0.0078031212484993,-0.015485407980941,0.0555555555555555,0.0589365791159512,-0.0113636363636363,0.0266182698124621,0.0036014405762305,165940.0,162325.0,167293.33333333334,-0.003856815716524,0.0183274295395041,-0.0119151988523154,49.988584784993954,0.0555555555555555,0.0589365791159512,-243.1984839286306,-1191.3093522585957,948.1108683299652,0.0195297658891222,0.0202490359244943,4762.088203635893,0.0612751060610554,813724.05,0.659420106853177,-0.0381125226860253
35720,2024-09-03,-0.018970189701897,-0.0473684210526316,-0.0082191780821917,-0.0027548209366391,-0.018970189701897,0.0331491712707181,0.0,36890.0,37225.0,39870.833333333336,-0.0187042558959067,-0.0275352585627938,-0.0920681366913993,38.20347647183448,-0.0082191780821917,-0.0027548209366391,-701.4536245642885,-788.8452664827971,87.39164191850864,0.0112837497101612,0.019665357790681,1103.6393475915431,0.6877393409413839,1327827.45,0.933012794697082,-0.0593922651933701
660,2024-09-04,-0.0802139037433155,-0.1366424986056887,-0.1962616822429906,-0.0543677458766035,0.012426422498365,0.0398953564421189,-0.0915032679738562,168100.0,179335.0,204848.33333333337,-0.0791195716835216,-0.1368109961803328,-0.2443189676915441,32.79926513736051,-0.1962616822429906,-0.0543677458766035,-8002.099548553786,-6520.036496593556,-1482.06305196023,0.0416661779742981,0.0392178772438249,9008.333636472133,2.0488864696185147,5322547.35,1.8826306918622344,0.0155038759689922
5380,2024-09-04,-0.0210526315789473,-0.1023166023166023,-0.0792079207920791,-0.0106382978723403,0.0064935064935065,0.0305010893246187,-0.0273684210526315,246000.0,247400.0,261816.66666666663,-0.0548780487804878,-0.0602263540824575,-0.1119740276274746,37.15557036460905,-0.0792079207920791,-0.0106382978723403,-2922.6896850345365,-2050.301742897218,-872.3879421373185,0.0149757561108331,0.0236185056879781,10071.969796654295,-0.0802950842393664,761638.2,1.2371451431926603,-0.0387096774193548
5930,2024-09-04,-0.0344827586206896,-0.0837696335078533,-0.1060025542784163,-0.0344827586206896,0.0028653295128939,0.0186246418338109,-0.0372413793103448,73040.0,75840.0,80090.0,-0.0416210295728367,-0.0770042194092827,-0.1259832688225746,30.46867591357909,-0.1060025542784163,-0.0344827586206896,-1914.755391505416,-1450.5826040630109,-464.172787442405,0.0184791874760247,0.0198285193074129,1955.3812177819516,0.6774278669061986,15486404.25,1.7671347433669116,-0.0728571428571428
35420,2024-09-04,-0.0471869328493648,-0.0384615384615384,0.0070332480818413,-0.0056818181818182,-0.0174672489082969,0.0376515634971281,-0.0302480338777979,164680.0,162280.0,167081.66666666666,-0.0435997085256254,-0.0294552625092432,-0.0573472054584085,40.71110293229955,0.0070332480818413,-0.0056818181818182,-822.5502794111671,-1117.5575376891102,295.00725827794304,0.0270060277547084,0.0229268500461497,5036.224760519043,1.2688460004547268,818808.95,1.4868315740808646,-0.0069841269841269
35720,2024-09-04,-0.0566298342541436,-0.0807537012113055,-0.0669398907103825,-0.1013157894736842,-0.0353107344632768,0.0456553755522828,-0.0220994475138122,36290.0,37032.5,39720.833333333336,-0.0589694130614494,-0.0778370350367919,-0.1402496590789888,29.825081595181516,-0.0669398907103825,-0.1013157894736842,-889.804003924015,-809.0370139710408,-80.7669899529742,0.0240977729559548,0.0203075379129504,1185.5222513350045,1.444419959963838,1392036.9,2.1754760954971815,0.0087847730600292
660,2024-09-05,0.0297157622739017,-0.060695344725987,-0.1658817373103087,-0.0584760779681039,0.0152866242038216,0.040868454661558,0.0142118863049096,166040.0,178840.0,203921.66666666663,-0.0399903637677667,-0.1087005144263028,-0.2183272988811062,36.390139725660184,-0.1658817373103087,-0.0584760779681039,-8601.14155932545,-6936.257509139935,-1664.8840501855148,0.0454894456981432,0.0390115231055406,8950.595519581266,-0.4661401935313701,5103419.7,1.0482155720016522,0.0589711417816813
5380,2024-09-05,-0.0150537634408601,-0.1141199226305609,-0.0766129032258065,-0.0296610169491525,-0.0296610169491525,0.0462555066079295,0.0150537634408602,240100.0,247050.0,261133.33333333337,-0.0462307371928363,-0.0730621331714227,-0.1230533571610926,35.31955449918006,-0.0766129032258065,-0.0296610169491525,-4115.635734883719,-2463.3685412945183,-1652.2671935892008,0.0114827498452693,0.0238174705850523,10102.54338260756,-0.0617772009122776,768001.6,1.1511004664573616,0.0131004366812226
5930,2024-09-05,-0.0142857142857142,-0.0675675675675675,-0.1187739463601532,-0.076305220883534,-0.0156918687589158,0.0318840579710144,0.0014285714285713,72040.0,75555.0,79965.0,-0.042198778456413,-0.0867579908675799,-0.1371224910898518,28.782341979669766,-0.1187739463601532,-0.076305220883534,-2223.8591283054993,-1605.2379089115086,-618.6212193939907,0.0166879305555808,0.0185161563996946,1972.8539879403836,-0.0613812556585933,15135221.3,1.697151861268127,-0.0391304347826086
35420,2024-09-05,0.0146031746031745,-0.0309278350515463,-0.0297510625379477,-0.0178242163491088,0.0094756790903347,0.0240506329113923,0.005079365079365,163660.0,162135.0,166938.33333333334,-0.0235854820970303,-0.0144015789311375,-0.042760300709843,44.01085295033991,-0.0297510625379477,-0.0178242163491088,-1083.608805451222,-1110.767791241533,27.15898579031068,0.0282471621749557,0.0223073183370519,4983.637277624826,-0.3177412107955194,821436.4,1.0111592327780945,0.0012515644555695
35720,2024-09-05,0.0087847730600292,-0.0689189189189188,-0.0825565912117176,-0.1005221932114882,0.0058394160583941,0.0262773722627738,0.0029282576866764,35780.0,36840.0,39577.5,-0.0371716042481833,-0.0648751357220412,-0.1295559345587771,32.16949954731899,-0.0825565912117176,-0.1005221932114882,-1003.3001244602784,-847.8896360688883,-155.41048839139,0.0263291469012714,0.0203385304485921,1172.2706619539326,-0.5664213069655584,1389619.95,0.9448806488421528,0.0261248185776488
660,2024-09-06,-0.0188205771643663,-0.0995970063327575,-0.1568733153638813,-0.0428396572827417,-0.0044557606619987,0.0213040671400903,-0.0144291091593475,162580.0,178490.0,202828.33333333337,-0.0380120556033952,-0.1237604347582497,-0.2289045744759525,35.07383168174961,-0.1568733153638813,-0.0428396572827417,-9211.774000137142,-7391.360807339377,-1820.413192797765,0.0410292203455851,0.0384681051895808,8632.695839611175,-0.3532247222348922,5007897.35,0.6908915575116571,0.040920716112532
5380,2024-09-06,-0.0065502183406113,-0.1095890410958904,-0.0990099009900989,-0.0380549682875264,-0.0021929824561403,0.0336322869955156,-0.0043668122270742,234500.0,246600.0,260441.66666666663,-0.0298507462686566,-0.0774533657745336,-0.1264838575496751,34.53199732155146,-0.0990099009900989,-0.0380549682875264,-5123.036363855179,-2995.3021058066506,-2127.7342580485283,0.0129619965981697,0.0238320369356842,9916.64742670702,-0.1967881798139691,768571.2,0.9238922821984484,0.0417582417582418
5930,2024-09-06,-0.0014492753623188,-0.0726783310901749,-0.1132561132561132,-0.0613079019073569,-0.0028943560057886,0.0249999999999999,0.0014492753623187,70960.0,75330.0,79803.33333333333,-0.0290304396843291,-0.0853577591928846,-0.13662754270916,28.611804464901994,-0.1132561132561132,-0.0613079019073569,-2448.6685046781495,-1773.9240280648369,-674.7444766133126,0.0153449544454757,0.0182407866965179,1953.3644173732137,-0.2594514709109581,14665599.8,1.297069281816895,-0.0653120464441219
35420,2024-09-06,-0.0162703379224029,-0.0703725606150207,-0.0466949666464523,-0.0338045482483098,-0.0187265917602996,0.0222788033099936,0.002503128911139,161280.0,161860.0,166726.66666666666,-0.025297619047619,-0.0287903126158408,-0.05713942980527,41.2181402713963,-0.0466949666464523,-0.0338045482483098,-1483.2004277851374,-1185.2543185502536,-297.9461092348838,0.0221543970492607,0.0225768973610753,4877.66318636591,-0.2184750115277696,817691.3,0.7938656067393648,0.0184478371501273
35720,2024-09-06,-0.0130624092888244,-0.0860215053763441,-0.0921228304405874,-0.1157347204161248,-0.0130624092888244,0.0251107828655834,0.0,35140.0,36617.5,39416.666666666664,-0.0324416619237336,-0.0714822147880112,-0.1374207188160676,30.52229961572114,-0.0921228304405874,-0.1157347204161248,-1116.6854026643489,-901.6487893879804,-215.03661327636823,0.0241499282843358,0.0202973880233249,1149.2513289572232,-0.1576969212315073,1351016.3,0.8186170662781789,0.0470588235294118
660,2024-09-09,0.0038363171355497,-0.0977011494252874,-0.1258351893095768,-0.0845481049562681,0.0342555994729907,0.0478405315614618,-0.0294117647058823,159180.0,177765.0,201761.66666666663,-0.013695187837668,-0.1168115208280595,-0.2218541678713332,35.57575552330745,-0.1258351893095768,-0.0845481049562681,-9537.34900077153,-7820.558446025808,-1716.790554745722,0.0413191719320761,0.0365869655609278,8530.36042249609,0.2960327915664955,4975041.6,0.9013315587150066,-0.0267515923566878
5380,2024-09-09,0.0087912087912087,-0.0670731707317072,-0.0801603206412825,-0.0555555555555555,0.0177383592017739,0.0288888888888889,-0.0087912087912087,231200.0,245925.0,259800.0,-0.0073529411764705,-0.0667886550777676,-0.1166281755196304,36.56310167670995,-0.0801603206412825,-0.0555555555555555,-5694.384020583762,-3535.118488762073,-2159.26553182169,0.0161841554249868,0.0229797219382471,9672.601181942237,-0.1013861876951373,770127.1,0.8285450544462076,0.0718954248366012
5930,2024-09-09,-0.0203193033381712,-0.092741935483871,-0.1130091984231275,-0.0963855421686746,0.0089686098654708,0.0240240240240239,-0.0290275761973874,69580.0,74970.0,79601.66666666667,-0.0298936475998849,-0.0996398559423769,-0.1520278051129583,26.265461189526505,-0.1130091984231275,-0.0963855421686746,-2708.5770644609584,-1960.8546353440613,-747.722429116897,0.0123917157262667,0.0179480058606981,1978.1241018465553,0.2229488139157101,15009353.6,1.549920044524769,-0.0651851851851852
35420,2024-09-09,-0.0139949109414758,-0.0696278511404562,-0.0919742237844171,-0.0531459987782528,0.0078023407022107,0.0196721311475409,-0.0216284987277354,158960.0,161425.0,166478.33333333334,-0.0249119275289381,-0.0398017655257859,-0.0689479111395877,38.965064060681485,-0.0919742237844171,-0.0531459987782528,-1954.866793684516,-1339.1768135771065,-615.6899801074096,0.0221527922703321,0.022667980285557,4864.972958768346,-0.0567137599613024,786471.35,0.7785687298081488,0.0361290322580645
35720,2024-09-09,0.0,-0.078590785907859,-0.1214470284237726,-0.081081081081081,0.0287443267776097,0.0364741641337384,-0.0279411764705882,34560.0,36467.5,39251.666666666664,-0.0162037037037037,-0.0676629875916912,-0.1337947433230011,30.52229961572114,-0.1214470284237726,-0.081081081081081,-1192.7942627653902,-959.8778840634624,-232.91637870192775,0.0251918482837301,0.0188929380613822,1152.876234031707,-0.1298983240880136,1239667.95,0.7762578680847562,0.0382352941176471
660,2024-09-10,-0.0095541401273885,-0.0760546642899584,-0.1114285714285714,-0.1214689265536723,-0.0120711562897077,0.0479585223590408,0.0025477707006369,156620.0,176690.0,200636.66666666663,-0.0071510662750606,-0.1199275567377893,-0.2249671877855492,34.850400672794564,-0.1114285714285714,-0.1214689265536723,-9803.399511231257,-8217.126659066898,-1586.272852164357,0.0407780989410137,0.0356120215948324,8449.620392317798,0.0522641688681184,4990280.95,0.9455425550739784,0.0102893890675241
5380,2024-09-10,0.0065359477124182,-0.0273684210526315,-0.0666666666666666,-0.0513347022587269,0.0065359477124182,0.0176211453744492,0.0,229900.0,245300.0,259008.33333333337,0.0047846889952152,-0.0582959641255604,-0.1081368038351404,38.11385431254332,-0.0666666666666666,-0.0513347022587269,-5957.469688726298,-4019.588728754918,-1937.88095997138,0.0130705639944743,0.0230492752287347,9267.415383232075,-0.4280166435506242,764883.6,0.4771627996730483,0.0844155844155845
5930,2024-09-10,-0.0192592592592593,-0.0868965517241379,-0.1266490765171504,-0.1231788079470198,-0.0119402985074626,0.0196969696969697,-0.0074074074074074,68320.0,74505.0,79403.33333333333,-0.0310304449648711,-0.1114690289242332,-0.1662818521472649,24.274780456502484,-0.1266490765171504,-0.1231788079470198,-2985.0458555789955,-2165.6928793910483,-819.3529761879472,0.0118991632074637,0.0178266797965175,1943.9723802860872,0.3175851506523279,16049959.45,1.909747877898844,-0.0483383685800604
35420,2024-09-10,0.0258064516129032,-0.0381125226860253,-0.0530077427039904,-0.0081097941359949,0.0159744408945687,0.0172634271099745,0.0096774193548387,157700.0,161360.0,166360.0,0.0082435003170577,-0.0146256817055032,-0.044241404183698,44.866099234327855,-0.0530077427039904,-0.0081097941359949,-1983.039965899865,-1467.949444041658,-515.0905218582068,0.0286879048114675,0.0230793050943988,4810.3320331420355,0.5627447650092599,793745.95,1.2055532377834497,0.0056603773584906
35720,2024-09-10,0.0014705882352941,-0.0593922651933701,-0.1039473684210526,-0.0822102425876011,-0.0058394160583941,0.0207100591715976,0.0073529411764705,34130.0,36315.0,39112.5,-0.0023439789041899,-0.0623709211069806,-0.1294343240651965,30.97772594217153,-0.1039473684210526,-0.0822102425876011,-1234.842010562323,-1014.8707093632344,-219.9713011990882,0.0262218941787701,0.018871766230787,1120.5279316008712,0.0573582929267526,1223398.05,0.8316982359094001,0.0249632892804698
660,2024-09-11,0.0109324758842443,0.0155038759689922,-0.1232571109871722,-0.1357888949972512,0.0025510204081633,0.0285158781594296,0.0083601286173633,157100.0,175455.0,199348.33333333337,0.0006365372374284,-0.1040437719073266,-0.2114305779665409,36.432287170235774,-0.1232571109871722,-0.1357888949972512,-9764.511455195636,-8526.603618292645,-1237.9078369029903,0.0187806631134727,0.0349731403474362,8160.361792866527,-0.3209892163289233,4938763.0,0.6487308664133103,0.0305343511450382
5380,2024-09-11,-0.0324675324675324,-0.0387096774193548,-0.137065637065637,-0.0802469135802469,-0.0261437908496732,0.0406320541760722,-0.0064935064935064,228100.0,244325.0,258016.66666666663,-0.0201665935992985,-0.0852348306558886,-0.1337768877979458,33.68048769571614,-0.137065637065637,-0.0802469135802469,-6693.9901445219875,-4554.4690119083325,-2139.521132613655,0.0169074002411893,0.0240097081556423,9284.02857014407,1.1424485031810483,786056.8,0.9947601750916728,0.1140939597315435
5930,2024-09-11,-0.0196374622356495,-0.0728571428571428,-0.150523560209424,-0.1471747700394218,-0.0030721966205836,0.0202492211838005,-0.0166163141993958,67300.0,73945.0,79155.0,-0.0356612184249628,-0.122320643721685,-0.1800896974290948,22.44296586343637,-0.150523560209424,-0.1471747700394218,-3271.3385454226955,-2386.822012597378,-884.5165328253174,0.0079384223212143,0.0177250470425233,1947.9743531227953,0.1682903566874127,17304631.75,2.0693712248456255,-0.0354391371340523
35420,2024-09-11,-0.0163522012578616,-0.0069841269841269,-0.0451770451770451,0.0,-0.005089058524173,0.0282232200128287,-0.0113207547169811,157480.0,161360.0,166186.66666666666,-0.0068580137160274,-0.030738720872583,-0.0588896020539152,42.0221243680386,-0.0451770451770451,0.0,-2189.921625431569,-1612.3438803196404,-577.5777451119284,0.019996838201062,0.0227054401145016,4781.0226022033185,-0.5552642221834396,763274.05,0.5575572757910477,0.065856777493606
35720,2024-09-11,0.0117474302496329,0.0087847730600292,-0.0726783310901749,-0.0535714285714286,0.0102639296187683,0.0293255131964809,0.0014684287812041,34190.0,36217.5,38981.666666666664,0.0076045627376426,-0.0488023745426934,-0.1162512292103125,34.66731400345347,-0.0726783310901749,-0.0535714285714286,-1221.8042971774412,-1056.2574269260758,-165.54687025136536,0.0096433582635357,0.018853254477136,1115.490222200809,-0.0407892693646572,1211939.35,0.8053167016979851,0.0304789550072568
660,2024-09-12,0.0737913486005088,0.0589711417816813,-0.0053034767236299,-0.0958757364756293,0.0217917675544794,0.0457875457875458,0.0508905852417302,158980.0,174560.0,198270.0,0.0617687759466598,-0.0329972502291475,-0.148635698794573,46.05708719468347,-0.0053034767236299,-0.0958757364756293,-8697.410995849292,-8560.765093803975,-136.6459020453167,0.0364020540095544,0.0387363569985682,8584.621664804632,1.6932552791448496,5149187.0,1.6757977521499996,-0.0313981042654027
5380,2024-09-12,0.0380313199105144,0.0131004366812226,-0.1025145067698258,-0.0373443983402489,0.0265486725663717,0.0288248337028824,0.0111856823266218,228700.0,243875.0,257108.33333333337,0.014429383471797,-0.0486929779600204,-0.0976566298253006,41.92528877215936,-0.1025145067698258,-0.0373443983402489,-6516.6886196380365,-4946.912933454274,-1569.7756861837624,0.0256041988807726,0.0257371716334852,9228.026529419494,-0.1558550677930986,794046.45,0.8312725282003339,0.0905172413793102
5930,2024-09-12,0.0215716486902928,-0.0391304347826086,-0.1040540540540541,-0.1411917098445595,0.0045454545454546,0.0214723926380369,0.0169491525423728,66760.0,73400.0,78906.66666666667,-0.0068903535050928,-0.0967302452316076,-0.159766813112538,28.684343426109265,-0.1040540540540541,-0.1411917098445595,-3346.6808118766203,-2578.7937724532267,-767.8870394233936,0.0182427847868221,0.0182583272302113,1930.26189932831,0.002077621020468,18436528.65,1.946359137407356,-0.0467571644042231
35420,2024-09-12,0.0230179028132992,0.0012515644555695,-0.0297149787750151,0.0171646535282898,0.015228426395939,0.0217113665389527,0.0076726342710997,157520.0,161495.0,166055.0,0.0157440325038089,-0.0092572525465184,-0.0364638222275751,47.028922533567645,-0.0297149787750151,0.0171646535282898,-2039.8725367406732,-1697.849611603847,-342.0229251368262,0.0219248638752697,0.0232476385990412,4696.663844903082,0.3780867497397602,749654.95,0.7823212532645853,0.05
35720,2024-09-12,0.0261248185776488,0.0261248185776488,-0.0445945945945945,-0.0394021739130434,0.0158045977011493,0.0290697674418605,0.0101596516690856,34370.0,36145.0,38857.5,0.0285132382892057,-0.0219947433946603,-0.0902657144695361,42.15918394860485,-0.0445945945945945,-0.0394021739130434,-1125.8709969792908,-1070.180140936719,-55.690856042571795,0.0146216043286752,0.0197108000882506,1107.240920615037,1.114626611816659,1261407.55,1.6361603353333345,0.0212164073550211
660,2024-09-13,-0.0355450236966824,0.040920716112532,-0.0627518710420265,-0.1847771657486229,-0.0222222222222222,0.0347610180012414,-0.0136255924170616,160260.0,172715.0,197025.0,0.0158492449769125,-0.057406710476797,-0.1737089201877933,42.474769453266504,-0.0627518710420265,-0.1847771657486229,-8240.880311223504,-8496.788137287882,255.90782606437824,0.0404856717598229,0.0351416770286386,8521.434403032872,-0.3919827984623008,5063531.5,1.0361499676658474,0.0153562653562653
5380,2024-09-13,0.021551724137931,0.0417582417582418,-0.0724070450097847,-0.0705882352941176,-0.0021052631578947,0.0255863539445628,0.0237068965517242,230600.0,242975.0,256300.0,0.0277536860364266,-0.0245910073052783,-0.07530238002341,46.165027692631746,-0.0724070450097847,-0.0705882352941176,-5904.65251188408,-5138.460849140236,-766.1916627438441,0.0260994574736087,0.0223519074703046,9176.02463446096,-0.2046755717962819,764641.25,0.6865559502577189,0.0611814345991561
5930,2024-09-13,-0.028657616892911,-0.0653120464441219,-0.1332436069986541,-0.1970074812967581,-0.0092307692307692,0.0186625194401244,-0.0196078431372549,65860.0,72610.0,78620.0,-0.0221682356513817,-0.1130698250929623,-0.1808700076316458,25.66563277417849,-0.1332436069986541,-0.1970074812967581,-3519.1377920114464,-2766.8625763648706,-752.2752156465758,0.0198546421241837,0.0152432309068182,1935.2431922334308,-0.3020549264902963,18585711.5,1.347547819194331,-0.0341614906832298
35420,2024-09-13,0.000625,0.0184478371501273,-0.0532229450029568,0.0165079365079365,0.0012507817385867,0.0094398993077406,-0.0006249999999999,158100.0,161625.0,165936.66666666666,0.0126502213788741,-0.0094354215003866,-0.0351740623932824,47.16541173602237,-0.0532229450029568,0.0165079365079365,-1891.0890907664432,-1736.4975074363665,-154.5915833300769,0.0199151971267566,0.0232478469688774,4468.33071312429,-0.3996582951245671,725962.4,0.4849879277494261,0.0381011867582761
35720,2024-09-13,0.0070721357850069,0.0470588235294118,-0.043010752688172,-0.0259917920656634,0.0056497175141243,0.0156028368794325,0.0014144271570013,34690.0,36097.5,38744.166666666664,0.0262323436148745,-0.0137821178751991,-0.0811520013765512,44.07753551525934,-0.043010752688172,-0.0259917920656634,-1017.9361207900874,-1059.7313369073927,41.795216117305245,0.0105097104695616,0.0197704684481292,1067.4379977139631,-0.6548393426895655,1238517.25,0.5751756788207835,0.0070224719101124
660,2024-09-19,-0.0614250614250614,-0.0267515923566878,-0.1218390804597701,-0.2119649303764826,-0.0122818358112475,0.0760193503800967,-0.0497542997542997,159420.0,170660.0,195671.66666666663,-0.0415255300464182,-0.1046525254892769,-0.2191000229977087,37.27148293220087,-0.1218390804597701,-0.2119649303764826,-8587.007207186514,-8514.831951267608,-72.17525591890626,0.051471834863321,0.0367930492202258,9205.617659959096,1.8592459694680992,5614743.05,2.671761978493388,0.1839005235602093
5380,2024-09-19,0.0379746835443037,0.0718954248366012,0.0,-0.0352941176470588,0.0081967213114753,0.0207039337474119,0.029535864978903,233900.0,242525.0,255733.33333333337,0.0517315091919623,0.0143284197505411,-0.038060479666319,52.83910565839875,0.0,-0.0352941176470588,-4639.898837582441,-5038.7484468286775,398.84960924623647,0.0292563373784794,0.0241944483656454,9199.16573199946,0.6160573290994324,770094.6,1.10165686137781,0.0528455284552844
5930,2024-09-19,-0.0201863354037267,-0.0651851851851852,-0.1518817204301075,-0.194125159642401,-0.0140624999999999,0.0353697749196142,-0.0062111801242236,64980.0,71850.0,78338.33333333333,-0.0289319790704831,-0.1217814892136395,-0.1945194987553985,23.818629057411357,-0.1518817204301075,-0.194125159642401,-3717.853228960259,-2957.060706883949,-760.7925220763104,0.0198429092116798,0.0151067737258775,1954.1543927881855,0.972547283135028,20348518.9,2.4278284450471728,0.0253565768621235
35420,2024-09-19,0.0031230480949406,0.0361290322580645,-0.0360144057623049,0.0255427841634738,-0.0080296479308215,0.019435736677116,0.0112429731417864,159220.0,161825.0,165820.0,0.0086672528576812,-0.0075699057623976,-0.0314799179833554,47.888428467206595,-0.0360144057623049,0.0255427841634738,-1713.0839511482627,-1731.8147961787458,18.730845030483124,0.0173993874837737,0.0231959507044235,4370.592805043983,0.7238776084048364,728907.5,0.8326817874696035,0.0641344956413449
35720,2024-09-19,-0.0084269662921347,0.0382352941176471,-0.043360433604336,-0.0368349249658935,-0.0302197802197802,0.0444126074498567,0.0224719101123596,34950.0,36030.0,38613.333333333336,0.0100143061516451,-0.0202608936996947,-0.0858080110497238,42.265983941648386,-0.043360433604336,-0.0368349249658935,-945.7029714020828,-1036.9256638063307,91.22269240424794,0.0127972851611371,0.0198131654997322,1101.9067121629655,0.3669607574768552,1226641.65,0.7938545051034261,0.0410764872521245
660,2024-09-20,0.0281413612565444,0.0102893890675241,-0.0665478312537135,-0.2133199799699549,-0.0211838006230529,0.0314304041051956,0.050392670157068,159740.0,168530.0,194573.33333333337,-0.0165268561412295,-0.0678217528036551,-0.1925923387925718,40.638935815790646,-0.0665478312537135,-0.2133199799699549,-8417.311673172517,-8495.32789564859,78.01622247607338,0.0532507615122588,0.036690904794124,9119.502112819162,-0.5229963062428702,5759616.3,1.2423839761686903,0.16995544239338
5380,2024-09-20,0.0182926829268292,0.0844155844155845,0.0547368421052631,-0.021484375,0.002,0.0141414141414142,0.0162601626016261,237800.0,242250.0,255225.0,0.0534062237174095,0.0340557275541795,-0.018513076697032,55.79030782107282,0.0547368421052631,-0.021484375,-3237.144262701302,-4678.427610003203,1441.283347301901,0.02894458818366,0.0245749303065307,8899.225322570928,-0.0460076852353897,777521.1,1.0409338087416535,0.0159680638722554
5930,2024-09-20,-0.0015847860538826,-0.0483383685800604,-0.1310344827586207,-0.2015209125475284,-0.012539184952978,0.0269841269841268,0.0110935023771789,64340.0,71055.0,78045.0,-0.0208268573204849,-0.1133628879037365,-0.1927733999615606,23.677475276291048,-0.1310344827586207,-0.2015209125475284,-3839.1504718237265,-3133.4786598719043,-705.6718119518223,0.0200741147214938,0.01465228602082,1936.0005075890297,-0.3371607749558207,21451629.9,1.5265066641859228,0.0190476190476189
35420,2024-09-20,-0.0043586550435865,0.0056603773584906,-0.0326678765880217,0.0210727969348658,-0.0129629629629629,0.0356919223544145,0.0087173100871731,159400.0,161990.0,165670.0,0.0031367628607277,-0.0129020309895672,-0.0348282730729764,46.920364366849384,-0.0326678765880217,0.0210727969348658,-1609.9393665340322,-1707.4397102498033,97.50034371577112,0.0143093276392792,0.0232313949916534,4465.550461826556,0.2855582356313886,740823.2,1.053243202966646,0.0656660412757974
35720,2024-09-20,-0.0113314447592067,0.0249632892804698,-0.0359116022099447,-0.0438356164383562,-0.0210378681626928,0.0401146131805156,0.0099150141643058,35120.0,35950.0,38494.166666666664,-0.0062642369020501,-0.0292072322670375,-0.0933691251921285,39.9106851874004,-0.0359116022099447,-0.0438356164383562,-910.2416381618824,-1011.5888586774412,101.34722051555876,0.0153547396275858,0.0199252388368354,1123.199089865611,0.2269035454802186,1238867.15,0.9643713613683276,0.0501432664756447
660,2024-09-23,0.031190324633991,0.0305343511450382,0.0465116279069768,-0.1588785046728972,0.0397946084724005,0.0462427745664739,-0.008274984086569,160700.0,167000.0,193523.33333333337,0.0080896079651524,-0.029940119760479,-0.162891640973526,44.307891574884245,0.0465116279069768,-0.1588785046728972,-7797.5523610741075,-8355.772788733695,558.2204276595876,0.054738047607394,0.0373956553338258,8982.394819046365,-0.371463269260466,5759046.75,0.7809611894537929,0.0777777777777777
5380,2024-09-23,-0.0059880239520958,0.1140939597315435,0.0709677419354839,-0.0138613861386138,-0.0099403578528827,0.0202839756592292,0.0039920159680639,242900.0,242075.0,254566.66666666663,0.0251132153149444,0.0286068367241556,-0.0218672253502684,54.56458792259489,0.0709677419354839,-0.0138613861386138,-2220.88760987189,-4186.919609976941,1966.0320001050504,0.0180932624255216,0.0244226964292187,8620.709228101576,-0.4010882834083732,783781.85,0.6184475948250141,-0.0200803212851405
5930,2024-09-23,-0.0063492063492063,-0.0354391371340523,-0.1057142857142857,-0.2005108556832694,0.0048154093097914,0.0209003215434082,-0.011111111111111,63880.0,70270.0,77741.66666666667,-0.0200375704445835,-0.1091504198093069,-0.1947689998928073,23.088077885725458,-0.1057142857142857,-0.2005108556832694,-3922.341753590575,-3291.2512786156385,-631.090474974937,0.019293849295764,0.0146706640116806,1890.571899904099,-0.1283721007500873,22488468.8,1.2692005068837768,-0.0175718849840255
35420,2024-09-23,0.0425265791119449,0.065856777493606,0.0584126984126984,0.065856777493606,0.0373366521468574,0.0425265791119449,0.0050031269543464,161460.0,162505.0,165675.0,0.0324538585408151,0.0258145903202977,0.0061868115285952,56.18611926071031,0.0584126984126984,0.065856777493606,-968.3310524740372,-1559.6179786946502,591.2869262206129,0.0195204641670222,0.024975198078629,4632.296857410373,0.2189083993043405,765133.8,1.2430165808908191,0.0161967606478703
35720,2024-09-23,0.0171919770773638,0.0304789550072568,0.0395314787701317,-0.0300546448087432,0.0142857142857142,0.0229885057471264,0.0028653295128939,35330.0,35895.0,38402.5,0.0048117746957259,-0.0110043181501602,-0.0755810168608814,44.87311538547098,0.0395314787701317,-0.0300546448087432,-824.2221703735559,-974.115521016664,149.8933506431082,0.0161233911714373,0.0203652228088523,1100.113440589496,-0.34041053695904,1244793.35,0.6330609012331243,0.0183098591549295
660,2024-09-24,0.0092592592592593,-0.0313981042654027,0.0257214554579674,-0.1444270015698586,-0.0012217470983506,0.0282663316582914,0.0104938271604937,159640.0,165620.0,192298.33333333337,0.024179403658231,-0.01280038642676,-0.1497586215862505,45.42001771723108,0.0257214554579674,-0.1444270015698586,-7103.466833235463,-8105.31159763405,1001.8447643985864,0.0410058477833834,0.0375931711687058,8662.223760543053,-0.234583750593651,5772862.4,0.5963298207142439,0.0342507645259939
5380,2024-09-24,0.0160642570281124,0.0905172413793102,0.1048034934497816,0.0201612903225807,0.0160642570281124,0.0201612903225807,0.0,247100.0,242325.0,253958.33333333337,0.0238769728854715,0.0440524089549159,-0.0037735849056603,57.26114009511209,0.1048034934497816,0.0201612903225807,-1080.2775529842183,-3565.5911985783964,2485.313645594178,0.0157319329060681,0.0243268315234863,8362.087140380036,-0.1140123945800531,780392.5,0.5503166675743296,-0.0632411067193675
5930,2024-09-24,0.0095846645367412,-0.0467571644042231,-0.0840579710144927,-0.1928480204342273,0.0063694267515923,0.0160256410256409,0.0031948881789136,63260.0,69515.0,77440.0,-0.0009484666455896,-0.0908437027979572,-0.1838842975206611,26.061255348736665,-0.0840579710144927,-0.1928480204342273,-3894.957809064989,-3411.9925847055088,-482.9652243594796,0.0151492224791195,0.0151968272156451,1826.9596213395205,-0.0555271221989367,23428888.75,1.15060941590753,-0.0300632911392405
35420,2024-09-24,0.0077984403119375,0.05,0.0513141426783478,0.0200364298724955,0.0084033613445377,0.0237659963436929,-0.0005998800239952,163060.0,162670.0,165668.33333333334,0.0302955967128664,0.032765722013893,0.0140743050874738,57.706139349609984,0.0513141426783478,0.0200364298724955,-350.90766051854007,-1317.8759150594285,966.9682545408882,0.0187360812932164,0.0221351449259277,4579.989939023918,-0.304829066928546,717374.0,0.921637806778612,0.0011904761904761
35720,2024-09-24,0.0169014084507042,0.0212164073550211,0.0478955007256893,-0.0386151797603195,0.0169014084507042,0.0255681818181818,0.0,35480.0,35822.5,38310.833333333336,0.0174746335963922,0.007746528020099,-0.0577077850042416,49.375499977949694,0.0478955007256893,-0.0386151797603195,-699.5719073442597,-919.2067982821832,219.6348909379235,0.0135922709220704,0.0198201486155283,1085.8196234045322,0.0970077281321777,1205330.9,0.717209689057171,-0.002770083102493
660,2024-09-25,0.0110091743119264,0.0153562653562653,0.0569053708439897,-0.1088948787061995,-0.0083983203359327,0.0260606060606061,0.0195718654434251,160140.0,164610.0,191111.66666666663,0.0322218059198202,0.0041917258975761,-0.1350606538934479,46.79309294832615,0.0569053708439897,-0.1088948787061995,-6335.126697940403,-7751.274617695321,1416.147919754918,0.0376785084277198,0.0374198963280286,8457.779206218549,0.3551298027903895,5787549.55,0.8060535740899186,0.0532365396249243
5380,2024-09-25,-0.0059288537549406,0.0611814345991561,0.1054945054945055,-0.0039603960396039,-0.0156555772994129,0.0259481037924151,0.0098814229249011,250000.0,242275.0,253183.33333333337,0.006,0.0380765658858734,-0.0066486735567112,55.92083413719068,0.1054945054945055,-0.0039603960396039,-293.9844593772723,-2911.269850738172,2617.2853913608997,0.0185457449883233,0.0240422733526839,8229.080916067176,0.3402202285179398,786711.8,0.7316211603791883,-0.047713717693837
5930,2024-09-25,-0.0158227848101265,-0.0341614906832298,-0.0972423802612482,-0.1994851994851995,-0.0250783699059561,0.0321543408360127,0.009493670886076,62820.0,68740.0,77116.66666666667,-0.0098694683221903,-0.0951411114343904,-0.1934298681651178,24.370338827434463,-0.0972423802612482,-0.1994851994851995,-3908.88824786614,-3511.3717173376353,-397.5165305285045,0.0117944672163115,0.0152249036680269,1839.3196483866975,0.0628744505239728,24390495.35,1.1747378472163748,-0.0257234726688102
35420,2024-09-25,-0.0107142857142856,0.0381011867582761,0.0572519083969464,0.0078835657974529,-0.0177304964539006,0.0222757375075255,0.0071428571428571,164280.0,162735.0,165681.66666666666,0.0116873630387144,0.0212922850032259,0.0031284893721896,54.86777097469316,0.0572519083969464,0.0078835657974529,-6.762180661433376,-1055.6531681798294,1048.890987518396,0.0207264490026583,0.0222955751098681,4517.133514807924,0.0225588701053756,721711.05,0.9367654825293308,0.0270758122743681
35720,2024-09-25,-0.0069252077562327,0.0070224719101124,0.0544117647058823,-0.0427236315086781,-0.0164609053497942,0.0251396648044692,0.0096952908587257,35530.0,35742.5,38235.0,0.0090064734027581,0.0030076239770582,-0.0623774029030992,47.62994837524826,0.0544117647058823,-0.0427236315086781,-613.8821353715175,-858.1418657000501,244.25973032853256,0.0142969809624482,0.0198530482791741,1072.5467931613514,0.1077416929350183,1209593.55,0.7916832889857919,0.0237099023709901
660,2024-09-26,0.0943738656987296,0.1839005235602093,0.1522292993630574,0.007238307349666,0.0140134529147981,0.0266742338251986,0.0792498487598305,165760.0,164675.0,190185.0,0.0913368725868726,0.0985274024593896,-0.0488208849278334,56.91049906958875,0.1522292993630574,0.007238307349666,-4416.511187974858,-7084.3219317512285,2667.81074377637,0.0347301935986748,0.0429103051404896,8967.937834345796,1.0406173534187553,6017871.0,1.5818938292296396,0.0221116639027085
5380,2024-09-26,0.0298210735586481,0.0528455284552844,0.1285403050108933,0.0380761523046091,0.036,0.0464646464646465,-0.0059642147117295,252600.0,242750.0,252583.33333333337,0.0253365003958827,0.0669412976313079,0.0254041570438798,60.85460852011254,0.1285403050108933,0.0380761523046091,923.6979867179762,-2144.2762832469425,3067.9742699649187,0.0158645950567389,0.0247487610952642,8462.717993490949,0.3325422403683273,801583.8,0.9568282193327758,-0.0463320463320463
5930,2024-09-26,0.040192926045016,0.0253565768621235,-0.0414814814814814,-0.1498028909329829,0.0125195618153364,0.0188383045525901,0.0273311897106109,63140.0,68170.0,76836.66666666667,0.0247070003167564,-0.0509021563737714,-0.1579541017743265,35.616980731061176,-0.0414814814814814,-0.1498028909329829,-3675.8264748714137,-3544.262668844391,-131.56380602702257,0.0215934309450747,0.0188377259881682,1900.7968163590765,0.3110931432780695,25485999.2,1.4739863524754409,-0.0571870170015456
35420,2024-09-26,0.0282791817087846,0.0641344956413449,0.1025806451612902,0.0011716461628588,0.0227408737283063,0.0227408737283063,0.0054151624548737,166340.0,162745.0,165748.33333333334,0.0274137309125885,0.0501090663307628,0.0310812577300927,60.35158375573835,0.1025806451612902,0.0011716461628588,637.8733056159108,-716.9478734206814,1354.8211790365922,0.0223359984306508,0.021780768057987,4530.195406607359,0.0363643624810301,692870.9,1.0112403335166766,-0.0280866003510824
35720,2024-09-26,0.0251046025104602,0.0410764872521245,0.0808823529411764,-0.0503875968992247,0.0222531293463144,0.0236768802228413,0.0027894002789399,35820.0,35645.0,38170.0,0.0259631490787268,0.0310001402721278,-0.037201991092481,53.942548420881785,0.0808823529411764,-0.0503875968992247,-467.955594533938,-780.1046114668277,312.1490169328897,0.0162217778200284,0.0191510820940599,1060.222022221255,-0.00131994590728,1169718.35,0.817590832870152,0.0
660,2024-09-27,0.0160309563294638,0.16995544239338,0.1819935691318328,0.0502857142857142,-0.0197333333333333,0.029923830250272,0.0364842454394693,171100.0,165115.0,189323.33333333337,0.0742255990648743,0.113163552675408,-0.0291740760955684,58.490673181911234,0.1819935691318328,0.0502857142857142,-2631.652754948038,-6193.788096390591,3562.135341442553,0.0357184354304622,0.042547949686472,8927.370846178239,-0.2766242143998618,6072356.3,1.1340362224792375,-0.0315560391730141
5380,2024-09-27,-0.0173745173745173,0.0159680638722554,0.1017316017316016,0.0282828282828282,-0.0116504854368931,0.0216962524654833,-0.0057915057915057,253400.0,243100.0,252058.33333333337,0.0043409629044988,0.0468942821883997,0.0096869110986212,56.75021174009241,0.1017316017316016,0.0282828282828282,1508.221863439685,-1413.7766539096172,2921.9985173493023,0.0191387475729286,0.0250380644575509,8251.095279670168,-0.356105390245874,798525.55,0.6184561032517994,-0.0333988212180746
5930,2024-09-27,-0.007727975270479,0.0190476190476189,-0.0302114803625377,-0.1530343007915567,-0.007727975270479,0.0186915887850467,0.0,63380.0,67590.0,76543.33333333333,0.0129378352792679,-0.0501553484243231,-0.1612594173235203,34.51160346240462,-0.0302114803625377,-0.1530343007915567,-3491.2244991647603,-3533.655034908465,42.430535743704695,0.0222413334365899,0.0188147303813531,1850.7399009048568,-0.243118281244364,26351143.45,1.079005548808547,-0.0607476635514018
35420,2024-09-27,-0.002925687536571,0.0656660412757974,0.0716981132075471,0.0148898153662895,-0.002925687536571,0.0166073546856464,0.0,168440.0,162870.0,165873.33333333334,0.0116361909285205,0.0462331921164118,0.0272898999236363,59.5229979998642,0.0716981132075471,0.0148898153662895,1095.77434693728,-354.40342934908915,1450.177776286369,0.0220699065780468,0.0214431932055626,4406.610020421119,0.2054423050299789,703681.85,1.200264011356837,-0.0246478873239436
35720,2024-09-27,-0.0027210884353741,0.0501432664756447,0.0763582966226137,-0.0355263157894737,-0.0027210884353741,0.0179310344827585,0.0,36170.0,35577.5,38097.5,0.013270666298037,0.0301454571006956,-0.0379946190694927,53.17557617191272,0.0763582966226137,-0.0355263157894737,-356.27006431037444,-695.3377020355371,339.0676377251626,0.0139261583218058,0.0187936974092283,1030.9204492054512,-0.2004431427373422,1150507.7,0.6646257126310411,0.009549795361528
660,2024-09-30,-0.0500544069640913,0.0777777777777777,0.1106870229007632,-0.026213050752928,-0.0495372890582471,0.0526918671248568,-0.000544069640914,173620.0,164880.0,188366.66666666663,0.0056445110010368,0.0589519650655021,-0.0730844098389664,51.97842281524632,0.1106870229007632,-0.026213050752928,-1937.1721848563757,-5342.464914083748,3405.2927292273725,0.0514196406888714,0.043838325111428,8946.844357165508,-0.2943252895035223,6035825.4,0.8051041370414723,0.0693012600229094
5380,2024-09-30,-0.0412573673870334,-0.0200803212851405,0.0917225950782998,-0.0579150579150579,-0.0450097847358121,0.0491803278688525,0.0039292730844793,252400.0,242350.0,251583.33333333337,-0.0332805071315372,0.0068083350526098,-0.030142431268632,48.52603975734915,0.0917225950782998,-0.0579150579150579,1111.3876145642134,-908.743800214851,2020.1314147790645,0.0279141457613372,0.0244588810435247,8518.874188265156,1.09089546889459,791606.8,1.304429168622604,0.0081967213114753
5930,2024-09-30,-0.042056074766355,-0.0175718849840255,-0.0523882896764252,-0.1950261780104711,-0.042056074766355,0.0455284552845527,0.0,63160.0,66845.0,76205.0,-0.0262824572514249,-0.0799611040466751,-0.1929663407912866,29.235200578471463,-0.0523882896764252,-0.1950261780104711,-3522.1919028229095,-3531.362408491354,9.170505668444548,0.0305614939475414,0.0198644103434651,1918.544193697367,0.1498655964559527,27496125.9,1.1890461630451,-0.0422764227642276
35420,2024-09-30,-0.0058685446009389,0.0161967606478703,0.0831202046035806,0.0341880341880342,-0.0264367816091953,0.0466351829988194,0.0211267605633802,168980.0,163150.0,166031.66666666666,0.0024855012427507,0.0383083052405761,0.020287294592397,57.81340772090676,0.0831202046035806,0.0341880341880342,1362.26918732372,-11.068906014527313,1373.3380933382473,0.0155194726753792,0.0206751772632154,4656.137876105325,1.3052862643321603,761950.95,2.5553534646816836,0.0177095631641086
35720,2024-09-30,-0.0136425648021828,0.0183098591549295,0.0493468795355587,-0.0269179004037685,-0.0242914979757085,0.0387275242047027,0.0109140518417463,36300.0,35527.5,38033.333333333336,-0.0041322314049586,0.0175216381676166,-0.0495179666958808,49.39396584674088,0.0493468795355587,-0.0269179004037685,-304.5931381886621,-617.1887892661621,312.59565107749995,0.0164872278853009,0.0183839006102639,1057.2832742622047,1.0601642304981187,1170097.4,1.3463144179279436,0.033195020746888
660,2024-10-02,-0.0315005727376861,0.0342507645259939,0.0017772511848341,-0.0035356511490866,-0.020845396641575,0.0378474275576581,-0.0108820160366551,174740.0,164850.0,187251.66666666663,-0.0322765251230399,0.0257810130421596,-0.0969372769267741,48.501767915903514,0.0017772511848341,-0.0035356511490866,-1809.7338785468892,-4635.918706976377,2826.1848284294874,0.0558224898778337,0.0426946589103034,8764.926903082258,-0.0285689709243892,5857628.05,0.8058958267246075,0.0999408633944411
5380,2024-10-02,-0.0286885245901639,-0.0632411067193675,0.021551724137931,-0.0831721470019342,-0.0021052631578947,0.0190274841437632,-0.026639344262295,249200.0,241275.0,250933.33333333337,-0.0489566613162119,-0.0177183711532483,-0.0555260361317747,43.9529840943888,0.021551724137931,-0.0831721470019342,229.40764619095717,-681.1135109336894,910.5211571246466,0.0271426617616838,0.0251373397098121,8446.09746053193,0.0028229848101142,761048.35,1.360636285460707,0.0485232067510548
5930,2024-10-02,-0.0032520325203252,-0.0300632911392405,-0.0754147812971341,-0.1716216216216216,0.0132231404958678,0.0333889816360601,-0.0162601626016259,62780.0,66210.0,75863.33333333333,-0.0235743867473717,-0.0741579821779186,-0.1919680126543345,28.882939134328055,-0.0754147812971341,-0.1716216216216216,-3522.2695905570945,-3529.5438449045023,7.274254347407805,0.0297510307673405,0.0193016111145299,1924.3624655761264,-0.1290942055926007,28075578.75,1.0141744985399457,-0.032626427406199
35420,2024-10-02,-0.0070838252656434,0.0011904761904761,0.05125,0.0200121285627652,0.0,0.0178465199286139,-0.0070838252656434,169020.0,163315.0,166171.66666666666,-0.0048514968642764,0.0299115206808926,0.0122062525701334,55.74434347133915,0.05125,0.0200121285627652,1459.8105102780391,283.10697724398597,1176.7035330340532,0.0158675690898778,0.0207356671871038,4537.842313526373,-0.5168151473970419,786586.75,1.196037182167129,0.0303210463733649
35720,2024-10-02,-0.0041493775933609,-0.002770083102493,0.0183875530410184,-0.0270270270270269,0.0084033613445377,0.0295774647887323,-0.0124481327800829,36280.0,35477.5,37965.0,-0.0077177508269018,0.0147276442815869,-0.0517581983405768,48.2845891243356,0.0183875530410184,-0.0270270270270269,-272.60018309969746,-548.2710680328692,275.6708849331717,0.0148984196248686,0.0183848248081701,1056.763040386333,-0.3111998268287248,1183311.35,0.9169860493605508,0.0388888888888889
660,2024-10-04,0.0295683027794204,0.0532365396249243,0.0694103194103195,0.0023028209556708,0.0139778683750728,0.0287053309900409,0.0153755174452987,176500.0,164870.0,186320.0,-0.0135977337110481,0.0559835021532115,-0.0655860884499784,51.6667857530146,0.0694103194103195,0.0023028209556708,-1290.404904902156,-3966.8159465615327,2676.4110416593767,0.0566853076661455,0.0428844945293509,8603.146410004954,-0.2303247993173803,5814384.9,0.6248912073227212,0.0769672601952899
5380,2024-10-04,0.010548523206751,-0.047713717693837,0.010548523206751,-0.0626223091976516,0.0169851380042462,0.0409482758620689,-0.0063291139240506,246800.0,240475.0,250300.0,-0.029578606158833,-0.0040544755172055,-0.0431482221334398,45.91339892888059,0.010548523206751,-0.0626223091976516,-264.7864332603349,-597.8480953990186,333.0616621386837,0.0290979710220364,0.0252737888042203,8521.376213351077,-0.1727911850199418,743530.5,1.1520482347395298,0.0375782881002086
5930,2024-10-04,-0.0114192495921696,-0.0257234726688102,-0.0590062111801241,-0.1843876177658142,-0.0065573770491803,0.0198347107438017,-0.0048939641109299,62460.0,65525.0,75463.33333333333,-0.0297790585975024,-0.0751621518504387,-0.1969609965104465,27.62816985171611,-0.0590062111801241,-0.1843876177658142,-3538.0310884621504,-3531.241293616032,-6.789794846118184,0.0294412484337956,0.0190511689509691,1872.6222894635464,-0.1484170424073778,28470031.65,0.8516877781553152,0.0033003300330032
35420,2024-10-04,0.0148632580261593,0.0270758122743681,0.066208619612742,0.0094618568894144,0.0082693443591257,0.0219976218787159,0.0065398335315101,169920.0,163395.0,166353.33333333334,0.0045903954802259,0.0447076103919947,0.0261291227507713,59.03373257579429,0.066208619612742,0.0094618568894144,1719.0259569199989,570.2907731791886,1148.7351837408105,0.0155333455199843,0.0202111471638607,4477.996433988775,0.2448109933491853,797621.9,1.468242032973267,0.0041007615700059
35720,2024-10-04,0.0194444444444443,0.0237099023709901,0.0308988764044944,-0.0134408602150537,0.0194444444444443,0.0305980528511822,0.0,36450.0,35452.5,37905.0,0.0068587105624142,0.0351879275086384,-0.0317900013190871,53.5298890442248,0.0308988764044944,-0.0134408602150537,-188.58746691205303,-476.3343478087059,287.7468808966529,0.0166096561057563,0.0189110243120614,1059.851394644452,-0.0243392192280753,1168549.25,0.9059695173309984,-0.0054495912806539
660,2024-10-07,0.0620333141872486,0.0221116639027085,0.2100785340314135,0.0626436781609196,0.0364349775784753,0.0505681818181817,0.0246984491671453,177300.0,165415.0,185468.33333333337,0.0428652002256062,0.1177946377293475,-0.0030643146628804,57.7123376597999,0.2100785340314135,0.0626436781609196,-7.279299853980774,-3174.9086172200223,3167.6293173660415,0.0456648927540107,0.0450070156725448,8760.06452357603,0.0747427035816454,5834247.65,0.6693108065099019,0.0432666306111411
5380,2024-10-07,0.0313152400835072,-0.0463320463320463,0.0040650406504065,0.0040650406504065,0.0122950819672131,0.0248962655601658,0.0187891440501044,244400.0,240525.0,249733.33333333337,0.0106382978723404,0.0269202785573225,-0.0109450080085424,51.40493216525379,0.0040650406504065,0.0040650406504065,-50.66741934602032,-488.41196018841896,437.74454084239864,0.0296046023869864,0.0250270154599307,8448.420769540286,-0.1464096298899231,729756.05,1.0019389356210202,-0.0040485829959514
5930,2024-10-07,0.0066006600660066,-0.0571870170015456,-0.0332805071315372,-0.1801075268817203,0.0132890365448505,0.0403361344537815,-0.0066006600660065,61720.0,64855.0,75028.33333333333,-0.0116655865197666,-0.0594402898774188,-0.18697380989404,29.51260243326729,-0.0332805071315372,-0.1801075268817203,-3478.151565869681,-3520.623348066762,42.47178219708121,0.0183272072356177,0.0192505841883575,1910.292125930436,0.4461870377321808,29591289.5,1.185028891694632,0.0
35420,2024-10-07,-0.0269478617457528,-0.0280866003510824,0.0342465753424656,-0.003001200480192,-0.0331781140861466,0.0367913148371532,0.0064440538957235,168960.0,163370.0,166320.0,-0.0169270833333333,0.0167105343698352,-0.0013227513227512,51.45530469082285,0.0342465753424656,-0.003001200480192,1535.5733757201815,763.3472936873873,772.2260820327942,0.0148652417748275,0.0208726911131942,4593.853831561005,-0.0737937429873742,826575.75,1.3122596446847128,0.0547862733293196
35720,2024-10-07,0.0013623978201635,0.0,0.0410764872521245,-0.0040650406504064,0.0013623978201635,0.0262793914246195,0.0,36450.0,35445.0,37825.833333333336,0.008230452674897,0.0368176047397377,-0.0284417615826926,53.88964291822895,0.0410764872521245,-0.0040650406504064,-116.6277893643346,-404.3930361198317,287.7652467554971,0.0121518158479394,0.0188299733217515,1052.0048664555627,0.0318040560325691,1186463.9,0.9206685513145408,0.0244897959183674
660,2024-10-08,-0.0373174689021092,-0.0315560391730141,0.1330362826225333,0.0576351752822341,-0.0230515916575192,0.0393258426966292,-0.0146024878312601,176140.0,165900.0,184543.33333333337,0.0105597819915976,0.0729355033152501,-0.035456893593194,53.1391899866413,0.1330362826225333,0.0576351752822341,447.6741434157302,-2450.392065092872,2898.0662085086024,0.0486415464681719,0.0452140524567779,8634.345629034884,0.0212815867142135,5869320.35,0.6794701536439394,0.0601123595505617
5380,2024-10-08,-0.0040485829959514,-0.0333988212180746,-0.0179640718562874,0.0357894736842105,0.0061349693251533,0.0122950819672131,-0.0101214574898785,242700.0,240950.0,249116.66666666663,0.0135970333745365,0.0209587051255446,-0.0125108717468388,50.66626928823808,-0.0179640718562874,0.0357894736842105,37.89496955377399,-383.1505742399804,421.0455437937544,0.0292704283698815,0.0236711048681941,8059.247857430266,-0.4343976990334682,699207.6,0.5914581020000355,0.0040650406504065
5930,2024-10-08,-0.0114754098360655,-0.0607476635514018,-0.0428571428571428,-0.1682758620689655,0.0049999999999998,0.0183639398998329,-0.0163934426229508,60940.0,64245.0,74576.66666666667,-0.0105021332458155,-0.0614055568526733,-0.1914361060206499,28.13210376522248,-0.0428571428571428,-0.1682758620689655,-3447.440810951128,-3505.9868406436353,58.546029692507545,0.0182069920429673,0.0188953600948068,1852.4141169354048,-0.2182920963415459,30146148.85,0.9092964456718656,-0.0132669983416252
35420,2024-10-08,0.0006020469596628,-0.0246478873239436,0.0393996247654784,0.0054446460980035,-0.0018018018018017,0.013930950938825,0.0024081878386514,168120.0,163415.0,166248.33333333334,-0.0114204139900071,0.017042499158584,-0.0002907297316264,51.60076490692753,0.0393996247654784,0.0054446460980035,1382.3205172220478,887.1419383943194,495.1785788277284,0.0151052426382432,0.0207905614673867,4430.007129306648,-0.1758810416324784,844441.8,1.0585773939660494,0.0649819494584837
35720,2024-10-08,0.0068027210884353,0.009549795361528,0.0601719197707737,0.022099447513812,0.0123119015047878,0.0206327372764787,-0.0054421768707483,36520.0,35485.0,37735.833333333336,0.013143483023001,0.0426940960969424,-0.0194995914581631,55.73486339908961,0.0601719197707737,0.022099447513812,-38.97701305925875,-331.30983150771715,292.3328184484584,0.0123519161906314,0.0183413160797647,1030.4330902801653,-0.0688228939707417,1175378.0,0.8653913889829484,0.0162162162162162
660,2024-10-10,0.0488764044943821,0.0693012600229094,0.1524691358024692,0.2060723514211886,0.0119241192411925,0.025627044711014,0.0365168539325841,178560.0,167495.0,183680.0,0.0455869175627239,0.1146601391086301,0.0164416376306619,57.69147353106962,0.1524691358024692,0.2060723514211886,1493.034543203481,-1661.7067434336016,3154.7412866370823,0.0460140428050867,0.0416686896051891,8739.035226960965,0.5860081724601733,5684553.05,1.112672349851674,0.0498125334761649
5380,2024-10-10,0.0,0.0081967213114753,-0.0120481927710843,0.0580645161290322,-0.0276679841897232,0.0386178861788617,0.0284552845528456,243100.0,241625.0,248641.66666666663,0.0119292472233649,0.0181065700982927,-0.0106243925327612,50.66626928823806,-0.0120481927710843,0.0580645161290322,106.84960507863434,-285.1505383762575,392.0001434548918,0.0218785220130281,0.0230507800378162,8162.158724756676,0.5521409641351027,684189.3,0.9381774897678172,-0.0426829268292683
5930,2024-10-10,-0.0232172470978441,-0.0422764227642276,-0.0591054313099042,-0.1585714285714285,-0.0199667221297836,0.0220713073005094,-0.0033167495854062,60420.0,63690.0,74095.0,-0.0251572327044025,-0.0752080389386088,-0.2050745664349821,25.557224599956612,-0.0591054313099042,-0.1585714285714285,-3495.77351509242,-3503.9441755333924,8.17066044097237,0.0110626587892043,0.0182527414768337,1820.09882286859,0.6511953653804243,31040931.4,1.45814613024144,0.0135823429541594
35420,2024-10-10,0.0373044524669072,0.0177095631641086,0.0341931613677264,0.0946031746031745,0.026801667659321,0.0411203814064362,0.0102286401925391,168720.0,164160.0,166276.66666666666,0.0218112849691796,0.0501949317738792,0.0368261732453942,59.66960791853999,0.0341931613677264,0.0946031746031745,1741.0845680600323,1057.930464327462,683.1541037325703,0.024078236282165,0.0191120752375873,4720.720905784744,0.575509532870869,853988.2,1.6491551054218314,0.0150812064965197
35720,2024-10-10,0.0094594594594594,0.033195020746888,0.0521126760563379,0.0937042459736456,0.0067385444743934,0.0176151761517615,0.0027027027027026,36760.0,35645.0,37650.833333333336,0.0160500544069641,0.0478327956235096,-0.0079900843274828,58.25359331013191,0.0521126760563379,0.0937042459736456,50.22490014909272,-255.0028851763552,305.22778532544794,0.0088906926218817,0.0123327151253949,1003.2592981172965,0.8684329536494679,1118985.8,1.698412079938816,0.0
660,2024-10-11,-0.0037493304767005,0.0999408633944411,0.1376146788990826,0.1668757841907151,-0.0210526315789473,0.0329551593733117,0.0176754151044455,181940.0,168825.0,182796.66666666663,0.0223150489172254,0.1017325633051977,0.0175240248728094,57.20990927591219,0.1376146788990826,0.1668757841907151,2239.1940069323173,-881.5265933604178,3120.720600292735,0.0404396224750995,0.0415165470620963,8550.532710749467,-0.4504914984794574,5590862.15,0.6216690568913419,0.006989247311828
5380,2024-10-11,0.0101626016260163,0.0485232067510548,-0.0177865612648221,0.0851528384279476,0.002016129032258,0.0121703853955374,0.0081300813008129,245400.0,242600.0,248208.33333333337,0.0126324368378158,0.0243198680956306,0.0011750881316099,52.6394532014372,-0.0177865612648221,0.0851528384279476,359.0864322838315,-156.3031442442397,515.3895765280712,0.0137041197073769,0.0226936634279544,7829.147387274056,-0.5592413665248461,654132.9,0.4325099685400321,-0.0563380281690141
5930,2024-10-11,0.0067911714770798,-0.032626427406199,-0.0617088607594936,-0.1405797101449275,0.003384094754653,0.0186440677966102,0.0033955857385399,60020.0,63205.0,73620.0,-0.011996001332889,-0.0617830867811091,-0.1945123607715294,27.59629432170128,-0.0617088607594936,-0.1405797101449275,-3461.8943116123264,-3495.5342027491793,33.63989113685284,0.0130066609561776,0.0185040359402771,1775.806049806548,-0.3455033154144867,31237791.4,0.9483374999424576,-0.0016863406408094
35420,2024-10-11,0.0052204176334107,0.0303210463733649,0.0315476190476191,0.0844806007509386,0.0023134759976866,0.0134345794392523,0.0029002320185613,169740.0,164835.0,166206.66666666666,0.0209732532107929,0.051354384687718,0.0426777907023385,60.69400208783649,0.0315476190476191,0.0844806007509386,2074.1209660891036,1261.1685646797905,812.9524014093133,0.0233110276638571,0.0189708700707447,4547.812269657263,-0.5904581147278499,841297.15,0.6855865374083342,0.0201961915753028
35720,2024-10-11,0.001338688085676,0.0388888888888889,0.03601108033241,0.0856313497822931,0.001338688085676,0.0162601626016261,0.0,37040.0,35792.5,37561.666666666664,0.0097192224622029,0.0449116435007332,-0.0043040333673514,58.61586989493349,0.03601108033241,0.0856313497822931,123.52867944168976,-179.29657225274622,302.82525169443596,0.0074575895829146,0.0123108489825625,974.4550625374897,-0.5443154666221871,1096635.95,0.7897133045838959,0.0294117647058822
660,2024-10-14,0.0080645161290322,0.0769672601952899,0.1343012704174229,0.198849104859335,0.0032102728731941,0.028892455858748,0.0048387096774193,184620.0,170380.0,181905.0,0.0155996100097497,0.1004812771452048,0.0307578131442236,58.01859081034752,0.1343012704174229,0.198849104859335,2917.932116612385,-121.6348513658574,3039.566967978242,0.0402951878979287,0.0410157806436984,8389.780374267362,-0.0478734147642494,5583330.15,0.5927061289757332,0.0181333333333333
5380,2024-10-14,0.0,0.0375782881002086,-0.0119284294234592,0.0923076923076922,-0.0079840319361277,0.0241935483870967,0.0080482897384306,247200.0,243650.0,247708.33333333337,0.0052588996763753,0.0199056022983787,0.0031959629941127,52.6394532014372,-0.0119284294234592,0.0923076923076922,552.6157250254182,-14.51937039030811,567.1350954157264,0.0143189025068475,0.0225751933224182,7698.494002468767,0.0874773345021013,634012.45,0.4852712277180046,-0.0462776659959758
5930,2024-10-14,0.0252951096121416,0.0033003300330032,-0.022508038585209,-0.1175616835994194,0.0218487394957982,0.0303030303030302,0.0033726812816188,60060.0,62800.0,73173.33333333333,0.0123210123210122,-0.0318471337579617,-0.1690962099125363,34.8077276064669,-0.022508038585209,-0.1175616835994194,-3276.2408694371843,-3451.6755360867805,175.43466664959624,0.018688673214331,0.0198713081409576,1784.6770462489376,-0.294954399932028,31330988.9,0.6666322938820486,-0.0296052631578946
35420,2024-10-14,-0.0109636468551644,0.0041007615700059,0.0312876052948254,0.0903307888040712,-0.0109636468551644,0.025897586815774,0.0,169880.0,165545.0,166128.33333333334,0.0089474923475394,0.0353680268205018,0.0317324959619571,57.380445841441336,0.0312876052948254,0.0903307888040712,2159.843261227681,1440.9035039893686,718.9397572383125,0.0237707073023637,0.0187042530101931,4537.254250396029,0.1748528906935376,842722.0,0.8041014711850408,0.0315052508751458
35720,2024-10-14,-0.0240641711229946,-0.0054495912806539,0.0181311018131102,0.0735294117647058,-0.0240641711229946,0.0344827586206897,0.0,37000.0,35917.5,37464.166666666664,-0.0135135135135134,0.0162177211665621,-0.0257357030050936,50.175357211417776,0.0181311018131102,0.0735294117647058,107.7578093211705,-121.88569593796288,229.64350525913335,0.0133537175276317,0.0133261544173435,994.1368437848116,0.2534040469823146,1095611.85,0.9907550744362612,0.0794520547945205
660,2024-10-15,0.0287999999999999,0.0432666306111411,0.0663349917081259,0.2286624203821656,0.0052110474205315,0.0184501845018449,0.0234666666666667,186220.0,172175.0,181236.66666666663,0.0358715497798303,0.1203717148250327,0.0643541593864376,60.88454896919356,0.0663349917081259,0.2286624203821656,3847.22343198437,672.1368053041882,3175.086626680182,0.0327523849482055,0.0412010278813491,8197.653204676837,0.2269654915247272,5562140.3,0.7300004640300066,-0.0264385692068429
5380,2024-10-15,-0.0100603621730381,-0.0040485829959514,-0.0501930501930502,0.0718954248366012,-0.0140280561122244,0.0142276422764227,0.0040241448692153,247000.0,244475.0,247283.33333333337,-0.0040485829959514,0.0062378566315575,-0.0051897283817483,50.30592983128594,-0.0501930501930502,0.0718954248366012,498.5134247514361,88.08718863804073,410.42623611339536,0.0073784425467892,0.02278648829187,7398.601573720998,0.2418808585878284,621212.55,0.6150664535029113,-0.0467479674796748
5930,2024-10-15,0.0032894736842106,0.0,-0.0571870170015456,-0.0962962962962963,-0.0016366612111292,0.0216306156405989,0.0049342105263157,60060.0,62475.0,72783.33333333333,0.0156510156510156,-0.0236094437775109,-0.1618960384703457,35.72693441059164,-0.0571870170015456,-0.0962962962962963,-3077.4953991354414,-3376.839508696513,299.3441095610715,0.0184892907288031,0.0196791156154498,1750.0572572311564,0.0875690986926374,31303585.95,0.725643350774003,-0.0540983606557377
35420,2024-10-15,0.0221703617269544,0.0547862733293196,0.0251609128145113,0.1303225806451613,0.0162412993039442,0.0191415313225058,0.0058343057176195,171700.0,166555.0,166135.0,0.0203843913803145,0.0519047762000539,0.0545640593493244,61.8647018328873,0.0251609128145113,0.1303225806451613,2505.524908288062,1653.8277848491073,851.6971234389546,0.0189771914041168,0.0185700254669422,4520.307518224885,0.5596575732622626,864949.75,1.221894104252877,-0.0228310502283105
35720,2024-10-15,0.0315068493150685,0.0244897959183674,0.0244897959183674,0.1073529411764706,0.0300957592339261,0.0300957592339261,0.0013698630136986,37180.0,36100.0,37387.5,0.0126412049488973,0.0429362880886425,0.0070210631895686,58.41534755337093,0.0244897959183674,0.1073529411764706,185.91159701225843,-60.32623734791862,246.23783436017703,0.019898998161594,0.0146681637881086,1005.269926371611,0.3690780970314598,1121802.3,1.324753033578198,-0.0079681274900398
660,2024-10-16,-0.0217729393468117,0.0601123595505617,0.0266594124047878,0.2135048231511254,0.0216567406605305,0.0484749455337689,-0.0425090720580612,188360.0,173835.0,180548.33333333337,0.0018050541516245,0.0855121235654499,0.0451494982876237,57.5914049760485,0.0266594124047878,0.2135048231511254,4196.414936256042,1376.992431494559,2819.4225047614827,0.0275963789412905,0.0416126698569524,8276.392261485635,0.1790361211368929,5565580.0,0.8601649783131318,0.0386857445680974
5380,2024-10-16,0.0040650406504065,0.0040650406504065,-0.0294695481335952,0.0692640692640693,0.0040650406504065,0.0206611570247934,0.0,247200.0,245275.0,246925.0,-0.0008090614886731,0.0070329222301497,0.0003037359522122,51.237112479609394,-0.0294695481335952,0.0692640692640693,530.2165977589902,176.51307046223064,353.7035272967596,0.0073746299849425,0.0227771376307118,7227.272889883784,1.0932745683574685,642954.5,1.243965163942394,-0.0242914979757085
5930,2024-10-16,-0.0245901639344262,-0.0132669983416252,-0.0732087227414329,-0.1012084592145015,0.0016835016835017,0.0135135135135135,-0.0262295081967213,59900.0,62140.0,72330.0,-0.0066777963272119,-0.0424847119407788,-0.1773814461495921,32.074193998752406,-0.0732087227414329,-0.1012084592145015,-3006.370083096918,-3302.745623576594,296.3755404796766,0.0212696422577884,0.0199189676259477,1753.6245960003596,0.0258869827431706,30936180.55,0.7532690715434811,-0.0067226890756302
35420,2024-10-16,0.0102739726027396,0.0649819494584837,0.0387323943661972,0.1132075471698113,0.0178263369752731,0.0253894979803808,-0.0074200913242009,173860.0,167455.0,166146.66666666666,0.0180605084550788,0.0570003881639844,0.0653238102880988,63.80727068755456,0.0387323943661972,0.1132075471698113,2891.3948607338243,1901.3412000260507,990.0536607077736,0.0181439635866874,0.0180284703900116,4511.714124065965,-0.1816540619201666,860349.15,1.0052790776860767,-0.0254237288135593
35720,2024-10-16,-0.0013280212483399,0.0162162162162162,0.0259208731241473,0.1042584434654918,0.0093959731543624,0.0188679245283018,-0.0106241699867197,37300.0,36277.5,37315.833333333336,0.0080428954423592,0.036455103025291,0.0076151767569618,57.966481977717,0.0259208731241473,0.1042584434654918,241.03594238832736,-0.0538014006694167,241.0897437889968,0.0200474087724286,0.0147190087032959,983.4649316307816,-0.2704811417182162,1125134.7,0.9635699618898964,0.002659574468085
660,2024-10-17,0.0386857445680974,0.0498125334761649,0.122565864833906,0.2468193384223918,0.0251046025104602,0.0386857445680974,0.0132485426603072,190220.0,175775.0,179931.66666666666,0.0303858689937965,0.1150618688664486,0.0893024203632861,61.490222342080905,0.122565864833906,0.2468193384223918,5004.511813548597,2102.496307905367,2902.0155056432304,0.0243855574358923,0.0420866573160354,8206.649957093803,-0.1650968590548734,5605230.9,0.7130742820960327,0.0112244897959183
5380,2024-10-17,-0.0465587044534413,-0.0426829268292683,-0.0348360655737705,0.0536912751677851,-0.0387755102040816,0.0445859872611464,-0.0080971659919028,245100.0,245875.0,246275.0,-0.0391676866585067,-0.0421962379257753,-0.0437519033600649,41.5863138040793,-0.0348360655737705,0.0536912751677851,-368.3660056995868,67.53725522986716,-435.9032609294539,0.0225239888954468,0.0241293460866842,7532.467683463514,0.1540947696524062,650010.6,1.4200691496415598,-0.0297239915074309
5930,2024-10-17,0.0033613445378151,0.0135823429541594,-0.0292682926829268,-0.0801232665639445,0.0050505050505049,0.0169204737732655,-0.0016806722689075,60060.0,61880.0,71863.33333333333,-0.005994005994006,-0.0352294764059469,-0.1692564590194349,33.0569639777477,-0.0292682926829268,-0.0801232665639445,-2900.4300767066525,-3222.282514202606,321.8524374959534,0.0178376768439246,0.0197001816084719,1699.7942677146198,0.0029869201178134,30314338.85,0.7710170792657746,-0.0519262981574539
35420,2024-10-17,-0.0112994350282485,0.0150812064965197,0.0330578512396693,0.118925831202046,-0.0112994350282485,0.0154285714285713,0.0,174380.0,168385.0,166203.33333333334,0.0035554536070649,0.0392849719393058,0.0529271374420889,60.14149673392664,0.0330578512396693,0.118925831202046,3001.2200957185414,2121.316979164549,879.9031165539923,0.0143593933410043,0.0177387723614157,4382.305972346968,-0.3396300805535033,867628.1,0.6582866553077292,-0.0165714285714285
35720,2024-10-17,-0.0066489361702127,0.0,0.033195020746888,0.0841799709724238,-0.0053262316910785,0.0134048257372654,-0.0013297872340425,37300.0,36422.5,37256.666666666664,0.0013404825737264,0.0254650284851396,0.0025051444931556,55.66337781843116,0.033195020746888,0.0841799709724238,261.5346637811017,52.26389163568481,209.27077214541688,0.0201208880848919,0.0148541762065454,948.931722228583,-0.2859162880276272,1115043.5,0.6942966799053131,0.0026773761713521
660,2024-10-18,-0.0443877551020408,0.006989247311828,0.1076286221170905,0.1095971563981041,-0.0549949545913218,0.0644468313641246,0.0112244897959183,190480.0,176700.0,179378.33333333334,-0.0166946661066779,0.0599886813808714,0.0441617809657426,55.00049192246297,0.1076286221170905,0.1095971563981041,4886.587579933956,2659.3145623110845,2227.273017622871,0.0347050578198482,0.0412306340998461,8477.603531587103,0.3785262547955363,5449275.85,1.0111242579140127,0.0731446876668446
5380,2024-10-18,-0.0042462845010615,-0.0563380281690141,-0.010548523206751,0.0107758620689655,-0.010548523206751,0.0257510729613734,0.0063694267515923,242300.0,246000.0,245708.33333333337,-0.0321914981427982,-0.0467479674796748,-0.0456164151263354,40.865501346833014,-0.010548523206751,0.0107758620689655,-1147.9578915352467,-175.56177412315563,-972.3961174120911,0.0203606500444437,0.0226987625249363,7423.005706073263,-0.2455875024375446,651825.55,1.0683349248890288,-0.0383795309168443
5930,2024-10-18,-0.0083752093802345,-0.0016863406408094,-0.034257748776509,-0.1070889894419305,-0.0116861435726209,0.0169204737732655,0.0033500837520938,60040.0,61525.0,71405.0,-0.0139906728847435,-0.0377895164567249,-0.1709264057138856,31.817571648699655,-0.034257748776509,-0.1070889894419305,-2824.261352877169,-3142.6782819375185,318.4169290603495,0.0182795943963375,0.0187718728226206,1649.8089628778612,-0.3830343407077085,29241146.55,0.4931496094157087,-0.0557432432432432
35420,2024-10-18,0.0102857142857142,0.0201961915753028,0.051129607609988,0.1049999999999999,0.001699716713881,0.0125427594070695,0.0085714285714286,175080.0,169225.0,166260.0,0.0098240804203793,0.0447628896439651,0.0633946830265848,62.24387161830393,0.051129607609988,0.1049999999999999,3196.653312920622,2336.384245915764,860.2690670048578,0.0147222179833224,0.0173109669847361,4254.998402893613,-0.0011117958917828,866830.2,0.6581600410322576,-0.0509049773755656
35720,2024-10-18,0.0307898259705488,0.0294117647058822,0.0694444444444444,0.0891089108910891,0.0294117647058822,0.0347593582887699,0.001338688085676,37520.0,36580.0,37211.666666666664,0.0261194029850746,0.0524876981957354,0.034621758409101,62.95478386527139,0.0694444444444444,0.0891089108910891,366.3523553135528,115.08158437125842,251.2707709422944,0.0244063088143771,0.0152487282761322,977.5794563551128,1.5516455666771294,1110620.75,1.7786539644608657,-0.0519480519480519
660,2024-10-21,0.0192205018686599,0.0181333333333333,0.096496266513498,0.1726044226044225,0.0079197465681097,0.0228723404255319,0.011211959423385,191160.0,178105.0,179018.33333333334,-0.0013601171793262,0.07183964515314,0.0663712282727093,57.021818829459725,0.096496266513498,0.1726044226044225,5025.688678042876,3132.589385457443,1893.099292585433,0.0355505424514605,0.0401291540147199,8229.20327933088,-0.5592395136386447,5308374.15,0.4574929971731551,0.0267155578837088
5380,2024-10-21,0.0106609808102344,-0.0462776659959758,-0.0104384133611691,0.0,0.0085106382978723,0.023454157782516,0.0021321961620468,240000.0,246000.0,245316.66666666663,-0.0124999999999999,-0.0365853658536585,-0.0339017596304096,43.50201200490606,-0.0104384133611691,0.0,-1546.2369144374095,-449.6968021860065,-1096.5401122514031,0.0223123749206747,0.0223014396579146,7285.648155639459,-0.3627765779013395,647764.2,0.6850363141402381,-0.0443037974683544
5930,2024-10-21,-0.0033783783783783,-0.0296052631578946,-0.0264026402640263,-0.0838509316770186,0.0,0.0188034188034187,-0.0033783783783783,59680.0,61255.0,70940.0,-0.0113941018766755,-0.0368133213615214,-0.1683112489427685,31.311864098844467,-0.0264026402640263,-0.0838509316770186,-2748.3541036902243,-3063.81344628806,315.45934259783553,0.0115327679846429,0.017962740222118,1610.5368941008712,0.2839508441595366,28914635.05,0.6403298872001498,-0.0152542372881355
35420,2024-10-21,0.0,0.0315052508751458,0.0357352079671939,0.1043098063710181,0.0,0.0170261066969352,0.0,176160.0,170060.0,166291.66666666666,0.0036330608537693,0.0396330706809362,0.0631921824104235,62.24387161830393,0.0357352079671939,0.1043098063710181,3313.341408302076,2531.7756783930267,781.5657299090494,0.0125795062341268,0.0173201187137843,4165.355659829784,-0.0570731955275339,876123.65,0.6140137867525891,-0.0361990950226244
35720,2024-10-21,0.0233766233766232,0.0794520547945205,0.0735694822888284,0.1067415730337077,0.0167741935483871,0.0310880829015545,0.0064935064935065,38100.0,36770.0,37182.5,0.0341207349081364,0.0715257002991569,0.0596382706918576,67.46437517620123,0.0735694822888284,0.1067415730337077,516.0943944878236,195.28414639457145,320.81024809325214,0.0182056939008933,0.0158247971989265,1000.6094951868904,-0.1019023898836191,1163708.05,1.5245327210720936,-0.049492385786802
660,2024-10-22,-0.0162388685175484,-0.0264385692068429,0.0156841535965386,0.2290575916230366,-0.0384024577572964,0.0416,0.0230487166055526,190140.0,179855.0,178656.66666666666,-0.012306721363206,0.044174473881738,0.0511782375879248,54.74153131456576,0.0156841535965386,0.2290575916230366,4830.104767124867,3472.0924617909277,1358.0123053339394,0.0333693892492652,0.037130096333909,8198.545902235817,0.4275891233595108,4731659.45,0.7327160875874108,0.0133120340788073
5380,2024-10-22,-0.010548523206751,-0.0467479674796748,-0.0506072874493926,-0.0467479674796748,-0.0063559322033898,0.0279569892473119,-0.0042194092827003,237700.0,245425.0,244916.66666666663,-0.0134623474968447,-0.0445146175002546,-0.0425314732902347,41.50897525217305,-0.0506072874493926,-0.0467479674796748,-2040.088149879972,-767.7750717247997,-1272.3130781551722,0.022317995675064,0.0205506651723239,7229.530430236641,0.1669708975035042,631236.9,0.8203481133628278,-0.044776119402985
5930,2024-10-22,-0.0220338983050847,-0.0540983606557377,-0.0540983606557377,-0.0855784469096672,-0.0187074829931972,0.0207972270363951,-0.0033898305084745,59020.0,60985.0,70495.0,-0.0223652998983395,-0.053865704681479,-0.1815022342010072,28.17695790565122,-0.0540983606557377,-0.0855784469096672,-2761.2660411797697,-3003.303965266402,242.0379240866323,0.012017344478633,0.018053715164929,1588.3556873793805,0.4897471523618404,27823625.75,0.9913347472336528,0.0329289428076255
35420,2024-10-22,-0.0316742081447963,-0.0228310502283105,0.0307043949428056,0.0660024906600249,-0.0322215941209722,0.0368852459016393,0.0005656108597285,175360.0,170590.0,166275.0,-0.0237226277372263,0.0035758250776716,0.0296196060742746,52.291912414640095,0.0307043949428056,0.0660024906600249,2920.281182081817,2609.476779130785,310.804402951032,0.017619634202369,0.0191787010381499,4317.830255556228,0.4231065225150199,884054.4,0.8659682028617244,-0.0116822429906542
35720,2024-10-22,-0.0520304568527918,-0.0079681274900398,0.0163265306122448,0.0580736543909348,-0.049618320610687,0.0549597855227881,-0.0025380710659898,38040.0,36872.5,37115.833333333336,-0.0181388012618296,0.0129500305105429,0.0063090774377512,51.95131074026207,0.0163265306122448,0.0580736543909348,463.999474815384,249.027212078734,214.97226273665004,0.032560700861936,0.0202000617693283,1079.1373883878268,0.0074916394746438,1204389.4,1.4840731743404585,0.0
660,2024-10-23,0.0436634717784878,0.0386857445680974,0.101123595505618,0.2476129853596436,0.039787798408488,0.0462765957446809,0.003727369542066,191600.0,181800.0,178506.66666666666,0.022964509394572,0.0781078107810782,0.0979982073498655,59.36995099464061,0.101123595505618,0.2476129853596436,5275.956634444097,3832.865296321562,1443.0913381225355,0.0376537499704121,0.0376653586765959,8248.64976636183,0.2593382161851743,4592180.65,0.9507637727622932,-0.0051020408163264
5380,2024-10-23,0.0277185501066097,-0.0242914979757085,-0.0203252032520325,-0.0379241516966067,0.0190274841437632,0.0384615384615385,0.0085287846481876,236500.0,244950.0,244683.33333333337,0.0190274841437632,-0.0161257399469278,-0.0150534704720387,48.15919140874778,-0.0203252032520325,-0.0379241516966067,-1885.2412471654245,-991.2683068129246,-893.9729403524997,0.0277192577610555,0.02114458592767,7355.9925423625955,0.2965235963648582,624338.7,1.0753522086649443,-0.0850622406639004
5930,2024-10-23,0.024263431542461,-0.0067226890756302,-0.0199004975124378,-0.0619047619047619,0.0278260869565216,0.0507880910683011,-0.0034662045060658,58940.0,60790.0,70096.66666666667,0.0027146250424159,-0.027800625102813,-0.1568785962242618,35.649015160245995,-0.0199004975124378,-0.0619047619047619,-2628.2339005669637,-2928.2899523265146,300.0560517595509,0.0170254749977696,0.0191508121960966,1682.0445668522818,-0.0102146913515211,27551361.95,0.9909049160453572,0.0
35420,2024-10-23,0.0075934579439251,-0.0254237288135593,0.0379061371841156,0.0787992495309568,0.002906976744186,0.0222482435597188,0.0046728971962617,174460.0,171220.0,166271.66666666666,-0.0112346669723718,0.0074757621773158,0.0374587773022063,54.12558802246584,0.0379061371841156,0.0787992495309568,2682.752159463882,2624.1318551974045,58.62030426647743,0.0170912457202885,0.0191111516460458,4280.842380159354,-0.2301639447047466,874508.95,0.6739302096336465,0.011014492753623
35720,2024-10-23,0.0093708165997321,0.002659574468085,0.0189189189189189,0.0802292263610315,-0.0013245033112583,0.0256410256410255,0.0107095046854082,38060.0,37012.5,37060.0,-0.0094587493431423,0.0185748058088484,0.0172692930383162,53.90034570053925,0.0189189189189189,0.0802292263610315,445.81685142740025,288.38513994846727,157.43171147893298,0.0328973749491195,0.019954776542655,1069.913289217268,-0.5461636498112903,1185212.4,0.6844241589102511,-0.0092838196286472
660,2024-10-24,0.0112244897959183,0.0112244897959183,0.0615961435457954,0.2234567901234567,0.0242894056847544,0.063157894736842,-0.0127551020408163,192040.0,183610.0,178393.33333333334,0.0320766506977712,0.0794619029464627,0.1110280653238162,60.53602787170242,0.0615961435457954,0.2234567901234567,5740.644489073777,4214.421134872005,1526.223354201772,0.0339099442779564,0.0373876071937429,8516.603354478842,0.4531379299366778,4684526.8,1.3543555776007088,-0.0600403632694248
5380,2024-10-24,-0.0518672199170124,-0.0297239915074309,-0.0711382113821138,-0.0823293172690763,-0.0518672199170124,0.0570175438596491,0.0,235100.0,243925.0,244100.0,-0.0280731603572947,-0.0632366506098186,-0.0639082343301925,38.98059395244614,-0.0711382113821138,-0.0823293172690763,-2739.5892151563894,-1340.9324884816176,-1398.6567266747718,0.0297552742537709,0.0239366693967173,7759.135932193839,0.8019211062521596,660591.35,1.8313606437625924,-0.0590809628008752
5930,2024-10-24,-0.0423011844331641,-0.0519262981574539,-0.0390492359932088,-0.0958466453674121,-0.0274914089347079,0.0335689045936395,-0.0152284263959391,58320.0,60490.0,69641.66666666667,-0.0294924554183813,-0.0643081501074558,-0.1872681584300587,29.705881520993543,-0.0390492359932088,-0.0958466453674121,-2693.485255920845,-2881.3290130453806,187.84375712453584,0.0245356041462054,0.0210711962311452,1740.4699549342618,0.1538103306938483,27699239.25,1.1372125319290132,0.0459363957597174
35420,2024-10-24,-0.0023188405797101,-0.0165714285714285,-0.0017401392111369,0.0323935212957409,0.0,0.015222482435597,-0.0023188405797101,173880.0,171490.0,166296.66666666666,-0.0102369450195537,0.003557058720625,0.034897472388703,53.4449155032635,-0.0017401392111369,0.0323935212957409,2434.172416279296,2586.139967413783,-151.9675511344867,0.0167343778044564,0.0168461326006164,4160.782210147972,-0.3475561543238574,846181.4,0.4544214751116013,-0.0122022080185938
35720,2024-10-24,-0.0066312997347479,0.0026773761713521,0.0026773761713521,0.0549295774647886,-0.0013333333333332,0.0161943319838056,-0.0053050397877983,38080.0,37110.0,37036.666666666664,-0.0165441176470588,0.0091619509566154,0.0111601116011161,52.2693900044204,0.0026773761713521,0.0549295774647886,406.547652460431,312.01764245086,94.53001000957096,0.0328963545309911,0.019840155599011,1039.919482844606,-0.214682662958525,1177662.9,0.5409357805191961,-0.0133511348464619
660,2024-10-25,0.0141271442986881,0.0731446876668446,0.0806451612903225,0.2293577981651375,-0.0098522167487684,0.033099297893681,0.024217961654894,194780.0,185485.0,178268.33333333334,0.0319334633945991,0.0836455778095264,0.1275137667000121,62.02966235091642,0.0806451612903225,0.2293577981651375,6262.657543395326,4624.068416576669,1638.589126818657,0.0213804033871858,0.0373929660793447,8465.417400587497,-0.128323914436328,4788918.4,1.1548248556500773,-0.0935323383084577
5380,2024-10-25,-0.0131291028446389,-0.0383795309168443,-0.0925553319919517,-0.108695652173913,-0.0044150110375276,0.0476190476190476,-0.0087527352297592,233300.0,242550.0,243550.0,-0.0334333476210887,-0.0702947845804988,-0.0741120919729008,37.15056289365599,-0.0925553319919517,-0.108695652173913,-3617.046008138976,-1796.1551924130893,-1820.8908157258863,0.0299147772369305,0.0235347694987669,7954.911937037136,-0.0768312611952081,694959.8,1.6070454722704823,-0.0532150776053215
5930,2024-10-25,-0.0123674911660777,-0.0557432432432432,-0.057335581787521,-0.115506329113924,-0.0017857142857142,0.0197132616487454,-0.0106007067137808,57660.0,60125.0,69206.66666666667,-0.030523759972251,-0.0702702702702702,-0.192274347365379,28.284037118017125,-0.057335581787521,-0.115506329113924,-2769.753579848577,-2859.01392640602,89.26034655744297,0.0245196153266933,0.0208523252143712,1694.722101010386,-0.1800197156043751,27642830.0,0.9343947417829506,0.0429338103756709
35420,2024-10-25,-0.0249854735618826,-0.0509049773755656,-0.031736872475476,-0.0011904761904761,-0.0249854735618826,0.0347097546379413,0.0,172080.0,171480.0,166231.66666666666,-0.0248721524872151,-0.0214602285980872,0.0094346243696046,46.65278104003758,-0.031736872475476,-0.0011904761904761,1868.6564076158393,2442.6432554541943,-573.9868478383551,0.0170475951998798,0.0177929410921998,4277.869195137403,0.6306358787380728,844474.3,0.7424938805124087,0.0113230035756852
35720,2024-10-25,-0.0253671562082776,-0.0519480519480519,-0.0240641711229946,0.0110803324099721,-0.0253671562082776,0.0443213296398892,0.0,37680.0,37130.0,36985.833333333336,-0.0313163481953291,-0.016967411796391,-0.0131356600500192,46.51013281743513,-0.0240641711229946,0.0110803324099721,295.3646885693888,308.6870516745658,-13.322363105176976,0.0295928877600223,0.0205064516919454,1079.9252340699911,0.3379787768428983,1177056.45,0.7241334941922285,-0.0095890410958904
660,2024-10-28,-0.0248756218905472,0.0267155578837088,0.0453333333333332,0.1857229280096792,-0.0368550368550368,0.0556127703398559,0.0124378109452736,195800.0,187020.0,178368.33333333334,0.0010214504596526,0.048016254945995,0.0988497584586203,57.821165265735495,0.0453333333333332,0.1857229280096792,6201.412414520222,4939.5372161653795,1261.8751983548427,0.0271977604384625,0.0382453812549595,8632.173300545533,-0.2560729297648146,4761373.95,0.8640753789145252,-0.010204081632653
5380,2024-10-28,0.0044345898004434,-0.0443037974683544,-0.0885311871227364,-0.099403578528827,0.002212389380531,0.0223214285714286,0.0022172949002217,231200.0,241300.0,243133.33333333337,-0.0203287197231833,-0.0613344384583506,-0.0684123937482863,38.19220066048336,-0.0885311871227364,-0.099403578528827,-4183.520179186453,-2273.6281897677623,-1909.8919894186904,0.0290915312462069,0.0236380147130836,7743.846798677341,-0.4278109867912094,698133.0,0.9153542376595863,-0.0441501103752759
5930,2024-10-28,0.0393559928443649,-0.0152542372881355,-0.0444078947368421,-0.0659163987138263,0.0430879712746858,0.0502692998204667,-0.0035778175313059,57480.0,59920.0,68835.0,0.0107863604732081,-0.0303738317757009,-0.1559526403719038,38.28238190527642,-0.0444078947368421,-0.0659163987138263,-2622.4452458335654,-2811.700190291529,189.25494445796355,0.0336571398050708,0.0230105337607793,1773.670522366787,0.0753289043863532,27598958.55,1.0063788801914773,0.0103270223752152
35420,2024-10-28,0.0154946364719905,-0.0361990950226244,-0.0058343057176195,0.0252707581227435,0.0154946364719905,0.0172824791418355,0.0,170800.0,171690.0,166105.0,-0.0023419203747072,-0.0075135418486808,0.0258571385569368,50.730069219453895,-0.0058343057176195,0.0252707581227435,1611.7004873511323,2276.454701833582,-664.7542144824497,0.0204513213066155,0.0179199714876487,4179.449966913303,-0.4897379177917026,826667.75,0.3870273153875907,0.0311032863849765
35720,2024-10-28,0.026027397260274,-0.049492385786802,0.026027397260274,0.0446304044630403,0.027434842249657,0.033103448275862,-0.0013698630136986,37290.0,37210.0,36934.166666666664,0.0042906945561813,0.0064498790647675,0.0139662913742921,52.183974329916424,0.026027397260274,0.0446304044630403,280.6730252522466,303.08424639010195,-22.411221137855364,0.0303598576522943,0.0211701904194382,1088.502003064992,-0.1950100076729403,1163482.2,0.5897210975810374,-0.0026702269692924
660,2024-10-29,-0.0290816326530611,0.0133120340788073,-0.013478486262312,0.0519624101713653,-0.0290816326530611,0.0417768376520359,0.0,196300.0,187490.0,178343.33333333334,-0.0305654610290372,0.0149874659981865,0.0670429695531091,53.37528884674076,-0.013478486262312,0.0519624101713653,5628.056117942644,5077.240996520833,550.8151214218115,0.0302128047764616,0.0334426730308663,8579.875207649424,-0.0112282235173616,4488791.85,0.9062552098511764,0.0152390961639516
5380,2024-10-29,-0.0110375275938189,-0.044776119402985,-0.0894308943089431,-0.1351351351351351,-0.0088495575221239,0.0248868778280542,-0.0022075055187638,229100.0,239550.0,242808.33333333337,-0.0222610213880402,-0.0649133792527656,-0.0774616467035042,36.560817714577624,-0.0894308943089431,-0.1351351351351351,-4779.0937299594225,-2774.7212978060943,-2004.372432153328,0.0291002109770205,0.0221961392441494,7583.572027343245,0.1676564341143498,697093.0,1.0704138472198117,-0.0401785714285714
5930,2024-10-29,0.0258175559380378,0.0329289428076255,-0.0229508196721311,-0.0788253477588871,0.0275862068965517,0.0401396160558464,-0.0017211703958691,57860.0,59665.0,68480.0,0.0300725890079502,-0.0010894159054721,-0.1296728971962616,44.01361369804983,-0.0229508196721311,-0.0788253477588871,-2357.4891978635933,-2720.857991805942,363.368793942349,0.033558652077698,0.0217767652189432,1811.2654850548736,0.0213971127786132,27139123.5,1.0453290431431952,-0.0335570469798657
35420,2024-10-29,-0.0070422535211267,-0.0116822429906542,-0.0342465753424657,-0.0099473376243417,-0.0070422535211267,0.0305938812237551,0.0,170400.0,171605.0,166011.66666666666,-0.0070422535211267,-0.0140147431601643,0.0192054775266798,48.87344027744261,-0.0342465753424657,-0.0099473376243417,1296.28829355567,2080.4214201779996,-784.1331266223297,0.0154243149311158,0.0168395739882083,4245.20354070521,0.1016899885292068,809258.7,0.4355566396752979,0.043144208037825
35720,2024-10-29,-0.0026702269692924,0.0,-0.0079681274900398,0.0163265306122448,0.0026845637583892,0.0202429149797571,-0.0053404539385847,37290.0,37240.0,36893.333333333336,0.0016090104585679,0.002953813104189,0.0123780267437656,51.563944066615264,-0.0079681274900398,0.0163265306122448,257.9867018527584,294.06473748263323,-36.07803562987482,0.0191031936540986,0.0205028888180277,1064.3232885603495,-0.3432571087111772,1138195.2,0.3958995785608655,0.0107095046854082
660,2024-10-30,0.024697845507094,-0.0051020408163264,0.0333863275039745,0.060935799782372,0.0252365930599369,0.0316789862724393,-0.0005254860746189,196100.0,188050.0,178333.33333333334,-0.0056093829678735,0.0369582557830363,0.0934579439252336,56.35524768748658,0.0333863275039745,0.060935799782372,5489.636727542063,5159.720142725079,329.91658481698414,0.0244797504639889,0.0336748612773704,8395.598407103036,-0.1198603930048026,4323498.25,0.8281256965930309,0.004102564102564
5380,2024-10-30,-0.015625,-0.0850622406639004,-0.1072874493927125,-0.1335952848722986,-0.0112107623318385,0.0204081632653061,-0.0044642857142856,225000.0,237850.0,242225.0,-0.02,-0.0729451334874921,-0.089689338425018,34.348719022315706,-0.1072874493927125,-0.1335952848722986,-5470.450856861775,-3313.8672096172304,-2156.5836472445444,0.0207761927734192,0.0221564945758805,7363.316882533014,-0.2571477583096795,700115.35,0.7917266776110536,-0.0634920634920634
5930,2024-10-30,-0.0083892617449664,0.0,-0.0067226890756302,-0.0794392523364485,0.0,0.0204778156996587,-0.0083892617449664,57860.0,59410.0,68111.66666666667,0.0214310404424473,-0.0052179767715873,-0.1323072405608437,42.59374535812725,-0.0067226890756302,-0.0794392523364485,-2162.9226167148736,-2609.2709167877288,446.3483000728552,0.0325087294424323,0.0217834306402263,1767.6036646938114,-0.3007052972800118,26709397.55,0.7427539675075898,-0.0304568527918781
35420,2024-10-30,0.0307328605200944,0.011014492753623,-0.0146892655367231,0.0234741784037557,0.022274325908558,0.0281524926686216,0.0082742316784869,170780.0,171805.0,166001.66666666666,0.0211968614591873,0.0151043334012397,0.0505918615274947,56.33162995321064,-0.0146892655367231,0.0234741784037557,1449.2127765529149,1954.1796914529828,-504.9669149000679,0.0214219830092963,0.0181973589975569,4377.689002083409,1.0341581602256027,802878.3,0.8930319825557621,0.010894495412844
35720,2024-10-30,0.0,-0.0092838196286472,-0.0066489361702127,0.019099590723056,0.0,0.0242261103633916,0.0,37220.0,37275.0,36850.0,0.0034927458355722,0.0020120724346075,0.0135685210312075,51.563944066615264,-0.0066489361702127,0.019099590723056,237.27249745882,282.7062894778706,-45.4337920190506,0.0184193370329583,0.0204858389555615,1052.585910806039,0.8799252570398859,1142318.1,0.7415753983063036,-0.0214190093708166
660,2024-10-31,-0.0446153846153846,-0.0600403632694248,-0.0494897959183673,0.0670103092783505,-0.0189573459715639,0.0365394948952175,-0.0261538461538461,193720.0,188635.0,178290.0,-0.0383027049349576,-0.0123784027354414,0.0449268046441191,49.98651463693726,-0.0494897959183673,0.0670103092783505,4624.611430475605,5052.698400275184,-428.0869697995795,0.0297937658104391,0.033238749670095,8431.627092309962,0.2773103563847614,4309188.95,1.0612860222803644,0.0595813204508857
5380,2024-10-31,-0.0249433106575963,-0.0590809628008752,-0.0870488322717621,-0.1188524590163934,-0.0249433106575963,0.0302325581395348,0.0,222300.0,236400.0,241641.66666666663,-0.032838506522717,-0.0905245346869711,-0.1102527847708383,31.158340279991975,-0.0870488322717621,-0.1188524590163934,-6388.517541963491,-3928.7972760864823,-2459.720265877008,0.0106412974053233,0.0211004907453125,7301.651390923514,0.9401010283240124,702255.5,1.5313486330829733,-0.0348837209302325
5930,2024-10-31,0.0016920473773265,0.0459363957597174,-0.0083752093802345,-0.0373983739837398,0.0119658119658119,0.0497427101200687,-0.0101522842639594,58380.0,59295.0,67748.33333333333,0.0140459061322371,-0.0016021586980352,-0.1261777657506949,42.98986628513283,-0.0083752093802345,-0.0373983739837398,-1977.8585133452,-2482.9884360992232,505.1299227540235,0.0224523543137948,0.0198625314482282,1848.4891172156824,0.8050344604995809,26865149.2,1.3329237717391869,-0.0287162162162162
35420,2024-10-31,-0.0252293577981651,-0.0122022080185938,-0.0285714285714285,0.0035419126328217,-0.0122022080185938,0.0300530347672363,-0.0131880733944954,170360.0,171835.0,165946.66666666666,-0.0021131721061281,-0.0106788488957429,0.0244255182387915,49.72210325575464,-0.0285714285714285,0.0035419126328217,1201.5130093678015,1803.6463550359467,-602.133345668145,0.0248528158969023,0.0190927124542151,4429.282644791737,-0.3229934337151113,729796.15,0.6651323112625355,0.0570588235294118
35720,2024-10-31,-0.0107095046854083,-0.0133511348464619,-0.0107095046854083,0.0221300138312585,-0.0053835800807536,0.0342935528120713,-0.0053547523427041,37120.0,37315.0,36815.0,-0.0045797413793103,-0.0097815891732546,0.003666983566481,48.870241858928054,-0.0107095046854083,0.0221300138312585,186.4306279483717,263.4511571719708,-77.02052922359911,0.0187775433475411,0.0203846377062846,1066.6869171770363,0.4861028313747249,1126497.15,1.117535006635392,-0.0108254397834911
660,2024-11-01,-0.0220075147611379,-0.0935323383084577,-0.0272290443139349,0.0774689532820815,-0.0016438356164383,0.0243767313019389,-0.0203972088030058,189960.0,189290.0,178083.33333333334,-0.0408507054116655,-0.0374557557187384,0.0231165184838557,47.27507348740014,-0.0272290443139349,0.0774689532820815,3567.1174065007363,4755.582201520295,-1188.4647950195586,0.0260321980051589,0.0327730755457328,8243.653728573536,-0.2393823516677956,4247083.0,0.8190372074197749,0.1004390779363337
5380,2024-11-01,-0.0069767441860465,-0.0532150776053215,-0.0895522388059701,-0.0991561181434599,0.0047058823529411,0.0236406619385343,-0.0116279069767442,219900.0,235225.0,241050.0,-0.0291041382446566,-0.0923583802742055,-0.114291640738436,30.33091189013109,-0.0895522388059701,-0.0991561181434599,-7154.655058302858,-4573.968832529758,-2580.6862257731,0.0108406170460643,0.020424456186247,7137.247720143263,-0.2884708731093046,688738.85,1.1109827767084723,-0.0468384074941452
5930,2024-11-01,-0.0152027027027027,0.0429338103756709,-0.0152027027027027,-0.0489396411092984,-0.011864406779661,0.0258175559380378,-0.0033783783783783,58860.0,59145.0,67321.66666666667,-0.0095141012572205,-0.0142869219714261,-0.1340083677864977,40.29494355072357,-0.0152027027027027,-0.0489396411092984,-1882.120443601496,-2362.814837599678,480.694393998182,0.0231586044133096,0.0200896131302958,1823.597037414562,-0.4670871694522267,26395631.4,0.722967361940052,-0.0222984562607203
35420,2024-11-01,-0.0017647058823528,0.0113230035756852,-0.0401583710407239,0.0089179548156956,0.0041420118343196,0.0136498516320475,-0.0058823529411764,170740.0,171910.0,165875.0,-0.0060911327164109,-0.0128555639578848,0.0230595327807083,49.29739056657657,-0.0401583710407239,0.0089179548156956,969.8221603268177,1636.881516094121,-667.0593557673035,0.0214714666396186,0.0190206249004001,4277.191027306613,-0.4969479472035039,694966.15,0.3513653146991404,0.0288744843842074
35720,2024-11-01,-0.0216508795669824,-0.0095890410958904,-0.061038961038961,0.0041666666666666,-0.0109439124487004,0.0179806362378975,-0.0108254397834911,37050.0,37322.5,36764.166666666664,-0.0242914979757085,-0.031415366066046,-0.0167055783484824,43.92763615378128,-0.061038961038961,0.0041666666666666,80.65502502197342,226.89193074197135,-146.23690571999794,0.017690378914225,0.0209970646714676,1047.6378516643908,-0.451950115179919,1106740.15,0.6233983650091668,-0.0318118948824343
660,2024-11-04,0.0647639956092205,-0.010204081632653,0.0162388685175485,0.1143021252153935,0.0475161987041037,0.0560696788241699,0.0164654226125138,189560.0,190285.0,178095.0,0.0234226630090736,0.0195233465591087,0.0893062691260282,54.86359435008768,0.0162388685175485,0.1143021252153935,3639.2560782412183,4532.31697686448,-893.0608986232619,0.045047666615774,0.0350688825142585,8497.678462246855,0.0261766573648152,4243893.85,0.8411084551513937,-0.0072164948453607
5380,2024-11-04,0.0140515222482435,-0.0441501103752759,-0.0864978902953587,-0.0960334029227557,0.0069767441860464,0.0303738317757009,0.0070257611241217,217900.0,234075.0,240433.33333333337,-0.0064249655805415,-0.0750827726156146,-0.0995424927214752,34.10016341034765,-0.0864978902953587,-0.0960334029227557,-7434.054479271843,-5145.985961878176,-2288.068517393667,0.0144711226202473,0.0205793045749064,7127.444311561601,-0.0222131611378805,683318.7,1.094921008308422,-0.0254041570438798
5930,2024-11-04,0.0068610634648369,0.0103270223752152,-0.0050847457627118,-0.0313531353135313,0.0017064846416381,0.0171232876712328,0.0051457975986277,58980.0,59050.0,66915.0,-0.0047473719905052,-0.0059271803556307,-0.1227676903534334,42.03416345478675,-0.0050847457627118,-0.0313531353135313,-1753.7544864678057,-2241.0027673733034,487.2482809054977,0.0157698225109463,0.020069396076465,1771.9115347420934,-0.1832101882390671,25962599.85,0.6003615620182198,-0.0630323679727428
35420,2024-11-04,0.0353565114908662,0.0311032863849765,-0.0062217194570135,0.0292911540714704,0.0323149236192714,0.0340975896531452,0.002946375957572,171800.0,172160.0,165886.66666666666,0.0227008149010476,0.0205622676579926,0.0591568540770808,57.17597063073059,-0.0062217194570135,0.0292911540714704,1255.878365091572,1560.6808858936113,-304.8025208020392,0.0258763404118724,0.0203351249164878,4414.534525356141,1.857187319554276,671295.45,1.0393158481857727,0.0017074558907228
35720,2024-11-04,0.033195020746888,-0.0026702269692924,-0.0520304568527918,0.0177111716621254,0.0303448275862068,0.033103448275862,0.0027662517289073,37030.0,37355.0,36723.333333333336,0.0086416419119632,-0.0001338508901084,0.0170645366252155,51.80201495297465,-0.0520304568527918,0.0177111716621254,92.58975178879336,200.03149495133576,-107.4417431625424,0.0205658680378825,0.0218602087664531,1065.663719402649,0.2657897788213468,1097472.6,0.7957547186143872,-0.0977242302543507
660,2024-11-05,-0.0041237113402061,0.0152390961639516,0.0287539936102236,0.0448891292590589,-0.0020661157024793,0.0348776678813118,-0.002061855670103,190140.0,190700.0,178428.33333333334,0.0160934048595771,0.0131095962244363,0.0827876738559831,54.29306476479016,0.0287539936102236,0.0448891292590589,3590.4843130436784,4343.95044410032,-753.4661310566416,0.0425034556705077,0.0325344815355488,8369.272857800652,-0.0025955470889391,4226663.1,0.842345348035901,-0.0383022774327121
5380,2024-11-05,-0.0069284064665127,-0.0401785714285714,-0.0831556503198294,-0.1295546558704453,0.0046728971962617,0.0189125295508274,-0.0115473441108544,216100.0,232475.0,239950.0,-0.0050902360018509,-0.0751693730508656,-0.103979995832465,33.134879481676165,-0.0831556503198294,-0.1295546558704453,-7687.89670961196,-5654.368111424933,-2033.5285981870263,0.0144364624575413,0.0187382500466976,6975.4840035929155,-0.176698120773076,677559.05,0.9091133828114316,-0.0372093023255813
5930,2024-11-05,-0.0187393526405451,-0.0335570469798657,-0.0017331022530329,-0.0557377049180327,-0.0034602076124568,0.0157342657342658,-0.0153321976149914,58580.0,58880.0,66548.33333333333,-0.0167292591328098,-0.0217391304347825,-0.1344636730196097,38.69586387720207,-0.0017331022530329,-0.0557377049180327,-1720.94634926656,-2136.991483751955,416.045134485395,0.0108904659247723,0.0203358142054074,1752.4892822605154,0.121738208258487,25083496.9,0.6970508964402009,-0.0798611111111111
35420,2024-11-05,0.0045532157085941,0.043144208037825,0.0309579439252336,0.0626128838049366,0.014367816091954,0.0195739781232009,-0.0096755833807626,173260.0,172680.0,165971.66666666666,0.0187002193235599,0.0221218438730599,0.0634345219565588,58.11061216242755,0.0309579439252336,0.0626128838049366,1529.502133894828,1554.4451354938549,-24.943001599026505,0.0248692548412799,0.0191921127567805,4342.067773544988,-0.5035001318640997,634381.45,0.5460468618683602,0.0277620396600566
35720,2024-11-05,0.0107095046854082,0.0107095046854082,0.0107095046854082,0.0272108843537415,0.0216508795669823,0.03125,-0.0107095046854083,37110.0,37405.0,36693.333333333336,0.0172460253300996,0.009223365860179,0.0287972383720929,54.115145912742825,0.0107095046854082,0.0272108843537415,132.79399923527671,186.58399580812397,-53.78999657284726,0.0210558989983066,0.0219656315411822,1071.6877394453163,-0.1525937257748887,1079858.4,0.6853268910071914,-0.119205298013245
660,2024-11-06,0.0134575569358177,0.004102564102564,-0.0010204081632653,0.1,-0.0096105209914011,0.0337311883757136,0.0232919254658385,190300.0,191590.0,179090.0,0.0289017341040462,0.0219740069941019,0.0933050421575745,55.89822369670875,-0.0010204081632653,0.1,3718.763023352803,4218.912959950817,-500.1499365980135,0.0414010092281647,0.0312013946045482,8235.753367957748,-0.0280731172285559,4200279.75,0.8238406025217725,-0.0658835546475995
5380,2024-11-06,-0.0395348837209302,-0.0634920634920634,-0.1431535269709544,-0.1605691056910568,-0.0350467289719625,0.0437956204379561,-0.0046511627906976,213300.0,230500.0,239658.33333333337,-0.0318799812470698,-0.1041214750542299,-0.1383566883410411,28.254068787379808,-0.1431535269709544,-0.1605691056910568,-8477.2272694555,-6218.939943031047,-2258.2873264244527,0.0203198311137904,0.0201002011834812,7155.806574764851,2.053060336570462,750912.35,2.504444093907898,-0.0319612590799031
5930,2024-11-06,-0.0052083333333333,-0.0304568527918781,-0.0304568527918781,-0.0497512437810945,-0.0052083333333333,0.0301953818827709,0.0,58220.0,58730.0,66313.33333333333,-0.0158021298522844,-0.0243487144559849,-0.135920378003418,37.81382691726556,-0.0304568527918781,-0.0497512437810945,-1699.561667991897,-2049.5055205999433,349.94385260804665,0.010864055147422,0.0202410082387987,1748.740047813336,0.2635334640321465,24817518.5,0.8901864221436966,-0.1169284467713787
35420,2024-11-06,-0.0011331444759207,0.010894495412844,0.0220289855072464,0.0607701564380265,-0.0022637238256932,0.0189546237794371,0.0011331444759206,173640.0,173185.0,166308.33333333334,0.0153190509099285,0.0179865461789416,0.0600791702159642,57.77114854021189,0.0220289855072464,0.0607701564380265,1710.4950908330502,1585.6551265616938,124.8399642713564,0.0217023490966719,0.0192084639093244,4267.634361148917,0.2484772027875128,611309.85,0.7074562924186483,0.0334656834940443
35720,2024-11-06,-0.0317880794701986,-0.0214190093708166,-0.0305039787798409,-0.0121621621621621,-0.0317880794701986,0.0413793103448276,0.0,36950.0,37382.5,36697.5,-0.0108254397834911,-0.0222697786397378,-0.0040193473669868,46.850832267889615,-0.0305039787798409,-0.0121621621621621,67.0532358473647,162.67784381597212,-95.62460796860742,0.0261178844784914,0.0231454238776233,1102.2814723420795,0.3268576972553427,1078097.75,0.9108162965742208,-0.0861833105335156
660,2024-11-07,0.0081716036772216,0.0595813204508857,-0.0040363269424823,0.0573111944295661,0.0,0.0269290523045053,0.0081716036772216,192520.0,192125.0,179651.66666666666,0.0253480157905672,0.027456083279115,0.0987930346689427,56.901294257704464,-0.0040363269424823,0.0573111944295661,3904.522548257635,4156.034877612181,-251.51232935454573,0.0324703392706671,0.0294853563845997,8018.913841675052,-0.1398163370815934,4032854.8,0.7380741801068563,-0.1236068895643364
5380,2024-11-07,0.0048426150121065,-0.0348837209302325,-0.0919037199124725,-0.1565040650406504,0.0196560196560195,0.0472636815920397,-0.0145278450363196,211800.0,228575.0,239200.0,-0.0203021718602455,-0.092201684348682,-0.1325250836120401,29.56850416062275,-0.0919037199124725,-0.1565040650406504,-8919.269989908935,-6759.005952406625,-2160.26403750231,0.0202601653658618,0.0202369154304205,7323.248962281647,-0.410746361036638,774225.85,1.431314906367438,-0.0289156626506024
5930,2024-11-07,0.0034904013961605,-0.0287162162162162,0.0159010600706712,-0.0237691001697792,0.0105448154657292,0.0228873239436619,-0.0069808027923211,57880.0,58660.0,66063.33333333333,-0.0065653075328265,-0.0197749744289124,-0.129623088955043,38.81511672910441,0.0159010600706712,-0.0237691001697792,-1647.4846479847763,-1969.1013460769104,321.6166980921337,0.0112115312753461,0.0196649250990308,1716.6871872552406,-0.2285472649237845,23406562.9,0.7281334757611935,-0.1321739130434782
35420,2024-11-07,0.0192853091321612,0.0570588235294118,0.0441603718768157,0.0423433874709977,0.0216031836270609,0.029209621993127,-0.0022688598979012,175580.0,173550.0,166663.33333333334,0.0234650871397652,0.0354364736387209,0.0782215644312884,61.85108658154173,0.0441603718768157,0.0423433874709977,2104.0309392509516,1689.3302890995456,414.7006501514061,0.0159158835755884,0.0178990694833644,4327.089049638281,0.5610613330250303,574647.9,1.1748411505549743,0.0489705063995549
35720,2024-11-07,0.0,-0.0108254397834911,-0.0240320427236314,-0.0214190093708166,0.0,0.0221606648199446,0.0,36870.0,37342.5,36673.333333333336,-0.0086791429346352,-0.0212224676976635,-0.0033630249045628,46.850832267889615,-0.0240320427236314,-0.0214190093708166,14.782800305874844,133.09883511395267,-118.31603480807784,0.0258730766946432,0.0230306624726425,1080.6899386033597,-0.2405552630533765,1020359.6,0.7308560629017457,-0.1025991792065663
660,2024-11-08,0.0157041540020264,0.1004390779363337,-0.0024875621890547,0.0779569892473117,0.0,0.0211267605633802,0.0157041540020264,196180.0,192850.0,180171.66666666663,0.0220205933326536,0.0396681358568835,0.1128275811032071,58.85396830142206,-0.0024875621890547,0.0779569892473117,4252.8581014080555,4175.399522371356,77.45857903669912,0.0263918373038259,0.0295647642753858,7846.134281555405,0.0184868636332178,4010650.15,0.7558806893191619,-0.1112219451371571
5380,2024-11-08,-0.0192771084337349,-0.0468384074941452,-0.097560975609756,-0.1810865191146881,-0.0286396181384248,0.039506172839506,0.0096385542168675,209800.0,226325.0,238658.33333333337,-0.0300285986653956,-0.1008505467800728,-0.1473165962498691,27.40565227738651,-0.097560975609756,-0.1810865191146881,-9483.043973285152,-7303.81355658233,-2179.2304167028215,0.0210035622782757,0.0198929096177565,7371.588322118673,-0.3531093406102543,795922.85,0.9006639274145729,0.0122850122850122
5930,2024-11-08,-0.0086956521739129,-0.0222984562607203,0.0196779964221824,-0.0387858347386171,-0.0172413793103448,0.0228070175438597,0.0086956521739129,57620.0,58545.0,65768.33333333333,-0.0107601527247483,-0.0263899564437611,-0.1333215073110158,37.20238745423955,0.0196779964221824,-0.0387858347386171,-1627.7948499964623,-1900.8400468608208,273.04519686435833,0.0101707424885727,0.0196461251273735,1686.9238167370092,-0.1857470547321725,22619234.25,0.6135219188509885,-0.0614035087719297
35420,2024-11-08,-0.028380634390651,0.0288744843842074,0.0405244338498211,0.0075014425851125,-0.0438116100766703,0.0523891767415083,0.0161380077907624,176560.0,173615.0,166861.66666666666,-0.0111010421386497,0.0056734729142067,0.046375740383751,53.501146991855435,0.0405244338498211,0.0075014425851125,1981.5415790170955,1747.7725470830555,233.76903193403996,0.0238394989581029,0.0191374859423384,4668.011260378404,0.8267670932574949,607473.15,2.0301917870773383,0.0882016036655211
35720,2024-11-08,-0.042407660738714,-0.0318118948824343,-0.0410958904109589,-0.0641711229946524,-0.0527740189445196,0.0704022988505748,0.0109439124487005,36640.0,37222.5,36618.333333333336,-0.0447598253275108,-0.0597085096379877,-0.0441946201811479,39.00685226811824,-0.0410958904109589,-0.0641711229946524,-149.98500874009187,76.48206634314377,-226.46707508323564,0.0309918660304523,0.0248217244530837,1178.497800131691,1.984157932565948,1088327.9,2.0447826431721543,-0.0271428571428571
660,2024-11-11,-0.0394014962593516,-0.0072164948453607,-0.0173469387755101,0.0271999999999998,-0.0336176618163572,0.0358627858627857,-0.0059850374064838,195900.0,193105.0,180658.33333333337,-0.0168453292496171,-0.0026151575567696,0.0661008349093592,52.34528454377875,-0.0173469387755101,0.0271999999999998,3847.10552223635,4109.740722344355,-262.63520010800494,0.0226733124686518,0.0311012401828556,7864.267547158591,-0.1304214016947638,3976996.0,0.6628598570378246,-0.1085150571131879
5380,2024-11-11,0.0368550368550368,-0.0254041570438798,-0.0684326710816777,-0.1509054325955734,0.0368550368550368,0.0442260442260442,0.0,208700.0,224450.0,238233.33333333337,0.011020603737422,-0.0599242593005123,-0.114313698055128,36.748030259694005,-0.0684326710816777,-0.1509054325955734,-9218.387761135062,-7686.728397492877,-1531.6593636421849,0.0284989064878134,0.0223932950693206,7487.90344196734,0.194850033270141,823366.4,1.040288989203349,0.028436018957346
5930,2024-11-11,-0.0350877192982456,-0.0630323679727428,-0.0533562822719448,-0.0953947368421053,-0.0299823633156967,0.0327272727272727,-0.0052631578947368,56880.0,58255.0,65461.666666666664,-0.0330520393811533,-0.0558750321860784,-0.1598136313873258,31.554714906538297,-0.0533562822719448,-0.0953947368421053,-1753.3621609743132,-1871.3444696835193,117.98230870920612,0.0147636632458087,0.0199023030986803,1709.2864012557943,1.1481930759920664,23065488.1,1.2924645631062972,0.0309090909090909
35420,2024-11-11,0.0080183276059564,0.0017074558907228,0.0328638497652582,0.0268378063010501,0.0080183276059564,0.032069970845481,0.0,176620.0,173845.0,167083.33333333334,-0.003510361227494,0.0123960999741148,0.0533665835411469,55.28568232311384,0.0328638497652582,0.0268378063010501,1974.673372805206,1793.1527122274858,181.52066057772004,0.0177665058837351,0.0190067948426793,4727.4390274942325,-0.4689305895545805,606339.5,1.080188574222857,0.084090909090909
35720,2024-11-11,-0.0371428571428571,-0.0977242302543507,-0.1001335113484646,-0.0767123287671233,-0.0385164051355206,0.0415430267062315,0.0014285714285713,35910.0,37082.5,36539.166666666664,-0.0615427457532721,-0.0912155329333243,-0.0777020092594703,33.882992199344514,-0.1001335113484646,-0.0767123287671233,-381.0710698588373,-15.028560897252444,-366.0425089615849,0.0238638542303206,0.0255665343523911,1194.3193858365703,-0.3224790756153741,1109441.3,1.3590182734318617,0.0415430267062315
660,2024-11-12,-0.0353063343717549,-0.0383022774327121,-0.0236468733578559,-0.0368066355624675,-0.0348051948051948,0.0411032990805841,-0.0005192107995846,194420.0,192750.0,180896.66666666663,-0.0443370023660116,-0.0360570687418936,0.027105714127771,47.47810567162614,-0.0236468733578559,-0.0368066355624675,2942.9164015492715,3876.3758581853385,-933.459456636067,0.0274506177663496,0.0314734047130748,7852.534150932977,0.4870902753252704,3969990.45,0.987471896815268,-0.0818083961248654
5380,2024-11-12,-0.0189573459715639,-0.0372093023255813,-0.0758928571428571,-0.1585365853658537,-0.028169014084507,0.0338983050847456,0.009478672985782,207100.0,222500.0,237633.33333333337,-0.0004828585224528,-0.0696629213483146,-0.128910085565998,34.218721666126626,-0.0758928571428571,-0.1585365853658537,-9225.07149507862,-7994.397017010026,-1230.674478068595,0.029221166380322,0.02252633576622,7453.05319611253,0.0638313024859347,849822.7,1.0722389505481555,0.0410628019323671
5930,2024-11-12,-0.0363636363636363,-0.0798611111111111,-0.110738255033557,-0.1311475409836066,-0.0293040293040293,0.030188679245283,-0.0072727272727273,55960.0,57855.0,65100.0,-0.0528949249463902,-0.0839166882724051,-0.1858678955453149,27.12081296778831,-0.110738255033557,-0.1311475409836066,-1991.3039326979924,-1895.336362286414,-95.96757041157844,0.0182209524111668,0.0209977353586157,1730.051658308952,0.2734381892304958,23827870.2,1.5932133539992173,0.0622641509433963
35420,2024-11-12,0.0306818181818182,0.0277620396600566,0.0721040189125294,0.0353881278538812,0.0324416619237335,0.0404097894137733,-0.0017045454545454,177600.0,174155.0,167378.33333333334,0.0213963963963963,0.0416008727857368,0.0837722923118284,61.4337755280622,0.0721040189125294,0.0353881278538812,2377.5581300715858,1910.033795796306,467.5243342752799,0.0224844827059863,0.0195806743789272,4896.907668387502,1.6078682547510463,638898.25,2.673433524039235,0.0639470782800442
35720,2024-11-12,-0.0133531157270029,-0.119205298013245,-0.1097724230254351,-0.1168658698539176,-0.0044910179640718,0.0331325301204818,-0.0089020771513352,35010.0,36862.5,36476.666666666664,-0.0502713510425593,-0.0979993218040014,-0.0884583752170337,32.30127143007094,-0.1097724230254351,-0.1168658698539176,-593.6761482868169,-130.75807837516535,-462.9180699116515,0.0177283992508007,0.0242520117224543,1187.582286848244,-0.0416899076836957,1107380.4,1.3047846972910122,0.0902255639097744
660,2024-11-13,-0.0156081808396124,-0.0658835546475995,-0.062051282051282,-0.030736618971913,-0.0150780829294561,0.037787513691128,-0.0005382131324004,191840.0,192460.0,180995.0,-0.0466013344453711,-0.0496726592538709,0.0105251526285257,45.533615953701045,-0.062051282051282,-0.030736618971913,1969.6295816201016,3495.0266028722913,-1525.3970212521897,0.0248654607747867,0.0312930989742122,7784.495997294908,-0.1906577992140304,3889265.95,0.8157907020989398,-0.0672498633132859
5380,2024-11-13,-0.0342995169082125,-0.0319612590799031,-0.0934240362811791,-0.1906882591093117,-0.0296116504854369,0.0305152576288143,-0.0048309178743961,205780.0,220145.0,236906.66666666663,-0.028574205462144,-0.0919621158781711,-0.1562077892841061,30.24008887048946,-0.0934240362811791,-0.1906882591093117,-9691.56078526142,-8333.829770660304,-1357.731014601115,0.0278343927467899,0.023041068003859,7427.835110675921,-0.145592742860341,848759.4,0.9172764390002632,0.0930465232616308
5930,2024-11-13,-0.0452830188679245,-0.1169284467713787,-0.143824027072758,-0.1495798319327731,-0.0269230769230769,0.0495049504950495,-0.0188679245283018,54620.0,57410.0,64685.0,-0.0735994141340168,-0.1186204493990593,-0.2177475457988714,22.9528457803563,-0.143824027072758,-0.1495798319327731,-2346.4856178638656,-1985.5662134019044,-360.9194044619612,0.0207241207143902,0.0223847472249492,1785.047968429741,0.3836672459079173,25289106.55,2.0770996751563766,0.092885375494071
35420,2024-11-13,0.0044101433296581,0.0334656834940443,0.0447247706422018,0.0293785310734462,0.0044101433296581,0.0244852531997774,0.0,178780.0,174415.0,167743.33333333334,0.0191296565611365,0.0446349224550641,0.0861832561651729,62.26163724547503,0.0447247706422018,0.0293785310734462,2729.9315651940124,2074.013349675847,655.9182155181652,0.0221985186003509,0.0194927437460673,4861.41426350268,-0.2830493451019056,656883.15,1.8642417605018489,0.0598243688254664
35720,2024-11-13,0.0045112781954887,-0.0861833105335156,-0.1057563587684069,-0.1117021276595744,0.0121212121212122,0.0197869101978691,-0.0075187969924812,34380.0,36652.5,36415.0,-0.0285049447353111,-0.0887388309119432,-0.0827955512838116,33.41704117422633,-0.1057563587684069,-0.1117021276595744,-741.5157265618764,-252.90960801250756,-488.6061185493688,0.0212956401497217,0.0243450843125088,1149.1835520733694,-0.1763057887331449,1112680.6,1.0696241131552036,0.0628742514970059
660,2024-11-14,-0.054127938764352,-0.1236068895643364,-0.0713902308105206,-0.1173469387755101,-0.054127938764352,0.0768782760629003,0.0,186960.0,191310.0,180846.66666666663,-0.0746683782627299,-0.095708535884167,-0.0433885059166143,39.574884604881035,-0.0713902308105206,-0.1173469387755101,394.89341692777816,2874.999965683389,-2480.1065487556107,0.0269457679624256,0.0319579414560191,8171.317711773843,0.988563511341778,4004887.05,1.5754172143256826,-0.0242774566473988
5380,2024-11-14,0.0080040020010005,-0.0289156626506024,-0.0627906976744185,-0.1443736730360934,0.0049875311720697,0.0314242270653826,0.0030015007503751,204580.0,218445.0,236215.0,-0.015055235115847,-0.0775710132985419,-0.1469635713227356,32.154509565697765,-0.0627906976744185,-0.1443736730360934,-9818.963382581162,-8630.856493044475,-1188.106889536686,0.0281807653741931,0.0217097561066746,7340.132602770498,0.049573115046362,843463.5,0.9687935518253012,0.0694789081885856
5930,2024-11-14,-0.0138339920948616,-0.1321739130434782,-0.1570945945945946,-0.1641541038525963,-0.0059760956175298,0.0380761523046091,-0.0079051383399209,53100.0,56920.0,64248.333333333336,-0.0602636534839924,-0.123330990864371,-0.2233261563205271,21.89589266137962,-0.1570945945945946,-0.1641541038525963,-2653.861745924143,-2119.225319906352,-534.6364260177911,0.0157489222691277,0.0222622012864211,1793.2588278276169,-0.0764788376179216,26545998.65,1.8274209849701777,0.1302605210420842
35420,2024-11-14,0.0345773874862789,0.0489705063995549,0.1088235294117647,0.0771428571428571,0.0255712731229598,0.0409836065573769,0.0087815587266739,180540.0,175090.0,168278.33333333334,0.0440899523651268,0.0765891827060369,0.1201679756752205,68.07374773930056,0.1088235294117647,0.0771428571428571,3477.4613896894152,2354.702957678561,1122.7584320108544,0.0251988896588654,0.0205612994909001,5107.027530395346,0.7743324494993831,736967.15,2.9483376565699024,0.0063660477453579
35720,2024-11-14,-0.0179640718562874,-0.1025991792065663,-0.1123139377537212,-0.1218206157965193,-0.0179640718562874,0.0552995391705068,0.0,33630.0,36425.0,36355.0,-0.0246803449301219,-0.0995195607412491,-0.0977857241094759,31.201812493592712,-0.1123139377537212,-0.1218206157965193,-896.7573821726837,-381.6791628445428,-515.0782193281409,0.0189540814206147,0.024501206158233,1195.670441210986,0.543532327857833,1165823.8,1.575739833069114,0.0716463414634145
660,2024-11-15,0.0300578034682081,-0.1112219451371571,-0.0219538968166849,-0.0485851575013347,0.0241379310344826,0.0311059907834101,0.0057803468208093,182500.0,190855.0,180705.0,-0.0235616438356164,-0.0663068821880484,-0.013862372374865,43.73952843761416,-0.0219538968166849,-0.0485851575013347,-428.5596285368956,2214.288046839332,-2642.8476753762275,0.0326308812827079,0.0315521271360415,8016.223589504283,-0.3136000309381225,3945929.8,1.097523326441337,-0.0084175084175084
5380,2024-11-15,0.022332506203474,0.0122850122850122,-0.0351288056206089,-0.1215351812366737,0.03,0.0430215107553777,-0.0074441687344912,205080.0,217020.0,235631.66666666663,0.0044860542227422,-0.0507787300709612,-0.125754178484782,37.36109316631391,-0.0351288056206089,-0.1215351812366737,-9447.908854753798,-8794.26696538634,-653.6418893674581,0.0292322654607825,0.0227123464312915,7430.123131144034,-0.1318571313186691,844114.9,0.8404021774760758,0.0533980582524271
5930,2024-11-15,0.0721442885771543,-0.0614035087719297,-0.0823327615780445,-0.0962837837837837,0.0636182902584492,0.077534791252485,0.0080160320641282,52400.0,56635.0,63853.333333333336,0.0209923664122138,-0.0553544627880285,-0.1621424096888704,37.76763590953212,-0.0823327615780445,-0.0962837837837837,-2577.2605727984555,-2210.832370484773,-366.4282023136825,0.0482636432145773,0.0286781172659659,1972.311768697073,-0.0357906495503106,28163709.9,1.660806945039581,0.0467289719626167
35420,2024-11-15,0.0079575596816976,0.0882016036655211,0.1196228638774308,0.0746606334841628,-0.0026246719160104,0.0202020202020201,0.0106100795755967,183620.0,175750.0,168823.33333333334,0.0347456704062738,0.0810810810810811,0.1254368471972673,69.28661664123706,0.1196228638774308,0.0746606334841628,4143.161834639526,2712.3947330707542,1430.767101568772,0.0142917291685966,0.0205299478294397,5013.668421081393,-0.469335354662219,766093.65,1.5050940573649187,0.0
35720,2024-11-15,0.0381097560975609,-0.0271428571428571,-0.0580912863070539,-0.1155844155844155,0.0287009063444108,0.0485584218512897,0.0091463414634145,33440.0,36202.5,36309.166666666664,0.0182416267942584,-0.059457219805262,-0.0622202841339422,40.10926759486899,-0.0580912863070539,-0.1155844155844155,-908.4509028686444,-487.0335108493631,-421.4173920192812,0.0283715511681667,0.0251292522544418,1235.2654096959157,-0.2766523229007612,1133494.05,1.1723175785527944,0.0587371512481644
660,2024-11-18,-0.0364758698092031,-0.1085150571131879,-0.1149484536082474,-0.1005762179151388,-0.0120828538550057,0.0440399295361126,-0.0246913580246913,178320.0,189895.0,180238.33333333337,-0.0371242709735307,-0.095816108902288,-0.0473724605383613,40.02591775575293,-0.1149484536082474,-0.1005762179151388,-1587.349796595663,1453.960478152333,-3041.310274747996,0.0322848936059362,0.0320334603140024,8007.921904539691,-0.1027780407550654,4018784.8,0.9668703833059188,0.0308677926616192
5380,2024-11-18,0.0533980582524271,0.028436018957346,0.0023094688221709,-0.0843881856540084,0.0533980582524271,0.0582524271844659,0.0,206280.0,216020.0,234998.33333333337,0.0519681985650573,0.0045366169799092,-0.0765891956680544,47.88867912439938,0.0023094688221709,-0.0843881856540084,-8172.035263381898,-8669.820624985452,497.7853616035536,0.0345116547337458,0.0261357156445504,7756.542907490889,0.5731594201264174,877727.45,1.2714573299490637,0.0092165898617511
5930,2024-11-18,0.0598130841121495,0.0309090909090909,-0.0340715502555366,-0.0389830508474576,-0.0052631578947368,0.0286225402504471,0.0654205607476634,52740.0,56520.0,63461.666666666664,0.0750853242320819,0.0031847133757962,-0.1065472595004858,47.90214584577871,-0.0340715502555366,-0.0389830508474576,-2232.604262539884,-2215.1867488957955,-17.417513644088558,0.0549557510442066,0.0321035412892149,2117.146642361568,0.0282365268158484,29642726.35,1.622496980612581,0.0211640211640211
35420,2024-11-18,0.0042105263157894,0.084090909090909,0.0859419464997153,0.0791855203619908,-0.0010471204188481,0.0132065504490226,0.0052631578947368,186580.0,176450.0,169378.33333333334,0.0226176439060992,0.0813261547180503,0.1264722957481772,69.94246390152396,0.0859419464997153,0.0791855203619908,4681.324156641553,3106.180617784914,1575.1435388566388,0.0149833006304534,0.0205104372268853,4834.120676718437,-0.3407843419542896,777201.25,0.9780015150516034,0.0125786163522012
35720,2024-11-18,0.0308370044052863,0.0415430267062315,-0.0602409638554216,-0.1091370558375635,0.0384615384615385,0.0414201183431952,-0.0073421439060205,33720.0,35987.5,36285.0,0.0409252669039146,-0.0246613407433136,-0.0326581231914013,46.3883966635893,-0.0602409638554216,-0.1091370558375635,-823.4990925550155,-554.3266271904937,-269.1724653645218,0.0253449664243259,0.0256357362356282,1247.0321661462074,-0.022718738123817,1109719.8,1.1702287370199216,0.0299145299145298
660,2024-11-19,-0.0064065230052416,-0.0818083961248654,-0.1169772256728778,-0.0915867944621938,0.0011737089201877,0.0285544318857822,-0.007571345369831,175280.0,189035.0,179850.0,-0.0267001369237791,-0.0975216229798714,-0.0514317486794551,39.416017203650114,-0.1169772256728778,-0.0915867944621938,-2564.89366277738,650.1896499663904,-3215.0833127437704,0.0319577811190623,0.0319239252364328,7778.784625643999,0.0487355506577544,4049187.3,1.00637799590056,0.0381008206330597
5380,2024-11-19,-0.0069124423963133,0.0410628019323671,0.0023255813953488,-0.0810234541577825,-0.0069124423963133,0.028169014084507,0.0,207980.0,215070.0,234340.0,0.0361573228195017,0.0019993490491467,-0.0803960058035333,46.735194167931155,0.0023255813953488,-0.0810234541577825,-7198.948714433762,-8375.646242875115,1176.697528441353,0.0326984778036451,0.0261009337427988,7631.075556955826,-0.5154163153353113,878875.35,0.6153227531071386,0.037122969837587
5930,2024-11-19,-0.0070546737213403,0.0622641509433963,-0.0225694444444444,-0.024263431542461,-0.0035398230088495,0.0286225402504471,-0.0035273368606701,53400.0,56450.0,63095.0,0.0543071161048689,-0.0026572187776793,-0.1076947460179095,46.87455944326772,-0.0225694444444444,-0.024263431542461,-1969.0404381203189,-2165.9574867407005,196.9170486203816,0.0505186886519136,0.0317723869600954,2080.207596478599,-0.3442254174290949,29840581.6,1.056937576578601,0.0355239786856127
35420,2024-11-19,0.0115303983228511,0.0639470782800442,0.093484419263456,0.1273364485981307,0.0141881240147136,0.0210304942166141,-0.0026205450733752,188900.0,177540.0,169985.0,0.0217046056114347,0.0870789681198602,0.1353942994970145,71.73024549814157,0.093484419263456,0.1273364485981307,5225.111455570324,3529.9667853419965,1695.144670228328,0.0126800942845339,0.0187534221960148,4774.540628381405,0.2687947965015314,787143.9,1.2252092660566891,0.0134715025906735
35720,2024-11-19,0.0327635327635327,0.0902255639097744,-0.0397350993377483,-0.0294511378848728,0.0416666666666667,0.0416666666666667,-0.0085470085470085,34320.0,35932.5,36278.333333333336,0.0562354312354311,0.0088360119668824,-0.0007809987595902,52.288457238315914,-0.0397350993377483,-0.0294511378848728,-655.8189096306014,-574.6250836785152,-81.19382595208617,0.0237797481638443,0.0245134517489342,1261.5298685643354,0.1440037393368067,1094631.35,1.3571993895479058,0.0206896551724138
660,2024-11-20,0.0,-0.0672498633132859,-0.128702757916241,-0.1295918367346938,-0.0251428571428571,0.0287896592244418,0.0257913247362251,172820.0,187765.0,179365.0,-0.0128457354472861,-0.0914174633185098,-0.0488668357817857,39.41601720365011,-0.128702757916241,-0.1295918367346938,-3301.5460518054897,-140.15749038798555,-3161.388561417504,0.0328188578239922,0.0298994503649766,7573.157152383714,-0.094654176563363,4015348.15,0.9187985355640956,-0.0134818288393904
5380,2024-11-20,0.0139211136890951,0.0930465232616308,0.0581113801452783,-0.0933609958506224,0.0258215962441314,0.0376470588235293,-0.0116009280742459,211700.0,213945.0,233715.0,0.0321209258384507,0.0212905185912266,-0.0651006567828338,49.36224340419351,0.0581113801452783,-0.0933609958506224,-6115.203427201632,-7923.557679740418,1808.3542525387863,0.0224102082389799,0.0253942198135739,7657.427302887553,0.0588488735040459,873937.0,0.655215421706599,0.011441647597254
5930,2024-11-20,-0.0177619893428063,0.092885375494071,-0.0349040139616055,-0.0642978003384094,-0.0142602495543672,0.031021897810219,-0.0035523978685613,54340.0,56260.0,62701.666666666664,0.0176665439823333,-0.0170636331318876,-0.1180457723080193,44.31514705904598,-0.0349040139616055,-0.0642978003384094,-1819.8774367873775,-2096.741476750036,276.86403996265835,0.0435827107981604,0.0314184503647257,2053.049911015842,-0.3384619389344809,29518775.95,0.70682697125861,0.0180831826401446
35420,2024-11-20,0.0005181347150258,0.0598243688254664,0.0952921157118547,0.1194202898550724,-0.0020671834625323,0.0141139571353894,0.0025906735751295,191080.0,178570.0,170593.33333333334,0.0105714883818295,0.0813686509492075,0.131931689397788,71.81231513184704,0.0952921157118547,0.1194202898550724,5599.587413926813,3943.89091105896,1655.6965028678528,0.0134025978994105,0.0187919984485936,4626.359154925591,-0.2808196877695932,792355.45,0.8753508289745467,0.0512687726566545
35720,2024-11-20,-0.0206896551724138,0.0628742514970059,-0.0287277701778385,-0.0583554376657824,-0.0125173852573018,0.0212765957446807,-0.0082758620689654,34740.0,35822.5,36261.666666666664,0.0218767990788715,-0.0090027217530881,-0.0210047341085627,48.53684997040325,-0.0287277701778385,-0.0583554376657824,-576.800887001722,-575.0602443431567,-1.7406426585653207,0.0292927765384583,0.0247510949448776,1242.849163666883,-0.3182138522771102,1104716.15,0.916872628321764,0.0802816901408449
660,2024-11-21,-0.0105509964830011,-0.0242774566473988,-0.1448834853090171,-0.148335015136226,0.0035671819262781,0.028537455410226,-0.0140679953106682,171980.0,186295.0,178968.33333333334,-0.0184905221537388,-0.0939101961942081,-0.0568163827865265,38.3082234141239,-0.1448834853090171,-0.148335015136226,-3984.6606466075177,-909.058121631892,-3075.6025249756253,0.0238591915668801,0.0296155095267533,7375.07449864202,0.0358350210988762,3889197.5,0.9825939670073324,-0.0456161137440758
5380,2024-11-21,-0.0137299771167047,0.0694789081885856,0.0385542168674699,-0.0568927789934354,-0.0137299771167047,0.0185614849187936,0.0,214500.0,213295.0,233098.33333333337,0.0046620046620047,0.010337795072552,-0.0754974653043423,46.87263023809398,0.0385542168674699,-0.0568927789934354,-5435.7425505701685,-7425.994653906368,1990.2521033362,0.0265881996425249,0.0229731737720827,7396.182495538443,-0.127275299196496,838434.8,0.5960356130256044,0.0162412993039442
5930,2024-11-21,0.0198915009041591,0.1302605210420842,-0.0191304347826086,-0.0035335689045936,0.0273224043715847,0.040219378427788,-0.0072332730560579,55640.0,56250.0,62336.666666666664,0.0136592379583033,0.0026666666666665,-0.0952355489011282,47.69811423815045,-0.0191304347826086,-0.0035335689045936,-1594.5232056941968,-1996.297822538868,401.7746168446713,0.0397363039230707,0.0303690956274604,2063.546345943282,-0.0847277840571335,28898622.35,0.660822158534488,-0.0159574468085106
35420,2024-11-21,-0.0176074572760227,0.0063660477453579,0.0556483027267669,0.1022661243463103,-0.0150571131879543,0.0201164637374271,-0.0025893319523563,191320.0,179450.0,171148.33333333334,-0.0084674890236253,0.0571189746447478,0.1083952516822639,64.91228545472548,0.0556483027267669,0.1022661243463103,5557.942225585866,4266.701173964341,1291.241051621525,0.0113529311733248,0.0194404266316843,4595.904929573763,0.2791062141988987,817488.0,1.0852440647446813,0.0780179230363731
35720,2024-11-21,-0.0098591549295774,0.0716463414634145,-0.0383036935704514,-0.0614152202937249,0.0086083213773313,0.0286944045911048,-0.0183098591549295,35210.0,35707.5,36237.5,-0.0017040613462084,-0.015612966463628,-0.0300103483959985,46.84761339685274,-0.0383036935704514,-0.0614152202937249,-536.239178252581,-567.2960311250416,31.05685287246058,0.0273367740392955,0.0247884984023745,1225.5027948335342,0.0925219472318645,1128194.05,0.9808578586281322,0.0867709815078237
660,2024-11-22,0.0468009478672986,-0.0084175084175084,-0.1187032418952618,-0.1208955223880596,0.0291205591147349,0.0408878504672898,0.0171800947867297,171680.0,185080.0,178728.33333333334,0.0292404473438956,-0.0452777177436783,-0.0113486949467068,45.54232425714322,-0.1187032418952618,-0.1208955223880596,-3844.2557206363417,-1496.097641432782,-2348.1580792035597,0.0302670902448173,0.0317035626337443,7519.712034453305,0.0257676170259757,3808678.05,1.0292214118754406,-0.0950764006791171
5380,2024-11-22,0.0069605568445476,0.0533980582524271,0.0663390663390663,-0.0376940133037694,0.0046296296296295,0.0186480186480186,0.0023201856148491,216700.0,212870.0,232581.66666666663,0.0013844023996307,0.019401512660309,-0.0669943890676393,48.27729566914747,0.0663390663390663,-0.0376940133037694,-4721.797504199989,-6885.155223965093,2163.357719765104,0.0262416716567251,0.0229312100233257,7153.598031571411,-0.1614469210804883,803546.0,0.5215084139551438,0.0069124423963133
5930,2024-11-22,-0.0070921985815602,0.0467289719626167,-0.0175438596491228,0.0017889087656528,0.0,0.0143112701252237,-0.0070921985815602,56140.0,56255.0,61965.0,-0.0024937655860348,-0.004532930406186,-0.0962640200112967,46.58969871636194,-0.0175438596491228,0.0017889087656528,-1431.7012502144207,-1883.3785080739788,451.6772578595581,0.0313526178020761,0.0302764730360363,1973.293035518762,-0.1997872423986154,28371233.75,0.5386280742902131,-0.0321428571428571
35420,2024-11-22,0.0015814443858723,0.0,0.0882016036655211,0.1323003575685339,0.0021097046413502,0.0181430096051227,-0.000527148128624,191320.0,180560.0,171570.0,-0.0068994355007317,0.052281789986708,0.1074197120708748,65.22974394068264,0.0882016036655211,0.1323003575685339,5485.9074800129165,4510.542435174057,975.3650448388598,0.0107640575163855,0.0181438642795501,4510.483148889923,-0.143918780306907,824111.8,0.921589764883842,0.0868421052631578
35720,2024-11-22,0.0256045519203413,0.0587371512481644,0.03,-0.0123287671232876,0.0241477272727272,0.0369843527738265,0.0014224751066855,35610.0,35685.0,36212.5,0.0123560797528783,0.0102283872775676,-0.0044874007594062,51.520018428668415,0.03,-0.0123287671232876,-426.55420213000616,-539.1476653260346,112.59346319602844,0.0250854337865367,0.0249736121958965,1230.824023773996,-0.0100506236230319,1140350.55,0.9606484602475966,0.1123439667128987
660,2024-11-25,0.0016977928692698,0.0308677926616192,-0.0809968847352025,-0.0969387755102041,0.0143266475644698,0.0322024151811386,-0.0124504810413129,172740.0,184130.0,178586.66666666666,0.0246613407433136,-0.0387226416119046,-0.0088845751829176,45.80223099466843,-0.0809968847352025,-0.0969387755102041,-3666.511055324052,-1930.180324211036,-1736.330731113016,0.0231657535930647,0.0314241030925244,7382.589746278069,0.1208959857631672,3822662.85,1.1494296443119487,-0.1028248587570621
5380,2024-11-25,0.0092165898617511,0.0092165898617511,0.0379146919431279,-0.0331125827814569,0.0,0.0230946882217089,0.0092165898617511,217100.0,212495.0,232023.33333333337,0.0087517273146016,0.0306124849996469,-0.0561294122717542,50.16910216089889,0.0379146919431279,-0.0331125827814569,-3949.0850319247697,-6297.941185557029,2348.8561536322595,0.0116790820782248,0.0230229708648716,6999.769600744882,0.7331836317819098,807909.1,0.8989885124452739,-0.0136986301369863
5930,2024-11-25,0.0339285714285715,0.0211640211640211,0.0527272727272727,-0.0034423407917383,0.0087108013937282,0.0211640211640211,0.0249999999999999,56380.0,56245.0,61635.0,0.0269599148634267,0.0294248377633568,-0.0605986858116329,52.26415549716083,0.0527272727272727,-0.0034423407917383,-1136.2515557477673,-1733.9531176087366,597.7015618609694,0.0216006684161534,0.0299324078377255,1968.057818695993,1.3713132240638264,28794349.55,1.258487361802552,-0.0742659758203799
35420,2024-11-25,0.0168421052631579,0.0125786163522012,0.0977272727272726,0.1338028169014085,0.0163072067332983,0.030949839914621,0.0005263157894737,191800.0,181700.0,172041.66666666666,0.0072992700729928,0.0632911392405062,0.122983773310729,68.50323539269084,0.0977272727272726,0.1338028169014085,5622.22319239864,4732.878586618974,889.3446057796664,0.0131937377137974,0.0181819233027628,4602.591495397785,2.075626766803644,924910.5,2.525560040674206,0.053312629399586
35720,2024-11-25,0.0027739251040221,0.0299145299145298,0.0727002967359049,-0.034712950600801,-0.0068681318681318,0.0167364016736402,0.0097087378640776,35820.0,35620.0,36190.833333333336,0.0092127303182578,0.014879281302639,-0.0011282783393585,52.02465416389537,0.0727002967359049,-0.034712950600801,-327.7804550011497,-496.8742232610576,169.09376825990796,0.0227750565989732,0.0242119111875074,1185.7651649329964,0.0855436358258876,1165503.4,1.020320489841557,0.1659751037344399
660,2024-11-26,0.0005649717514124,0.0381008206330597,-0.0468245425188375,-0.0693641618497109,0.0108447488584475,0.0171722953634803,-0.0101694915254236,174040.0,183470.0,178545.0,0.0175821650195358,-0.0347195726821824,-0.0080931977932734,45.89492675137755,-0.0468245425188375,-0.0693641618497109,-3477.4916046625585,-2239.642580301341,-1237.8490243612175,0.0224065173719204,0.0309043009519544,7069.547621543922,-0.545702865939504,3719069.7,0.5367277736149983,-0.0688876341050254
5380,2024-11-26,0.0205479452054795,0.037122969837587,0.0797101449275361,-0.0022321428571429,0.025229357798165,0.0369515011547343,-0.0045662100456621,218700.0,212470.0,231590.0,0.0219478737997256,0.051913211276886,-0.0349324236797788,54.2258925930647,0.0797101449275361,-0.0022321428571429,-2939.7053453054396,-5626.2940175067115,2686.588672201272,0.0128972964735267,0.0234094640294764,7071.214629263105,-0.0065496261191985,806677.4,0.8944641315103162,-0.0402684563758389
5930,2024-11-26,0.0069084628670121,0.0355239786856127,0.1,-0.0218120805369127,0.0069084628670121,0.0243478260869565,0.0,56780.0,56180.0,61338.333333333336,0.0267699894328989,0.0377358490566037,-0.0495340053799961,53.386943894733506,0.1,-0.0218120805369127,-859.9163073109521,-1559.1457555491795,699.2294482382276,0.0206333493054091,0.0293756516619199,1927.482260217708,-0.3595166033916687,28536354.1,0.8133276212745061,-0.0806174957118353
35420,2024-11-26,0.0124223602484472,0.0134715025906735,0.0782800441014333,0.1560283687943262,0.0176899063475546,0.0197710718002082,-0.0051759834368529,192320.0,183020.0,172456.66666666666,0.0170549084858568,0.0687356573052124,0.134197962773257,70.72903618091186,0.0782800441014333,0.1560283687943262,5856.405323841609,4957.583934063501,898.8213897781079,0.0133502320809765,0.0179407766458425,4545.263531440801,-0.5736505192607443,957082.45,1.040575971276038,0.0685071574642126
35720,2024-11-26,0.0235131396957122,0.0206896551724138,0.1127819548872179,-0.0093708165997322,0.0320781032078103,0.0348675034867502,-0.0082987551867219,35970.0,35602.5,36162.5,0.028634973589102,0.0392528614563583,0.0231593501555478,56.19825207111776,0.1127819548872179,-0.0093708165997322,-178.85195847567957,-433.26977030398206,254.4178118283025,0.0203120479401122,0.0248441671860976,1190.3533674377825,0.0327433784594013,1204379.1,1.0197163002911624,0.1608108108108108
660,2024-11-27,-0.0496894409937888,-0.0134818288393904,-0.0798250410060141,-0.1369230769230769,-0.0415717539863326,0.046456223942823,-0.0084697910784867,173580.0,182135.0,178433.33333333334,-0.0304182509505703,-0.0759601394569962,-0.0567905847188493,39.493567945654895,-0.0798250410060141,-0.1369230769230769,-3991.764210501424,-2590.0669063413575,-1401.6973041600663,0.0344561701722233,0.031840359735454,7221.722791433642,1.3830235335609742,3777890.7,1.2591205986981042,-0.0017825311942959
5380,2024-11-27,-0.0111856823266218,0.011441647597254,0.105552776388194,0.002267573696145,0.0045454545454546,0.0366132723112129,-0.0156599552572707,219200.0,212495.0,231148.33333333337,0.0082116788321167,0.0400244711640274,-0.04390398661754,51.70735541859986,0.105552776388194,0.002267573696145,-2314.8100883210136,-4963.997231669572,2649.1871433485585,0.0145030354936928,0.023272689134444,7137.556441458598,0.516931746366126,833689.05,1.3128791843913503,-0.0542986425339366
5930,2024-11-27,-0.0343053173241852,0.0180831826401446,0.1126482213438735,-0.0473773265651438,-0.024263431542461,0.0321428571428572,-0.0102915951972555,56980.0,56040.0,61013.333333333336,-0.0119340119340118,0.0046395431834405,-0.0772508741258741,47.38552807685549,0.1126482213438735,-0.0473773265651438,-793.1588755463672,-1405.9483795486174,612.7895040022502,0.0262057390786497,0.0302900918144497,1954.0906702021575,-0.0603642359638258,28634847.9,0.7616030326461067,-0.0568383658969804
35420,2024-11-27,0.0378323108384457,0.0512687726566545,0.1141602634467617,0.1639908256880733,0.0315040650406504,0.0448521916411823,0.0061349693251533,194300.0,184450.0,173041.66666666666,0.0447761194029849,0.1005692599620493,0.1731278593787624,76.29214723813152,0.1141602634467617,0.1639908256880733,6563.455081253138,5278.7581635014285,1284.6969177517094,0.0203723724024193,0.0184880350508042,4892.030422052172,1.314716989467998,1036495.95,2.2240955210678828,-0.0024630541871921
35720,2024-11-27,0.0364864864864864,0.0802816901408449,0.1482035928143712,0.0267737617135208,0.0336927223719676,0.0378378378378378,0.0027027027027026,36540.0,35652.5,36168.333333333336,0.0495347564313082,0.0756608933454876,0.0603198009308325,61.87161342784748,0.1482035928143712,0.0267737617135208,47.560418670778745,-337.1037325090299,384.66415117980864,0.018785480179007,0.0261625118077062,1205.3281269065124,0.8470001017811706,1275440.7,1.7784809595616635,0.2151238591916557
660,2024-11-28,-0.0427807486631015,-0.0456161137440758,-0.0687861271676301,-0.1352657004830918,-0.0212636695018225,0.0342039800995024,-0.021984551396316,172040.0,180875.0,178130.0,-0.0635898628225993,-0.1093296475466482,-0.095604333913434,35.171133970507455,-0.0687861271676301,-0.1352657004830918,-4923.553127207066,-3056.7641505144993,-1866.7889766925664,0.0391022344802445,0.0317282914867662,7241.5997349026675,0.1964501494696036,3833791.5,1.4845090036847337,0.0738671632526382
5380,2024-11-28,-0.009049773755656,0.0162412993039442,0.086848635235732,0.0186046511627906,-0.0223214285714286,0.0321100917431191,0.0135746606334841,219900.0,212695.0,230481.66666666663,-0.0040927694406548,0.0296433860692539,-0.0498159651165313,49.71792250156603,0.086848635235732,0.0186046511627906,-1958.384344662889,-4362.874654268236,2404.4903096053467,0.0133064759479741,0.0226252140871708,7127.7309813544125,-0.4577806242479669,809593.0,0.7330559923319495,-0.0662100456621004
5930,2024-11-28,-0.0142095914742451,-0.0159574468085106,0.1122244488977954,-0.0625,-0.0089285714285713,0.0217391304347827,-0.0053285968028419,56800.0,55855.0,60665.0,-0.0228873239436619,-0.006355742547668,-0.0851397016401549,45.196899930252584,0.1122244488977954,-0.0625,-795.6348606248721,-1283.8856757638684,488.2508151389963,0.0254180564455815,0.0303967308896094,1900.2270509020036,-0.0828696317613952,27844444.8,0.7183168543550921,-0.0324324324324324
35420,2024-11-28,0.0073891625615762,0.0780179230363731,0.0848806366047745,0.2029411764705881,0.0024509803921568,0.0297029702970297,0.0049261083743843,197260.0,186175.0,173720.0,0.0367028287539288,0.0984288975426346,0.1771816716555376,77.23656203721796,0.0848806366047745,0.2029411764705881,7162.272354652465,5655.461001731636,1506.8113529208283,0.0138663857635609,0.0167826272317439,4971.171106191303,-0.418222018630388,1079283.05,1.2426332462091385,-0.002444987775061
35720,2024-11-28,-0.0039113428943937,0.0867709815078237,0.1646341463414633,0.03382949932341,-0.0077922077922077,0.0251655629139073,0.0039113428943937,37150.0,35715.0,36185.833333333336,0.0282637954239568,0.0695786084278313,0.0556617460792667,60.92732795037742,0.1646341463414633,0.03382949932341,212.44122220522695,-227.19474156617855,439.6359637714055,0.0168507496696265,0.0260373872940314,1187.0904035560472,-0.466372208484857,1273018.35,0.9508527508656884,0.1544502617801046
660,2024-11-29,-0.0074487895716945,-0.0950764006791171,-0.1026936026936027,-0.1223929747530186,-0.0006249999999999,0.0304568527918782,-0.0068280571073867,168680.0,179760.0,177966.66666666666,-0.0520512212473321,-0.1104806408544726,-0.1015171380408316,34.4935343919384,-0.1026936026936027,-0.1223929747530186,-5693.204806937079,-3584.0522817990154,-2109.152525138064,0.024751625764442,0.0315264986976999,7067.199753838191,-0.1772021074981489,3894004.95,1.2025634430690697,0.0450281425891181
5380,2024-11-29,-0.002283105022831,0.0069124423963133,0.0606796116504855,0.0234192037470726,-0.002283105022831,0.0256410256410255,0.0,220200.0,212945.0,229815.0,-0.0077202543142597,0.0260865481697152,-0.0492352544437917,49.20819379843766,0.0606796116504855,0.0234192037470726,-1696.7016754758952,-3829.640058509768,2132.9383830338725,0.0133125243267487,0.0225605806083046,7011.46448268624,-0.028846947733442,800152.0,0.7203093912156691,-0.068649885583524
5930,2024-11-29,-0.0234234234234234,-0.0321428571428571,0.0130841121495326,-0.0703259005145797,-0.0163339382940108,0.0278810408921932,-0.0072072072072072,56440.0,55650.0,60335.0,-0.0396881644223954,-0.0260557053009883,-0.1016822739703323,41.81690398302871,0.0130841121495326,-0.0703259005145797,-892.2113747390904,-1205.550815558913,313.3394408198226,0.0270778540660066,0.0306281149016547,1885.9251186947176,0.2256070580798068,28115962.35,0.8718723796413107,-0.0018450184501844
35420,2024-11-29,0.0097799511002445,0.0868421052631578,0.0868421052631578,0.2168532704773129,0.0097799511002445,0.0372208436724565,0.0,200560.0,188015.0,174413.33333333334,0.0296170721978459,0.098316623673643,0.1839691155110465,78.46817653626235,0.0868421052631578,0.2168532704773129,7709.354009257018,6066.239603236713,1643.114406020305,0.0122408579172405,0.0165751566893797,5151.801741463353,-0.0725897790930639,1129263.65,1.1014248089894685,-0.009685230024213
35720,2024-11-29,0.049738219895288,0.1123439667128987,0.1776798825256975,0.1092669432918396,0.0511140235910878,0.0763157894736841,-0.0013089005235602,37960.0,35912.5,36237.5,0.0563751317175975,0.1166028541594152,0.1065884787857882,67.66014691613901,0.1776798825256975,0.1092669432918396,490.7673079122178,-83.60233167049928,574.3696395827171,0.0224844647018888,0.0274797469585551,1309.4410890163297,3.4315128303205498,1506728.25,3.5601230679785822,0.1097256857855362
660,2024-12-02,-0.0068792995622264,-0.1028248587570621,-0.0751310425160163,-0.1814432989690722,-0.0209617755856966,0.0258511979823454,0.0143839899937461,165040.0,178000.0,177718.33333333334,-0.0378090159961221,-0.1078651685393258,-0.1064512196265626,33.84975305337987,-0.0751310425160163,-0.1814432989690722,-6319.077720606583,-4131.057369560529,-2188.020351046054,0.0231584666978157,0.0267700250993975,6855.25691427832,-0.2400108653221115,3893469.6,0.9140608160906148,0.06360201511335
5380,2024-12-02,-0.0114416475972539,-0.0136986301369863,-0.0046082949308755,-0.0023094688221708,-0.0159453302961275,0.0255813953488373,0.0045766590389015,219600.0,212920.0,229156.66666666663,-0.0163934426229508,0.0144655269584821,-0.0574134144035375,46.633762757294974,-0.0046082949308755,-0.0023094688221708,-1671.7742090134125,-3398.066888610497,1726.2926795970843,0.013503537056741,0.0225282230328426,6903.502733922938,-0.0966466964051794,788775.7,0.6600786510030672,-0.0694444444444444
5930,2024-12-02,-0.0110701107011069,-0.0742659758203799,-0.054673721340388,-0.0868824531516183,-0.012891344383057,0.0244821092278719,0.0018450184501845,55580.0,55395.0,59990.0,-0.0356243252968694,-0.0324036465384962,-0.1065177529588264,40.31824862017341,-0.054673721340388,-0.0868824531516183,-1005.5723316691584,-1165.5551187809622,159.98278711180387,0.0153252803291444,0.0305804768488499,1844.073324502238,-0.1007061773352847,28438858.35,0.7751670875353546,-0.003731343283582
35420,2024-12-02,-0.0145278450363196,0.053312629399586,0.0665618448637317,0.1582242458736482,-0.0239808153477217,0.0369458128078816,0.0096852300242131,202620.0,189405.0,174986.66666666666,0.004343105320304,0.0744172540323644,0.1629457482474856,72.1612612655325,0.0665618448637317,0.1582242458736482,7810.80711176194,6415.153104941759,1395.6540068201812,0.0186232927955251,0.0163084572699981,5319.530188501685,-0.0188117211864617,1155399.3,1.0562590785713648,-0.0098280098280097
35720,2024-12-02,0.0511221945137156,0.1659751037344399,0.2008547008547008,0.1285140562248996,0.0394574599260173,0.0585305105853051,0.0112219451371571,39160.0,36152.5,36320.0,0.0763534218590398,0.1658944747942743,0.1605176211453745,73.05507590852072,0.2008547008547008,0.1285140562248996,866.7690296722576,106.47194059805211,760.2970890742055,0.022694826427082,0.0286942825603032,1387.338154086592,0.0409551357552695,1742253.65,3.2049449286560545,0.00355871886121
660,2024-12-03,0.0384130982367758,-0.0688876341050254,-0.033411488862837,-0.1464803312629399,0.0358040201005025,0.0377121307353864,0.0025188916876575,162600.0,176585.0,177566.66666666666,0.0141451414514144,-0.0661720984228558,-0.0713347099680871,40.48351378247827,-0.033411488862837,-0.1464803312629399,-6250.81202367408,-4555.00830038324,-1695.80372329084,0.0351507530618744,0.0288392229968815,6815.595706115583,0.1746333384660516,3924472.35,1.0652043452414692,0.0333535476046089
5380,2024-12-03,-0.0069444444444444,-0.0402684563758389,-0.0046403712296984,-0.0023255813953488,-0.0160550458715595,0.0210772833723653,0.0092592592592593,217800.0,212895.0,228631.66666666663,-0.0151515151515151,0.0075389276403861,-0.0618097522215499,45.108861784549696,-0.0046403712296984,-0.0023255813953488,-1752.850704417302,-3069.023651771858,1316.172947354556,0.0037659308695041,0.0225284875587568,6731.823967214157,0.2002769593626476,789223.25,0.7918279143448954,-0.0186480186480186
5930,2024-12-03,0.0,-0.0806174957118353,-0.0479573712255773,-0.0694444444444444,0.0094161958568739,0.0244821092278719,-0.0093283582089552,54640.0,55195.0,59643.333333333336,-0.0190336749633968,-0.0288975450674879,-0.1013245403230314,40.31824862017341,-0.0479573712255773,-0.0694444444444444,-1082.9283824642844,-1149.0297715176266,66.10138905334225,0.0129604309639652,0.0303947695224386,1805.2109441806497,0.0603195292582168,28733364.8,0.81350037361444,0.007462686567164
35420,2024-12-03,0.0270270270270269,0.0685071574642126,0.0829015544041451,0.1841359773371105,0.0072289156626506,0.0268948655256724,0.0196560196560195,205300.0,191030.0,175693.33333333334,0.0180224062347784,0.0940689943987855,0.1895727403809668,75.97395439134661,0.0829015544041451,0.1841359773371105,8240.027552621788,6780.127994477765,1459.899558144023,0.0200735087008379,0.0168598711660384,5403.849460751565,-0.0976351215706968,1193141.55,0.9229810159574108,0.0
35720,2024-12-03,0.018979833926453,0.1608108108108108,0.1848275862068966,0.1377483443708609,0.0117785630153122,0.0225921521997622,0.0071174377224199,40350.0,36412.5,36420.833333333336,0.0644361833952911,0.1795399931342258,0.1792701063951491,74.82037294794978,0.1848275862068966,0.1377483443708609,1215.297227294257,328.2369979372931,887.0602293569639,0.0231736668775483,0.0288181816211046,1356.0997145089782,-0.4353410304438156,1862898.75,1.6925010014634452,0.0209545983701979
660,2024-12-04,0.018799272286234,-0.0017825311942959,-0.0152403282532239,-0.1419816138917262,0.041537507749535,0.0428305400372439,-0.0218314129775621,162540.0,175195.0,177561.66666666666,0.0335917312661497,-0.0410685236450811,-0.0538498362071392,43.58005951975063,-0.0152403282532239,-0.1419816138917262,-5878.799730935803,-4819.766586493753,-1059.0331444420508,0.0306674839836951,0.0290672704214766,6821.624584250185,0.3639459712250006,4036543.9,1.412543042081123,0.0226190476190475
5380,2024-12-04,-0.0256410256410256,-0.0542986425339366,-0.0434782608695651,0.0121065375302662,0.0023980815347721,0.0289855072463767,-0.027972027972028,215400.0,213020.0,228156.66666666663,-0.0297121634168987,-0.0188714674678434,-0.0839627741172001,39.950418821323275,-0.0434782608695651,0.0121065375302662,-2235.143107318756,-2902.2475428812377,667.1044355624817,0.0088142489220896,0.0214285890259031,6786.693683841718,0.4707862813215582,741149.2,1.2401511058771972,0.0
5930,2024-12-04,-0.0093283582089552,-0.0568383658969804,-0.0397830018083182,-0.0732984293193717,0.021153846153846,0.0269230769230768,-0.0298507462686566,54000.0,54985.0,59320.0,-0.0166666666666667,-0.0342820769300717,-0.1048550236008091,38.96850356253495,-0.0397830018083182,-0.0732984293193717,-1171.0799506660042,-1153.439807347302,-17.64014331870203,0.0084646950618713,0.0304233264178842,1790.5530195963174,0.2408666791046676,29078992.2,0.9974474287317288,0.0169491525423728
35420,2024-12-04,-0.0311004784688995,-0.0024630541871921,0.0486794407042983,0.1486103233125355,-0.0121951219512195,0.0423940149625934,-0.0191387559808612,205200.0,192340.0,176313.33333333334,-0.0131578947368421,0.0528231257148799,0.1485234620183764,64.69677963800352,0.0486794407042983,0.1486103233125355,7963.889407396637,7016.88027706154,947.0091303350964,0.0226858720885605,0.0189717032954741,5625.003070697882,0.5972756338950298,1259467.55,1.3966179597084498,0.0765432098765432
35720,2024-12-04,0.0849825378346915,0.2151238591916557,0.3126760563380282,0.2749658002735977,0.1042654028436018,0.1322115384615385,-0.0174621653084982,42000.0,36915.0,36594.166666666664,0.1095238095238095,0.2623594744683732,0.2734270033930728,80.9520217885641,0.3126760563380282,0.2749658002735977,1765.6791801058644,615.7254343710074,1149.953745734857,0.0339553092989848,0.0322045309686938,1652.0925920440511,3.3754854964766423,2503587.4,5.510381622786566,-0.0429184549356223
660,2024-12-05,0.0297619047619046,0.0738671632526382,0.0248815165876776,-0.1236068895643364,0.0176470588235293,0.0372120496160661,0.0119047619047618,164920.0,173975.0,177865.0,0.0489934513703613,-0.005604253484696,-0.0273522053242627,48.25623929973792,0.0248815165876776,-0.1236068895643364,-5121.481840831053,-4880.109637361213,-241.37220346984031,0.0209884806845928,0.0300532975566774,6877.222828232315,-0.1807070478895056,4121288.5,1.1334896841121411,0.0179190751445086
5380,2024-12-05,-0.0215311004784688,-0.0662100456621004,-0.0510440835266821,-0.0144578313253012,-0.0215311004784688,0.0318627450980393,0.0,212500.0,212870.0,227690.0,-0.0376470588235293,-0.0393197726311833,-0.1018490052264042,36.29346325206711,-0.0510440835266821,-0.0144578313253012,-2946.5101681980013,-2911.1000679445906,-35.41010025341075,0.0098095697458249,0.0219724715722874,6766.21556356731,-0.3428596607469832,715941.25,0.843647436154852,0.0342298288508557
5930,2024-12-05,0.0112994350282484,-0.0324324324324324,-0.0478723404255319,-0.0660869565217391,0.0093984962406015,0.0225563909774435,0.0018832391713747,53640.0,54795.0,59048.333333333336,0.0011185682326622,-0.0199835751437175,-0.0905755172316464,41.49941096299587,-0.0478723404255319,-0.0660869565217391,-1178.9356813007907,-1158.538982138,-20.39669916279081,0.0129841977881358,0.0305657386049613,1755.5135181965804,-0.186744792217941,29406250.95,0.8021517955521631,0.0409683426443203
35420,2024-12-05,0.0074074074074073,-0.002444987775061,0.0753821823932525,0.1352253756260433,-0.002444987775061,0.0246305418719212,0.0098765432098766,205100.0,193555.0,177088.33333333334,-0.0053632374451486,0.0539639895636898,0.1519674738595615,65.9527522673825,0.0753821823932525,0.1352253756260433,7776.443402933655,7168.792902235964,607.6505006976913,0.0226874167558749,0.0187555958002227,5616.074279933748,-0.1822614618006305,1297631.45,1.1084796072105063,0.0196078431372548
35720,2024-12-05,-0.0536480686695278,0.1544502617801046,0.2546230440967283,0.2065663474692203,-0.0350109409190372,0.0584862385321101,-0.0193133047210299,43180.0,37292.5,36760.0,0.0213061602593793,0.1825434068512434,0.1996735582154516,68.62538491157483,0.2546230440967283,0.2065663474692203,1977.338212307477,888.0479899583014,1089.2902223491756,0.0523855689876578,0.0353946787997553,1748.3716926123332,-0.6225183430051722,2726682.2,1.90987860631503,-0.0090702947845805
660,2024-12-06,-0.0341040462427745,0.0450281425891181,-0.0543293718166383,-0.1665835411471321,-0.0368876080691642,0.052121212121212,0.0028901734104045,166360.0,172305.0,177993.33333333334,0.0044481846597739,-0.0302080612866718,-0.0612007940372298,43.658023618759785,-0.0543293718166383,-0.1665835411471321,-4940.4324187737075,-4892.174193643712,-48.25822512999548,0.0295893872165668,0.0302108504821163,7000.278340501435,-0.0507721605210216,4191422.8,1.0579364601442738,0.0502692998204667
5380,2024-12-06,-0.0048899755501222,-0.068649885583524,-0.0622119815668202,0.0,0.0,0.03,-0.0048899755501222,209500.0,212870.0,227265.0,-0.0286396181384248,-0.0440174754545027,-0.1045695553648824,35.515448520202554,-0.0622119815668202,0.0,-3550.0426498760935,-3038.8885843308913,-511.15406554520223,0.0091036991597204,0.0215569847213244,6711.48588045536,0.2885470577911992,719012.55,1.0824359046305936,0.0565110565110564
5930,2024-12-06,0.0074487895716945,-0.0018450184501844,-0.0339285714285714,-0.0508771929824561,0.0037105751391466,0.032258064516129,0.0037243947858474,53620.0,54650.0,58800.0,0.0089518836255129,-0.010064043915828,-0.0799319727891156,43.190765295482855,-0.0339285714285714,-0.0508771929824561,-1139.7464596465506,-1154.7804776397102,15.034017993159525,0.0099018010305413,0.0306198764341863,1751.5482668968248,-0.0307950852027046,29855474.85,0.7657514782418542,0.0369685767097967
35420,2024-12-06,0.0024509803921568,-0.009685230024213,0.0763157894736841,0.1712485681557847,0.0024509803921568,0.0440952863659402,0.0,204700.0,195050.0,177833.33333333334,-0.0009770395701026,0.0484491156113817,0.1499531396438611,66.38209090981087,0.0763157894736841,0.1712485681557847,7580.849599973386,7251.204241783449,329.6453581899368,0.0221040015113945,0.0169117294434709,5836.354688509909,-0.0706577734396182,1302805.3,1.0260658288694404,0.0268948655256724
35720,2024-12-06,0.0090702947845804,0.1097256857855362,0.234396671289875,0.2714285714285713,0.0022522522522523,0.0653442240373396,0.0068027210884353,44060.0,37767.5,36927.5,0.0099863822060826,0.1782617329714702,0.205063976711123,69.42752850195507,0.234396671289875,0.2714285714285713,2152.543001498976,1140.9469922664364,1011.5960092325396,0.0517536952574084,0.0331840055381985,1823.4880002828809,0.2859554976234879,2950251.65,2.2699022979954946,0.0314606741573033
660,2024-12-09,0.0107719928186713,0.06360201511335,-0.0457627118644067,-0.1230529595015575,0.0107719928186713,0.0339393939393939,0.0,168380.0,171120.0,178201.66666666666,0.0030882527616107,-0.0129733520336605,-0.0521974167843547,45.36837430284204,-0.0457627118644067,-0.1230529595015575,-4598.693613244162,-4833.478077563803,234.7844643196404,0.0282126082117353,0.0295984694349324,6900.258459037047,0.1965182908801672,4324896.85,1.226774229309076,0.0615748963883955
5380,2024-12-09,-0.0122850122850123,-0.0694444444444444,-0.0821917808219178,-0.04739336492891,0.0,0.0149999999999999,-0.0122850122850123,206500.0,212370.0,226823.33333333337,-0.0266343825665859,-0.0535386354004803,-0.1138477816803092,33.57754125106402,-0.0821917808219178,-0.04739336492891,-4181.869606747787,-3267.4847888142704,-914.3848179335164,0.0090500265235747,0.019898071658276,6482.094031851406,-0.0048015829676789,714913.0,1.0834157442933616,0.0497512437810945
5930,2024-12-09,-0.0129390018484288,-0.003731343283582,-0.077720207253886,-0.029090909090909,-0.0018691588785046,0.0263157894736842,-0.011090573012939,53580.0,54570.0,58541.666666666664,-0.0033594624860022,-0.0214403518416712,-0.0878291814946619,40.95901014452422,-0.077720207253886,-0.029090909090909,-1151.8945457049483,-1154.203291252758,2.3087455478093943,0.010429775535404,0.0297549484350463,1726.4376764041945,0.1472235390677072,29676292.55,0.8837923388108667,0.0411985018726592
35420,2024-12-09,-0.0146699266503667,-0.0098280098280097,0.0429606625258798,0.1448863636363635,0.0049875311720697,0.0174563591022443,-0.0195599022004889,204300.0,196325.0,178571.66666666666,-0.0137053352912384,0.0263593531134598,0.1283984954686727,61.38075389983354,0.0429606625258798,0.1448863636363635,7101.898904207104,7221.3431742681805,-119.44427006107615,0.0221246190799024,0.0176597846451726,5705.186496473487,-0.097452504705393,1330381.9,0.9068771906773536,0.0620347394540943
35720,2024-12-09,-0.0494382022471909,0.00355871886121,0.1701244813278009,0.2551928783382788,-0.0174216027874564,0.0725326991676575,-0.0325842696629213,44090.0,38197.5,37065.833333333336,-0.040598775232479,0.1074023169055566,0.141212707120214,60.296618886221104,0.1701244813278009,0.2551928783382788,2089.7827309054264,1330.7141399942343,759.0685909111919,0.0569363702662509,0.0342507174955928,1911.096000262675,-0.3751396752739337,3084091.8,1.3568188858710368,0.0390070921985814
660,2024-12-10,0.0088809946714032,0.0333535476046089,-0.0378317334839074,-0.0828848223896663,0.0142857142857142,0.0167064439140811,-0.0053285968028419,169480.0,170350.0,178425.0,0.0054283691291008,0.0002935133548576,-0.0449768810424547,46.81723762072089,-0.0378317334839074,-0.0828848223896663,-4158.884650356398,-4698.559392122323,539.6747417659244,0.0243129463727207,0.0289476550710155,6607.382854820115,-0.4045783455893994,4286839.75,0.7369326086891865,0.07981220657277
5380,2024-12-10,0.0472636815920397,-0.0186480186480186,-0.0581655480984339,0.0169082125603865,0.0243309002433089,0.036764705882353,0.0223880597014924,205700.0,212545.0,226506.66666666663,0.0233349538162372,-0.0096214919193582,-0.0706675300211914,45.702124172880595,-0.0581655480984339,0.0169082125603865,-3871.3993352740654,-3388.2676981062295,-483.13163716783583,0.029459169781401,0.0223305533471685,6769.0873152905915,-0.2003181210202596,700321.95,0.8844389355495712,-0.019002375296912
5930,2024-12-10,0.0112359550561798,0.007462686567164,-0.0737564322469982,0.0188679245283018,-0.0091743119266054,0.0148975791433891,0.0205992509363295,53660.0,54620.0,58316.666666666664,0.0063361908311592,-0.0113511534236543,-0.0740211488996855,43.64689931293478,-0.0737564322469982,0.0188679245283018,-1100.4220257141787,-1143.447038145042,43.0250124308634,0.0117466437635374,0.0286664009261588,1681.6921280896092,-0.2075559103969546,28817347.0,0.721231208410684,0.0037037037037037
35420,2024-12-10,0.0372208436724565,0.0,0.0685071574642126,0.1521499448732084,0.02200488997555,0.0295566502463053,0.0148883374689825,204300.0,197705.0,179471.66666666666,0.0230053842388644,0.0571305733289497,0.1645292200254451,67.89335914145389,0.0685071574642126,0.1521499448732084,7244.009910040273,7225.8765214226,18.13338861767352,0.0256338257811275,0.0181755567262581,5833.387461011095,-0.2492571444674772,1290267.6,0.7019985621587336,0.0023923444976077
35720,2024-12-10,0.0366430260047281,0.0209545983701979,0.1851351351351351,0.3187969924812031,0.0197674418604651,0.0244470314318976,0.0165484633569739,44270.0,38727.5,37230.0,-0.0094872374068217,0.132270350526112,0.1778135911899006,63.89904234300198,0.1851351351351351,0.3187969924812031,2140.44311456113,1492.659934907614,647.7831796535168,0.0587724565290121,0.0341286212736583,1896.0177145296268,-0.3715110379744173,3143344.45,0.836671272217717,-0.0228050171037628
660,2024-12-11,0.0082159624413145,0.0226190476190475,0.0207961972667856,-0.060688901038819,0.0262843488649939,0.0287425149700599,-0.0176056338028168,170240.0,169795.0,178696.66666666666,0.0091635338345865,0.011808357136547,-0.0385942658881903,48.19810013759237,0.0207961972667856,-0.060688901038819,-3655.22937002717,-4489.893387703292,834.664017676123,0.0234550886615708,0.0289313826662132,6478.284079475821,-0.2779018281086584,4242257.85,0.537729926058125,0.068102444703143
5380,2024-12-11,-0.007125890736342,0.0,-0.0542986425339366,0.0455227613806903,0.0048076923076922,0.0168674698795181,-0.0118764845605701,205700.0,213000.0,226140.0,0.0160427807486631,-0.0187793427230047,-0.0757937560803042,44.32629157111383,-0.0542986425339366,0.0455227613806903,-3703.693004800094,-3451.3527594450024,-252.3402453550916,0.0270307493307335,0.0208421767945888,6535.581078484121,-0.4586610740855549,678159.65,0.4944278238907313,0.0358851674641147
5930,2024-12-11,0.0,0.0169491525423728,-0.0408525754884546,0.0671936758893281,0.007462686567164,0.0149812734082397,-0.0074074074074074,53840.0,54790.0,58113.333333333336,0.0029717682020802,-0.0144186895418871,-0.0707812320752553,43.64689931293478,-0.0408525754884546,0.0671936758893281,-1047.554130841476,-1124.2684566843288,76.71432584285299,0.0102313065587923,0.026498266856761,1618.7141189403517,-0.2991739787923096,26919244.6,0.5410979103031739,0.0166666666666666
35420,2024-12-11,0.0430622009569376,0.0765432098765432,0.0738916256157635,0.1964873765093304,0.0430622009569376,0.0455635491606714,0.0,207400.0,199495.0,180455.0,0.0511089681774348,0.0927592170229829,0.2080574104347343,73.63835152084063,0.0738916256157635,0.1964873765093304,7990.746340137033,7378.850485165487,611.8958549715462,0.0243753895115377,0.0198354309375026,6095.28835665316,0.7086035466113765,1306417.9,1.18460945766282,-0.0252293577981651
35720,2024-12-11,0.0171037628278221,-0.0429184549356223,0.1629726205997392,0.3353293413173652,0.0079096045197739,0.031890660592255,0.0091220068415052,43870.0,39287.5,37405.833333333336,0.0166400729427855,0.1352211263124403,0.1923273999153429,65.52885335496433,0.1629726205997392,0.3353293413173652,2215.570844039976,1637.2421167340865,578.3287273058895,0.0409739244196337,0.0340510772324358,1864.1593063489393,-0.1566229876963253,3194738.75,0.6942777402377581,-0.0269058295964125
660,2024-12-12,0.0250291036088474,0.0179190751445086,0.0931098696461825,0.0179190751445086,-0.0022662889518413,0.0224783861671469,0.0273573923166472,170860.0,169950.0,179011.66666666666,0.0306683834718481,0.0361871138570166,-0.0162652341095086,52.295114710740656,0.0931098696461825,0.0179190751445086,-2875.9526760937006,-4167.1052453813745,1291.152569287674,0.0222559485868857,0.0268702543710729,6415.549502370406,0.994701885727136,4154304.05,1.095319924886095,-0.0062464508801817
5380,2024-12-12,0.0119617224880381,0.0342298288508557,-0.0342465753424657,0.0496277915632754,0.004750593824228,0.0167064439140811,0.0071770334928229,207100.0,213500.0,225940.0,0.0212457749879284,-0.009367681498829,-0.0639107727715322,47.180320712611326,-0.0342465753424657,0.0496277915632754,-3330.661629017908,-3427.2145333595836,96.55290434167546,0.0242827387902618,0.0209165280245731,6354.468144306684,0.8650436473496947,668570.1,0.9353559185491545,0.0023640661938533
5930,2024-12-12,0.0351851851851852,0.0409683426443203,0.0072072072072071,0.1202404809619237,0.0351851851851852,0.0482374768089053,0.0,54280.0,55090.0,57963.333333333336,0.0298452468680914,0.0147032129243056,-0.0355972166312036,51.71930464759899,0.0072072072072071,0.1202404809619237,-842.6285251054142,-1067.940470368546,225.31194526313175,0.0176923571397944,0.0270635210832146,1688.8059675874692,1.298285034265194,26167543.75,1.2793213730654411,-0.0500894454382826
35420,2024-12-12,-0.0458715596330274,0.0196078431372548,0.0171149144254278,0.1034482758620689,-0.0502283105022831,0.0679611650485436,0.0045871559633028,208200.0,200470.0,181315.0,-0.0009606147934678,0.0375617299346535,0.1471748062763698,60.652129727230744,0.0171149144254278,0.1034482758620689,7687.012815681344,7440.482951268659,246.52986441268513,0.0369684211043442,0.022407627645206,6659.91061689222,0.4008393668886238,1306173.1,1.6597585725812298,0.0072115384615385
35720,2024-12-12,-0.0201793721973093,-0.0090702947845805,0.1439790575916231,0.3323170731707316,-0.0288888888888888,0.0647058823529411,0.0089686098654708,43790.0,39832.5,37560.0,-0.002055263758849,0.0970940814661394,0.1634717784877528,61.91649506829131,0.1439790575916231,0.3323170731707316,2177.388058371951,1745.2713050616594,432.1167533102917,0.0337624564929221,0.0341677329107446,1927.4336416097296,0.7185884268785538,3293481.55,1.1574046923080532,-0.05720823798627
660,2024-12-13,-0.0034071550255536,0.0502692998204667,0.0975609756097561,-0.0151515151515151,0.0063073394495412,0.0167146974063401,-0.0096536059057353,172540.0,169815.0,179123.33333333334,0.0171554422162976,0.0334776079851604,-0.0202281482032864,51.68090118353562,0.0975609756097561,-0.0151515151515151,-2280.4971161618596,-3789.783619537472,1509.286503375612,0.0101316935917512,0.0260089672231144,6164.438823629663,-0.1917046202749186,4121665.55,0.8923528499298057,-0.0398860398860398
5380,2024-12-13,0.0165484633569739,0.0565110565110564,-0.0160183066361555,0.0436893203883494,0.0141509433962263,0.0334928229665072,0.0023640661938533,209400.0,213950.0,225656.66666666663,0.0267430754536772,0.004907688712316,-0.0472251355303779,50.96984129828924,-0.0160183066361555,0.0436893203883494,-2721.242042533064,-3286.02003519428,564.7779926612161,0.0235432216151263,0.0206682740680591,6400.577562570493,-0.1553991278497996,659508.9,0.8008565161137324,-0.0209302325581395
5930,2024-12-13,0.0035778175313059,0.0369685767097967,0.0350553505535056,0.0485981308411214,0.0053763440860215,0.0144144144144144,-0.0017889087656529,54680.0,55220.0,57793.333333333336,0.0259692757863936,0.0159362549800796,-0.0292998038989503,52.490783612453846,0.0350553505535056,0.0485981308411214,-656.5172553679804,-985.6558273684328,329.1385720004524,0.017816947150395,0.0221437640349517,1625.3198270455073,-0.524779206121225,24624260.65,0.6460629712348338,-0.0552584670231729
35420,2024-12-13,0.0096153846153845,0.0268948655256724,0.0169491525423728,0.1052631578947369,0.0047846889952152,0.0341463414634146,0.0048076923076922,209300.0,201470.0,182148.33333333337,0.0033444816053511,0.0423388097483496,0.1529065139218035,62.092003014439946,0.0169491525423728,0.1052631578947369,7520.98782853593,7456.583926722114,64.40390181381645,0.0370109466487039,0.0224215335301741,6684.202715685633,-0.4915034235391147,1303640.25,0.8456213284301402,0.0
35720,2024-12-13,0.0503432494279176,0.0314606741573033,0.144638403990025,0.3480176211453745,0.0503432494279176,0.0702764976958525,0.0,44070.0,40425.0,37735.833333333336,0.0415248468345812,0.1354359925788497,0.2163505068127111,66.74274205694155,0.144638403990025,0.3480176211453745,2298.1578068272356,1855.8486054147747,442.3092014124609,0.0411805948597703,0.0347084427666007,2007.61695292332,0.2107069693230998,3457794.95,1.3346896119447451,-0.1111111111111111
660,2024-12-16,0.0216524216524216,0.0615748963883955,0.1290931989924433,0.0442632498543971,0.0107102593010146,0.0174844895657078,0.0108262108262109,174620.0,170195.0,179398.33333333334,0.0268010537166418,0.0534974587972618,-0.0005481284664481,55.26456262832316,0.1290931989924433,0.0442632498543971,-1484.849630560988,-3328.796821742175,1843.947191181187,0.0114490913206363,0.0249983653177646,6074.121764798972,-0.1084848204721069,4091332.1,0.8014443510953315,-0.0540992749581706
5380,2024-12-16,-0.0186046511627907,0.0497512437810945,-0.0231481481481481,-0.0276497695852534,-0.0208816705336426,0.0261282660332542,0.0023255813953488,211400.0,213650.0,225223.33333333337,-0.0018921475875117,-0.0124034636087058,-0.063152130477896,46.83432789053557,-0.0231481481481481,-0.0276497695852534,-2531.8535683066875,-3135.1867418167617,603.3331735100742,0.0252330860156276,0.0173036246364124,6336.250593815458,-0.1111834781094037,627181.65,0.748504041851352,0.0189573459715639
5930,2024-12-16,-0.0089126559714795,0.0411985018726592,0.0373134328358208,-0.0194003527336861,-0.0124333925399644,0.0253623188405796,0.0035650623885918,55120.0,55165.0,57646.666666666664,0.0087082728592162,0.007885434605275,-0.0355036428819243,50.325745806120885,0.0373134328358208,-0.0194003527336861,-543.1079442589617,-897.1462507465386,354.03830648757696,0.016724707158526,0.0176818938065107,1609.225553685114,-0.039697845654578,22983362.8,0.6647102572822807,-0.0377697841726618
35420,2024-12-16,0.0190476190476189,0.0620347394540943,0.0515970515970516,0.121593291404612,0.0023419203747072,0.0307328605200944,0.0166666666666666,211800.0,202630.0,183046.66666666663,0.0103871576959395,0.0561121255490302,0.1691007757584588,64.86150026214264,0.0515970515970516,0.121593291404612,7624.290327740688,7490.125206925829,134.1651208148587,0.0353678297569568,0.0226296235230384,6778.188235993803,-0.1422741217686001,1312912.3,0.7201890027231826,-0.0607476635514018
35720,2024-12-16,-0.0424836601307189,0.0390070921985814,0.0427046263345196,0.2521367521367521,-0.0648936170212766,0.0803673938002296,0.0239651416122004,44400.0,40867.5,37875.0,-0.010135135135135,0.0754266837951918,0.1603960396039603,59.540292719206946,0.0427046263345196,0.2521367521367521,2211.0325920064206,1926.885402733104,284.1471892733166,0.0388539634300344,0.0368234217261506,2114.215742000226,-0.088602090146591,3603172.5,1.1673537694906364,-0.0967007963594994
660,2024-12-17,0.0262130507529281,0.07981220657277,0.1158277744087326,0.0785463071512309,0.0054644808743169,0.0131795716639209,0.0206358059118796,177340.0,170865.0,179918.33333333334,0.0375549791361227,0.0768735551458754,0.0226862187473946,59.2865862081768,0.1158277744087326,0.0785463071512309,-469.62895516928984,-2756.963248427598,2287.334293258308,0.0127862719895684,0.0254490629073838,6011.6844958847605,-0.0274674250337376,4047026.95,0.7879636185768419,-0.0842391304347826
5380,2024-12-17,-0.0213270142180095,-0.019002375296912,-0.0372960372960372,-0.0417633410672854,-0.0166666666666667,0.0340632603406325,-0.004739336492891,210600.0,213200.0,224565.0,-0.0194681861348527,-0.0314258911819887,-0.0804444147574199,42.64256527046256,-0.0372960372960372,-0.0417633410672854,-2713.593611937802,-3050.86811584097,337.2745039031679,0.0173196878918634,0.0178432241827366,6383.661265685782,0.5242433666774595,635919.7,1.1252254018864332,0.0484261501210654
5930,2024-12-17,-0.0251798561151078,0.0037037037037037,0.0111940298507462,-0.0373001776198934,-0.0091407678244972,0.0222222222222221,-0.0161870503597122,55160.0,55060.0,57498.333333333336,-0.0174039158810732,-0.0156193243734108,-0.057363981564683,44.75895294718437,0.0111940298507462,-0.0373001776198934,-559.7461427432427,-829.6662291458795,269.9200864026368,0.0221353559306247,0.0184648195585715,1608.5665855647487,0.3232220637224814,22417142.7,0.9017754970172894,0.0036900369003689
35420,2024-12-17,-0.0210280373831776,0.0023923444976077,0.0023923444976077,0.0854922279792747,-0.0233100233100232,0.0287081339712917,0.0023364485981307,211900.0,203455.0,183861.66666666663,-0.0113260972156677,0.0297117298665552,0.1394436034337409,59.587250937219565,0.0023923444976077,0.0854922279792747,7259.364475804352,7443.973060701533,-184.60858489718157,0.0348257864431887,0.0233696403166085,6722.6033619942455,-0.0524797867896292,1309487.65,0.6841782738462635,-0.0334128878281623
35720,2024-12-17,-0.0250284414106939,-0.0228050171037628,-0.0023282887077997,0.1820689655172414,-0.0183276059564719,0.0362997658079624,-0.0068259385665528,44200.0,41197.5,38000.833333333336,-0.0305429864253393,0.040111657260756,0.1276068507269576,55.87715529164879,-0.0023282887077997,0.1820689655172414,2029.8258556994408,1947.4734933263717,82.35236237306913,0.0373614277748899,0.0373673374330066,2073.9146175716382,-0.5197841175014746,3629884.5,0.5564565484108379,-0.0781796966161026
660,2024-12-18,-0.0027173913043477,0.068102444703143,0.0922619047619046,0.0756154747948416,0.0005452562704471,0.0126651982378853,-0.0032608695652174,179680.0,171510.0,180358.33333333337,0.021260017809439,0.0699084601480963,0.0174190269371159,58.68214269995317,0.0922619047619046,0.0756154747948416,291.23771592299454,-2147.3230555574796,2438.560771480474,0.0150810557381853,0.0254793237592352,5753.707031892992,-0.2587210049828938,3980755.75,0.5938249288467398,-0.0730245231607629
5380,2024-12-18,0.0484261501210654,0.0358851674641147,0.0358851674641147,-0.0091533180778031,0.0433734939759036,0.0457831325301205,0.0048426150121065,212100.0,213100.0,223998.33333333337,0.0207449316360206,0.0159549507273579,-0.0334749514505317,52.760844937453655,0.0358851674641147,-0.0091533180778031,-2027.337593564007,-2846.1620113855774,818.8244178215705,0.0286754769412177,0.0208726758628638,6677.685460993941,-0.0045391466460206,642904.1,1.1079490704756745,0.0046189376443417
5930,2024-12-18,0.0129151291512914,0.0166666666666666,0.0338983050847456,-0.0072332730560579,0.0147874306839186,0.0259259259259259,-0.0018450184501844,55340.0,55040.0,57363.333333333336,-0.0079508492952656,-0.0025436046511627,-0.0429426462897322,47.86426352252493,0.0338983050847456,-0.0072332730560579,-510.56243907431053,-765.8454711315658,255.28303205725524,0.0227442761020402,0.0183373257624781,1593.6689723101238,-0.3223457264646506,22058856.2,0.6210175575649294,-0.02367941712204
35420,2024-12-18,0.0143198090692124,-0.0252293577981651,0.0493827160493827,0.100466079751424,0.0143198090692124,0.026252983293556,0.0,210800.0,204425.0,184738.33333333337,0.0080645161290322,0.0395010395010395,0.1502756150591375,61.81642352926519,0.0493827160493827,0.100466079751424,7130.04234707015,7381.1869179752575,-251.14457090510768,0.0278042270604715,0.0234535495693942,6635.274550423228,-0.2589999363784611,1308002.15,0.5075519180148137,-0.0592941176470588
35720,2024-12-18,0.0128354725787631,-0.0269058295964125,-0.0686695278969957,0.2225352112676055,0.0093023255813953,0.022196261682243,0.0035005834305716,43960.0,41592.5,38142.5,-0.0127388535031847,0.0434573540902807,0.1378383692731204,57.291991781136474,-0.0686695278969957,0.2225352112676055,1908.597491291417,1939.6982929193807,-31.10080162796362,0.0368018628591505,0.0367088923582905,1993.635002030807,-0.2491844784300795,3655067.9,0.4149175997523876,-0.1117511520737327
660,2024-12-19,-0.0463215258855586,-0.0062464508801817,0.0115606936416186,0.0367298578199051,0.0063254744105807,0.021965317919075,-0.0523160762942779,179460.0,171820.0,180575.0,-0.0248523347821241,0.0185077406588289,-0.0308735982278831,49.45185091993908,0.0115606936416186,0.0367298578199051,205.97670078536612,-1676.6631042889103,1882.6398050742769,0.0287942342123442,0.0277094831910913,6092.7279581863495,1.0448916015757197,4031373.75,1.1990607420113306,-0.0028571428571428
5380,2024-12-19,-0.0207852193995381,0.0023640661938533,0.0366748166259167,-0.0162412993039443,-0.0046948356807511,0.0166270783847981,-0.0161662817551963,212200.0,212925.0,223381.66666666663,-0.000942507068803,-0.0043442526711283,-0.0509516597154346,48.605566187404634,0.0366748166259167,-0.0162412993039443,-1825.543418558198,-2642.0382928201016,816.4948742619035,0.0310174061219006,0.0211698885236381,6629.279356637231,-0.1129080941450643,649511.25,0.97285458873884,0.0141509433962263
5930,2024-12-19,-0.0327868852459016,-0.0500894454382826,-0.0111731843575418,-0.0585106382978722,-0.0074766355140186,0.0131826741996232,-0.0255009107468123,54780.0,54875.0,57205.0,-0.0306681270536691,-0.0323462414578588,-0.0717594615855257,41.41692927957557,-0.0111731843575418,-0.0585106382978722,-609.7995665237249,-734.6362902099976,124.83672368627263,0.0191068239906222,0.019067762647474,1608.4069028594006,0.6411437617385933,22228109.95,1.01141865190387,0.0112994350282484
35420,2024-12-19,-0.0141176470588235,0.0072115384615385,0.0269607843137253,0.1043753294675804,0.0047961630695443,0.0192771084337348,-0.0188235294117646,211100.0,205415.0,185451.66666666663,-0.0075793462813832,0.0198865710877977,0.1296743985405002,58.35023189110136,0.0269607843137253,0.1043753294675804,6708.151307781838,7246.579795936574,-538.4284881547355,0.0179549891615259,0.023288434769993,6518.469225392998,-0.0353678908355287,1295663.4,0.4942634020533419,-0.0563245823389021
35720,2024-12-19,-0.0506912442396313,-0.05720823798627,-0.0657596371882086,0.1721194879089616,-0.0202140309155767,0.0452876376988984,-0.0311059907834101,43460.0,41895.0,38237.5,-0.0520018407731247,-0.0165890917770616,0.0774762994442628,50.33871457948466,-0.0657596371882086,0.1721194879089616,1616.3690292476167,1875.032440185028,-258.6634109374113,0.0421145366087904,0.0389796192322985,2033.375359028607,0.5876527807816678,3720125.9,0.6472248694593912,-0.0570388349514563
660,2024-12-20,-0.0371428571428571,-0.0398860398860398,0.0083782166367445,-0.0464063384267119,-0.032165422171166,0.0460801915020945,-0.0051428571428571,178060.0,171410.0,180658.33333333337,-0.0536897674941031,-0.0169768391575754,-0.0673001522210434,43.78069910704547,0.0083782166367445,-0.0464063384267119,-381.6890711975284,-1417.6682976706345,1035.979226473106,0.0331473355155184,0.0269406664871913,6221.818818315896,-0.0716929858568573,4059740.5,1.1053189237095329,0.0320474777448072
5380,2024-12-20,-0.0070754716981131,-0.0209302325581395,0.0343980343980343,-0.0299539170506912,0.0,0.0266990291262136,-0.0070754716981131,211300.0,212600.0,222673.33333333337,-0.0037860861334595,-0.0098777046095954,-0.0546690218855723,47.269186164619526,0.0343980343980343,-0.0299539170506912,-1766.296775250987,-2466.889989306279,700.5932140552923,0.0298041282853342,0.0211383921289682,6584.330831163144,0.1156580363360131,663806.55,1.0619991622559313,0.007125890736342
5930,2024-12-20,-0.0018832391713747,-0.0552584670231729,-0.0203327171903882,-0.0535714285714286,0.0056925996204932,0.0231213872832369,-0.007532956685499,54160.0,54725.0,57035.0,-0.0214180206794682,-0.031521242576519,-0.0707460331375471,41.08581879770544,-0.0203327171903882,-0.0535714285714286,-688.5773778698713,-725.4245077419723,36.84712987210105,0.0182688174893957,0.01904214488124,1579.2349812265863,0.0975383113323258,22697771.5,1.0871011720247514,0.0037735849056603
35420,2024-12-20,0.0023866348448686,0.0,0.0268948655256724,0.1052631578947369,-0.004739336492891,0.0215827338129497,0.0071599045346062,211100.0,206415.0,186151.66666666663,-0.005210800568451,0.0173679238427439,0.1281123814810505,58.76522960952462,0.0268948655256724,0.1052631578947369,6341.049766370415,7065.473790023342,-724.4240236529267,0.0174282603752198,0.0232824830757881,6374.292852150641,0.2113479252778345,1296476.05,0.5983496571340442,-0.0528571428571428
35720,2024-12-20,-0.0097087378640776,-0.1111111111111111,-0.0831460674157303,0.131761442441054,0.0,0.0285006195786865,-0.0097087378640776,42440.0,42132.5,38315.833333333336,-0.0386427898209236,-0.0316264166617219,0.0648339459318383,49.17023822382729,-0.0831460674157303,0.131761442441054,1337.086114207632,1767.4431749895489,-430.35706078191697,0.0255507835713648,0.0389729470576715,1970.277119097992,-0.180495714270288,3764010.5,0.5242195790899096,-0.0637254901960784
660,2024-12-23,0.0065281899109792,-0.0540992749581706,0.0041444641799881,-0.0418079096045197,-0.0023529411764705,0.0218160377358489,0.0089020771513352,176120.0,171040.0,180730.0,-0.0370202134908017,-0.0084190832553788,-0.0615835777126099,44.93164481749796,0.0041444641799881,-0.0418079096045197,-750.0119515693514,-1284.1370284503778,534.1250768810264,0.0303777178953961,0.0269973852935015,6120.2603312933325,-0.2673567314746391,4004426.2,0.8209905329257909,0.009433962264151
5380,2024-12-23,0.0213776722090262,0.0189573459715639,0.0696517412935322,-0.0182648401826484,0.0117647058823529,0.0212264150943395,0.009501187648456,212100.0,212400.0,222065.0,0.0136727958510136,0.0122410546139359,-0.0318150091189516,51.57103453321948,0.0696517412935322,-0.0182648401826484,-1340.7753678137087,-2241.667065007765,900.8916971940562,0.0302242502353942,0.0216264144485682,6542.592914651491,-0.3356535529574643,650908.45,0.7195159319256034,-0.0162790697674418
5930,2024-12-23,0.009433962264151,-0.0377697841726618,0.0018726591760298,-0.0759930915371329,0.0018726591760298,0.0131332082551594,0.0075471698113207,53740.0,54505.0,56890.0,-0.0044659471529586,-0.0184386753508852,-0.0595886799085955,43.51726915230552,0.0018726591760298,-0.0759930915371329,-702.5648098035163,-720.8525681542811,18.287758350764875,0.0205370911764895,0.0172765002352539,1537.861053996116,-0.4458855023353,21569537.75,0.6338870196696728,-0.0018691588785046
35420,2024-12-23,-0.0428571428571428,-0.0607476635514018,-0.0024813895781637,0.0403726708074534,-0.0541176470588234,0.0649999999999999,0.0119047619047618,208500.0,206805.0,186731.66666666663,-0.0359712230215827,-0.0280699209400159,0.0764108926356001,49.25225332005095,-0.0024813895781637,0.0403726708074534,5263.223205249,6705.023673068474,-1441.800467819474,0.0220086610393902,0.0254476157031603,6847.557648425595,0.5080593390104493,1238173.75,0.9448358923777862,-0.035820895522388
35720,2024-12-23,-0.0269607843137255,-0.0967007963594994,-0.0614657210401891,0.0982019363762103,-0.0317073170731707,0.0459183673469387,0.0049019607843137,41590.0,42310.0,38380.0,-0.0454436162539071,-0.0616875443157646,0.034392912975508,46.00749610258503,-0.0614657210401891,0.0982019363762103,1015.2879771910302,1617.012135429845,-601.7241582388151,0.0234506328253373,0.0397000184887551,1958.1144677338496,0.0806170584562491,3811163.1,0.559471989010389,-0.0566750629722921
660,2024-12-24,-0.0064858490566037,-0.0842391304347826,-0.011150234741784,-0.0485601355166572,-0.0186371578334304,0.0213903743315508,0.0123820754716981,173020.0,170610.0,180523.33333333337,-0.0261241474973991,-0.0123673876091671,-0.0666026552430896,43.96239566059946,-0.011150234741784,-0.0485601355166572,-1117.7861518427671,-1250.8668531288556,133.08070128608847,0.023094062624977,0.0270111432655208,5940.241736200952,-0.4388115206369639,3996867.85,0.4616017014422931,0.0795252225519287
5380,2024-12-24,0.0069767441860464,0.0484261501210654,0.0285035629453682,-0.0313199105145414,0.0069767441860464,0.0187793427230047,0.0,214100.0,212050.0,221356.66666666663,0.0112097150864081,0.0209856165998585,-0.021940458084238,52.94895245810545,0.0285035629453682,-0.0313199105145414,-872.4520387068333,-1967.8240597475788,1095.3720210407455,0.0267124907445363,0.0211318198073198,6360.979135033527,-0.2491613980471411,632413.6,0.5560395918114348,-0.0161662817551963
5930,2024-12-24,0.016822429906542,0.0036900369003689,0.0074074074074073,-0.0668953687821611,0.0130353817504655,0.0167910447761194,0.0037383177570093,53780.0,54310.0,56718.333333333336,0.0115284492376348,0.0016571533787517,-0.0408744967823455,47.70128898070406,0.0074074074074073,-0.0668953687821611,-633.7223156227119,-703.4265176479673,69.70420202525543,0.0200827554884922,0.0177360831450325,1499.4424072821078,-0.1490547187268013,20990801.35,0.5542750277135083,0.0
35420,2024-12-24,0.007462686567164,-0.0334128878281623,-0.0311004784688995,0.0352760736196318,0.0099750623441396,0.0174563591022443,-0.0024875621890547,207100.0,207150.0,187258.33333333337,-0.0222114920328343,-0.0224475018102824,0.0813937964487561,50.685125152007195,-0.0311004784688995,0.0352760736196318,4478.4505638547125,6259.709051225722,-1781.258487371009,0.0228431884958451,0.0253677150496773,6608.4463878237675,-0.5233166733768082,1216260.8,0.4585019923358542,-0.0098765432098765
35720,2024-12-24,-0.0050377833753149,-0.0781796966161026,-0.0992018244013682,0.0675675675675675,-0.0062893081761006,0.0164556962025317,0.0012594458438286,40920.0,42435.0,38425.833333333336,-0.0347018572825024,-0.0691646046895251,0.0279542842271909,45.435258402744864,-0.0992018244013682,0.0675675675675675,735.6422803581809,1440.7381644155123,-705.0958840573317,0.0240562761602435,0.0395288271718491,1864.6777200385748,-0.4792248898927371,3805277.7,0.2918097147022936,-0.0367088607594936
660,2024-12-26,0.0094955489614243,-0.0730245231607629,-0.009895227008149,0.0106951871657754,0.0005882352941175,0.0153482880755608,0.0089020771513352,170340.0,170700.0,180295.0,-0.0014089468122577,-0.0035149384885764,-0.0565462159239025,45.79404402978774,-0.009895227008149,0.0106951871657754,-1265.5547001841478,-1253.8044225399142,-11.75027764423362,0.0255298808699524,0.0246674756852757,5765.938755043741,0.0963521722139384,3860163.2,0.5240003842324593,0.1746031746031746
5380,2024-12-26,0.0046189376443417,0.0046189376443417,0.0406698564593301,-0.0158371040723982,0.0,0.0209302325581395,0.0046189376443417,214300.0,211875.0,220740.0,0.0149323378441437,0.0265486725663717,-0.0146779016036966,53.890839447661705,0.0406698564593301,-0.0158371040723982,-415.81749836719246,-1657.4227474715017,1241.6052491043092,0.0158419868880369,0.0210411795866208,6228.052053959704,0.3106069438954406,600730.5,0.7671842864645627,-0.0275862068965517
5930,2024-12-26,-0.0147058823529411,-0.02367941712204,-0.0074074074074074,-0.0479573712255773,-0.0165137614678898,0.0205607476635514,0.0018382352941177,53520.0,54175.0,56541.666666666664,0.0014947683109118,-0.010613751730503,-0.0520265291083271,44.54274324881431,-0.0074074074074074,-0.0479573712255773,-636.3816456449058,-690.0175432473551,53.63589760244929,0.0197476573661213,0.0164262250106682,1470.9108067619572,-0.0960578450093629,20426235.75,0.5148807214760556,0.0429104477611941
35420,2024-12-26,-0.0128395061728394,-0.0592941176470588,-0.0830275229357798,-0.0152709359605911,-0.0128395061728394,0.0304568527918782,0.0,204580.0,206995.0,187750.0,-0.0228761364747287,-0.0342761902461412,0.0647137150466046,48.14747987478169,-0.0830275229357798,-0.0152709359605911,3605.1563227184233,5728.7985055242625,-2123.642182805839,0.0196413062842234,0.0241039151501548,6564.985931550641,0.1583730530181581,1133296.3,0.5699974490342905,0.0430215107553777
35720,2024-12-26,-0.0240506329113924,-0.1117511520737327,-0.1356502242152466,0.0052151238591917,-0.0277427490542244,0.0377604166666667,0.0037974683544304,39950.0,42445.0,38457.5,-0.0350438047559449,-0.0917658145835788,0.0024052525515179,42.71737560565687,-0.1356502242152466,0.0052151238591917,432.3797853426077,1239.0664886009315,-806.6867032583241,0.0179058335366522,0.0392277967773535,1835.0578828929624,0.730569686883396,3787943.05,0.5073080494174801,0.0155642023346302
660,2024-12-27,0.0258671369782481,-0.0028571428571428,-0.0090857467348097,0.0831781502172563,0.0258671369782481,0.0352941176470589,0.0,170240.0,171370.0,180293.33333333337,0.0250234962406015,0.0182645737293576,-0.0321328205886704,50.57813119487041,-0.0090857467348097,0.0831781502172563,-1015.908352586266,-1206.2252085491846,190.31685596291845,0.0235740617676481,0.0230004608640647,5782.65741539776,0.3069104234036526,3707774.45,0.712967586256494,0.1174785100286532
5380,2024-12-27,-0.0114942528735632,0.0141509433962263,0.0165484633569739,-0.0182648401826484,-0.0092165898617511,0.0187353629976581,-0.0022988505747126,214900.0,211675.0,220256.66666666663,0.0004653327128896,0.0157080429904334,-0.023866095615721,51.134888362138994,0.0165484633569739,-0.0182648401826484,-252.7469325926213,-1376.4875844957255,1123.7406519031044,0.0129199618225041,0.0210999214704363,6068.905478676868,-0.1501287779009744,590640.7,0.6631459701304026,-0.0186046511627907
5930,2024-12-27,0.001865671641791,0.0112994350282484,-0.0393559928443649,-0.0324324324324324,0.0037383177570093,0.0169172932330827,-0.001865671641791,53640.0,54085.0,56411.666666666664,0.0011185682326622,-0.0071184247018581,-0.0480692528141341,45.03269822170857,-0.0393559928443649,-0.0324324324324324,-623.2357458543702,-676.6611837687582,53.425437914388,0.0119235306917416,0.0162059551077077,1430.1314634218174,0.0218807035226049,19963538.85,0.5383412270114624,0.0316573556797019
35420,2024-12-27,-0.0110055027513756,-0.0563245823389021,-0.0495192307692308,-0.0332518337408312,-0.0050327126321086,0.0255754475703324,-0.0060030015007503,202220.0,206655.0,188221.66666666663,-0.0223518939768568,-0.043333091384191,0.0503572914914152,46.04668903330512,-0.0495192307692308,-0.0332518337408312,2704.3684549025784,5123.912495399926,-2419.544040497348,0.0196064246863897,0.024138279422392,6453.201222154167,0.0669668842186086,1100700.4,0.6261785677555854,0.0520991401112798
35720,2024-12-27,0.0077821011673151,-0.0570388349514563,-0.1109839816933638,0.0170157068062826,0.0077821011673151,0.0273794002607561,0.0,39480.0,42477.5,38502.5,-0.0159574468085106,-0.0853981519628038,0.0090253879618207,43.85945598870357,-0.1109839816933638,0.0170157068062826,213.78518343191536,1034.0102275671286,-820.2250441352132,0.0142590080564525,0.0392381348809901,1778.9823198291797,-0.3564039103813694,3789258.85,0.3263881009343027,-0.0051480051480051
660,2024-12-30,-0.0034383954154727,0.0320474777448072,-0.0091168091168091,0.0875547217010632,-0.0005747126436781,0.019721577726218,-0.0028653295128939,171320.0,172070.0,180373.33333333337,0.0150595377072144,0.0106352066019643,-0.0358885274985216,49.930980491642686,-0.0091168091168091,0.0875547217010632,-856.6024295100069,-1136.300652741349,279.6982232313421,0.0127613399151844,0.0229103510861324,5612.467600012205,-0.4574656622998929,3545345.15,0.4045309946762165,0.1196089706728005
5380,2024-12-30,-0.0139534883720929,0.007125890736342,-0.0139534883720929,-0.0297482837528604,-0.0070257611241217,0.0235849056603774,-0.0069767441860465,215200.0,211350.0,219840.0,-0.0148698884758364,0.0030754672344452,-0.0356622998544395,47.96497968371685,-0.0139534883720929,-0.0297482837528604,-361.4210257026716,-1173.474272737115,812.0532470344433,0.0145129694649618,0.0213060008442797,5992.5550873428065,-0.0100362284614264,581210.35,0.6671422833402744,0.0070754716981131
5930,2024-12-30,-0.0093109869646182,0.0037735849056603,-0.051693404634581,-0.0184501845018449,-0.0018761726078799,0.0169491525423728,-0.0074487895716945,53680.0,54035.0,56276.666666666664,-0.0089418777943368,-0.0154529471638752,-0.0546703784872356,42.98768314644492,-0.051693404634581,-0.0184501845018449,-645.7198899403666,-670.4729250030799,24.75303506271337,0.0129909723683653,0.0154937537063639,1392.264930320259,0.1746972884834332,19369097.4,0.6517960924704731,0.0770676691729324
35420,2024-12-30,0.0060698027314112,-0.0528571428571428,-0.0528571428571428,-0.0368038740920096,0.0106707317073171,0.0259674134419551,-0.0045523520485584,200000.0,206275.0,188733.33333333337,-0.0054999999999999,-0.0357532420312689,0.0538678912045214,47.394968100796625,-0.0528571428571428,-0.0368038740920096,2063.530456415494,4511.83608760304,-2448.305631187546,0.0203091130883517,0.0240618769820512,6356.543992000298,-0.1624148512481229,1067375.1,0.5408529766152498,0.0407239819004525
35720,2024-12-30,-0.0167310167310167,-0.0637254901960784,-0.167755991285403,-0.0473815461346633,-0.0154639175257731,0.0275590551181101,-0.0012870012870013,38960.0,42382.5,38539.166666666664,-0.0195071868583162,-0.0986845985961186,-0.0088005708478386,41.90976503625753,-0.167755991285403,-0.0473815461346633,-11.766543802179513,824.854873293267,-836.6214170954465,0.0143721353149159,0.0377294111204465,1726.9121541270952,-0.1020893958370561,3576577.35,0.3104946129572732,-0.0209424083769633
660,2025-01-02,-0.0155261644623346,0.009433962264151,-0.0451756832124929,0.0780856423173803,0.0041055718475073,0.0129411764705882,-0.0195514663599769,171640.0,172690.0,180325.0,-0.002563505010487,-0.0086281776593896,-0.0506030777762374,47.01568479172597,-0.0451756832124929,0.0780856423173803,-937.412860951561,-1096.5230943833917,159.1102334318305,0.0160823984714198,0.023215092108017,5490.148485725619,0.465745411036939,3472510.5,0.6053761392514148,0.1974299065420561
5380,2025-01-02,-0.0023584905660377,-0.0162790697674418,0.0023696682464455,-0.0208333333333333,-0.0023584905660377,0.0261282660332542,0.0,214500.0,211125.0,219373.33333333337,-0.0139860139860139,0.0017761989342806,-0.0358901112259163,47.43716484382945,0.0023696682464455,-0.0208333333333333,-482.3318277039507,-1035.245783730482,552.9139560265314,0.0093519158850233,0.0211747647603904,5957.372581104035,0.1290083816892326,577066.3,0.7586182038355037,0.0070921985815601
5930,2025-01-02,0.0037593984962405,-0.0018691588785046,-0.0395683453237409,-0.003731343283582,0.0132827324478177,0.0248565965583174,-0.0093984962406015,53660.0,54025.0,56156.666666666664,-0.0048453224002982,-0.011568718186025,-0.0490888585504837,44.08155958870115,-0.0395683453237409,-0.003731343283582,-640.0226251651184,-664.3828650354876,24.36023987036924,0.012278770558772,0.015331223951824,1385.6745781545262,0.3173014301644505,19098380.95,0.8707826094546512,0.050561797752809
35420,2025-01-02,-0.0256410256410256,-0.035820895522388,-0.094392523364486,-0.0476658476658476,-0.0285714285714285,0.0537297861241523,0.0030165912518853,198560.0,205790.0,189118.33333333337,-0.023972602739726,-0.0582632780990329,0.0247552238016761,42.53049565045959,-0.094392523364486,-0.0476658476658476,1131.0957800348406,3835.6880260894,-2704.59224605456,0.0139412958332986,0.024500515326377,6638.219421143134,0.2098847552282809,1041277.95,0.6707699898955893,0.0448916408668731
35720,2025-01-02,-0.0196335078534031,-0.0566750629722921,-0.1478953356086462,-0.1115065243179121,-0.0272727272727272,0.0432432432432432,0.0078534031413612,38510.0,42147.5,38551.666666666664,-0.027525318099195,-0.1114538228839195,-0.0285763693744325,39.7159496536165,-0.1478953356086462,-0.1115065243179121,-248.175828173029,610.2487330000079,-858.4245611730369,0.0128898186993469,0.0357771006768964,1717.8470002608742,0.2526609443605989,3366940.5,0.413161444343908,-0.0066755674232309
660,2025-01-03,0.0625,0.0795252225519287,-0.0114130434782608,0.1030927835051547,0.0424068767908309,0.0554592720970537,0.0192757009345794,174320.0,173540.0,180275.0,0.0434832491968792,0.0481733317967039,0.009014006379143,57.584801983459386,-0.0114130434782608,0.1030927835051547,-136.48185583084705,-904.5148466728826,768.0329908420356,0.030304396183805,0.0255957236751331,5919.423593888075,1.0138409028744038,3475164.55,1.21820015688178,0.1187465640461791
5380,2025-01-03,0.0070921985815601,-0.0161662817551963,0.0314769975786926,-0.0069930069930069,0.0070921985815601,0.0189573459715639,0.0,213800.0,211050.0,218806.66666666663,-0.0037418147801683,0.0092395167022032,-0.0265378873282349,49.241720024559584,0.0314769975786926,-0.0069930069930069,-451.9077343693061,-918.5781738582468,466.6704394889408,0.0093835442387336,0.021194471280066,5817.560253882319,0.0418801524991263,568625.2,0.8021223821948096,0.0610328638497652
5930,2025-01-03,0.0187265917602996,0.0,0.0036900369003689,0.0149253731343284,0.0303030303030302,0.0435606060606059,-0.0112359550561798,53660.0,54065.0,56046.666666666664,0.0137905329854639,0.0061962452603347,-0.0293802783394789,49.31769233221712,0.0036900369003689,0.0149253731343284,-548.4931712794933,-641.2049262842887,92.71175500479546,0.0129540928233593,0.0158974474705192,1450.9835368577744,0.1616007852542111,18895553.1,1.0223593825364128,0.0165441176470588
35420,2025-01-03,0.0345717234262126,-0.0098765432098765,-0.0429594272076372,-0.0406698564593301,0.0377846790890268,0.0455486542443064,-0.0030959752321981,198160.0,205365.0,189691.66666666663,0.0118086394832459,-0.0236895284006525,0.0569784299081843,49.81744267399142,-0.0429594272076372,-0.0406698564593301,922.1387454912184,3252.978169969764,-2330.839424478546,0.0232370270557517,0.0250258974388591,6792.63231963291,0.1432040294477263,1026139.6,0.7781397384917218,0.0074812967581048
35720,2025-01-03,0.0160213618157543,-0.0367088607594936,-0.1120186697782963,-0.1140861466821886,0.0160213618157543,0.0480640854472629,0.0,38220.0,41902.5,38573.333333333336,-0.0044479330193616,-0.0919396217409462,-0.0135672312478396,42.317335855236585,-0.1120186697782963,-0.1140861466821886,-382.70531503710663,411.65792339258496,-794.3632384296916,0.0179791295180865,0.0356774396210123,1723.7150716708118,0.4172670352026109,3307869.9,0.5960167901403861,-0.0394218134034165
660,2025-01-06,0.0984057174271577,0.1746031746031746,0.0888283378746594,0.1892857142857142,0.0835140997830803,0.0835140997830803,0.0137438152831226,180260.0,175130.0,180638.33333333337,0.1083989792521913,0.1408667846742419,0.1060775213825044,68.79796705364842,0.0888283378746594,0.1892857142857142,1920.503767620772,-339.5111238141517,2260.014891434924,0.0471168855117181,0.0329502268597996,6775.179051467498,0.7291780738433891,3556094.05,2.058545667542173,-0.0275275275275275
5380,2025-01-06,-0.0070422535211267,-0.0275862068965517,-0.023094688221709,0.0119617224880381,-0.0070422535211267,0.0314009661835748,0.0,212600.0,211175.0,218231.66666666663,-0.0051740357478833,0.00153900793181,-0.0308464246710299,47.48605304496819,-0.023094688221709,0.0119617224880381,-542.5793679747148,-843.3784126815406,300.7990447068257,0.0083395217062207,0.0204102153530102,5866.305950033582,0.71518306011528,561783.7,1.392541293027904,0.0401891252955082
5930,2025-01-06,0.0275735294117647,0.0429104477611941,0.018214936247723,0.0527306967984935,0.0275735294117647,0.0349907918968692,0.0,54120.0,54205.0,55973.333333333336,0.032889874353289,0.0312701780278572,-0.0013101476893759,55.976761524376585,0.018214936247723,0.0527306967984935,-350.87330659669533,-583.1386023467701,232.26529575007476,0.0145953671310672,0.0167700919751426,1483.0561413679334,-0.0146889597426157,18397029.0,1.0346390169847532,-0.0322003577817531
35420,2025-01-06,0.0399002493765585,0.0430215107553777,-0.0188235294117646,0.0296296296296296,0.0399002493765585,0.0399002493765585,0.0,199880.0,205665.0,190396.66666666663,0.0431258755253152,0.0137845525490483,0.0950821968171711,56.852444637354175,-0.0188235294117646,0.0296296296296296,1386.0939036636846,2879.6013167085484,-1493.5074130448638,0.0283606294384266,0.0256745979079461,6878.87286823056,-0.0352181645125738,976707.8,0.7887302630326081,-0.0215827338129496
35720,2025-01-06,0.028909329829172,0.0155642023346302,-0.0979262672811059,-0.1598712446351931,0.0357142857142858,0.0383597883597883,-0.0065703022339027,38340.0,41530.0,38609.166666666664,0.0211267605633802,-0.057307970142066,0.0140078996784012,46.84594585352185,-0.0979262672811059,-0.1598712446351931,-395.9953082777647,250.12727705851503,-646.1225853362797,0.0210056115172526,0.0299394925363313,1704.1639951228967,-0.259947269807552,2691036.2,0.5421881727194899,-0.0676883780332056
660,2025-01-07,-0.024024024024024,0.1174785100286532,0.1142857142857143,0.1271676300578035,-0.048780487804878,0.0600616016427104,0.0260260260260261,184360.0,176230.0,180776.66666666663,0.0577131698850075,0.1065085399761676,0.0786790330610514,63.91814725906255,0.1142857142857143,0.1271676300578035,3127.310124825104,353.8531259136995,2773.4569989114048,0.0539422914391833,0.0333766305883154,7126.951976362677,-0.1700644857058005,3626294.4,1.675386587476185,0.0
5380,2025-01-07,-0.0023640661938534,-0.0186046511627907,-0.0047169811320755,0.0317848410757946,-0.0023640661938534,0.0166270783847981,0.0,211800.0,211500.0,217648.33333333337,-0.0037771482530689,-0.0023640661938534,-0.0305462175221497,46.88596467337952,-0.0047169811320755,0.0317848410757946,-647.3211963780923,-804.1669694208509,156.84577304275865,0.007686960047219,0.019746182400654,5697.284096459755,-0.3455830000242871,557181.35,0.918830108007025,0.0521327014218009
5930,2025-01-07,-0.0089445438282647,0.0316573556797019,0.0433145009416195,0.0316573556797019,-0.0246478873239436,0.0342960288808664,0.0161001788908765,54460.0,54290.0,55915.0,0.0172603745868527,0.0204457542825566,-0.0092104086559957,53.45552730382472,0.0433145009416195,0.0316573556797019,-231.93041196946433,-512.896964271309,280.9665523018447,0.0165039271167906,0.0168349444378146,1512.8378455559382,-0.1052862823734268,18069126.9,0.9425045877562576,-0.0270758122743682
35420,2025-01-07,-0.0023980815347721,0.0520991401112798,-0.0071599045346062,0.0196078431372548,-0.0095238095238094,0.0289855072463767,0.0071942446043165,201940.0,205865.0,190990.0,0.0300089135386749,0.0103708741165327,0.0890622545683019,56.32101398625677,-0.0071599045346062,0.0196078431372548,1693.9095529023616,2642.462963947311,-948.5534110449498,0.027092357871683,0.0256549811295834,6816.09623478552,-0.2163380969132573,934972.95,0.6456881987869275,-0.0288461538461538
35720,2025-01-07,-0.0127713920817369,-0.0051480051480051,-0.0618932038834951,-0.1235827664399092,-0.0190355329949238,0.0350194552529183,0.0063856960408683,38300.0,41257.5,38630.833333333336,0.0091383812010443,-0.0632006301884505,0.0004961494488426,45.11223773352428,-0.0618932038834951,-0.1235827664399092,-441.7809689845235,111.74562784990734,-553.5265968344308,0.0218941008567147,0.0280098905561582,1678.8665668998326,-0.013851497688904,2502596.5,0.574938069321203,-0.0465717981888744
660,2025-01-08,-0.0015384615384614,0.1196089706728005,0.1554896142433235,0.1651705565529622,0.0082858622475401,0.0371727748691099,-0.0097435897435897,188520.0,177610.0,180921.66666666663,0.032781667727562,0.0962220595687179,0.0761563475905779,63.614444582403145,0.1554896142433235,0.1651705565529622,4013.243195286312,1085.731139788222,2927.5120554980895,0.0537105475472416,0.0320588385556217,7125.026835193914,-0.2962174787196657,3618371.05,1.1816897551178451,0.0179763739085772
5380,2025-01-08,0.0118483412322274,0.0070754716981131,0.0142517814726841,0.0491400491400491,0.0190930787589498,0.0311004784688995,-0.0071090047393365,212100.0,212000.0,217065.0,0.0066006600660066,0.0070754716981131,-0.0164236519015041,50.269908052915625,0.0142517814726841,0.0491400491400491,-522.5768032881024,-747.8489361943012,225.2721329061989,0.0077641624336583,0.0198046627178381,5754.62094671263,0.1786407008428474,548437.65,1.1002362802772567,0.0327868852459016
5930,2025-01-08,0.0342960288808664,0.0770676691729324,0.0811320754716982,0.0591497227356747,0.0456204379562044,0.0511882998171846,-0.0108303249097473,55280.0,54450.0,55881.666666666664,0.0365412445730823,0.0523415977961432,0.0253810134510423,60.69942922766778,0.0811320754716982,0.0591497227356747,15.468498772323072,-407.2238716625826,422.6923704349057,0.0176350246308416,0.0183225830173048,1604.7779994448,0.5615493855487022,18255710.85,1.4567251430803636,-0.06282722513089
35420,2025-01-08,-0.0048076923076922,0.0407239819004525,-0.0142857142857142,0.0122249388753055,0.0024213075060532,0.0194174757281553,-0.0072115384615384,203560.0,205990.0,191551.66666666663,0.0168991943407348,0.0049031506383805,0.0806483890334202,55.20947236051846,-0.0142857142857142,0.0122249388753055,1835.9997675149643,2481.170324660842,-645.1705571458779,0.0279599259946027,0.0256889236571578,6614.946503729412,-0.1326219436442874,894316.6,0.585516359642659,-0.002415458937198
35720,2025-01-08,-0.0323415265200517,-0.0209424083769633,-0.0833333333333333,-0.1595505617977528,-0.0234986945169712,0.0483870967741935,-0.0090556274256144,38140.0,40902.5,38630.833333333336,-0.0194022024121657,-0.0856304626856548,-0.0318614233017667,41.0245947022938,-0.0833333333333333,-0.1595505617977528,-572.3334841367177,-25.07019454741768,-547.2632895893,0.0255365333413294,0.028350206895599,1687.518954978416,1.006963952856402,2312142.15,1.2489266717446417,-0.0106951871657754
660,2025-01-09,0.0529019003595274,0.1974299065420561,0.2087264150943395,0.2137359384251036,0.0199004975124377,0.0310310310310311,0.0323574730354392,195280.0,179415.0,181213.33333333337,0.0497746825071692,0.1426023465150627,0.131263336031197,69.05151000955874,0.2087264150943395,0.2137359384251036,5483.267758236994,1965.2384634779764,3518.029294759018,0.0497011592344532,0.0335879837899297,7423.239204108634,0.5651495676122693,3687700.15,1.8147500414316495,0.024390243902439
5380,2025-01-09,-0.0023419203747072,0.0070921985815601,-0.0093023255813953,0.0597014925373133,-0.0093023255813953,0.0305164319248827,0.0070257611241217,212400.0,212600.0,216473.33333333337,0.002824858757062,0.0018814675446847,-0.0160450863847742,49.58942464835857,-0.0093023255813953,0.0597014925373133,-458.77334085819894,-690.0338171270809,231.26047626888192,0.0077621416226054,0.0195346986235821,5807.862307661728,0.4360510497819894,553036.7,1.5668562321451724,0.028169014084507
5930,2025-01-09,-0.0209424083769633,0.050561797752809,0.0485981308411214,0.050561797752809,-0.0260416666666666,0.0285204991087344,0.0052356020942407,55820.0,54585.0,55803.333333333336,0.0050161232533141,0.0277548777136575,0.0053162893495011,54.88907405916131,0.0485981308411214,0.050561797752809,113.39677928201128,-303.09974147366387,416.49652075567514,0.0239348445985521,0.0187717473876126,1604.4367137701713,-0.0790778501842156,18168856.45,1.347943502520215,-0.0320855614973262
35420,2025-01-09,-0.0217391304347825,0.0448916408668731,0.007462686567164,0.0049627791563275,-0.0287769784172662,0.0447761194029849,0.0072463768115942,205300.0,206040.0,192070.0,-0.0136385776911835,-0.0171811298776936,0.0543031186546572,50.390027068153174,0.007462686567164,0.0049627791563275,1567.4265764847803,2298.42157502563,-730.9949985408493,0.0268055295587398,0.0259619170470312,6785.30746774874,0.4849046190395254,872869.5,0.890798681818989,0.019753086419753
35720,2025-01-09,-0.0053475935828877,-0.0066755674232309,-0.0629722921914357,-0.1205673758865247,-0.0066755674232309,0.0174731182795699,0.0013368983957218,38090.0,40647.5,38642.5,-0.023365712785508,-0.0848145642413432,-0.0373293653360936,40.39392879595257,-0.0629722921914357,-0.1205673758865247,-684.0503152771853,-156.86621869337122,-527.184096583814,0.0241039268224246,0.0266434056609772,1613.4104581942436,-0.231544456203146,2213867.75,1.0023480399856766,-0.0080645161290322
660,2025-01-10,-0.0073170731707317,0.1187465640461791,0.2077151335311573,0.1942488262910797,-0.0216346153846154,0.0493827160493827,0.0146341463414634,199600.0,181070.0,181390.0,0.0195390781563127,0.1238747445739216,0.1218920557913887,67.47030941153687,0.2077151335311573,0.1942488262910797,6452.8509029050765,2862.7609513633965,3590.08995154168,0.0507698616399697,0.0338173517685776,7607.293546672303,-0.0811055587549426,3837218.3,1.602586696722467,0.0540540540540539
5380,2025-01-10,0.0610328638497652,0.0610328638497652,0.043879907621247,0.0736342042755344,0.0511627906976743,0.0558139534883721,0.0093896713615022,215000.0,213375.0,216140.0,0.0511627906976743,0.0591681312243701,0.0456185805496438,63.44476176822548,0.043879907621247,0.0736342042755344,633.4803501151619,-425.3309836786323,1058.811333793794,0.0281895925501567,0.0213335478677769,6393.014999971604,1.252441637844781,619657.4,3.149814720198613,-0.0641592920353982
5930,2025-01-10,-0.0142602495543672,0.0165441176470588,0.0165441176470588,0.0240740740740741,-0.0142602495543672,0.0235507246376811,0.0,56000.0,54650.0,55708.333333333336,-0.0124999999999999,0.0118938700823421,-0.0073298429319371,51.35942406454537,0.0165441176470588,0.0240740740740741,125.01128077214526,-217.47753702450208,342.4888177966473,0.025473735431214,0.0190210770386315,1582.691234215159,-0.3442697097726342,17932619.1,0.895531372770863,-0.0289330922242314
35420,2025-01-10,-0.0024691358024691,0.0074812967581048,-0.0024691358024691,-0.0334928229665071,-0.0049261083743842,0.0174129353233831,0.0024691358024691,205600.0,205690.0,192516.66666666663,-0.0175097276264591,-0.0179396178715542,0.0492598043459442,49.869123458565525,-0.0024691358024691,-0.0334928229665071,1299.257534207747,2098.5887668620535,-799.3312326543064,0.0228318739633324,0.0244878024342475,6550.642648623831,-0.4317247357408067,849674.35,0.5200380592870669,0.0346534653465346
35720,2025-01-10,-0.0174731182795698,-0.0394218134034165,-0.0746835443037974,-0.1664766248574686,-0.0174731182795698,0.0274725274725273,0.0,37790.0,40282.5,38624.166666666664,-0.0328129134691717,-0.0926581021535406,-0.0537012664782411,38.33150022657048,-0.0746835443037974,-0.1664766248574686,-815.6341537459084,-288.6198057038787,-527.0143480420297,0.0227714709453121,0.0247589896924243,1569.5954254660833,0.0095607791746616,2194384.55,1.0209158645416092,-0.0041039671682626
660,2025-01-13,-0.0452088452088451,-0.0275275275275275,0.1422692533803644,0.130966239813737,-0.0428571428571428,0.0469314079422382,-0.0024570024570024,198500.0,182195.0,181483.33333333337,-0.0211586901763224,0.0664398035072313,0.0706217283497105,58.606138014280326,0.1422692533803644,0.130966239813737,6405.055920489394,3571.2199451885963,2833.835975300798,0.0365671946839723,0.0359615448032656,7749.629721909996,-0.2247640652250802,3961523.55,1.203399131629547,0.0910962429233144
5380,2025-01-13,-0.0265486725663717,0.0401891252955082,0.0114942528735633,0.0526315789473683,-0.024390243902439,0.034324942791762,-0.0022123893805309,216700.0,213925.0,215690.0,0.015228426395939,0.02839780296833,0.0199823821224907,55.81920325796172,0.0114942528735633,0.0526315789473683,1003.3830384833273,-139.58817924624043,1142.9712177295678,0.0325374599854135,0.0222768990881907,6472.08535711649,-0.5554737509773,646273.8,1.3425099392857949,-0.0522727272727272
5930,2025-01-13,-0.0216998191681736,-0.0322003577817531,0.0093283582089551,0.0018518518518517,-0.0091575091575091,0.0166358595194084,-0.0126582278481012,55640.0,54655.0,55618.333333333336,-0.0276779295470884,-0.01015460616595,-0.0272991519582871,46.52637809748242,0.0093283582089551,0.0018518518518517,36.95983572000114,-166.59006247560143,203.54989819560257,0.0232913652421664,0.0197092692913176,1555.3561460569335,0.0503995118568314,18047751.75,0.9346648953102982,-0.0129390018484288
35420,2025-01-13,0.0099009900990099,-0.0215827338129496,0.0205102551275637,-0.0642201834862384,0.0149253731343284,0.0249999999999999,-0.0049504950495049,204700.0,204990.0,192966.66666666663,-0.003419638495359,-0.0048295038782379,0.0571774054240801,52.00630604865601,0.0205102551275637,-0.0642201834862384,1233.891389583761,1925.6492914063952,-691.7579018226338,0.0113249554644886,0.0223466901451556,6439.882459436414,0.2306574662282201,799483.7,0.6801664624306912,0.0049019607843137
35720,2025-01-13,-0.0013679890560875,-0.0676883780332056,-0.053177691309987,-0.1816143497757847,0.0082872928176795,0.0193370165745856,-0.0095759233926128,37260.0,39877.5,38605.833333333336,-0.0203972088030058,-0.0846968842078866,-0.054547024413409,38.17005436018009,-0.053177691309987,-0.1816143497757847,-913.420532560478,-413.57995107519855,-499.8405814852795,0.0120863343628414,0.0240780980504606,1507.4814665042202,-0.4776304947323596,2141995.5,0.5463386827843476,-0.0013698630136986
660,2025-01-14,0.0036026762738035,0.0,0.1174785100286532,0.1073253833049403,0.0036026762738035,0.022210743801653,0.0,198500.0,183140.0,181466.66666666663,-0.017632241813602,0.064759200611554,0.0745775165319617,59.04700342284243,0.1174785100286532,0.1073253833049403,6350.458074773545,4127.0675711055865,2223.390503667959,0.0350362153164044,0.0357073218549404,7503.227598916425,-0.3666954460958355,3884966.4,0.7771364509098457,0.1179487179487179
5380,2025-01-14,0.009090909090909,0.0521327014218009,0.0325581395348837,0.0496453900709219,0.004524886877828,0.0227790432801822,0.0045454545454546,218900.0,214450.0,215465.0,0.0141617176793056,0.0352063418046164,0.0303297519318683,57.64657881917161,0.0325581395348837,0.0496453900709219,1441.302432065393,176.5899430160863,1264.712489049307,0.0319954110560383,0.0222239405816881,6366.936403036741,-0.3685596032405556,642399.05,0.8528281603156168,-0.0698198198198197
5930,2025-01-14,-0.0036968576709797,-0.0270758122743682,0.0037243947858474,-0.035778175313059,-0.0055350553505535,0.0167597765363127,0.0018484288354898,55340.0,54555.0,55521.666666666664,-0.0260209613299602,-0.0120062322426908,-0.0292078167682285,45.75359181035407,0.0037243947858474,-0.035778175313059,-48.40194984187838,-142.95243994885683,94.55049010697846,0.0232611957528193,0.0179212138163112,1508.5449927671525,0.0354105260661821,17247213.15,1.0126810545041591,-0.0074211502782931
35420,2025-01-14,-0.0098039215686274,-0.0288461538461538,0.0217501264542234,-0.0288461538461538,-0.0098039215686274,0.0173267326732673,0.0,203500.0,204690.0,193416.66666666663,-0.0073710073710073,-0.0131418242219942,0.044377423524343,49.72343120417377,0.0217501264542234,-0.0288461538461538,1009.0729983304044,1742.3340327911972,-733.2610344607926,0.0114965904959535,0.0200483681068658,6229.890855190956,-0.0821781522742569,716041.85,0.6970193152816417,0.0123762376237623
35720,2025-01-14,0.0095890410958903,-0.0465717981888744,-0.0514800514800515,-0.1567505720823798,0.005457025920873,0.0165061898211829,0.0041095890410958,36900.0,39535.0,38597.5,-0.0013550135501354,-0.0679145061338054,-0.045274953041,40.0727876315152,-0.0514800514800515,-0.1567505720823798,-951.7042135968512,-521.2048035795291,-430.49941001732225,0.0160702136368104,0.0243148547525666,1442.6613617539188,-0.0709084772122314,2005764.65,0.5420745649296392,-0.010854816824966
660,2025-01-15,0.0164102564102563,0.0179763739085772,0.139735480161012,0.1293447293447294,0.0010101010101009,0.0166919575113808,0.0153846153846153,199200.0,184275.0,181648.33333333337,-0.005020080321285,0.0755664088997423,0.0911192872675223,61.08732126396098,0.139735480161012,0.1293447293447294,6490.582747505861,4599.770606385642,1890.8121411202192,0.0356900705032277,0.0357162056591259,7395.854198993824,0.1991657251762002,3882090.4,0.9326057940330292,0.1377396569122098
5380,2025-01-15,-0.0067567567567567,0.0327868852459016,0.0400943396226414,0.0255813953488373,-0.0067567567567567,0.0158730158730158,0.0,220300.0,214725.0,215231.66666666663,0.0009078529278256,0.0268948655256724,0.0244775009873083,55.78302359835958,0.0400943396226414,0.0255813953488373,1648.318453452317,470.9356451033325,1177.3828083489846,0.0328857899168742,0.022067602409709,6162.155231391259,-0.1002873017727286,640636.1,0.7694118392641314,-0.0544217687074829
5930,2025-01-15,-0.0037105751391465,-0.06282722513089,0.0093984962406015,-0.0427807486631015,-0.0073937153419593,0.0224299065420561,0.0037105751391466,54620.0,54435.0,55430.0,-0.0168436470157451,-0.0135023422430421,-0.0312105358109326,44.94956535036472,0.0093984962406015,-0.0427807486631015,-130.68366844629054,-140.49868564834358,9.815017202053042,0.0088473662733259,0.0178829982411081,1486.506064712356,0.0663634438849678,17383023.25,1.0714491220622395,0.0111731843575419
35420,2025-01-15,0.0222772277227722,-0.002415458937198,0.0382101558572147,-0.0166666666666667,0.0172413793103447,0.0247524752475247,0.0049504950495049,203400.0,204515.0,193911.66666666663,0.0152409046214356,0.0097058895435542,0.0649178749774381,54.556923413316355,0.0382101558572147,-0.0166666666666667,1180.4081846894114,1629.94886317084,-449.5406784814286,0.0170911899276188,0.0206025149898229,6142.041508391602,0.3600777407106863,694862.95,0.9768947963047966,-0.0121065375302663
35720,2025-01-15,0.0040705563093623,-0.0106951871657754,-0.031413612565445,-0.1938997821350763,0.0013531799729364,0.0452054794520548,0.0027137042062415,36820.0,39090.0,38572.5,0.0048886474741987,-0.0534663596827833,-0.040767386091127,40.912027360716735,-0.031413612565445,-0.1938997821350763,-958.8871065615676,-608.7412641759369,-350.1458423856308,0.0102728373301245,0.0203244056622573,1457.4712644857818,1.010784769984383,1884324.2,1.1602430197521212,-0.0189189189189189
660,2025-01-16,0.0595358224016144,0.024390243902439,0.2266355140186915,0.1712214166201895,0.0071942446043165,0.0169491525423728,0.0519677093844601,200200.0,185810.0,181966.66666666663,0.0489510489510489,0.1301867499058178,0.1540575196922513,67.51447569195791,0.2266355140186915,0.1712214166201895,7467.710821612301,5173.358649430975,2294.3521721813268,0.0380069810857,0.0375107953168979,7710.436041922837,0.6654361600459611,4019623.9,1.5000520322311748,0.0452380952380953
5380,2025-01-16,-0.0068027210884353,0.028169014084507,0.0354609929078013,0.0379146919431279,-0.0179372197309417,0.0275229357798165,0.0113378684807257,221500.0,215125.0,214931.66666666663,-0.0112866817155756,0.0180127832655432,0.0189284966539753,53.90633081598958,0.0354609929078013,0.0379146919431279,1672.0681174625352,711.162139575173,960.9059778873622,0.03325744416576,0.0216559202359711,6150.572714863312,-0.1168583502565361,638929.3,0.6813148184000952,-0.045662100456621
5930,2025-01-16,0.0111731843575419,-0.0320855614973262,0.0168539325842695,-0.0233812949640287,0.0018450184501845,0.0166358595194084,0.0093109869646181,54260.0,54370.0,55351.666666666664,0.0007371913011426,-0.0012874747103182,-0.0189997290054499,47.907098581598376,0.0168539325842695,-0.0233812949640287,-145.79688195748895,-141.55832491017267,-4.238557047316277,0.0124420379239104,0.0180395687317443,1473.1842029471875,0.0001220401046442,17550524.3,1.0613527938877587,-0.011049723756906
35420,2025-01-16,0.0,0.019753086419753,0.0655314757481939,-0.0350467289719625,-0.0166666666666667,0.0292682926829268,0.0169491525423728,204200.0,204140.0,194406.66666666663,0.0112634671890303,0.0115606936416186,0.0622063715236103,54.556923413316355,0.0655314757481939,-0.0350467289719625,1301.1932089343318,1564.1977323235385,-263.0045233892067,0.0124225088767755,0.0200781794495503,6131.895686363631,-0.0533331958374091,679715.95,0.9454022669322384,-0.009685230024213
35720,2025-01-16,-0.0027027027027026,-0.0080645161290322,-0.014686248331108,-0.1604095563139932,-0.0133689839572193,0.0313351498637601,0.0108108108108107,36760.0,38737.5,38530.833333333336,0.0038084874863981,-0.047434656340755,-0.0423254103856219,40.50477685979978,-0.014686248331108,-0.1604095563139932,-961.564448838064,-679.3059011083623,-282.2585477297017,0.0101312984657221,0.0189305295307689,1435.509031308226,-0.4181987253198821,1737614.2,0.732024979998437,-0.0311653116531165
660,2025-01-17,0.0214285714285713,0.0540540540540539,0.1792193512919186,0.1657608695652173,0.0238663484486874,0.0406698564593301,-0.0023809523809523,202400.0,187335.0,182411.66666666663,0.0597826086956521,0.1450076066938905,0.175911628459437,69.57809330680033,0.1792193512919186,0.1657608695652173,8507.139246378181,5840.114768820416,2667.024477557765,0.0377749539972761,0.0374075837601236,7766.833467499778,-0.1639094838916719,4112244.85,1.2259311358855491,0.0303030303030302
5380,2025-01-17,-0.0342465753424657,-0.0641592920353982,-0.0070422535211267,0.0242130750605327,-0.0275862068965517,0.0331753554502369,-0.0068493150684931,218600.0,215375.0,214548.33333333337,-0.0324794144556267,-0.0179918746372605,-0.014208142687351,45.6387320609881,-0.0070422535211267,0.0242130750605327,1073.3298984681314,783.5956913537648,289.73420711436665,0.0173231217510897,0.022564529897212,6282.6746638016475,0.8695027933987576,643842.5,1.2640001242539909,-0.0307328605200946
5930,2025-01-17,-0.011049723756906,-0.0289330922242314,-0.0128676470588234,-0.0092250922509224,-0.0018587360594795,0.0169172932330827,-0.009208103130755,53940.0,54345.0,55285.0,-0.0044493882091212,-0.0118686171680927,-0.0286696210545356,45.2869459098414,-0.0128676470588234,-0.0092250922509224,-203.83946368896432,-154.014552665931,-49.82491102303331,0.0120129272837735,0.017305654674282,1446.52818845096,0.0095583374464722,17480030.0,1.075818748594825,0.0
35420,2025-01-17,0.0121065375302662,0.0346534653465346,0.0423940149625934,-0.0023866348448687,0.0145631067961164,0.031941031941032,-0.0024213075060532,205600.0,204115.0,195036.66666666663,0.0165369649805446,0.0239325870220219,0.0715933756045872,57.207612391990814,0.0423940149625934,-0.0023866348448687,1580.4271372295334,1567.4436133047377,12.983523924795918,0.0122393221765801,0.0197543519489736,6158.188851623372,0.0921156853743745,670009.75,1.0474459513462304,-0.0239234449760765
35720,2025-01-17,-0.0135501355013549,-0.0041039671682626,-0.0433639947437581,-0.1505250875145857,-0.0148849797023004,0.01510989010989,0.0013550135501354,36730.0,38415.0,38515.0,-0.0089844813503947,-0.0524534686971235,-0.0549136699987018,38.44416702099467,-0.0433639947437581,-0.1505250875145857,-992.5901221448512,-741.9627453156601,-250.62737682919112,0.0086336990548021,0.0185747337584114,1372.2583862147812,-0.1076654687938539,1693372.0,0.670277410988253,-0.0178571428571429
660,2025-01-20,-0.0116550116550117,0.0910962429233144,0.0610610610610611,0.1553133514986375,-0.0319634703196347,0.0403800475059381,0.020979020979021,205940.0,188760.0,182678.33333333337,0.0294260464212876,0.1231193049374868,0.1605098214530094,67.03053456434276,0.0610610610610611,0.1553133514986375,9025.128590609238,6477.117533178181,2548.0110574310575,0.0265806213462278,0.0375996209455299,7819.202505535508,-0.3977314315332326,4145862.95,0.7323527180270153,-0.060377358490566
5380,2025-01-20,-0.0141843971631205,-0.0522727272727272,-0.0141843971631205,-0.0369515011547344,-0.0118483412322274,0.0216867469879518,-0.0023640661938534,216300.0,214975.0,214006.66666666663,-0.0360610263522884,-0.0301197813699267,-0.0257312856297311,42.81038055636421,-0.0141843971631205,-0.0369515011547344,352.6850841737469,697.4135699177613,-344.7284857440144,0.0157236140616875,0.0198861992750435,6155.340759244387,-0.2981517957968438,636786.05,0.8969668855025954,-0.0119904076738609
5930,2025-01-20,-0.0055865921787709,-0.0129390018484288,-0.0447227191413237,-0.0273224043715847,-0.003731343283582,0.0112570356472796,-0.0018621973929237,53800.0,54270.0,55190.0,-0.0074349442379182,-0.0160309563294638,-0.0324334118499728,43.99141045546383,-0.0447227191413237,-0.0273224043715847,-270.92308796645375,-177.39625972603557,-93.52682824041818,0.0082530493596565,0.0170535286471465,1386.0618892758914,-0.3713206735276951,17386209.7,0.6799947316866884,-0.0187265917602996
35420,2025-01-20,-0.0191387559808612,0.0049019607843137,-0.0167865707434052,-0.0352941176470588,-0.0191387559808612,0.0244498777506112,0.0,205800.0,203740.0,195578.33333333337,-0.0038872691933916,0.0061843526062628,0.0481733661704175,51.98296747423486,-0.0167865707434052,-0.0352941176470588,1462.1012732188683,1546.3751452875638,-84.27387206869548,0.0165780796348914,0.0198999092077951,6075.461076507417,-0.4316877054541257,656757.85,0.6072877545354045,0.0560975609756098
35720,2025-01-20,0.0013736263736263,-0.0013698630136986,-0.0689655172413793,-0.1601382488479262,0.0013736263736263,0.0251396648044692,0.0,36720.0,38067.5,38494.166666666664,-0.0073529411764705,-0.0424903132593419,-0.0531032840473664,38.77957281776301,-0.0689655172413793,-0.1601382488479262,-1001.5978135146142,-793.8897589554509,-207.70805455916332,0.0086749534488052,0.0180693629286484,1338.5256443422968,0.1947809263023234,1685349.95,0.8046465364656166,0.0521262002743483
660,2025-01-21,0.0283018867924529,0.1179487179487179,0.1179487179487179,0.2457142857142857,0.0069284064665127,0.0280373831775699,0.0212264150943395,210540.0,190910.0,183008.33333333337,0.0354326968747031,0.1418993242889319,0.1912025864031692,69.88083438320112,0.1179487179487179,0.2457142857142857,9806.7427082762,7143.042568197785,2663.7001400784156,0.0255423607990125,0.0355842938504597,7832.116612282972,0.0945177479733117,4070330.45,0.8164477161798989,-0.1243119266055046
5380,2025-01-21,-0.0095923261390887,-0.0698198198198197,-0.0213270142180095,-0.025943396226415,-0.019002375296912,0.0314769975786926,0.0095923261390886,213200.0,214700.0,213640.0,-0.0314258911819887,-0.0381928272007452,-0.0334207077326343,40.98675056928773,-0.0213270142180095,-0.025943396226415,-375.4860390959366,482.8336481150218,-858.3196872109584,0.011545018020821,0.0194739277153379,6179.959276441217,0.4601383811644748,646891.85,1.2892355963365438,-0.0217917675544794
5930,2025-01-21,0.0018726591760298,-0.0074211502782931,-0.0342960288808664,0.0075329566854991,-0.0037243947858472,0.0187617260787993,0.0056179775280897,53720.0,54290.0,55138.333333333336,-0.0040953090096798,-0.0145514827776754,-0.0297131457243902,44.560731437270846,-0.0342960288808664,0.0075329566854991,-312.41683248054323,-204.4003742769371,-108.01645820360612,0.0084374258096938,0.0153562819055189,1358.4860400418993,0.144907296077295,16938898.55,0.7990898558159202,-0.0467289719626168
35420,2025-01-21,-0.0024390243902439,0.0123762376237623,-0.0168269230769231,-0.0238663484486874,-0.0024390243902439,0.0246305418719212,0.0,206300.0,203490.0,196118.33333333337,-0.0087251575375666,0.0049633888643176,0.0427378028571185,51.35164390260724,-0.0168269230769231,-0.0238663484486874,1312.847661549924,1499.669648540036,-186.821986990112,0.0156707154965551,0.0196836557632855,5998.642428185459,-0.1031965118932105,642622.0,0.5565978133334993,0.061124694376528
35720,2025-01-21,0.0,-0.010854816824966,-0.056921086675291,-0.1152912621359223,0.0,0.0235131396957122,0.0,36640.0,37830.0,38477.5,-0.0051855895196506,-0.0364789849325931,-0.0526931323500746,38.77957281776301,-0.056921086675291,-0.1152912621359223,-997.2409014708246,-834.5599874585257,-162.6809140122989,0.0068191210073526,0.0151663724307242,1303.6309554607042,-0.1395343006582794,1623306.4,0.7188334870114478,0.1467764060356653
660,2025-01-22,0.0344036697247707,0.1377396569122098,0.1581920903954803,0.3382789317507417,0.0180586907449209,0.0460829493087557,0.0160550458715595,216000.0,193760.0,183416.66666666663,0.0439814814814814,0.1638109000825764,0.2294411631076784,73.02065435842275,0.1581920903954803,0.3382789317507417,10905.651288120396,7895.564312182308,3010.0869759380885,0.0256834460214008,0.0339831282053778,7986.965425691331,0.7759143864429956,4141052.05,1.4251788986810732,-0.152549889135255
5380,2025-01-22,0.0096852300242131,-0.0544217687074829,-0.0234192037470726,-0.009501187648456,0.0048192771084336,0.0169491525423728,0.0048426150121065,210800.0,214600.0,213356.66666666663,-0.0109108159392788,-0.0284249767008387,-0.0227631352820785,43.57521517833816,-0.0234192037470726,-0.009501187648456,-782.1672776793421,229.83346295614896,-1012.0007406354912,0.0157957045047994,0.0195653093058807,5988.533613838274,-0.0015419738224163,653279.25,1.2746616397199206,-0.0359712230215827
5930,2025-01-22,0.0149532710280373,0.0111731843575419,-0.0523560209424084,0.0245283018867925,0.0168539325842695,0.0244821092278719,-0.0018691588785046,53840.0,54355.0,55111.666666666664,0.0085438335809806,-0.0010118664336307,-0.0147276741161882,49.02485014973384,-0.0523560209424084,0.0245283018867925,-277.5482068721394,-219.0299407959776,-58.51826607616184,0.010947956250692,0.0156776517806043,1354.3084657531922,0.3550823592304264,16622259.4,1.1034595573691983,-0.0294659300184162
35420,2025-01-22,-0.002444987775061,-0.0121065375302663,-0.0144927536231883,-0.0285714285714285,-0.0144927536231883,0.036764705882353,0.0122249388753055,205800.0,203190.0,196721.66666666663,-0.0087463556851311,0.0039864166543628,0.0369981276422695,50.688684942666534,-0.0144927536231883,-0.0285714285714285,1141.0638044126972,1427.9484797145683,-286.8846753018711,0.0111398802310083,0.0196692486526222,6105.88225474364,0.5521329001738975,631593.2,0.8789993305817733,0.0710784313725489
35720,2025-01-22,-0.0041152263374485,-0.0189189189189189,-0.0294117647058823,-0.1102941176470588,-0.0135869565217391,0.0248962655601658,0.0096021947873798,36500.0,37605.0,38474.166666666664,-0.0054794520547944,-0.0347028320702034,-0.0565097792891333,38.05806885529648,-0.0294117647058823,-0.1102941176470588,-994.428609681854,-866.5337119031915,-127.89489777866264,0.0058646179535489,0.0151458745803506,1274.800172927797,-0.0105751456653472,1582375.35,0.7296290352349081,0.1267217630853994
660,2025-01-23,-0.0266075388026607,0.0452380952380953,0.0707317073170732,0.2942216981132075,-0.006787330316742,0.0488372093023254,-0.0199556541019955,217900.0,196255.0,183808.33333333337,0.0073428178063332,0.1184428422205803,0.1941787187740853,67.00295561404312,0.0707317073170732,0.2942216981132075,11163.706143689256,8549.192678483698,2614.5134652055567,0.0267710340367023,0.0352140818888072,8166.467895284807,0.0157650116745231,4276411.3,1.4018251705583138,-0.0943052391799544
5380,2025-01-23,0.0023980815347721,-0.045662100456621,-0.0187793427230047,-0.027906976744186,0.0048076923076922,0.0389294403892943,-0.0023980815347721,208800.0,214300.0,213065.0,0.0009578544061301,-0.024731684554363,-0.0190786849083612,44.233765124091214,-0.0187793427230047,-0.027906976744186,-1051.9925526073202,-26.53174015654488,-1025.4608124507754,0.01690780706737,0.0189078685146641,6132.209784278397,0.2402661190570547,681501.4,1.5154510320888557,-0.0215311004784688
5930,2025-01-23,-0.011049723756906,-0.011049723756906,-0.0427807486631015,0.0037383177570093,0.0,0.0112149532710279,-0.011049723756906,53720.0,54365.0,55038.333333333336,-0.0003723008190618,-0.012232134645452,-0.0243163855494655,46.03110005889297,-0.0427807486631015,0.0037383177570093,-294.9297884396656,-234.2099103247152,-60.719878114950376,0.0109421384288762,0.0157889493478703,1314.7150039136784,-0.1501431333163341,16718030.25,0.9324105033246964,-0.0148975791433891
35420,2025-01-23,0.0024509803921568,-0.009685230024213,0.0098765432098766,0.0174129353233831,-0.0072815533980582,0.0171568627450979,0.0098039215686274,205400.0,203365.0,197290.0,-0.0043816942551119,0.0055810980257173,0.0365451872877489,51.36487228591132,0.0098765432098766,0.0174129353233831,1033.3577761210036,1349.0303389958551,-315.6725628748518,0.0113233845336346,0.0170632635709418,5919.747807976238,-0.122249040834339,597464.7,0.8156147133044012,0.119804400977995
35720,2025-01-23,-0.0151515151515151,-0.0311653116531165,-0.0389784946236558,-0.0994962216624685,-0.0192043895747598,0.020979020979021,0.0041322314049587,36270.0,37407.5,38445.833333333336,-0.014336917562724,-0.0443092962641181,-0.0701202991221415,35.45341571546774,-0.0389784946236558,-0.0994962216624685,-1024.767371275324,-898.180443777618,-126.58692749770591,0.0076527922819976,0.014490084636083,1237.3144462900968,0.0567105540094945,1536764.5,0.7938900202340697,0.2083916083916084
660,2025-01-24,0.0068337129840547,0.0303030303030302,0.0859950859950859,0.3115727002967359,0.002267573696145,0.0436781609195402,0.0045558086560364,219200.0,198880.0,184320.0,0.0082116788321167,0.1112228479485115,0.1990017361111111,67.71918785469009,0.0859950859950859,0.3115727002967359,11358.322271058714,9111.0185969987,2247.303674060013,0.0258817633995415,0.0349400489582128,8261.72018847875,-0.3708574174769687,4372741.85,0.8625187878401741,-0.079185520361991
5380,2025-01-24,-0.0191387559808612,-0.0307328605200946,-0.0929203539823009,-0.0531177829099307,-0.0144230769230768,0.0270935960591132,-0.0047846889952153,207500.0,213725.0,212748.33333333337,-0.0120481927710843,-0.0408234881272663,-0.0364201834718642,40.192321129723545,-0.0929203539823009,-0.0531177829099307,-1570.4939212533643,-335.3241763759088,-1235.1697448774555,0.0119261455056825,0.0192093994413706,6122.766228258512,0.0433450621718813,717796.45,1.501188811953584,-0.0073170731707317
5930,2025-01-24,0.0,0.0,-0.0289330922242314,-0.0128676470588234,0.001865671641791,0.0112781954887217,-0.0018621973929237,53720.0,54330.0,54940.0,-0.0003723008190618,-0.0115958034235229,-0.0225700764470331,46.03110005889297,-0.0289330922242314,-0.0128676470588234,-305.1868134462493,-248.40529094902203,-56.78152249722726,0.0097520047091506,0.0153032861590236,1263.6639322055585,-0.2386720560028385,16729677.95,0.7093759387041877,0.0055865921787709
35420,2025-01-24,-0.002444987775061,-0.0239234449760765,0.0099009900990099,0.0074074074074073,-0.0072992700729926,0.0270270270270269,0.0048899755501221,204400.0,203440.0,197870.0,-0.0019569471624266,0.0027526543452613,0.0309799363218274,50.617383251455685,0.0099009900990099,0.0074074074074073,897.3105143412249,1258.6863740649294,-361.3758597237045,0.0082891940867544,0.0170095192267196,5889.765821692221,-0.1392096466044601,590555.0,0.7102877801390217,0.1372549019607842
35720,2025-01-24,0.0,-0.0178571428571429,-0.0218878248974008,-0.0949367088607594,-0.0041782729805014,0.0182072829131652,0.0041958041958041,36140.0,37220.0,38419.166666666664,-0.0107913669064748,-0.0394948952176249,-0.0694748714834174,35.45341571546774,-0.0218878248974008,-0.0949367088607594,-1036.8587956431363,-925.9161141507218,-110.94268149241476,0.0067889180821249,0.0145354226590303,1195.3634144122327,-0.1178241048112247,1535057.35,0.7011295050311963,0.2671328671328672
660,2025-01-31,-0.0986425339366515,-0.060377358490566,0.0252187339166238,0.1710758377425043,0.0111675126903554,0.0497946611909649,-0.1085972850678732,216640.0,200335.0,184390.0,-0.0805022156573116,-0.0056655102702972,0.0803188893107,50.54704433749066,0.0252187339166238,0.1710758377425043,9642.328384854629,9217.280554569888,425.0478302847405,0.0544262823064039,0.043119151228759,9543.025889301696,2.14775775194004,4865205.25,2.440183792862593,0.0190763052208835
5380,2025-01-31,0.0048780487804878,-0.0119904076738609,-0.0636363636363636,-0.0528735632183907,0.0073349633251833,0.0375,-0.0024390243902439,207000.0,213150.0,212506.66666666663,-0.0048309178743961,-0.033544452263664,-0.0306186472581252,41.62817621948087,-0.0636363636363636,-0.0528735632183907,-1879.0577408905665,-644.0708892788404,-1234.9868516117265,0.0117680634204378,0.0192145776645263,6221.14006909719,-0.0843832478924372,744083.95,1.3259538792632204,-0.0266990291262135
5930,2025-01-31,-0.0242085661080074,-0.0187265917602996,-0.0314232902033271,-0.0223880597014924,0.0038314176245211,0.0251450676982591,-0.0279329608938547,53520.0,54270.0,54828.333333333336,-0.0209267563527653,-0.0344573429150543,-0.0442897528650029,39.9073968075208,-0.0314232902033271,-0.0223880597014924,-413.4487354491721,-281.41397984905205,-132.03475560012004,0.0147250454872289,0.0159021586869322,1316.2593656194472,2.554734639120478,18313138.15,2.3036073148391556,0.0248091603053435
35420,2025-01-31,0.0612745098039215,0.0560975609756098,0.0612745098039215,0.0830415207603803,0.0383693045563549,0.0479616306954435,0.0220588235294116,206700.0,204270.0,198571.66666666663,0.0474117077890663,0.0598717383854701,0.090286462486256,64.51885845800601,0.0612745098039215,0.0830415207603803,1777.6460156323735,1362.4783023784184,415.1677132539553,0.0280283999024992,0.0214443239544869,6504.782548714205,3.6838584479240177,656491.7,2.9927415685529613,0.0415704387990762
35720,2025-01-31,0.0727272727272727,0.0521262002743483,0.0506849315068493,-0.0051880674448767,0.0623268698060941,0.080332409972299,0.0097902097902098,36520.0,37210.0,38435.833333333336,0.0501095290251916,0.0306369255576457,-0.0022331591613728,53.06445658369311,0.0506849315068493,-0.0051880674448767,-827.1086717644357,-906.1546256734646,79.04595390902887,0.035228376408393,0.0220051524148768,1342.1231705256448,5.361210992739767,1781294.95,3.8434993598336984,0.1603650586701435
660,2025-02-03,-0.0416666666666666,-0.1243119266055046,-0.0210256410256409,0.0939828080229225,-0.0031331592689295,0.0337078651685394,-0.0386546184738956,211220.0,201155.0,184466.66666666663,-0.0962030110784963,-0.0509805871094429,0.0348753162269606,45.786501163675055,-0.0210256410256409,0.0939828080229225,7525.896384155058,8879.00372048692,-1353.1073363318628,0.0506104577073927,0.0443402484266038,9739.952611494433,-0.3323410260870224,5129351.3,1.545311197538761,0.0377160817181769
5380,2025-02-03,-0.0194174757281553,-0.0217917675544794,-0.09009009009009,-0.0604651162790698,0.0049751243781095,0.0175,-0.0242718446601941,206100.0,212500.0,212290.0,-0.0198932557011159,-0.0494117647058823,-0.0484714305902302,37.726551875775414,-0.09009009009009,-0.0604651162790698,-2418.484576892457,-998.9536268015636,-1419.5309500908934,0.0139051473008125,0.0194886368516616,6205.344349875962,-0.0765075951150441,770056.75,1.183207601257959,-0.0128712871287128
5930,2025-02-03,-0.0267175572519083,-0.0467289719626168,-0.0538033395176252,-0.0502793296089385,-0.0019569471624266,0.0118110236220472,-0.0248091603053435,53020.0,54135.0,54691.666666666664,-0.038098830629951,-0.0579107786090329,-0.0674996190766417,34.57317134124858,-0.0538033395176252,-0.0502793296089385,-605.2385747910739,-346.1788988374564,-259.0596759536175,0.0173447017533563,0.0168840314186088,1336.5265537894868,-0.2332839547190213,19393023.2,1.667862543473882,0.0901960784313724
35420,2025-02-03,0.0023094688221709,0.061124694376528,0.0742574257425743,0.0976226605968639,-0.0022988505747126,0.0281030444964871,0.0046189376443417,209200.0,205235.0,199355.0,0.0372848948374759,0.0573245304163518,0.0885104461889594,64.94396158650608,0.0742574257425743,0.0976226605968639,2486.9955278618436,1587.3817474751036,899.61378038674,0.0275232657610388,0.0211517466098499,6468.726652377477,-0.2823001867960156,692533.55,2.0361064095739474,0.0483870967741935
35720,2025-02-03,0.0899608865710561,0.1467764060356653,0.1343283582089551,0.0759330759330758,0.0899608865710561,0.124503311258278,0.0,37590.0,37357.5,38516.666666666664,0.1119978717744081,0.1189185571839657,0.0852444829078322,66.23075166614231,0.1343283582089551,0.0759330759330758,-378.135114061588,-800.5507233510893,422.4156092895014,0.0487718673850583,0.0298248351112106,1581.9715154880987,1.1501488518209406,2455496.1,5.995037825553866,0.0167464114832536
660,2025-02-04,0.0010476689366161,-0.152549889135255,-0.0358224016145307,0.0989074180563542,-0.0093312597200622,0.0220936349289846,0.0104766893661603,204340.0,202015.0,184615.0,-0.0647939708329254,-0.0540306412890131,0.0351271565149093,45.91867474397613,-0.0358224016145307,0.0989074180563542,5797.91237922915,8262.785452235366,-2464.873073006216,0.0423195285623047,0.0443043306032889,9344.241710673405,-0.261819549851106,5350198.5,1.0936315727351051,0.0450026164311878
5380,2025-02-04,-0.0049504950495049,-0.0359712230215827,-0.0884353741496598,-0.0518867924528302,-0.0195121951219512,0.0373134328358208,0.0148514851485148,204600.0,211950.0,212081.66666666663,-0.0175953079178885,-0.051663128096249,-0.0522518841012502,36.797998324470406,-0.0884353741496598,-0.0518867924528302,-2893.3234418296197,-1377.827589807175,-1515.4958520224448,0.0115634410601793,0.0193240439416473,6297.8197534562505,-0.0759380861495032,792766.6,1.0620364177804666,-0.0079601990049751
5930,2025-02-04,0.0333333333333334,-0.0294659300184162,-0.0186219739292364,-0.0093984962406015,0.0213178294573643,0.0407766990291262,0.0117647058823529,52700.0,54110.0,54598.333333333336,0.0,-0.026058029939013,-0.0347690710949663,44.3077718171182,-0.0186219739292364,-0.0093984962406015,-612.9914281240053,-399.5414046947662,-213.4500234292391,0.0243362452196428,0.0185784703692926,1426.7746570902375,-0.158604493314664,20122530.65,1.3524566801939495,0.0569259962049335
35420,2025-02-04,0.0069124423963133,0.0710784313725489,0.0581113801452783,0.0985419808949221,-0.0068181818181818,0.032258064516129,0.0138248847926267,212100.0,206215.0,200168.33333333337,0.0301744460160302,0.0595737458477803,0.0915812524458579,66.25034886649813,0.0581113801452783,0.0985419808949221,3134.0699829947553,1896.719394579034,1237.3505884157212,0.0265779432148994,0.0211550871028764,6506.674748636229,0.0160388973045348,735303.3,1.9484313479893265,0.045766590389016
35720,2025-02-04,-0.0215311004784688,0.1267217630853994,0.1054054054054054,0.0706806282722514,-0.039906103286385,0.0733830845771144,0.0191387559808613,38510.0,37492.5,38595.833333333336,0.0620618021293171,0.0908848436353937,0.0596998812479756,61.39253412341239,0.1054054054054054,0.0706806282722514,-93.86084390623,-659.2127474621175,565.3519035558875,0.0522012801643001,0.0300197381175435,1679.6878358103777,-0.1623222446183602,3016534.7,4.087895955581084,0.047677261613692
660,2025-02-05,0.0402930402930403,-0.0943052391799544,-0.0533333333333333,0.161214953271028,0.0359562272016675,0.0390828556539863,0.0041862899005755,200200.0,203395.0,184695.0,-0.0069930069930069,-0.0225915091324762,0.0763691491377676,50.88356307068431,-0.0533333333333333,0.161214953271028,4992.250695834431,7608.6785009551795,-2616.4278051207484,0.0534790226962402,0.0446562813480587,9269.653017053874,-0.2744809307441653,5457345.65,0.7778722976801001,0.0005030181086518
5380,2025-02-05,0.0174129353233831,-0.0215311004784688,-0.0662100456621004,-0.033096926713948,0.0148883374689825,0.027363184079602,0.0024875621890547,203700.0,211600.0,211881.66666666663,0.0039273441335296,-0.0335538752362949,-0.0348386284797331,42.1635479175058,-0.0662100456621004,-0.033096926713948,-2953.1735674433294,-1692.896785334406,-1260.2767821089235,0.0158494627242305,0.019830013402675,6240.832628209376,-0.1562259857211915,806398.6,0.8809700314459872,-0.0312958435207824
5930,2025-02-05,0.0037950664136623,-0.0148975791433891,-0.0257826887661142,-0.0093632958801498,-0.0130597014925373,0.018939393939394,0.01707779886148,52540.0,54085.0,54501.666666666664,0.0068519223448801,-0.0219099565498751,-0.0293874805051832,45.33818654045549,-0.0257826887661142,-0.0093632958801498,-596.1255277082237,-438.8582292974577,-157.267298410766,0.0244301081829895,0.0185788831603936,1403.4336101552208,-0.4130085444891834,20089748.0,0.7951759773193771,0.054820415879017
35420,2025-02-05,0.0480549199084667,0.119804400977995,0.1089588377723971,0.1816305469556243,0.0292134831460673,0.0593607305936072,0.0183066361556063,217000.0,207975.0,201056.66666666663,0.0552995391705068,0.101093881476139,0.1389823764444517,73.6521446794025,0.1089588377723971,0.1816305469556243,4442.928089061927,2405.9611334756128,2036.9669555863136,0.0292694264627561,0.0219550660229855,7006.197980876499,0.6311869716225724,817229.5,2.8596397951860526,-0.0174672489082969
35720,2025-02-05,0.0562347188264058,0.2083916083916084,0.1707317073170731,0.1535380507343124,0.0460048426150121,0.0621951219512195,0.0097799511002445,40000.0,37780.0,38693.333333333336,0.08,0.143462149285336,0.116471399035148,67.85513486122201,0.1707317073170731,0.1535380507343124,313.4065853483262,-464.6888809000288,778.095466248355,0.0479985583737309,0.0316476697923801,1748.9958475382075,-0.1296393399549763,3483613.25,3.080899121049101,-0.0277777777777777
660,2025-02-06,0.0236418511066398,-0.079185520361991,-0.0512820512820513,0.1187465640461791,0.0074257425742574,0.0224438902743142,0.0160965794768612,196700.0,204475.0,184866.66666666663,0.034570411794611,-0.00476830908424,0.1007933645870897,53.67889197148719,-0.0512820512820513,0.1187465640461791,4679.071306327649,7022.757062029674,-2343.685755702025,0.0559356860505369,0.0429953463784502,9050.392087264312,-0.0500565590874034,5447304.45,0.7402967902776206,0.0245700245700246
5380,2025-02-06,-0.0048899755501222,-0.0073170731707317,-0.0378250591016549,-0.0446009389671361,-0.012135922330097,0.0197044334975369,0.0073349633251833,203400.0,211125.0,211690.0,0.0004916420845624,-0.0361160449970396,-0.0386886484954414,41.09020540382024,-0.0378250591016549,-0.0446009389671361,-3046.1823716427316,-1963.553902596071,-1082.6284690466605,0.0136267713502202,0.019737633263911,6080.7731547658495,-0.1479491507052939,813858.65,0.7437507729382737,0.0245700245700246
5930,2025-02-06,0.0207939508506616,0.0055865921787709,0.0055865921787709,-0.0073529411764705,0.0112359550561798,0.0150375939849625,0.0094517958412099,52600.0,54065.0,54441.666666666664,0.0266159695817489,-0.00120225654305,-0.0081126588091228,50.7368584851574,0.0055865921787709,-0.0073529411764705,-488.3687621094359,-448.76033585985334,-39.60842624958258,0.0266833053217611,0.018695739049398,1381.7597808584194,0.0307445092718976,19947146.95,0.8254827139577473,0.0333333333333334
35420,2025-02-06,0.0131004366812226,0.1372549019607842,0.1100478468899521,0.1571072319201996,0.0108932461873638,0.0380313199105144,0.002183406113537,222600.0,209550.0,201981.66666666663,0.0422282120395327,0.1071343354807921,0.1486190990931521,75.3177395770008,0.1100478468899521,0.1571072319201996,5657.071299353149,3056.18316665112,2600.8881327020285,0.0265619074841998,0.0211278111992004,7112.898125099607,-0.2647059326943896,863223.95,1.990641014999642,-0.0517241379310344
35720,2025-02-06,0.0486111111111111,0.2671328671328672,0.2445054945054945,0.19053876478318,0.0295454545454545,0.0459770114942528,0.0185185185185186,41910.0,38142.5,38819.166666666664,0.080887616320687,0.1876515697712526,0.1669493162741773,72.39820550233303,0.2445054945054945,0.19053876478318,796.4405360708552,-212.462997505852,1008.9035335767072,0.0426254180869768,0.0329162177850335,1788.3532869997644,-0.1501549336180467,3841090.9,2.3746115979707745,-0.1125827814569536
660,2025-02-07,-0.0024570024570024,0.0190763052208835,-0.0424528301886792,0.0160160160160161,-0.0097560975609756,0.0274314214463839,0.0073710073710073,197460.0,204635.0,184986.66666666663,0.028056315203079,-0.0079898355608767,0.0973763874873865,53.33116055873758,-0.0424528301886792,0.0160160160160161,4340.49404894968,6486.304459413675,-2145.810410463995,0.0309785939548046,0.0371694397805699,8796.792652459719,-0.4528887160760418,5191600.0,0.4249736112181216,0.0344827586206897
5380,2025-02-07,-0.0147420147420147,-0.0266990291262135,-0.0383693045563549,-0.0520094562647753,-0.0147420147420147,0.0224999999999999,0.0,202300.0,210575.0,211590.0,-0.0088976767177458,-0.0478451858007835,-0.0524126849094948,37.967579005758246,-0.0383693045563549,-0.0520094562647753,-3323.654427677655,-2235.574007612388,-1088.080420065267,0.0141829206564751,0.0199134884643301,5967.860786568289,0.3781760690425371,816454.35,1.0217607389806913,0.0274314214463839
5930,2025-02-07,-0.0055555555555555,0.0248091603053435,0.0056179775280897,-0.0393559928443649,-0.0037105751391465,0.0111940298507462,-0.0018518518518518,52860.0,53955.0,54381.666666666664,0.0158910329171395,-0.0047261606894634,-0.0125348616261606,49.306578625789335,0.0056179775280897,-0.0393559928443649,-422.3101137102786,-443.4702914299384,21.160177719659885,0.0232970889564084,0.0175368308747033,1325.9197965113894,-0.1208038369916236,19719276.05,0.7341479455580723,0.0428305400372439
35420,2025-02-07,-0.0280172413793103,0.0415704387990762,0.1,0.0815347721822541,-0.0424628450106157,0.0560538116591928,0.0150862068965518,224400.0,210400.0,202801.66666666663,0.0049019607843137,0.0717680608365018,0.111923800757719,65.6362019122046,0.1,0.0815347721822541,6025.336534773873,3650.01384027567,2375.322694498202,0.0272034176229134,0.0211093040761373,7497.691116163921,0.1108417342258851,920147.8,2.074488468048285,-0.0199556541019955
35720,2025-02-07,-0.0176600441501103,0.1603650586701435,0.2208504801097393,0.1366538952745848,-0.0154867256637167,0.0390355912743971,-0.0022075055187638,43140.0,38410.0,38951.666666666664,0.0315252665739453,0.1585524602967978,0.142441487313337,68.43046942329502,0.2208504801097393,0.1366538952745848,1101.9920298156212,50.428007958442635,1051.564021857179,0.0488635064298562,0.0330994315119987,1785.6137664997811,-0.440589999077962,4023260.2,1.2682336578678155,-0.1292134831460674
660,2025-02-10,-0.0241379310344828,0.0377160817181769,-0.0912844036697247,0.0158974358974359,0.0015166835187057,0.0304568527918782,-0.025615763546798,198900.0,204790.0,184998.33333333337,-0.0040221216691804,-0.0326676107231798,0.0708204578419624,49.91835602102699,-0.0912844036697247,0.0158974358974359,3634.879456429044,5916.01945881675,-2281.140002387706,0.0248873382804877,0.0371735593060635,8597.021748712596,0.259914254362408,5026814.75,0.5529823831284015,0.0701665825340736
5380,2025-02-10,-0.0054862842892767,-0.0128712871287128,-0.0343825665859564,-0.0549763033175355,-0.0005012531328321,0.0166919575113808,-0.0049875311720698,201780.0,209995.0,211455.0,-0.0117950242838735,-0.0504535822281483,-0.0570097656711829,36.86143896562569,-0.0343825665859564,-0.0549763033175355,-3590.919948187337,-2506.6431957273776,-1084.276752459959,0.0119061104505719,0.019924754557673,5777.299301813411,0.1894965482767756,840471.75,1.180650033745929,0.0020060180541625
5930,2025-02-10,0.0353817504655493,0.0901960784313724,0.0392523364485981,0.0036101083032491,0.0490566037735848,0.056710775047259,-0.0130353817504655,53780.0,53965.0,54350.0,0.0338415767943474,0.030297414991198,0.0229990800367985,57.48163940816204,0.0392523364485981,0.0036101083032491,-214.17515996495055,-397.61126513694086,183.43610517199028,0.018032422521465,0.0193061283436654,1445.496953903433,0.904942064118021,20246643.85,1.3620820914474672,0.0071942446043165
35420,2025-02-10,0.0088691796008868,0.0483870967741935,0.1124694376528117,0.09375,-0.008714596949891,0.0220264317180616,0.0177383592017739,226500.0,211375.0,203598.33333333337,0.0044150110375276,0.0762862211709047,0.1173961803878551,67.04009592923,0.1124694376528117,0.09375,6404.742784351081,4200.959629090753,2203.7831552603284,0.0269892508794605,0.0210761186872085,7426.427465009356,-0.3531644415759133,951697.9,1.297368629267754,-0.0285714285714285
35720,2025-02-10,-0.0449438202247191,0.0167464114832536,0.1659807956104253,0.0996119016817593,-0.0449438202247191,0.0874704491725768,0.0,43280.0,38602.5,39050.833333333336,-0.0180221811460258,0.1009649634091056,0.0883250464138623,59.63178967691937,0.1659807956104253,0.0996119016817593,1169.2817524952409,274.19875686580224,895.0829956294384,0.0453734728724395,0.0348430502647003,1922.355640321225,0.2078055296746612,4259455.7,1.4468393226862295,-0.0811764705882353
660,2025-02-11,0.0080767289247853,0.0450026164311878,-0.1144124168514412,0.0256805341551105,-0.0064676616915423,0.0176767676767677,0.0146390711761736,200620.0,205040.0,184985.0,-0.0045857840693849,-0.0260436987904798,0.0795469902965104,51.020537184578615,-0.1144124168514412,0.0256805341551105,3168.2597106487083,5366.467509183141,-2198.207798534433,0.0246162611755508,0.0371949298376052,8232.948766661697,-0.1046968421507047,4937460.65,0.5040465487051526,0.0515773660490737
5380,2025-02-11,0.0,-0.0079601990049751,-0.0436450839328537,-0.0660421545667447,-0.0005012531328321,0.0201511335012594,0.0005015045135405,201460.0,209290.0,211386.66666666663,-0.010225354909163,-0.0472550050169621,-0.0567049325091458,36.86143896562569,-0.0436450839328537,-0.0660421545667447,-3759.3938466130057,-2757.1933259045036,-1002.2005207085022,0.0118603756348333,0.0196455651439129,5650.349351683882,-0.1510133497530492,852423.8,0.98830182826899,0.0055165496489468
5930,2025-02-11,0.0017985611510791,0.0569259962049335,0.0257826887661141,-0.0279232111692844,0.0036036036036035,0.0236363636363636,-0.0017985611510791,54380.0,53885.0,54328.333333333336,0.0242736300110335,0.0336828430917695,0.0252477221830229,57.86675875767012,0.0257826887661141,-0.0279232111692844,-40.688513469729514,-326.2267148034986,285.5382013337691,0.0165888557812123,0.0175906100013458,1435.1043143389022,-0.1081093341329196,20146776.0,1.2208502243733688,0.0215439856373429
35420,2025-02-11,0.0043956043956043,0.045766590389016,0.1200980392156862,0.1038647342995169,0.0043956043956043,0.0266075388026607,0.0,228500.0,212450.0,204496.66666666663,0.0,0.0755471875735467,0.1173776263671779,67.74954895496661,0.1200980392156862,0.1038647342995169,6708.781951007288,4702.5240934740605,2006.2578575332273,0.027079514660483,0.0209578004008178,7324.539788937259,-0.3448586421187929,965961.3,0.8374093247835084,-0.0262582056892779
35720,2025-02-11,0.0082352941176471,0.047677261613692,0.1804407713498623,0.1457219251336898,-0.0081018518518518,0.0284023668639052,0.016470588235294,43670.0,38875.0,39181.666666666664,-0.018777192580719,0.1022508038585208,0.0936237185758646,60.586852289752706,0.1804407713498623,0.1457219251336898,1236.5967004351696,466.67834557967575,769.9183548554938,0.0430564663580118,0.0336972438145577,1870.7588088697096,-0.4503130746219057,4284450.0,0.7906690473689738,-0.0910151691948658
660,2025-02-12,-0.0040060090135203,0.0005030181086518,-0.0938496583143507,-0.0297560975609756,0.0122137404580153,0.0198979591836734,-0.016024036054081,200640.0,204735.0,185090.0,-0.0086722488038277,-0.0285002564290424,0.0746123507482845,50.42300973528917,-0.0938496583143507,-0.0297560975609756,2702.7512521524623,4833.724257777006,-2130.9730056245435,0.0175260201918495,0.0352151456741674,7923.452426185861,0.1588622217936199,4747051.55,0.6075501750133723,0.0985419808949221
5380,2025-02-12,-0.006519558676028,-0.0312958435207824,-0.0521531100478468,-0.0699530516431925,-0.0045226130653266,0.012115093387178,-0.0020060180541624,200180.0,208545.0,211171.66666666663,-0.0103906484164252,-0.0500851135246589,-0.0619006653354695,35.4460209106344,-0.0521531100478468,-0.0699530516431925,-3952.250674762879,-2996.204795676179,-956.0458790867006,0.0053303921413525,0.0196578310606734,5418.1815408493185,-0.3267046668534231,837458.3,0.6773101418900499,0.0297829379101464
5930,2025-02-12,0.0017953321364452,0.054820415879017,0.0391061452513965,-0.0053475935828877,0.012704174228675,0.0256880733944953,-0.0107719928186714,54960.0,53870.0,54341.666666666664,0.0152838427947599,0.0358269909040283,0.0268363747891429,58.273775804751914,0.0391061452513965,-0.0053475935828877,103.67496755610046,-240.2463783315788,343.9213458876793,0.0168355760907356,0.0169762203716978,1432.596863314695,0.0744993250175758,20243676.2,1.3055235491269122,0.0519713261648746
35420,2025-02-12,-0.0153172866520787,-0.0174672489082969,0.1002444987775061,0.1111111111111111,-0.0217391304347825,0.0359550561797752,0.0065645514223193,227700.0,213575.0,205313.33333333337,-0.0118577075098814,0.0534940887276131,0.095885962918466,62.66540017177395,0.1002444987775061,0.1111111111111111,6591.33364054127,5080.286002887503,1511.0476376537672,0.0175470704998723,0.0205696268522681,7372.786946870312,0.1686143613897799,974348.65,0.9701845432843778,-0.0133333333333333
35720,2025-02-12,-0.0198366394399066,-0.0277777777777777,0.1748251748251748,0.1290322580645162,-0.0175438596491228,0.0326086956521738,-0.0023337222870478,43430.0,39115.0,39320.0,-0.0329265484688003,0.0737568707656908,0.0681586978636825,57.05638520553102,0.1748251748251748,0.1290322580645162,1207.4377941153434,614.8302352868093,592.6075588285341,0.0354441991594526,0.034137423056667,1840.7046082361587,-0.1316765173507239,4320572.55,0.6808164811397508,-0.0642857142857142
660,2025-02-13,0.0482654600301659,0.0245700245700246,-0.0565610859728507,0.0245700245700246,0.0487927565392354,0.0524987380111054,-0.0005027652086475,201640.0,204985.0,185468.33333333337,0.0340210275738941,0.0171475961655731,0.1241811270567301,56.940074506014746,-0.0565610859728507,0.0245700245700246,3073.048029659345,4481.589012153474,-1408.540982494129,0.0267721427616665,0.036838408224774,8100.3486814583,0.2393622628006513,4618298.3,0.7739668959885073,0.0167865707434051
5380,2025-02-13,0.0524987380111054,0.0245700245700246,0.0170731707317073,-0.077433628318584,0.0296296296296296,0.0396039603960396,0.02221100454316,201180.0,207670.0,211196.66666666663,0.0363853265732179,0.0039967255742283,-0.0127685096040025,51.492951293714825,0.0170731707317073,-0.077433628318584,-3228.679805937165,-3042.6997977283763,-185.9800082087886,0.0269880848003402,0.0182251209167376,5881.168573645796,1.6337781350765752,814564.45,1.8340218505730272,-0.0263788968824939
5930,2025-02-13,0.0,0.0333333333333334,0.0391061452513965,0.0090415913200723,-0.0053475935828877,0.014388489208633,0.0053763440860215,55320.0,53895.0,54388.333333333336,0.0086767895878525,0.0353465070971332,0.0259553213005239,58.273775804751914,0.0391061452513965,0.0090415913200723,215.5987778463532,-149.07734709599242,364.6761249423456,0.0163233731517539,0.0166478837967424,1387.411373077931,-0.1506027410612354,20563133.9,1.0916807286850376,0.0465949820788531
35420,2025-02-13,-0.0222222222222222,-0.0517241379310344,0.0784313725490195,0.0891089108910891,-0.0222222222222222,0.036697247706422,0.0,225300.0,214475.0,205956.66666666663,-0.0235241899689303,0.0257605781559622,0.0681858643403952,56.17941838005455,0.0784313725490195,0.0891089108910891,6025.340421338071,5269.2968865776165,756.0435347604543,0.0163133839467062,0.0214276641700722,7417.587879236718,0.0880092838448827,1003680.15,1.0247218698108158,0.0068181818181818
35720,2025-02-13,-0.0428571428571428,-0.1125827814569536,0.1244755244755244,0.0998632010943911,-0.050767414403778,0.0856423173803526,0.0083333333333333,42410.0,39297.5,39435.833333333336,-0.0521103513322329,0.0229658375214707,0.0193774697293069,50.363573903640905,0.1244755244755244,0.0998632010943911,1027.242778689666,697.3127439673807,329.9300347222853,0.0217321897540264,0.0355241796999395,1952.082850505005,1.7615937626741576,4614722.2,1.7602955601531116,-0.0111940298507462
660,2025-02-14,0.0071942446043165,0.0344827586206897,0.0542168674698795,0.0808028821410189,0.0047846889952152,0.026634382566586,0.0023980815347721,203040.0,205770.0,185920.0,0.0342789598108748,0.0205569324974486,0.1295180722891566,57.87192912270717,0.0542168674698795,0.0808028821410189,3447.804216826771,4274.832053088134,-827.0278362613626,0.0264324962921004,0.0351377817416631,7914.609489925565,-0.2729832335965936,4509866.4,0.5762157388963894,-0.0023809523809523
5380,2025-02-14,-0.0119904076738609,0.0274314214463839,0.0,-0.0636363636363636,-0.0096153846153845,0.0218978102189781,-0.0023980815347721,202280.0,206970.0,211298.33333333337,0.0183903500098872,-0.0046866695656375,-0.0250751307393181,48.37963737772117,0.0,-0.0636363636363636,-2824.4156801513454,-2999.0429742129704,174.62729406162498,0.0265047777405296,0.0175496877728236,5782.513675528239,-0.4486893286093247,812363.95,1.0138546891451794,0.0
5930,2025-02-14,0.0035842293906809,0.0428305400372439,0.0687022900763358,0.0351201478743068,0.0,0.0232142857142856,0.0035842293906809,55780.0,53990.0,54478.333333333336,0.0039440659734673,0.037229116503056,0.027931593599902,59.1882517592277,0.0687022900763358,0.0351201478743068,316.78582262821874,-55.90471315115019,372.690535779369,0.0150740210762029,0.0158055679481781,1395.4534178580789,0.0682188293612495,20918692.85,1.1463325730699276,0.0392857142857143
35420,2025-02-14,0.0045454545454546,-0.0199556541019955,0.0207852193995381,0.0833333333333332,-0.0045045045045044,0.0204545454545455,0.009090909090909,224400.0,215325.0,206603.33333333337,-0.0151515151515151,0.0263555091141298,0.0696826446814344,57.13499489279889,0.0207852193995381,0.0833333333333332,5593.005672146537,5334.0386436914005,258.96702845513664,0.0138676102044168,0.0213899312278101,7209.188745005525,-0.441378794021933,1005217.95,0.5715556511898738,0.0248868778280542
35720,2025-02-14,-0.0360696517412935,-0.1292134831460674,0.0104302477183833,0.0616438356164383,-0.0443896424167694,0.0572916666666667,0.0087064676616914,41260.0,39410.0,39525.0,-0.0608337372758118,-0.0167470185232174,-0.0196078431372549,45.711856070315015,0.0104302477183833,0.0616438356164383,758.6883617186686,709.5878675176383,49.1004942010303,0.0220708143446977,0.0366978591985561,1969.791218326076,-0.2500905115239851,4860795.5,1.253235401489324,0.0296774193548388
660,2025-02-17,0.0095238095238094,0.0701665825340736,0.110529072812991,0.087179487179487,0.0023640661938533,0.0236966824644548,0.0071428571428571,205820.0,206620.0,186570.0,0.0300262365173451,0.0260381376439842,0.1363027281985314,59.141567406580315,0.110529072812991,0.087179487179487,3861.669557578134,4192.199553986134,-330.52999640799953,0.0199974932488444,0.035154824533008,7777.851669216596,-0.0387638841000886,4483805.05,0.5570987079378039,-0.0330188679245283
5380,2025-02-17,-0.0300970873786408,0.0020060180541625,-0.0108910891089109,-0.0999999999999999,-0.0059701492537312,0.0150375939849625,-0.0242718446601941,202360.0,205860.0,211270.0,-0.0126507214864597,-0.0294374817837365,-0.0542907180385289,41.653536543873095,-0.0108910891089109,-0.0999999999999999,-2970.084348778968,-2993.25124912617,23.166900347202045,0.0310048288240748,0.0182847719067165,5833.762698704793,0.0861150604830631,829698.4,1.0781568338567364,0.0360360360360361
5930,2025-02-17,0.0,0.0071942446043165,0.0980392156862746,0.0389610389610388,-0.0017825311942959,0.014362657091562,0.0017857142857142,55860.0,54095.0,54580.0,0.0025062656641603,0.03521582401331,0.0260168559912055,59.188251759227704,0.0980392156862746,0.0389610389610388,392.4533269715248,33.766894873384814,358.68643209814,0.0014999709149401,0.0157588902204845,1352.921030868216,-0.5030801993629717,20641197.9,0.5772933847022512,0.0232142857142856
35420,2025-02-17,0.0,-0.0285714285714285,0.0184331797235022,0.0940594059405941,-0.002257336343115,0.0205011389521641,0.002262443438914,223100.0,216275.0,207145.0,-0.0094128193635141,0.0218471852964974,0.0668855149774312,57.13499489279889,0.0184331797235022,0.0940594059405941,5190.543909422151,5305.339696837551,-114.7957874153999,0.012296896541266,0.0211626771593131,7015.675263219416,0.071427825487609,1011042.0,0.6088530446806364,0.0316742081447964
35720,2025-02-17,0.007741935483871,-0.0811764705882353,-0.0657894736842105,0.0597014925373133,-0.0012787723785165,0.0141752577319587,0.0090322580645161,40570.0,39520.0,39629.166666666664,-0.0374661079615479,-0.0118927125506073,-0.0146146567132793,46.80655051063929,-0.0657894736842105,0.0597014925373133,563.5680821918868,680.3839104524881,-116.81582826060128,0.0239180540602389,0.0366843663662809,1871.9489884456416,-0.4858915895852748,4963022.05,0.631027823057929,0.0128040973111396
660,2025-02-18,-0.0094339622641509,0.0515773660490737,0.098901098901099,0.0595358224016144,-0.0094339622641509,0.038647342995169,0.0,207880.0,207210.0,187100.0,0.0101981912641908,0.0134646011292891,0.122394441475147,57.28241729477178,0.098901098901099,0.0595358224016144,3982.371239846834,4150.233891158274,-167.86265131143955,0.0226147912044121,0.0351801569056588,7793.719407129696,-0.2241975530060586,4399676.75,0.4404628135464725,-0.0452380952380951
5380,2025-02-18,0.0035035035035035,0.0055165496489468,-0.0024875621890547,-0.090702947845805,0.0024999999999999,0.0130718954248365,0.001001001001001,202580.0,204860.0,211178.33333333337,-0.0102675486227663,-0.0212828272966904,-0.0505654778346895,42.62343516522007,-0.0024875621890547,-0.090702947845805,-2994.5246521336085,-2993.505929727658,-1.0187224059504842,0.0310224251924014,0.0183794462656411,5602.779648797308,-0.3735776288504211,833070.9,0.6726474301286961,0.0099750623441396
5930,2025-02-18,0.0160714285714285,0.0215439856373429,0.0796963946869069,0.0595903165735567,0.0124555160142347,0.0232558139534884,0.0035714285714285,56100.0,54255.0,54636.666666666664,0.0142602495543671,0.0487512671643166,0.0414251723506802,63.37712759711936,0.0796963946869069,0.0595903165735567,519.0594534288466,130.82540658447718,388.23404684436946,0.0067515135134656,0.0159985935331845,1349.1409572347725,0.8572471344685606,20816497.0,1.0631475122831666,0.0052724077328647
35420,2025-02-18,0.006787330316742,-0.0262582056892779,0.0183066361556063,0.0774818401937045,0.0045146726862301,0.0229357798165137,0.002262443438914,221900.0,217075.0,207686.66666666663,0.0027039206849932,0.024991362432339,0.0713253940230476,58.7016752206704,0.0183066361556063,0.0774818401937045,4935.7314866674715,5231.418054803536,-295.6865681360641,0.0128239713431508,0.0207657892685319,6871.698458703743,0.0235454273720872,1008605.1,0.6246944418583646,0.0269662921348314
35720,2025-02-18,-0.0025608194622278,-0.0910151691948658,-0.0476772616136919,0.0527027027027027,0.0,0.0194300518134715,-0.0025608194622278,39790.0,39617.5,39710.833333333336,-0.0211108318673033,-0.0168486148797879,-0.0191593393910142,46.47017401166674,-0.0476772616136919,0.0527027027027027,396.2964320533283,623.5664147726561,-227.2699827193278,0.0214837848572092,0.0367091538880676,1791.8097749852388,-0.1692879984545653,4983789.75,0.5220180084844068,0.0205391527599485
660,2025-02-19,0.0404761904761905,0.0985419808949221,0.0990945674044265,0.0404761904761905,0.0115740740740741,0.0257009345794392,0.0285714285714284,211800.0,207635.0,187880.0,0.0316336166194524,0.0523274014496593,0.1629763678944007,62.65548230328426,0.0990945674044265,0.0404761904761905,4709.617614959396,4262.110635918499,447.506979040897,0.0242649321815851,0.033813865445926,7915.5965923347185,0.825548765825169,4275080.5,0.8275212595411946,-0.0709382151029748
5380,2025-02-19,0.0174563591022443,0.0297829379101464,-0.002444987775061,-0.0684931506849315,0.0256410256410255,0.028672032193159,-0.0079800498753117,203760.0,204110.0,210961.66666666663,0.0011778563015312,-0.0005389250894125,-0.0329996760864927,47.33722516755066,-0.002444987775061,-0.0684931506849315,-2700.345121689141,-2934.8737681199545,234.52864643081375,0.0313284686613519,0.0190148282072005,5609.723959597501,0.524215553132523,854011.0,1.000120607345807,0.0049019607843137
5930,2025-02-19,0.031634446397188,0.0519713261648746,0.1096408317580339,0.0810313075506445,0.0226480836236933,0.0279232111692844,0.0087873462214411,56680.0,54475.0,54670.0,0.0356386732533522,0.0775585130793943,0.0737150173769891,70.00752142448779,0.1096408317580339,0.0810313075506445,755.9268236911012,255.845690005802,500.0811336852992,0.0136541271642549,0.0171595522946928,1395.63088886086,0.1474918877392248,21154889.65,1.2004388309347669,-0.0357751277683134
35420,2025-02-19,-0.0022471910112359,-0.0133333333333333,-0.0305676855895196,0.0750605326876512,-0.0022471910112359,0.018181818181818,0.0,221300.0,217850.0,208206.66666666663,0.0031631269769543,0.0190498049116365,0.0662482789536038,57.94147069019303,-0.0305676855895196,0.0750605326876512,4639.958431954612,5113.126130233752,-473.1676982791396,0.0115227149230904,0.020794284829388,6666.577140224905,-0.0965733966067262,1004935.95,0.566426148850581,0.0427927927927926
35720,2025-02-19,0.0089858793324775,-0.0642857142857142,-0.0902777777777777,0.0650406504065039,0.0038314176245211,0.0205920205920207,0.0051347881899872,39250.0,39737.5,39780.833333333336,0.0012738853503184,-0.0110097514941805,-0.0120870603515094,47.88193134146867,-0.0902777777777777,0.0650406504065039,288.64717417208885,556.5825666525427,-267.93539248045386,0.024729686308743,0.0367033562031103,1720.9662196291504,0.1446232897247414,5069085.1,0.5874598554283494,0.0712468193384223
660,2025-02-20,-0.0297482837528604,0.0167865707434051,0.0417690417690417,-0.0116550116550117,-0.0230414746543778,0.0355450236966825,-0.0068649885583523,212500.0,207510.0,188570.0,-0.0023529411764705,0.0216375114452316,0.1242509412950099,56.77452471136112,0.0417690417690417,-0.0116550116550117,4707.208163951174,4351.130141525035,356.0780224261398,0.0259319094474245,0.0342432355011609,7885.911121453667,-0.1293143606616691,4177026.15,0.7374246388186965,-0.060377358490566
5380,2025-02-20,-0.0049019607843137,-0.0263788968824939,-0.0024570024570024,-0.0401891252955082,0.0024691358024691,0.0124069478908188,-0.0073529411764705,202660.0,203685.0,210753.33333333337,0.0016776867660119,-0.0033630360605837,-0.0367886628918483,46.17011125053872,-0.0024570024570024,-0.0401891252955082,-2518.861499583756,-2851.671314412715,332.80981482895913,0.0177138704801101,0.0175854376395234,5387.600819626251,-0.5855049794289755,831021.45,0.4260130710224146,-0.0123152709359606
5930,2025-02-20,-0.0051107325383304,0.0465949820788531,0.0814814814814814,0.0875232774674115,-0.0118443316412859,0.0172117039586918,0.0068143100511073,57200.0,54710.0,54705.0,0.020979020979021,0.0674465362822154,0.0675441001736587,67.8042044566363,0.0814814814814814,0.0875232774674115,908.9604975582042,386.4686515162825,522.4918460419217,0.0147604914063746,0.0169345481853163,1367.371539656513,-0.1498747536488364,21294075.4,1.0138528484782203,-0.035958904109589
35420,2025-02-20,-0.0022522522522522,0.0068181818181818,-0.0452586206896551,0.0598086124401913,0.002262443438914,0.0320366132723111,-0.0045045045045044,221600.0,218475.0,208681.66666666663,-0.0004512635379061,0.0138459778006636,0.0614252969035773,57.14450592030577,-0.0452586206896551,0.0598086124401913,4315.464347128844,4953.59377361277,-638.1294264839262,0.0041083027523902,0.0207411797797641,6690.393058780269,0.0791185161501135,1000558.9,0.613914882971907,-0.0112866817155756
35720,2025-02-20,0.0114503816793893,-0.0111940298507462,-0.1225165562913906,0.0920329670329669,0.0037878787878788,0.0303413400758534,0.0076335877862594,39160.0,39905.0,39839.166666666664,0.0150663942798774,-0.0038842250344568,-0.0022381659589598,49.718069335577326,-0.1225165562913906,0.0920329670329669,236.91459692414355,492.6489727068629,-255.73437578271933,0.019732729136899,0.0365072841093694,1701.6114896556396,0.5445245684519613,5242304.4,0.8773651144714144,0.1182389937106918
660,2025-02-21,-0.0117924528301887,-0.0023809523809523,0.0320197044334975,-0.0117924528301887,0.0,0.0267639902676399,-0.0117924528301887,212400.0,207385.0,189218.33333333337,-0.013653483992467,0.0101984232225089,0.1071865834001284,54.649864922636624,0.0320197044334975,-0.0117924528301887,4452.2468201247975,4371.3534772449875,80.89334287981,0.0266545348380742,0.0342457081438405,7786.917469921263,-0.1555368052250439,4155272.0,0.6259881422924901,-0.0921241050119331
5380,2025-02-21,0.0147783251231528,0.0,0.0274314214463839,-0.0119904076738609,-0.0143540669856458,0.0343137254901961,0.0295566502463053,202660.0,203560.0,210545.0,0.0164808052896476,0.0119866378463351,-0.0215868341684675,50.14161177365824,0.0274314214463839,-0.0119904076738609,-2108.6522628962703,-2703.0675041094264,594.4152412131562,0.0191386554262576,0.0177129870995629,5574.200761081519,1.016354731008457,838154.75,0.8516828187157562,-0.0631067961165048
5930,2025-02-21,-0.0034246575342465,0.0392857142857143,0.0837988826815643,0.0898876404494382,-0.0034246575342465,0.0245183887915936,0.0,57640.0,54950.0,54753.333333333336,0.0097154753643302,0.0591446769790717,0.0629489833191281,66.30597488056463,0.0837988826815643,0.0898876404494382,1002.545734946296,509.6840682022852,492.8616667440107,0.0157322241282831,0.016874648809694,1369.7021439667622,0.0282258249421616,21812870.25,1.017675699968921,-0.063573883161512
35420,2025-02-21,0.0225733634311513,0.0248868778280542,0.0044345898004434,0.1048780487804879,0.0179775280898877,0.0270270270270269,0.0045146726862301,222700.0,219550.0,209238.33333333337,0.0170633138751683,0.03165565930312,0.0824976302940028,62.67356028838942,0.0044345898004434,0.1048780487804879,4410.912407768163,4845.057500443849,-434.1450926756861,0.0105134525958708,0.0204818958534849,6676.793554581678,0.3374803421363661,1021694.75,0.8041129701410328,-0.086092715231788
35720,2025-02-21,0.0037735849056603,0.0296774193548388,-0.1033707865168539,0.0946502057613167,-0.0024999999999999,0.0164141414141414,0.0062893081761006,39390.0,40077.5,39912.5,0.012947448591013,-0.0044289189694965,-0.0003131850923896,50.34603281218409,-0.1033707865168539,0.0946502057613167,205.64930595296755,435.2490393560838,-229.59973340311623,0.005473272413154,0.0364985772998841,1626.4963832516655,-0.4649639138890489,5297541.5,0.4645273661376697,0.081453634085213
660,2025-02-24,-0.0214797136038186,-0.0330188679245283,0.0348308934881373,-0.0596330275229357,0.0123456790123457,0.0199004975124377,-0.0334128878281623,211000.0,206735.0,189821.66666666663,-0.0284360189573459,-0.0083923863883715,0.0799610160413721,50.95356141560645,0.0348308934881373,-0.0596330275229357,3842.778567040019,4265.638495203994,-422.8599281639754,0.0274235333692934,0.0338859634090863,7837.851936355459,0.1868311374464613,4143467.75,0.745058773535766,-0.0921951219512194
5380,2025-02-24,0.0048543689320388,0.0360360360360361,0.0381143430290873,0.0024213075060532,0.0147058823529411,0.0171990171990172,-0.0097087378640776,204100.0,203585.0,210403.33333333337,0.0142087212150905,0.0167743203084707,-0.0161752823941319,51.42802452860876,0.0381143430290873,0.0024213075060532,-1683.460954803275,-2499.1461942481965,815.6852394449215,0.009058535944135,0.0176150854780942,5426.043563861411,-0.3035783828914522,821311.7,0.6052939462569449,-0.0806763285024154
5930,2025-02-24,-0.0154639175257731,0.0232142857142856,0.0305755395683453,0.0710280373831775,0.0,0.0087412587412587,-0.0154639175257731,57900.0,55140.0,54768.333333333336,-0.0103626943005181,0.0391730141458106,0.0462250083685826,59.892526919576945,0.0305755395683453,0.0710280373831775,992.6476077153638,606.2767761049009,386.3708316104629,0.0188653740980402,0.0174493609942615,1343.2948479691363,-0.3630868365994204,21843008.7,0.647276718797443,-0.0488656195462477
35420,2025-02-24,0.0066225165562914,0.0316742081447964,0.0021978021978021,0.1149144254278728,0.0178571428571427,0.0178571428571427,-0.0110375275938189,224100.0,220725.0,209876.66666666663,0.0174029451137884,0.0329595650696568,0.0863523021457046,64.167151090478,0.0021978021978021,0.1149144254278728,4555.084963451169,4787.062993045313,-231.97802959414457,0.0101409973029769,0.0204042273997803,6485.594014968701,-0.3587281725696786,1030152.75,0.5114212431117618,-0.0986842105263158
35720,2025-02-24,-0.0087719298245614,0.0128040973111396,-0.0694117647058824,0.0850480109739368,-0.0025220680958385,0.0204081632653061,-0.0062656641604009,39490.0,40232.5,39985.833333333336,0.0015193719929096,-0.0169638973466724,-0.0108996936414981,48.81413598843284,-0.0694117647058824,0.0850480109739368,150.88989785927697,378.3772110567224,-227.48731319744547,0.0083132099194514,0.036616233638746,1567.460927305118,-0.2544589213577568,5330930.5,0.3441551151342153,0.0594184576485461
660,2025-02-25,-0.0219512195121951,-0.0452380952380951,0.0040060090135203,-0.1108647450110864,0.0035035035035035,0.0140562248995983,-0.0253658536585366,209100.0,205485.0,190218.33333333337,-0.0411286465805834,-0.0242596783220185,0.0540519227904776,47.494141682661166,0.0040060090135203,-0.1108647450110864,2962.508242634096,4005.012444690015,-1042.504202055919,0.0283267052698412,0.0329859392344153,7692.29108375864,0.1828515639298287,4030961.4,0.9058913340127742,-0.0369077306733167
5380,2025-02-25,-0.0217391304347825,0.0099750623441396,0.0155466399197592,-0.0287769784172662,-0.0121951219512195,0.0148514851485148,-0.0096618357487923,204500.0,203285.0,210161.66666666663,-0.0097799511002445,-0.0038615736527535,-0.0364560616033687,45.7122873272976,0.0155466399197592,-0.0287769784172662,-1690.123480316688,-2337.341651461895,647.2181711452067,0.0159802635627428,0.018124858203976,5395.611880728453,0.3098152413328372,812233.95,0.8016840468192693,-0.0385185185185185
5930,2025-02-25,-0.0017452006980802,0.0052724077328647,0.0269299820466786,0.0534069981583793,0.0106007067137809,0.023008849557522,-0.0122164048865619,57960.0,55285.0,54788.333333333336,-0.0131124913733609,0.0346386904223567,0.0440178870197425,59.20726580207992,0.0269299820466786,0.0534069981583793,965.6032333012045,678.1420675441617,287.46116575704275,0.0178453513674858,0.0172751816251138,1340.2023588284835,0.0344245145037254,21657168.2,0.6753044010620004,-0.0559440559440559
35420,2025-02-25,0.0021929824561404,0.0269662921348314,0.0,0.1200980392156862,0.0110619469026549,0.0244988864142539,-0.0087719298245614,225300.0,221950.0,210518.33333333337,0.0142032845095427,0.0295111511601711,0.0854161553625574,64.67456919447756,0.0,0.1200980392156862,4656.016909203376,4760.8537762769265,-104.83686707355082,0.0102924483125532,0.020333647505928,6415.194442470937,0.1818040323284779,1033525.45,0.6024273519341009,-0.0919037199124725
35720,2025-02-25,0.0050568900126422,0.0205391527599485,-0.0723453908984831,0.0950413223140496,0.0140306122448978,0.0179028132992327,-0.0088495575221239,39650.0,40405.0,40047.5,0.0025220680958386,-0.0162108649919564,-0.0074286784443473,49.754950854557045,-0.0723453908984831,0.0950413223140496,122.22210065927356,327.14618897723267,-204.9240883179591,0.0078199853741467,0.0365572592130657,1505.4994324976096,-0.1793851418268274,5348480.9,0.2814920774981173,0.0842767295597484
660,2025-02-26,0.0124688279301745,-0.0709382151029748,0.0206133735545499,-0.0751708428246014,0.0201005025125629,0.0372608257804631,-0.0074812967581047,206000.0,204660.0,190651.66666666663,-0.0145631067961164,-0.0081110133880581,0.0647690814836832,49.54368191507892,0.0206133735545499,-0.0751708428246014,2438.5071822860336,3691.711392209219,-1253.204209923185,0.0163660908711196,0.0328160528717157,7671.413149204453,0.0542598572192616,3923709.8,0.981150287923944,-0.0522167487684729
5380,2025-02-26,0.0123456790123457,0.0049019607843137,0.0348308934881373,-0.0191387559808612,0.0073710073710073,0.0197044334975369,0.0049382716049382,204700.0,203085.0,209928.33333333337,0.0014655593551538,0.0094295492035354,-0.0234762657097263,49.09704501192749,0.0348308934881373,-0.0191387559808612,-1476.6525418406818,-2165.2038295376524,688.5512876969706,0.0148770063985948,0.0183666925753871,5331.639603533564,0.1523231795808985,798111.9,0.940145109977686,-0.0360975609756097
5930,2025-02-26,-0.0104895104895105,-0.0357751277683134,0.0143369175627239,0.0540037243947859,-0.0070175438596491,0.017825311942959,-0.0034965034965035,57540.0,55430.0,54766.666666666664,-0.016336461591936,0.021107703409706,0.0334753499695679,55.13141283070632,0.0143369175627239,0.0540037243947859,885.5473475544859,719.6231235462266,165.92422400825933,0.0056452489727928,0.0172520747693256,1323.045047483592,0.2387601220114814,21783619.4,0.831684150706379,-0.0406360424028268
35420,2025-02-26,0.0131291028446389,0.0427927927927926,0.0288888888888889,0.1320293398533008,0.0131291028446389,0.0197802197802197,0.0,227200.0,223300.0,211156.66666666663,0.0189260563380282,0.0367218987908644,0.096342368225804,67.6358822806241,0.0288888888888889,0.1320293398533008,4921.350862038264,4792.9531934291945,128.39766860906911,0.0097261440999404,0.0203790271497389,6278.394839437299,0.1375244128077297,1044572.9,0.6780283118583681,-0.0539956803455723
35720,2025-02-26,0.0591194968553459,0.0712468193384223,0.0023809523809523,0.1776223776223775,0.0485678704856786,0.058676654182272,0.010062893081761,40210.0,40722.5,40146.666666666664,0.0470032330266103,0.0338265086868438,0.0486549319163069,59.235948243877225,0.0023809523809523,0.1776223776223775,285.8331187999065,318.88357494176745,-33.050456141860934,0.0261978536175746,0.0381230976159635,1587.2494730334947,4.046882378923387,5667397.75,1.3407139105421002,0.0712589073634204
660,2025-02-27,-0.0187192118226601,-0.060377358490566,-0.0446043165467625,-0.0986425339366515,-0.0259168704156479,0.0348308934881373,0.0073891625615762,203440.0,203570.0,191020.0,-0.0208415257569799,-0.0214668173109986,0.042822741074233,46.568141439382174,-0.0446043165467625,-0.0986425339366515,1697.0418822152133,3292.777490210418,-1595.7356079952046,0.0144254268906053,0.0328950222843585,7616.312209975564,0.037319316142429,3934802.15,1.0148970260169243,-0.0341365461847389
5380,2025-02-27,-0.0219512195121951,-0.0123152709359606,-0.0383693045563549,-0.0219512195121951,0.0,0.0085298544907175,-0.0219512195121951,204200.0,202860.0,209545.0,-0.0181194906953966,-0.0116336389628315,-0.043164952635472,43.80300593983252,-0.0383693045563549,-0.0219512195121951,-1651.549640848476,-2062.4729917998175,410.9233509513415,0.0181754733851555,0.0185245218869371,5357.951060424024,0.1866684614062139,788754.8,1.1288755390141525,-0.0194513715710723
5930,2025-02-27,-0.0053003533568904,-0.035958904109589,0.0089605734767024,0.0484171322160149,-0.0035398230088495,0.0160142348754448,-0.0017667844522968,57120.0,55560.0,54733.333333333336,-0.0143557422969187,0.0133189344852411,0.0286236297198538,53.16085078402983,0.0089605734767024,0.0484171322160149,788.80216815116,733.4589324672132,55.34323568394677,0.0056279219423578,0.0173374237511232,1292.827544091907,-0.1734127736069769,21939005.65,0.6825904618881394,-0.0461811722912965
35420,2025-02-27,-0.0539956803455723,-0.0112866817155756,-0.0045454545454545,0.0735294117647058,-0.0498915401301518,0.0573394495412844,-0.0043196544276458,226700.0,224050.0,211546.66666666663,-0.0339655932951036,-0.0225396116938183,0.0352325727971765,49.14834079516442,-0.0045454545454545,0.0735294117647058,4075.998820959736,4649.562318935303,-573.5634979755669,0.0301171257556676,0.0244181692762331,6794.223779477492,0.5897084362866221,1079895.25,1.042611308828333,-0.0273972602739726
35720,2025-02-27,0.0558194774346794,0.1182389937106918,0.1057213930348259,0.2433566433566434,0.0361305361305361,0.0385514018691588,0.0190023752969121,41150.0,41157.5,40270.833333333336,0.080194410692588,0.0799975703091782,0.1037765131919294,66.12058903890534,0.1057213930348259,0.2433566433566434,598.2254194080961,374.7519438350331,223.4734755730629,0.0319484033603919,0.0394583992801706,1641.7316535311022,0.3405139188606381,6122869.35,1.663551093083507,-0.0157480314960629
660,2025-02-28,-0.0451807228915662,-0.0921241050119331,-0.0942857142857143,-0.0451807228915662,-0.0073068893528184,0.0227874933757286,-0.0381526104417671,199580.0,203120.0,191385.0,-0.0469986972642549,-0.0636077195746357,-0.006191707814092,40.38213390908344,-0.0942857142857143,-0.0451807228915662,378.83354874418,2709.9887019171706,-2331.1551531729906,0.0205587639097827,0.0263828635411097,7822.289909263024,0.3855363036035037,3617853.75,1.5293672387945478,-0.0120925341745531
5380,2025-02-28,-0.0374064837905236,-0.0631067961165048,-0.0631067961165048,-0.0631067961165048,-0.0281973816717019,0.0300518134715026,-0.0094763092269326,201600.0,202210.0,209078.33333333337,-0.0426587301587301,-0.0455467088670193,-0.0769010020167879,36.700149260615326,-0.0631067961165048,-0.0631067961165048,-2368.046802283643,-2123.587753896583,-244.4590483870602,0.0206948767861136,0.0201649635586411,5510.954556108022,0.3336646428707803,798798.9,1.4866107101549588,0.0227979274611398
5930,2025-02-28,-0.0319715808170515,-0.063573883161512,-0.0267857142857143,0.0400763358778626,-0.0162454873646209,0.0220183486238532,-0.0159857904085257,56380.0,55665.0,54703.333333333336,-0.0333451578573962,-0.0209287703224647,-0.0037170190725732,43.18668104312418,-0.0267857142857143,0.0400763358778626,560.4257208334457,698.8522901404598,-138.42656930701412,0.0118136490795659,0.018039724740652,1329.054148085342,0.8721890818488722,21231526.6,1.3205220014654997,-0.0146788990825688
35420,2025-02-28,-0.0547945205479452,-0.086092715231788,-0.0633484162895927,-0.0438799076212471,-0.034965034965035,0.0508474576271187,-0.0205479452054794,222800.0,223575.0,211613.33333333337,-0.0709156193895871,-0.0741361959074136,-0.0218007686976245,38.319581975304224,-0.0633484162895927,-0.0438799076212471,2409.9708819841326,4201.644031545069,-1791.6731495609365,0.0340241884648148,0.0238342902185778,7201.779223800529,0.4752329446998919,1064708.8,1.5600331283070077,0.038647342995169
35720,2025-02-28,-0.0292463442069741,0.081453634085213,0.1135483870967741,0.1251629726205998,-0.0125858123569794,0.0480656506447831,-0.0168728908886389,41800.0,41397.5,40350.833333333336,0.0322966507177033,0.0423334742436136,0.0693707275768777,60.07602093668803,0.1135483870967741,0.1251629726205998,732.4561344782342,446.29278196367335,286.1633525145608,0.0394484836435363,0.0377034416150731,1670.8936782788808,-0.3529078887609754,6110103.55,1.0787198524646937,0.052143684820394
660,2025-03-04,-0.0215562565720294,-0.0921951219512194,-0.1221698113207546,-0.0251440544787846,0.0070346320346319,0.0190217391304348,-0.028391167192429,195800.0,202880.0,191801.66666666663,-0.0495403472931562,-0.0827089905362775,-0.0297268880180047,37.91144584441218,-0.1221698113207546,-0.0251440544787846,-985.33347661054,1970.9242662116287,-2956.2577428221684,0.0205611260287638,0.0251448453552423,7706.41205860138,-0.019604278092263,3492759.35,1.55308610082169,0.0091348737238043
5380,2025-03-04,-0.0139896373056994,-0.0806763285024154,-0.0475475475475475,-0.0579207920792079,0.0015789473684211,0.0311839323467231,-0.0155440414507772,198260.0,201625.0,208600.0,-0.0401492989004337,-0.056168629882207,-0.0877277085330776,34.52942026239781,-0.0475475475475475,-0.0579207920792079,-3117.8033042367606,-2322.4308639646188,-795.3724402721418,0.0182524578396035,0.0199688298370567,5538.743516386021,-0.5012290495266117,782856.65,0.7565778485754704,0.0278507619548082
5930,2025-03-04,0.0,-0.0488656195462477,-0.0267857142857143,0.0686274509803921,0.0111317254174396,0.0223048327137547,-0.0110091743119266,55820.0,55840.0,54686.666666666664,-0.0236474381941956,-0.0239971346704871,-0.0034133853468243,43.18668104312418,-0.0267857142857143,0.0686274509803921,375.11168694254593,634.104169500877,-258.99248255833106,0.0129727569780363,0.0167337916398974,1319.8359946506748,-0.3382268839219225,20541978.4,0.9032203538876276,-0.0165137614678898
35420,2025-03-04,-0.0072463768115942,-0.0986842105263158,-0.0701357466063348,-0.0529953917050691,0.0024390243902439,0.0268948655256724,-0.0096618357487923,218300.0,223000.0,211630.0,-0.0586349060925331,-0.0784753363228699,-0.0289656475924963,37.215778826738905,-0.0701357466063348,-0.0529953917050691,957.5561619094224,3552.82645761794,-2595.2702957085176,0.0320896543782478,0.023839815601268,7080.223564957634,-0.5946576149877693,1027868.5,0.6550118035526918,0.0340632603406325
35720,2025-03-04,-0.0289687137891078,0.0594184576485461,0.0729833546734954,0.0023923444976077,-0.0255813953488371,0.0507859733978235,-0.0034762456546929,42270.0,41402.5,40412.5,-0.0087532528980364,0.0120161825976692,0.036807918342097,54.880840245227944,0.0729833546734954,0.0023923444976077,729.5604709636318,502.94631976366503,226.6141511999668,0.0434961565215812,0.0329373587017468,1701.5441298303892,-0.4859897224889965,5543458.35,0.6111506186386338,0.0525059665871121
660,2025-03-05,0.0376141859215475,-0.0369077306733167,-0.0804761904761904,0.010465724751439,0.0260361317747077,0.0418006430868167,0.0112842557764643,194320.0,202980.0,192355.0,-0.006278303828736,-0.0486747462804216,0.0038730472303813,44.18973876975204,-0.0804761904761904,0.010465724751439,-1484.491875659296,1279.8410378374438,-2764.33291349674,0.0323126334650834,0.0265875798682458,7748.81119727271,-0.2326804258265561,3408320.45,1.2212372812538796,0.030036250647333
5380,2025-03-05,0.0231213872832369,-0.0385185185185185,-0.028927680798005,-0.0313432835820896,0.0151199165797706,0.0271115745568299,0.0078822911192852,196700.0,201310.0,208203.33333333337,-0.0101677681748856,-0.0328349312006358,-0.064856470437553,40.68637344920804,-0.028927680798005,-0.0313432835820896,-3318.691694037785,-2521.6830299792523,-797.0086640585328,0.0248839422286867,0.020779164832754,5621.690408072734,0.3485713127984169,780696.7,1.023122039583362,0.0179763739085772
5930,2025-03-05,-0.0091743119266054,-0.0559440559440559,-0.0509666080843584,0.0246679316888045,-0.0199637023593466,0.0259259259259259,0.0110091743119264,55180.0,55905.0,54683.333333333336,-0.0213845596230518,-0.0340756640729809,-0.0124961901859189,40.72510150359804,-0.0509666080843584,0.0246679316888045,185.76181210560023,544.4356980218216,-358.67388591622137,0.0122079633804014,0.0153844224369343,1325.5619950327696,-0.1064526857998248,20010176.7,0.8285192703970475,0.0166666666666666
35420,2025-03-05,0.0097323600973235,-0.0919037199124725,-0.0674157303370787,-0.0503432494279175,-0.0142517814726841,0.0316301703163017,0.0243309002433089,214100.0,222450.0,211646.66666666663,-0.0308267164876225,-0.0672061137334232,-0.0195924024317257,39.709473966601664,-0.0674157303370787,-0.0503432494279175,-31.743760222161654,2835.91241404992,-2867.6561742720814,0.0335456954291452,0.0239063202230771,7038.779024603517,0.1315468180481414,994325.7,0.7661795325213862,0.0313253012048193
35720,2025-03-05,0.0286396181384247,0.0842767295597484,0.1065468549422337,0.0537897310513446,0.0129259694477086,0.0247349823321554,0.0155131264916468,42940.0,41512.5,40462.5,0.0037261294829995,0.0382414935260464,0.065183812171764,58.58361741560966,0.1065468549422337,0.0537897310513446,814.7042050081654,565.2978968125651,249.40630819560033,0.043784429659799,0.0330710392703252,1694.290977699647,-0.2546796116046339,5053147.45,0.4997008349716769,0.0232018561484919
660,2025-03-06,-0.0036250647332988,-0.0522167487684729,-0.1194508009153317,-0.0321931589537223,-0.0056847545219638,0.0194429847609038,0.0020714655618849,192200.0,202660.0,192915.0,0.0010405827263266,-0.0506266653508339,-0.0026695694995204,43.71371089213343,-0.1194508009153317,-0.0321931589537223,-1914.4935629406828,640.9741176818185,-2555.467680622501,0.0306372935555345,0.0249202133265983,7459.610397467517,-0.3897389658963359,3323071.1,0.7643926126046475,0.037941787941788
5380,2025-03-06,0.0148947098099641,-0.0360975609756097,-0.0313725490196078,-0.0337408312958434,-0.0080321285140562,0.0229007633587785,0.0231124807395994,195220.0,200965.0,207896.66666666663,0.0121913738346481,-0.0167442091906551,-0.0495278102903685,44.39780620868712,-0.0313725490196078,-0.0337408312958434,-3206.9240029242064,-2658.7312245682433,-548.1927783559631,0.0254145755234396,0.0206665747735221,5670.141093210395,-0.1740624076680004,778161.85,0.8477876421209803,0.0172064777327936
5930,2025-03-06,0.0055555555555555,-0.0406360424028268,-0.0749574105621805,0.0264650283553875,0.0036968576709797,0.0092592592592593,0.0018518518518517,54720.0,55975.0,54695.0,-0.0076754385964912,-0.0299240732469853,-0.0072218667154219,42.83064057132434,-0.0749574105621805,0.0264650283553875,59.225450770609314,447.3936485715792,-388.1681978009699,0.0144126524957882,0.0154042869744553,1266.5932811018574,-0.2606166652300945,19824337.5,0.6183359721352605,0.007366482504604
35420,2025-03-06,0.0554216867469878,-0.0539956803455723,-0.0135135135135134,-0.0436681222707423,0.0503597122302157,0.0602409638554217,0.0048192771084336,211600.0,221950.0,211905.0,0.0349716446124763,-0.0132912818202297,0.0334819848517025,51.61076624001519,-0.0135135135135134,-0.0436681222707423,110.90437782544176,2290.910806805024,-2180.0064289795823,0.046419173733871,0.0247644252830412,7428.866237131838,0.310416207247792,927392.45,1.076477385598729,-0.0136986301369863
35720,2025-03-06,0.0464037122969838,0.0712589073634204,0.1475826972010179,0.0439814814814814,0.0367816091954023,0.0669800235017625,0.0092807424593968,43540.0,41607.5,40511.666666666664,0.0358291226458429,0.08393919365499,0.1132595548607398,63.900970863173185,0.1475826972010179,0.0439814814814814,1031.6720398862672,658.5727254273056,373.09931445896154,0.041013236335522,0.0323044728870252,1776.8416221496725,1.4477684112310905,4825552.75,1.2808412466323158,-0.0432372505543237
660,2025-03-07,0.0,-0.0341365461847389,-0.0924528301886792,-0.0545454545454545,0.0073298429319372,0.0260777009047366,-0.0072765072765073,190840.0,202105.0,193373.33333333337,0.0081743869209809,-0.0480195937755126,-0.0050334413569607,43.71371089213343,-0.0924528301886792,-0.0545454545454545,-2229.571881318523,66.86491788175017,-2296.436799200273,0.0304936614353728,0.0242237560054605,7276.7810833626945,0.0631695766871867,3256469.5,0.8292999519878813,0.0628898128898129
5380,2025-03-07,-0.0050607287449392,-0.0194513715710723,-0.0315270935960591,-0.0339066339066339,0.0092402464065708,0.0159711488923235,-0.0141700404858299,194440.0,200620.0,207598.33333333337,0.0111088253445792,-0.0200378825640514,-0.0529789095930443,43.3895771244476,-0.0315270935960591,-0.0339066339066339,-3162.582660850341,-2759.501511824663,-403.0811490256783,0.0240260515627712,0.020668078476494,5515.131015123939,-0.1294420629482989,776612.5,0.7395206747251686,0.0096642929806713
5930,2025-03-07,-0.011049723756906,-0.0461811722912965,-0.0804794520547945,-0.0055555555555555,0.0037383177570093,0.0149812734082397,-0.014732965009208,54200.0,55960.0,54696.666666666664,-0.0092250922509224,-0.040385989992852,-0.018221707599488,39.78664196078476,-0.0804794520547945,-0.0055555555555555,-88.45090583966521,340.22473768933037,-428.6756435289956,0.0143548904115627,0.0149348174192189,1240.408046737439,0.1645353550276669,19714785.85,0.7240754278850053,0.0186219739292365
35420,2025-03-07,-0.0273972602739726,-0.0273972602739726,-0.038374717832957,-0.0818965517241379,-0.0138888888888888,0.016431924882629,-0.0136986301369863,210400.0,221000.0,211971.66666666663,0.0123574144486691,-0.0361990950226244,0.0048512772933491,46.457965716682416,-0.038374717832957,-0.0818965517241379,-257.2306066424062,1781.282524115538,-2038.5131307579445,0.0413941358077306,0.025123301675915,7326.804363050993,-0.3685031908702346,872995.7,0.7221501778302001,-0.0234741784037558
35720,2025-03-07,-0.0299334811529933,-0.0157480314960629,0.10062893081761,-0.0342163355408388,-0.0157480314960629,0.0316455696202531,-0.0144124168514412,43400.0,41530.0,40525.0,0.0080645161290322,0.0534553334938598,0.0795805058605798,58.44629662039036,0.10062893081761,-0.0342163355408388,1082.2118302906383,743.3005463999722,338.91128389066614,0.0371810814291857,0.0311770721928805,1767.7815062818386,-0.4985798688091624,4524455.85,0.6849798302264349,-0.0068571428571428
660,2025-03-10,-0.0233887733887734,-0.0120925341745531,-0.1031026252983293,-0.074384236453202,0.0021333333333333,0.0224239188467698,-0.0254677754677754,190380.0,201350.0,193705.0,-0.0130265784221031,-0.0667991060342686,-0.0299682506904829,40.46386923080956,-0.1031026252983293,-0.074384236453202,-2809.994246072456,-508.50691490909105,-2301.487331163365,0.0245747258758129,0.0246688258309576,7121.296720265359,-0.0959471819121007,3268228.65,0.7470334121206605,0.096327833954231
5380,2025-03-10,0.0040691759918616,0.0227979274611398,-0.0417475728155339,-0.0154613466334164,0.0040691759918616,0.0174180327868851,0.0,195320.0,200465.0,207405.0,0.0106491910710628,-0.015289452024044,-0.0482389527735589,44.475887692260606,-0.0417475728155339,-0.0154613466334164,-3027.9838012670807,-2813.1979697131464,-214.78583155393423,0.0149014148861373,0.0204617784984562,5364.050228329372,-0.4450316112417968,750837.95,0.4244990546894973,0.0081053698074975
5930,2025-03-10,0.0,-0.0146788990825688,-0.0773195876288659,0.0,0.0037383177570093,0.0242990654205608,-0.0037243947858472,54040.0,55960.0,54706.666666666664,-0.0062916358253145,-0.040385989992852,-0.0184011698757006,39.78664196078476,-0.0773195876288659,0.0,-203.14376750480733,231.55103665050285,-434.6948041553102,0.0069659121819866,0.0148810084304372,1244.664614827622,-0.0948036958619661,19637026.05,0.658025811398259,0.0726256983240223
35420,2025-03-10,0.0093896713615022,0.038647342995169,-0.0507726269315673,-0.0465631929046562,0.0165484633569739,0.0308788598574822,-0.0070422535211267,212000.0,220475.0,212180.0,0.0141509433962263,-0.0248327474770382,0.0132906023187859,48.31051041605211,-0.0507726269315673,-0.0465631929046562,-383.1798895543325,1348.390041381564,-1731.5699309358963,0.030574354759983,0.024625618838652,7267.74690854735,-0.1392390004346212,804686.55,0.6743656893482313,-0.0186046511627907
35720,2025-03-10,0.0377142857142858,0.052143684820394,0.1378446115288221,0.0202247191011235,0.0436781609195402,0.0648899188876013,-0.0057142857142856,43850.0,41575.0,40505.0,0.0353477765108323,0.0920024052916417,0.1208492778669301,62.64352074380961,0.1378446115288221,0.0202247191011235,1241.0995654474464,842.860350209467,398.23921523797935,0.0372525770344724,0.0320913523424064,1841.5113986902788,0.2940895939255818,4469863.75,0.8972515101830565,-0.0418502202643171
660,2025-03-11,-0.0005321979776476,0.0091348737238043,-0.0839024390243902,-0.0519939424533064,0.0313014827018121,0.0424710424710423,-0.0308674827035657,190720.0,200835.0,193951.66666666663,-0.0153104026845637,-0.0649040256927327,-0.0317175241254263,40.392005111384584,-0.0839024390243902,-0.0519939424533064,-3240.6955945711525,-1054.9446508415033,-2185.7509437296494,0.0221077616687737,0.0241930782572456,7162.632668817833,0.4424880686928727,3305331.65,1.065490659613537,0.0809371671991481
5380,2025-03-11,-0.0091185410334346,0.0278507619548082,-0.0550724637681159,-0.0190571715145436,0.0056555269922879,0.0171250648676699,-0.0146909827760891,196380.0,200275.0,207256.66666666663,-0.0039718912312862,-0.0233429035076769,-0.056242662077617,42.49977617330848,-0.0550724637681159,-0.0190571715145436,-3031.611659983726,-2856.8807077672627,-174.7309522164633,0.0134723688096685,0.020523633673474,5316.618069162988,0.4326106736108932,724053.6,0.6306383947265782,0.0250511247443763
5930,2025-03-11,-0.0018621973929237,-0.0165137614678898,-0.0645724258289703,-0.0359712230215827,0.020952380952381,0.0304761904761905,-0.0223463687150837,53860.0,55860.0,54705.0,-0.0048273301151132,-0.0404582885785893,-0.0201992505255461,39.247479351831274,-0.0645724258289703,-0.0359712230215827,-298.6650264446798,125.50782403146631,-424.17285047614615,0.0068180589472333,0.0123490392541721,1270.0457137685062,0.3729565141347828,19145191.05,0.9266499850363206,0.0746268656716417
35420,2025-03-11,-0.0116279069767442,0.0340632603406325,-0.0679824561403509,-0.0659340659340659,0.0340632603406325,0.0463414634146341,-0.0441860465116279,213400.0,219725.0,212321.66666666663,-0.0042174320524835,-0.0328820116054158,0.0008399205607843,46.16050726232656,-0.0679824561403509,-0.0659340659340659,-676.9215797040961,943.327717164432,-1620.2492968685283,0.0311767249803916,0.0245719509926691,7462.907843651111,0.0809836119951423,772281.35,0.759566445570646,-0.0164705882352941
35720,2025-03-11,-0.0286343612334801,0.0525059665871121,0.1150442477876105,0.0376470588235293,0.0045558086560364,0.026406429391504,-0.0330396475770925,44290.0,41655.0,40505.0,-0.0042899074283133,0.0586964350018004,0.088754474756203,57.69857423524825,0.1150442477876105,0.0376470588235293,1247.7369697389877,923.8356741153711,323.9012956236164,0.0371636018507324,0.0310393628091101,1842.117727355259,-0.3800039994095635,4286053.9,0.5801492603721106,-0.0022675736961451
660,2025-03-12,0.0591054313099042,0.030036250647333,-0.0079800498753117,-0.0040060090135203,0.0337837837837837,0.0508697944122298,0.0244941427050053,191880.0,200795.0,194481.66666666663,0.0365853658536585,-0.0094374859931771,0.022718508171293,50.83070364295956,-0.0079800498753117,-0.0040060090135203,-2655.738581633428,-1375.1034369998883,-1280.6351446335398,0.0310431633969651,0.0277798738589406,7476.01604961656,0.1540343006417173,3384110.05,1.2009887208012044,0.0331825037707391
5380,2025-03-12,0.0132924335378323,0.0179763739085772,-0.0212345679012345,-0.0060180541624874,0.0122574055158324,0.0164102564102563,0.0010224948875254,197080.0,200215.0,207168.33333333337,0.0056829713821797,-0.0100641810054191,-0.0432900781168293,46.21698928970992,-0.0212345679012345,-0.0060180541624874,-2792.4983110011963,-2844.0042284140495,51.50591741285325,0.0107063320606725,0.0207634545974975,5165.431064222775,-0.2306598980324824,699495.65,0.5022089844304249,0.0292633703329969
5930,2025-03-12,0.0242537313432835,0.0166666666666666,-0.0402097902097902,-0.0143626570915619,0.0204460966542749,0.0317164179104476,0.0037313432835821,54040.0,55820.0,54718.333333333336,0.0159141376757956,-0.0164815478323181,0.0033200328957387,48.93539770324192,-0.0402097902097902,-0.0143626570915619,-266.3963258825315,47.12699404866676,-313.5233199311983,0.0131107557179784,0.0136424442231619,1300.7567342136128,0.0130957345941644,18814042.3,0.9553088439691666,0.0655737704918033
35420,2025-03-12,0.0070588235294117,0.0313253012048193,-0.0634573304157549,-0.0634573304157549,0.0070588235294117,0.0213270142180095,0.0,214700.0,219000.0,212480.0,-0.0032603632976245,-0.0228310502283105,0.0071536144578312,47.66545647884299,-0.0634573304157549,-0.0634573304157549,-779.6887548390368,598.7244227637384,-1378.4131776027752,0.031143279278756,0.0246219632759091,7251.271569104603,-0.3012040593318433,752331.75,0.5448567071640935,-0.02803738317757
35720,2025-03-12,0.0,0.0232018561484919,0.1094339622641509,0.029171528588098,-0.0033898305084745,0.0276179516685846,0.0034013605442175,44490.0,41717.5,40498.333333333336,-0.0087660148347943,0.0571103254030083,0.0889337009753488,57.69857423524825,0.1094339622641509,0.029171528588098,1238.717990540179,986.8121374003327,251.90585313984616,0.0359202230942954,0.0310111361430813,1796.252175401312,-0.2051826003166635,4215492.5,0.4688311033645534,-0.0181405895691609
660,2025-03-13,0.0040221216691804,0.037941787941788,-0.0162561576354679,0.0040221216691804,-0.0138271604938271,0.0460358056265983,0.0180995475113121,193340.0,200835.0,194995.0,0.0328954173994,-0.0056514053825279,0.0241288238159953,51.4900661017069,-0.0162561576354679,0.0040221216691804,-2103.3564366635983,-1520.7540369326305,-582.6023997309678,0.03061664669759,0.027774483488253,7584.87204607252,-0.0445946364889409,3434058.1,1.1307417891386289,0.0515773660490737
5380,2025-03-13,0.0141271442986881,0.0172064777327936,-0.0195121951219512,0.0146390711761736,0.0085298544907175,0.0244648318042812,0.0055499495459132,197760.0,200360.0,207168.33333333337,0.0163834951456309,0.0031942503493711,-0.0297744989983991,49.96813540308713,-0.0195121951219512,0.0146390711761736,-2349.9736266302643,-2745.1981080572928,395.2244814270284,0.0105078340660573,0.0209398939848436,5139.32884534972,0.6472773439835124,700068.55,0.8266004807672048,0.007462686567164
5930,2025-03-13,-0.0036429872495445,0.007366482504604,-0.0335689045936395,-0.0197132616487455,-0.0197132616487455,0.0313653136531364,0.0163934426229508,54120.0,55765.0,54740.0,0.0107169253510717,-0.0190980005379718,-0.000730727073438,47.675789759254044,-0.0335689045936395,-0.0197132616487455,-254.0331408166676,-13.105032924400112,-240.92810789226743,0.0133718420520727,0.0136456538102388,1329.274110341212,0.342672579389081,18699220.05,1.2905431849816644,0.1005484460694698
35420,2025-03-13,0.0093457943925232,-0.0136986301369863,-0.0669546436285096,-0.04,-0.0068965517241379,0.0305164319248827,0.0163551401869159,214100.0,218550.0,212721.66666666663,0.0088743577767398,-0.0116678105696637,0.0154113748011879,49.684948882978134,-0.0669546436285096,-0.04,-691.7748464138422,340.6245689282223,-1032.3994153420645,0.0164023142844715,0.0245892579655526,7197.609314168561,0.5196980822759951,736214.05,0.846145220944914,-0.037037037037037
35720,2025-03-13,-0.0215419501133786,-0.0432372505543237,0.0249406175771971,0.0273809523809522,-0.0226500566251415,0.0566706021251475,0.0011337868480725,44100.0,41775.0,40512.5,-0.0215419501133786,0.0329144225014961,0.0651033631595185,54.080513397686225,0.0249406175771971,0.0273809523809522,1141.751918626127,1017.8000936454918,123.95182498063524,0.0284731764108394,0.031076297633521,1839.377020015504,0.6542856188719228,4231889.35,0.7725754927878727,-0.0115874855156431
660,2025-03-14,0.0240360540811217,0.0628898128898129,0.0266064257028113,-0.0191846522781774,0.0302267002518892,0.0377833753148615,-0.0060090135202803,195760.0,200635.0,195563.33333333337,0.0446465059256231,0.0192638373165201,0.0456970461402101,55.35825209279772,0.0266064257028113,-0.0191846522781774,-1263.702546027227,-1469.3437387515498,205.64119272432276,0.0309626917848785,0.0260597783864764,7578.80975706734,-0.1250494136928529,3425210.7,0.9918986881595342,0.0537897310513446
5380,2025-03-14,-0.0124378109452736,0.0096642929806713,-0.0099750623441396,-0.0479616306954436,-0.0065065065065065,0.0151898734177216,-0.0059701492537312,198140.0,199860.0,206968.33333333337,0.001816897143434,-0.0068047633343339,-0.0409160821703803,46.82771020185498,-0.0099750623441396,-0.0479616306954436,-2175.9161260361725,-2631.3417116530686,455.4255856168961,0.0123585961888326,0.0172294002610006,5022.23392782474,-0.1809714227453311,649069.75,0.7302034950789187,0.0327455919395465
5930,2025-03-14,0.0,0.0186219739292365,-0.0284191829484902,-0.0197132616487455,0.003669724770642,0.0128676470588235,-0.0036563071297989,54320.0,55710.0,54751.666666666664,0.0069955817378497,-0.0181295997127983,-0.0009436546832668,47.67578975925404,-0.0284191829484902,-0.0197132616487455,-241.4519201432122,-58.774410368162535,-182.67750977504969,0.0115615853002972,0.0136456538102388,1284.325959602554,-0.5505931485345007,18119058.9,0.5985495195890114,0.1279707495429616
35420,2025-03-14,-0.037037037037037,-0.0234741784037558,-0.0502283105022831,-0.0545454545454545,-0.0348027842227378,0.0408653846153845,-0.0023148148148147,213100.0,217950.0,212705.0,-0.023932426091037,-0.0456526726313374,-0.022119837333396,42.60319781236819,-0.0502283105022831,-0.0545454545454545,-1253.1895922754193,21.86173668749397,-1275.0513289629132,0.0201722194757261,0.0254466551677822,7290.637220299378,-0.1666762983510556,710745.1,0.7303799913639926,0.0072115384615385
35720,2025-03-14,0.0069524913093859,-0.0068571428571428,-0.0224971878515185,0.0808457711442787,0.0081206496519721,0.0220417633410672,-0.0011587485515642,44040.0,41937.5,40505.833333333336,-0.0133969118982743,0.0360655737704918,0.0726850042174995,55.03930913032015,-0.0224971878515185,0.0808457711442787,1076.701555518237,1029.5803860200408,47.121169498196195,0.0262136212043993,0.0292508434037803,1775.8500900143963,-0.4697576414899858,3912405.75,0.4431040926672802,0.0034522439585731
660,2025-03-17,0.0073349633251833,0.096327833954231,0.0830704521556255,-0.019047619047619,-0.0048309178743961,0.0294840294840295,0.0122249388753055,199380.0,200435.0,196133.33333333337,0.0332029290801485,0.0277646119689674,0.0503059143439836,56.5249317946838,0.0830704521556255,-0.019047619047619,-471.7947679386125,-1269.8339445889624,798.0391766503499,0.024369604335202,0.0260620261692015,7466.03763156253,-0.2392324034823642,3424511.85,0.7547583752703323,0.0266990291262136
5380,2025-03-17,0.0025188916876575,0.0081053698074975,0.0310880829015545,-0.0339805825242718,0.003024193548387,0.0189452124935995,-0.0005037783375314,198460.0,199510.0,206801.66666666663,0.002720951325204,-0.0025562628439677,-0.0377253568233653,47.53786971761624,0.0310880829015545,-0.0339805825242718,-1974.8634845332708,-2500.0460662291093,525.1825816958385,0.0123126435373093,0.017105472776753,4927.78864726583,-0.2208299135146312,626353.3,0.5895873782416409,0.0703517587939699
5930,2025-03-17,0.053016453382084,0.0726256983240223,0.0568807339449541,0.0285714285714284,0.0378378378378378,0.0433212996389891,0.0146252285191956,55100.0,55790.0,54811.666666666664,0.0453720508166968,0.0324430901595267,0.050871164897984,63.48273327350981,0.0568807339449541,0.0285714285714284,2.4957817535760114,-46.52037194381483,49.01615369739084,0.0244217316192858,0.0182139956087375,1414.016962488086,2.278793551479306,18698021.0,1.9017531855376568,0.0503472222222223
35420,2025-03-17,0.0144230769230768,-0.0186046511627907,0.0193236714975846,-0.0452488687782804,0.0047619047619047,0.0168674698795181,0.0096153846153845,212300.0,217450.0,212588.33333333337,-0.0061234102684879,-0.0296619912623591,-0.0074714040438093,45.727218087634014,0.0193236714975846,-0.0452488687782804,-1439.4468479529896,-270.39998024060276,-1169.0468677123868,0.0211454064274998,0.0256851259988923,7019.877418849423,-0.0717973316073155,706110.35,0.682390507376078,-0.0189573459715639
35720,2025-03-17,0.0011507479861909,-0.0418502202643171,0.0081112398609501,0.1225806451612903,0.0,0.0366430260047281,0.0011507479861909,43660.0,42175.0,40487.5,-0.0036646816307833,0.031416716064019,0.0744056807656683,55.20717829257664,0.0081112398609501,0.1225806451612903,1017.45467210871,1027.1552432377746,-9.700571129064656,0.0156494004350412,0.0276898468293588,1759.717940727654,-0.0232204258991245,3692487.1,0.4585928005002374,-0.0367816091954023
660,2025-03-18,-0.0145631067961164,0.0809371671991481,0.0908113917248791,-0.0424528301886792,-0.0263788968824939,0.0398009950248756,0.0121359223300971,202420.0,199985.0,196581.66666666663,0.0028653295128939,0.0150761307098032,0.0326497045333153,53.51274198413618,0.0908113917248791,-0.0424528301886792,-85.29386182429153,-1032.9259280360282,947.6320662117366,0.0277277454345488,0.0261240286307712,7504.177800736635,0.0431434619153867,3434425.3,0.785048665929639,0.0246305418719212
5380,2025-03-18,0.0075376884422111,0.0250511247443763,0.0535995796111403,0.0035035035035035,0.0050125313283209,0.0135474159558455,0.0025125628140703,199440.0,199545.0,206618.33333333337,0.0053148816686723,0.0047858878949609,-0.0296117640415903,49.70795011254577,0.0535995796111403,0.0035035035035035,-1675.1799222784755,-2335.072837438983,659.8929151605071,0.0108252244154572,0.0158263024877468,4790.089458175414,0.3693817866717215,606911.0,0.8332341974358679,0.0972568578553616
5930,2025-03-18,0.0,0.0746268656716417,0.0568807339449541,0.0285714285714284,-0.0204081632653061,0.0296684118673646,0.0208333333333332,55900.0,55870.0,54840.0,0.0304114490161002,0.0309647395740111,0.0503282275711158,63.48273327350981,0.0568807339449541,0.0285714285714284,193.59445666697135,1.502593778342416,192.09186288862895,0.0241250198329371,0.0182139956087375,1434.4443223103656,-0.2086791703292393,19509149.35,1.4423280838741437,0.0381944444444444
35420,2025-03-18,-0.0094786729857819,-0.0164705882352941,0.0170316301703163,-0.0542986425339366,-0.0094786729857819,0.0288461538461537,0.0,211600.0,216850.0,212605.0,-0.0122873345935727,-0.0362001383444777,-0.0169563274617248,44.00754188120426,0.0170316301703163,-0.0542986425339366,-1728.515104133956,-562.0230050192735,-1166.4920991146823,0.0209616351961513,0.0257337592457007,6947.02903178875,0.3899257642012024,708817.85,0.9448492303064884,-0.0071770334928229
35720,2025-03-18,0.0114942528735633,-0.0022675736961451,0.0501193317422434,0.1267605633802817,0.0068649885583524,0.035632183908046,0.0045977011494253,43640.0,42422.5,40492.5,0.0082493125572868,0.0371854558312216,0.0866209791936778,56.93863034605833,0.0501193317422434,0.1267605633802817,999.3272885586994,1021.5896523019596,-22.262363743260263,0.0126991991558931,0.0277138488031123,1744.738087818536,0.4618436375747927,3659667.35,0.6764030069563562,-0.0409090909090908
660,2025-03-19,0.0123152709359606,0.0331825037707391,0.064215432418436,-0.0214285714285714,0.0173267326732673,0.0422885572139304,-0.0049261083743842,203740.0,199760.0,197081.66666666663,0.0086384607833513,0.0287344813776531,0.0427149489636276,55.63447787274028,0.064215432418436,-0.0214285714285714,417.922447659279,-742.7562528969668,1160.6787005562458,0.0140689267379219,0.02624392734166,7575.307957826875,0.1505119629877853,3492630.6,0.8881557643112902,0.0413625304136253
5380,2025-03-19,0.0174563591022443,0.0292633703329969,0.0477657935285054,0.0174563591022443,0.0149253731343284,0.0251256281407035,0.0024937655860348,200600.0,199720.0,206435.0,0.0169491525423728,0.0214300020028039,-0.0117954804175648,54.44321658146525,0.0477657935285054,0.0174563591022443,-1142.092459859152,-2096.4767619230165,954.3843020638648,0.0117431558557201,0.0162763259745606,4805.083068305741,0.0293494746875118,604919.9,0.8605122760881234,0.0882352941176469
5930,2025-03-19,0.015625,0.0655737704918033,0.0833333333333332,0.0281195079086116,0.019163763066202,0.0313588850174215,-0.0034722222222222,56620.0,55950.0,54880.0,0.0332038149063935,0.0455764075067024,0.0659620991253644,67.06395004963022,0.0833333333333332,0.0281195079086116,412.90430787641526,83.78293659795699,329.12137127845824,0.0235753907199777,0.0181955461453226,1460.5554421453394,0.0456016032641859,19873686.95,1.4804378812055303,0.0495726495726496
35420,2025-03-19,-0.0047846889952153,-0.02803738317757,0.0024096385542169,-0.0651685393258426,0.0,0.0192771084337348,-0.0047846889952153,210400.0,216125.0,212571.66666666663,-0.0114068441064638,-0.037593984962406,-0.0215064723269798,43.13407374714169,0.0024096385542169,-0.0651685393258426,-2015.066984570527,-852.6318009295243,-1162.4351836410028,0.0201758061800855,0.0256446000810387,6736.526958089554,0.0615266541839498,712860.95,0.9972940725677288,-0.0192307692307692
35720,2025-03-19,-0.0159090909090908,-0.0181405895691609,0.0046403712296982,0.1116816431322207,-0.0159090909090908,0.0295823665893271,0.0,43480.0,42640.0,40449.166666666664,-0.0041398344066236,0.0154784240150094,0.0704794083108428,53.80302455633296,0.0046403712296982,0.1116816431322207,917.8961215202726,1000.8509461456224,-82.95482462534972,0.0144497764028168,0.0280976842228026,1711.1853672600691,-0.3364452757321009,3611714.45,0.4547895529227123,-0.0092378752886835
660,2025-03-20,0.0218978102189781,0.0515773660490737,0.0914760914760914,-0.0389016018306636,0.0144927536231884,0.0267639902676399,0.0072992700729928,205800.0,199335.0,197593.33333333337,0.0204081632653061,0.0535028971329671,0.0627888930125846,59.24061473670965,0.0914760914760914,-0.0389016018306636,1166.391949987912,-360.926612319991,1527.318562307903,0.0154448157386268,0.0250072545600809,7427.071675124956,-0.1039468085106383,3454722.45,0.8045673828298421,-0.0142857142857142
5380,2025-03-20,-0.0073529411764705,0.007462686567164,0.0247975708502024,-0.0073529411764705,-0.0097799511002445,0.0173697270471464,0.0024509803921568,200900.0,199645.0,206293.33333333337,0.0079641612742658,0.0143003831801447,-0.0183880558428128,52.17584612143699,0.0247975708502024,-0.0073529411764705,-831.0741635493177,-1843.3962422482768,1012.3220786989592,0.0118819662282174,0.0158964779311623,4711.862849141045,0.2216866682931795,594011.1,1.070582687764589,0.0493827160493827
5930,2025-03-20,0.0290598290598289,0.1005484460694698,0.1086556169429098,0.0255536626916523,0.0168918918918918,0.0307692307692306,0.0119658119658119,57720.0,56025.0,54956.666666666664,0.042966042966043,0.074520303435966,0.0954085036695577,72.54164620405213,0.1086556169429098,0.0255536626916523,715.6353387912095,210.1534170366075,505.481921754602,0.0223061118364579,0.0179792670396044,1484.801481992101,0.1892220312184598,20353379.6,1.7190758826116523,0.0265780730897009
35420,2025-03-20,0.0,-0.037037037037037,-0.0502283105022831,-0.063063063063063,-0.0095238095238094,0.0120481927710842,0.0096153846153845,208800.0,215425.0,212471.66666666663,-0.0038314176245211,-0.0344667517697574,-0.0210459433806859,43.13407374714169,-0.0502283105022831,-0.063063063063063,-2216.6097172821173,-1125.427384200043,-1091.1823330820744,0.0188448824206011,0.0256532177238686,6433.917889654585,-0.1652577180377307,714072.1,0.8310715402548287,-0.0490384615384615
35720,2025-03-20,-0.0150115473441108,-0.0115874855156431,-0.0543237250554323,0.0852417302798982,-0.0195402298850574,0.0304806565064479,0.0046189376443417,43380.0,42807.5,40427.5,-0.0168280313508529,-0.0036792618115983,0.0549749551666562,50.994747894732875,-0.0543237250554323,0.0852417302798982,791.7845676124416,959.0376704389862,-167.2531028265446,0.0125954575663832,0.0284590441355886,1681.81498388435,0.0723810857375941,3550893.3,0.4960613713737892,-0.0246189917936694
660,2025-03-21,0.026190476190476,0.0537897310513446,0.1200623700623699,0.0165094339622642,0.009367681498829,0.0353773584905661,0.0166666666666666,208000.0,199510.0,198118.33333333337,0.0360576923076922,0.0801463585785173,0.0877337618090197,63.17989180530765,0.1200623700623699,0.0165094339622642,2178.2539025247097,146.90949064894912,2031.344411875761,0.0159489958311549,0.024831184450342,7575.137984044602,1.0621559478722689,3587304.35,1.5978237252158434,-0.0751740139211136
5380,2025-03-21,0.0123456790123457,0.0327455919395465,0.0427263479145472,0.0098522167487684,0.0173697270471464,0.0199004975124377,-0.0049382716049383,202200.0,199745.0,206268.33333333337,0.0138476755687437,0.0263085433928258,-0.0061489483763059,55.5020733686507,0.0427263479145472,0.0098522167487684,-378.4977301037288,-1550.4165398193672,1171.9188097156384,0.0095268536435612,0.0160972921855656,4661.015502773828,-0.1310064817639455,603941.1,0.915032939470422,0.0
5930,2025-03-21,0.0249169435215947,0.1279707495429616,0.148975791433892,0.0565068493150684,0.0131362889983579,0.021523178807947,0.0116279069767442,59120.0,56190.0,55081.666666666664,0.0436400541271988,0.0980601530521445,0.1201549214802264,76.2888406974669,0.148975791433892,0.0565068493150684,1064.3205016014765,380.9868339495813,683.333667651895,0.0194497225299741,0.0186471019336129,1485.8870904212365,0.147663763163993,21281707.25,1.886860463227169,-0.0243111831442464
35420,2025-03-21,0.0072115384615385,0.0072115384615385,-0.0164319248826291,-0.0541760722347629,0.0,0.0218446601941748,0.0072115384615385,209100.0,214825.0,212471.66666666663,0.0019129603060736,-0.024787617828465,-0.0139861785492967,45.03204724004734,-0.0164319248826291,-0.0541760722347629,-2229.594938440423,-1346.260895048119,-883.334043392304,0.0095118721857936,0.0257535849524022,6295.7808975364005,0.1558088786660938,717654.65,0.9557647261116472,-0.0706443914081145
35720,2025-03-21,0.022274325908558,0.0034522439585731,-0.0034285714285714,0.0968553459119496,0.022274325908558,0.0405727923627685,0.0,43410.0,43000.0,40440.0,0.004376871688551,0.013953488372093,0.0781404549950544,54.71508021520961,-0.0034285714285714,0.0968553459119496,759.7395089369311,919.1780381385752,-159.4385292016441,0.016619532860311,0.0287005103327964,1683.1139136068964,0.0790639134218695,3415959.0,0.5564261749043241,-0.0561926605504586
660,2025-03-24,-0.0185614849187935,0.0266990291262136,0.1255987227248536,0.0095465393794749,0.0,0.0238663484486874,-0.0185614849187935,209100.0,199610.0,198585.0,0.0114777618364418,0.0595661540003005,0.0650351234987536,58.73398499062088,0.1255987227248536,0.0095465393794749,2627.1115131729166,642.9498951537427,1984.161618019174,0.0207659904800375,0.0250613639742075,7462.628128041416,-0.7189334040489334,3537798.8,0.4553792035884008,-0.0983451536643026
5380,2025-03-24,0.0390243902439024,0.0703517587939699,0.0790273556231002,0.0339805825242718,0.0415647921760391,0.0614250614250613,-0.0024390243902439,205000.0,200095.0,206210.0,0.0390243902439024,0.064494365176541,0.0329275980796275,64.10543179903217,0.0790273556231002,0.0339805825242718,618.5749482950196,-1116.61824219649,1735.1931904915095,0.0168702201829103,0.0180184947635251,5220.942966861412,1.1937114793730297,628864.1,1.9277646792049348,-0.0741784037558686
5930,2025-03-24,-0.019448946515397,0.0503472222222223,0.1266294227188082,0.0395189003436426,-0.0114379084967319,0.018181818181818,-0.0081037277147487,59700.0,56305.0,55175.0,0.0134003350083751,0.0745049285143415,0.0965111010421386,68.26297942398406,0.1266294227188082,0.0395189003436426,1229.6513784288763,550.7197428454404,678.931635583436,0.0199039486818681,0.0192677733083789,1465.4665839625768,-0.6491625130753829,20876190.55,0.6748402667746295,-0.0446280991735537
35420,2025-03-24,-0.0119331742243437,-0.0189573459715639,-0.0372093023255813,-0.086092715231788,-0.0119331742243437,0.0218446601941748,0.0,208300.0,213850.0,212380.0,-0.0062409985597695,-0.0320317979892448,-0.0253319521612204,42.4868248521445,-0.0372093023255813,-0.086092715231788,-2413.7902548642596,-1559.7667670113472,-854.0234878529125,0.0076658234478867,0.0251364916474409,6167.510833426658,-0.4832638148792332,694298.45,0.5104922818133902,-0.0772946859903381
35720,2025-03-24,-0.0389908256880734,-0.0367816091954023,-0.0770925110132159,0.050125313283208,-0.0334486735870819,0.0469314079422382,-0.0057339449541284,43090.0,43100.0,40415.0,-0.0276166163843119,-0.0278422273781903,0.0367437832487937,47.73183577003102,-0.0770925110132159,0.050125313283208,590.3624457702244,853.414919664905,-263.0524738946806,0.0243193957024658,0.0303441200373301,1709.320062634975,-0.0568392443109985,3382551.0,0.5299825486740629,-0.0668257756563246
660,2025-03-25,-0.016548463356974,0.0246305418719212,0.1075612353567625,0.0146341463414634,-0.0303030303030302,0.0360576923076922,0.0141843971631205,210100.0,199760.0,199135.0,-0.0099952403617324,0.0412494993992791,0.0445175383533784,55.08156678030178,0.1075612353567625,0.0146341463414634,2669.6397093996056,1048.2878580029153,1621.3518513966903,0.0212576342969442,0.0248543307361216,7465.297547467029,0.4044691627768397,3496575.25,0.6471063364073174,-0.0528846153846154
5380,2025-03-25,0.0328638497652582,0.0972568578553616,0.1247443762781186,0.0628019323671498,-0.037199124726477,0.0480549199084667,0.0727699530516432,208900.0,200745.0,206343.33333333337,0.0531354715174725,0.0959177065431269,0.0661841913962166,69.63718731752488,0.1247443762781186,0.0628019323671498,1951.1125174302724,-503.07209027113754,2454.1846077014097,0.0182635910636978,0.0193085411902045,5990.875612085597,0.7298131983614644,708860.15,2.9583494007950653,-0.0972727272727272
5930,2025-03-25,-0.0115702479338842,0.0381944444444444,0.1156716417910448,0.043630017452007,-0.0180623973727421,0.0268907563025209,0.0066115702479339,60140.0,56430.0,55286.666666666664,-0.0056534752244762,0.059720007088428,0.0816351139515254,64.03119333591638,0.1156716417910448,0.043630017452007,1289.3305397218064,698.4419022207136,590.8886375010928,0.0219310137430453,0.019099755543537,1475.0761136795356,0.2251093015137462,21032239.75,0.8206189737828564,-0.0167224080267558
35420,2025-03-25,0.002415458937198,-0.0071770334928229,-0.0235294117647059,-0.0899122807017543,-0.0047961630695443,0.0121065375302662,0.0072463768115942,208000.0,212825.0,212346.66666666663,-0.0024038461538461,-0.0250205567954892,-0.0228243124450583,43.17854601829737,-0.0235294117647059,-0.0899122807017543,-2490.7092035739624,-1745.9552543238703,-744.7539492500921,0.0072986051593992,0.0250587427781605,5905.545773896182,0.0306488655151593,686221.2,0.53233126577844,-0.0520481927710843
35720,2025-03-25,0.0071599045346062,-0.0409090909090908,-0.0430839002267573,0.0670037926675095,0.002375296912114,0.015568862275449,0.0047732696897375,42730.0,43232.5,40431.666666666664,-0.0124034636087058,-0.0238824958075521,0.043736345273919,48.96959517415246,-0.0430839002267573,0.0670037926675095,474.8634652747205,777.7046287868682,-302.84116351214766,0.0235502587902402,0.0302310215126491,1633.6543438753342,-0.538627640092308,3332172.6,0.2482161338221195,0.0
660,2025-03-26,0.0288461538461537,0.0413625304136253,0.0759175465057817,0.0673316708229425,0.0239234449760765,0.0335731414868105,0.0048076923076922,211800.0,200435.0,199893.33333333337,0.0103871576959395,0.0676778007832963,0.0705709711846318,59.7073449928389,0.0759175465057817,0.0673316708229425,3151.168755339051,1468.8640374701426,1682.3047178689085,0.0238016725419644,0.0249787559478698,7467.776294076527,-0.0902107965152457,3416921.6,0.6024545602685177,-0.0752336448598131
5380,2025-03-26,0.009090909090909,0.0882352941176469,0.1200807265388497,0.0962962962962963,-0.0089285714285713,0.0317460317460318,0.018181818181818,212500.0,201720.0,206535.0,0.0447058823529411,0.1005353955978585,0.0748783499164791,71.01177517870182,0.1200807265388497,0.0962962962962963,3132.4326924800407,224.0288662790981,2908.4038262009426,0.0188004571018643,0.0184207062111368,6098.67021122234,-0.4181400019837333,737312.05,1.6549207353928366,-0.1157657657657658
5930,2025-03-26,0.0267558528428093,0.0495726495726496,0.1183970856102003,0.0734265734265733,0.0267558528428093,0.0284757118927974,0.0,60720.0,56640.0,55426.666666666664,0.0111989459815546,0.0840395480225988,0.1077700264613905,68.79324120790663,0.1183970856102003,0.0734265734265733,1449.0298194844,848.5594856734509,600.470333810949,0.0234470174795268,0.0198306390442092,1491.1421055595688,-0.0479626963887329,21122562.95,0.7779190924366496,-0.0423452768729641
35420,2025-03-26,-0.016867469879518,-0.0192307692307692,-0.0467289719626168,-0.1072210065645514,-0.016867469879518,0.0270935960591132,0.0,207200.0,211600.0,212246.66666666663,-0.0154440154440154,-0.0359168241965973,-0.0388541633947921,39.58914056960369,-0.0467289719626168,-0.1072210065645514,-2801.7914659125963,-1957.1224966416155,-844.6689692709806,0.0101393684525953,0.0251571110986213,5876.578218617884,1.1638310744407976,694612.05,1.1379603909837153,-0.0411764705882352
35720,2025-03-26,0.0165876777251183,-0.0092378752886835,-0.0272108843537415,0.0792452830188679,0.0129870129870128,0.039855072463768,0.0035545023696681,42650.0,43390.0,40466.666666666664,0.0058616647127784,-0.0112929246370131,0.0601317957166391,51.83566037728254,-0.0272108843537415,0.0792452830188679,434.8017174189808,709.1240465132908,-274.3223290943099,0.0252757510153068,0.0303683542633225,1634.8218907413818,0.4277613683488916,3315939.85,0.3561282934610529,-0.0466200466200465
660,2025-03-27,-0.0327102803738317,-0.0142857142857142,0.0365548322483726,0.0197044334975369,-0.0048076923076922,0.026634382566586,-0.02803738317757,211200.0,200635.0,200516.66666666663,-0.0198863636363636,0.031724275425524,0.0323331393899095,52.86702314365875,0.0365548322483726,0.0197044334975369,2934.119788421638,1761.915187660442,1172.2046007611962,0.0281678023641477,0.0261460839654468,7470.077987356775,0.1110884413224906,3338795.15,0.6850435253567444,-0.059903381642512
5380,2025-03-27,-0.0427927927927928,0.0493827160493827,0.0572139303482586,0.0365853658536585,-0.0116279069767442,0.0212264150943395,-0.0315315315315315,214500.0,202095.0,206493.33333333337,-0.0093240093240093,0.0514856874242311,0.0290889132821074,57.658890997794536,0.0572139303482586,0.0365853658536585,3264.4364456674084,832.1103821567602,2432.326063510648,0.0322433011258737,0.0211508136709082,6377.336624706459,-0.1578692878913418,751173.1,1.3679430213888115,-0.0879999999999999
5930,2025-03-27,0.006514657980456,0.0265780730897009,0.129798903107861,0.0918727915194346,0.0147783251231528,0.019736842105263,-0.00814332247557,61040.0,56900.0,55565.0,0.0124508519003931,0.0861159929701229,0.1122109241428956,69.8673057617415,0.129798903107861,0.0918727915194346,1589.5460093897418,996.7567904167092,592.7892189730327,0.0208786960384641,0.0195512934234646,1470.3462408767425,0.2408854986825725,21236197.9,0.9601431525555713,-0.0679611650485436
35420,2025-03-27,-0.0303921568627451,-0.0490384615384615,-0.0842592592592592,-0.145572354211663,-0.0159203980099502,0.0330788804071247,-0.0147058823529411,205160.0,209915.0,212193.33333333337,-0.0358744394618834,-0.0577138365528904,-0.0678312230984322,34.17024345530952,-0.0842592592592592,-0.145572354211663,-3508.174532235891,-2267.332903760471,-1240.8416284754203,0.0151416836759365,0.0253558862609717,5992.5369172880355,0.8990487588573974,734253.85,2.0443692600318,0.0040444893832154
35720,2025-03-27,-0.0303030303030302,-0.0246189917936694,-0.0359212050984936,-0.0118764845605701,-0.016548463356974,0.0279126213592233,-0.0139860139860139,42440.0,43365.0,40498.333333333336,-0.0197926484448632,-0.0407010261731811,0.0272027655459072,46.60106745851655,-0.0359212050984936,-0.0118764845605701,294.7555990998808,626.2503570306088,-331.49475793072804,0.0280749100721098,0.0283833208605183,1639.4774699741404,0.1517935472944365,3004029.55,0.4527761719254726,0.0300480769230768
660,2025-03-28,-0.0371980676328502,-0.0751740139211136,-0.0254278728606357,0.0005020080321285,-0.0182266009852216,0.0281548516842633,-0.0193236714975845,207960.0,200640.0,201030.0,-0.0416426235814579,-0.0066786283891546,-0.0086056807441675,46.54957269847991,-0.0254278728606357,0.0005020080321285,2116.3849022222857,1832.8091305728108,283.575771649475,0.0261901726544013,0.0271961227056192,7515.072416831292,0.1689094184206154,3272801.85,0.8169003571053347,-0.0858003010536878
5380,2025-03-28,-0.0352941176470588,0.0,0.0327455919395465,0.0224438902743142,-0.0144230769230768,0.0345679012345678,-0.0211764705882352,214500.0,202320.0,206301.66666666663,-0.0442890442890443,0.013246342427837,-0.006309530541844,49.71151038430028,0.0327455919395465,0.0224438902743142,2732.366036390624,1212.161513003533,1520.2045233870908,0.0379499839591495,0.0221340179733814,6636.098294370283,-0.0234165918942117,756827.8,1.325929095099308,-0.0643902439024389
5930,2025-03-28,-0.0258899676375404,-0.0243111831442464,0.1005484460694698,0.0692717584369448,-0.0082372322899505,0.0183333333333333,-0.017799352750809,60740.0,57095.0,55661.666666666664,-0.0088903523213698,0.0543830458008582,0.0815342695451688,60.84619853461045,0.1005484460694698,0.0692717584369448,1553.8872292940432,1108.182878192176,445.70435110186713,0.0213832986540874,0.0206124250723843,1493.8929379569752,-0.2014378765058394,21301555.8,0.7643814448520234,-0.0681063122923587
35420,2025-03-28,-0.0156723963599595,-0.0706443914081145,-0.0639423076923076,-0.110958904109589,-0.0146761133603239,0.0195977307890664,-0.0010111223458038,202200.0,208700.0,212063.33333333337,-0.0370919881305638,-0.0670819357930043,-0.0818780552979456,31.82464791697539,-0.0639423076923076,-0.110958904109589,-4268.922808902455,-2667.6508847888676,-1601.271924113587,0.0117501161374907,0.0229978686462534,5843.069994624605,-0.5332952275885592,712986.5,0.9825768089578134,0.0159219311761684
35720,2025-03-28,-0.0108173076923077,-0.0561926605504586,-0.0529344073647871,-0.0742407199100112,-0.0108173076923077,0.028395061728395,0.0,41950.0,43200.0,40525.833333333336,-0.0190703218116805,-0.0474537037037037,0.0154016985050686,44.910411810070975,-0.0529344073647871,-0.0742407199100112,145.77638276326616,530.1555621771403,-384.3791794138741,0.0236992452525936,0.0251907280610766,1604.514793547416,-0.4642992369240813,2531176.0,0.2878642180551649,0.017010935601458
660,2025-03-31,-0.0431510286001003,-0.0983451536643026,-0.0742718446601942,0.0026288117770767,-0.0144702842377261,0.026246719160105,-0.0291018564977421,203800.0,200665.0,201373.33333333337,-0.064278704612365,-0.0496598808960206,-0.0530027146924452,40.69976843132781,-0.0742718446601942,0.0026288117770767,765.5511890778143,1619.3575422738115,-853.8063531959972,0.0291163128689918,0.0270204000951747,7606.8529584862,0.7062369812754787,3224236.25,1.4148203314816028,-0.1358154168851599
5380,2025-03-31,-0.0380487804878049,-0.0741784037558686,-0.0090452261306532,0.0217616580310879,-0.0135067533766883,0.021341463414634,-0.0248780487804878,211340.0,202530.0,205963.33333333337,-0.0669064067379577,-0.0263170888263467,-0.0425480263477318,43.06358771107585,-0.0090452261306532,0.0217616580310879,1662.1414589072228,1302.157502184271,359.9839567229519,0.033862673642944,0.0221935877758558,6747.80555905812,-0.0666955655206776,744281.2,1.258356384656767,-0.0917849898580122
5930,2025-03-31,-0.0398671096345515,-0.0446280991735537,0.0034722222222223,0.0605504587155962,-0.0285714285714285,0.032871972318339,-0.0116279069767442,60200.0,57260.0,55731.666666666664,-0.0398671096345515,0.0094306671323787,0.0371123538383324,50.34541479234989,0.0034722222222223,0.0605504587155962,1316.788330594638,1149.9039686726685,166.88436192196946,0.0262852779297444,0.0213895997167659,1558.6148709600484,0.082971216852631,20781395.6,0.848523089565746,-0.0795847750865051
35420,2025-03-31,-0.0190035952747816,-0.0772946859903381,-0.0947867298578198,-0.0772946859903381,-0.0020898641588297,0.0153276955602537,-0.0169491525423728,199000.0,207900.0,211915.0,-0.0402010050251255,-0.0812890812890813,-0.0986952315786989,29.244339689022027,-0.0947867298578198,-0.0772946859903381,-5111.458663169411,-3156.4124404649765,-1955.0462227044345,0.0117908722148573,0.0201905111976539,5818.564995008562,-0.0454119823456529,663374.95,1.0081025821068463,0.0041884816753927
35720,2025-03-31,-0.0498177399756987,-0.0668257756563246,-0.1011494252873563,-0.0938586326767091,-0.0285714285714285,0.040920716112532,-0.0218712029161604,41390.0,42997.5,40535.0,-0.0553273737617782,-0.0906448049305191,-0.0354015048723325,38.124748421636006,-0.1011494252873563,-0.0938586326767091,-136.13925832966925,396.8965980757784,-533.0358564054477,0.0271136393260544,0.026671655817661,1636.3351654368864,1.3484227356632608,2287178.65,0.7481457559076113,0.0396419437340154
660,2025-04-01,0.0330361824855793,-0.0528846153846154,-0.0295566502463053,0.0585706609349812,0.0175619834710742,0.0338541666666667,0.0152071316203461,201600.0,201210.0,201748.33333333337,-0.0228174603174603,-0.020923413349237,-0.0235359234690084,46.048557578739505,-0.0295566502463053,0.0585706609349812,201.0455598155968,1335.6951457821688,-1134.649585966572,0.0377999404816764,0.0274318529477135,7620.649175737186,-0.4920215313758093,3068871.1,0.755083196553938,-0.1395939086294416
5380,2025-04-01,0.0070993914807302,-0.0972727272727272,-0.0094763092269326,0.0436153441933788,-0.0020100502512563,0.0224375318714942,0.0091277890466532,207060.0,202945.0,205690.0,-0.0408577223993045,-0.0214097415555938,-0.0344693470756964,44.49826323896759,-0.0094763092269326,0.0436153441933788,916.3855482418148,1225.0031113957798,-308.61756315396497,0.0257868053901263,0.0219276952256851,6580.10516198254,-0.3155425482958579,746718.75,0.8584798493408663,-0.0976837865055387
5930,2025-04-01,0.0173010380622837,-0.0167224080267558,0.0208333333333332,0.0788990825688074,0.0017035775127767,0.0293609671848014,0.0155709342560552,60000.0,57475.0,55816.666666666664,-0.02,0.0230535015224011,0.0534487906837861,53.914264269367344,0.0208333333333332,0.0788990825688074,1195.7930301253657,1159.0817809632078,36.71124916215763,0.0285971989379708,0.0216038672554663,1575.8566658914735,-0.2150332770124854,20545784.25,0.6737005427281268,-0.0901360544217687
35420,2025-04-01,0.0298429319371726,-0.0520481927710843,-0.0588516746411483,-0.0428223844282238,0.0266179540709812,0.033402922755741,0.0031413612565445,196840.0,207460.0,211898.33333333337,-0.0007112375533427,-0.0518654198399691,-0.0717246478263947,37.63347740945599,-0.0588516746411483,-0.0428223844282238,-5258.6140058210585,-3576.852753536193,-1681.7612522848651,0.0232530985593346,0.0215190334046862,5902.953209650807,-0.2746646728971963,653965.05,0.7417338281304177,-0.086934417895272
35720,2025-04-01,0.0792838874680306,0.0,-0.0409090909090908,0.0071599045346062,0.0656565656565657,0.071969696969697,0.0127877237851663,41390.0,43012.5,40590.833333333336,0.019569944431022,-0.0188898575995349,0.0396435976924181,50.343207856894864,-0.0409090909090908,0.0071599045346062,-108.16844427622708,295.8835896053773,-404.0520338816044,0.0501829478325664,0.0319275892406256,1758.739796477109,0.5022660291980272,2246313.85,1.144360125812339,-0.0746445497630331
660,2025-04-02,0.0045685279187817,-0.0752336448598131,-0.0369829683698297,0.0248575867426203,-0.0045271629778671,0.0212873796249366,0.0091370558375634,198380.0,201450.0,202148.33333333337,-0.0024195987498739,-0.0176222387689253,-0.0210159206523262,46.78697792766634,-0.0369829683698297,0.0248575867426203,-171.72717604303034,1034.210681417129,-1205.9378574601594,0.0327461807590629,0.0262186731539717,7397.74566318453,0.1928878719759992,2998963.85,0.92172601547031,-0.1662455785750378
5380,2025-04-02,-0.0115810674723061,-0.1157657657657658,-0.0377450980392156,0.0082177709296353,-0.0125754527162977,0.0168539325842695,0.0010070493454179,201920.0,203025.0,205428.33333333337,-0.0278328050713153,-0.0331239995074498,-0.0444356101479024,42.59915775032018,-0.0377450980392156,0.0082177709296353,138.1849282248586,1007.6394747615956,-869.454546536737,0.0212097866254561,0.0215690209939439,6345.8119361266445,-0.0402905889308518,737542.1,0.8341422137122749,-0.0932246561385634
5930,2025-04-02,0.0,-0.0423452768729641,0.0051282051282051,0.0888888888888888,0.0,0.0188679245283018,0.0,59480.0,57715.0,55910.0,-0.0114324142568931,0.018799272286234,0.0516902164192452,53.914264269367344,0.0051282051282051,0.0888888888888888,1087.3688712947333,1144.739199029513,-57.37032773477972,0.0237151199113349,0.0214053495729942,1541.8669040420823,0.0405001377720346,20436958.25,0.7047182278214029,-0.0986394557823129
35420,2025-04-02,-0.0055922724961871,-0.0411764705882352,-0.0596153846153846,-0.0573493975903613,-0.0101214574898785,0.0185375901132853,0.0045754956786985,195160.0,206865.0,211843.33333333337,0.0022545603607295,-0.0544558045101878,-0.0766761600553869,36.72845098212607,-0.0596153846153846,-0.0573493975903613,-5401.7287158094405,-3941.827945990842,-1459.9007698185978,0.0230168658569314,0.0213526931412015,5738.456551818607,-0.047869577048991,638965.85,0.7228054519658602,-0.09560327198364
35720,2025-04-02,-0.0308056872037915,-0.0466200466200465,-0.0554272517321016,-0.0510440835266821,-0.033096926713948,0.0405405405405405,0.0023696682464455,40990.0,42902.5,40635.833333333336,-0.0021956574774335,-0.0466756016549152,0.0065008305477514,46.2212155401133,-0.0554272517321016,-0.0510440835266821,-188.72500370128543,198.9618709440448,-387.68687464533025,0.050969235673857,0.031969892539193,1750.9726681573154,-0.3971151392364094,2197549.3,0.7052269544078034,-0.0916870415647921
660,2025-04-03,-0.0166750884284992,-0.059903381642512,-0.0733333333333333,0.0114345114345113,0.0263713080168777,0.0340063761955367,-0.0419403739262254,195900.0,201560.0,202538.33333333337,-0.0066360387953037,-0.0345306608454057,-0.0391942266073089,44.38802077930618,-0.0733333333333333,0.0114345114345113,-725.0764457209443,682.3532559895144,-1407.4297017104586,0.0313444257218507,0.0265150525955125,7562.192401528492,0.5113639529082856,3080844.65,1.356039487417842,-0.0585817060637204
5380,2025-04-03,-0.0127356087620987,-0.0879999999999999,-0.0429629629629629,-0.0192307692307692,0.0146596858638743,0.0285563194077207,-0.0269994905756495,198180.0,202835.0,205133.33333333337,-0.0221011201937632,-0.0445435945472921,-0.0552486187845304,40.57225891819351,-0.0429629629629629,-0.0192307692307692,-672.5213686912903,671.6073060710185,-1344.1286747623087,0.0187074404039442,0.0214921160569245,6406.825369260456,0.5520167746235056,752297.5,1.2692106513712993,-0.0350877192982456
5930,2025-04-03,-0.0204081632653061,-0.0679611650485436,-0.043189368770764,0.0607734806629833,0.0123022847100175,0.015817223198594,-0.032312925170068,58640.0,57880.0,55980.0,-0.0177353342428376,-0.004837595024188,0.0289389067524115,49.01174149505946,-0.043189368770764,0.0607734806629833,894.3030047317588,1094.6519601699622,-200.34895543820335,0.022511331725797,0.0221125413077649,1567.447839467648,0.3545114366132014,20799457.0,0.937912754164688,-0.0208333333333333
35420,2025-04-03,0.0153374233128833,0.0040444893832154,-0.0451923076923076,-0.0931506849315068,0.040335254059717,0.0461215932914045,-0.0240286298568507,195320.0,205845.0,211923.33333333337,0.0167929551505221,-0.0351963856299643,-0.0628686474668512,40.9026052891558,-0.0451923076923076,-0.0931506849315068,-5212.9812240247265,-4196.05860159762,-1016.922622427107,0.0209704885813121,0.017055601082702,5957.138226688707,0.2512688157142611,617944.8,0.935190327679754,-0.0740181268882175
35720,2025-04-03,0.047677261613692,0.0300480769230768,0.0046893317702227,-0.0498891352549889,0.07125,0.0725,-0.0220048899755501,41240.0,42790.0,40725.833333333336,0.0390397672162947,0.0014021967749473,0.0521577213480386,52.503324281711286,0.0046893317702227,-0.0498891352549889,-94.1328493625042,140.342926882735,-234.4757762452392,0.0544392501968687,0.0320727674610339,1833.0460490032217,0.6188727237766096,2013955.05,1.2457487569049766,-0.0665110851808634
660,2025-04-04,-0.0637204522096608,-0.0858003010536878,-0.1545243619489559,-0.053014553014553,-0.030335284725918,0.0627802690582959,-0.0344295991778006,192480.0,201050.0,202543.33333333337,-0.0534081463009143,-0.0937577716985824,-0.1004394121422577,36.76067547879351,-0.1545243619489559,-0.053014553014553,-2139.523008052958,117.9780031810199,-2257.5010112339783,0.0381949802125509,0.0302011209528346,8179.178658562171,1.1978394096147995,3404916.0,2.69669413283617,-0.0076838638858397
5380,2025-04-04,-0.0103199174406605,-0.0643902439024389,-0.0643902439024389,-0.0244150559511698,0.0026136957658129,0.0363924050632911,-0.0128998968008255,195540.0,202595.0,204780.0,-0.0191265214278408,-0.0532836447098892,-0.0633850962008009,38.97458823578185,-0.0643902439024389,-0.0244150559511698,-1459.5702181989036,245.3718012170341,-1704.9420194159377,0.0161293550820455,0.0215796320109434,6442.052128598994,-0.1514551372818445,764092.0,1.0603579150154694,-0.0745568300312825
5930,2025-04-04,-0.0260416666666666,-0.0681063122923587,-0.0907617504051864,0.0446927374301675,-0.001779359430605,0.0448833034111311,-0.0243055555555555,57820.0,58000.0,56008.333333333336,-0.0297474922172258,-0.0327586206896551,0.0016366612111291,43.666591174924136,-0.0907617504051864,0.0446927374301675,613.1909667723667,998.3597614904432,-385.16879471807647,0.022531838291618,0.0228619014104465,1634.0587080771018,0.2060204707014674,21262064.35,1.1065312668005352,-0.016042780748663
35420,2025-04-04,-0.0040281973816717,0.0159219311761684,-0.0558472553699284,-0.0713615023474179,0.0055922724961869,0.0432766615146831,-0.0095669687814703,195940.0,205085.0,211878.33333333337,0.0094927018475043,-0.0355218567910866,-0.0664453656579641,40.14208058336262,-0.0558472553699284,-0.0713615023474179,-5069.512605401105,-4370.749402358317,-698.7632030427885,0.0192331192953221,0.0162006133663645,6131.628353353799,0.1630864376981324,620030.25,1.0840487218163952,-0.0748230535894843
35720,2025-04-04,-0.0233372228704784,0.017010935601458,-0.040137614678899,-0.0434285714285714,-0.0176056338028168,0.0927960927960926,-0.0058343057176195,41380.0,42695.0,40789.166666666664,0.0113581440309327,-0.0197915446773626,0.0260077226387727,49.32146817379567,-0.040137614678899,-0.0434285714285714,-98.7215278792646,92.53003593033507,-191.2515638095997,0.0557419838352843,0.0318039866682507,1973.5427597887056,0.9311290845882748,2101245.75,2.305763140746388,-0.068100358422939
660,2025-04-07,-0.0954994511525796,-0.1358154168851599,-0.2208037825059101,-0.1229377328366152,-0.019047619047619,0.0485436893203883,-0.0779363336992315,187300.0,199895.0,201960.0,-0.1201281366791243,-0.175567172765702,-0.1839968310556545,29.18280875479475,-0.2208037825059101,-0.1229377328366152,-4611.359796113073,-827.8895566777986,-3783.470239435274,0.0518312651536848,0.0365006436727333,8837.808754379159,-0.1419042243114993,3676794.7,2.1429126842464172,0.0934466019417474
5380,2025-04-07,-0.0662148070907194,-0.0917849898580122,-0.1591549295774648,-0.0927051671732522,-0.0303194369247428,0.0357741755170486,-0.0370177267987487,191920.0,201680.0,204240.0,-0.0667986661108794,-0.1119595398651328,-0.1230904817861339,30.705874501408417,-0.1591549295774648,-0.0927051671732522,-3072.6760664661415,-418.2377723196011,-2654.438294146541,0.0277476653918048,0.0259821958528551,6903.334119413352,0.5359468089176771,810377.55,1.5356311388438637,0.0011166945840312
5930,2025-04-07,-0.051693404634581,-0.0795847750865051,-0.1206611570247934,-0.0093109869646182,-0.0018761726078799,0.0188323917137476,-0.0499108734402852,56900.0,57975.0,55963.333333333336,-0.0650263620386643,-0.0823630875377318,-0.0493775686461374,35.58619331590039,-0.1206611570247934,-0.0093109869646182,154.61953000336507,829.6117151930275,-674.9921851896625,0.0262635840293231,0.0258752797227426,1731.6259432144516,0.3600839014042463,22215925.0,1.4403578964188977,0.0563909774436091
35420,2025-04-07,-0.0303336703741152,0.0041884816753927,-0.0734299516908212,-0.107906976744186,-0.0031185031185031,0.0311674590596935,-0.0273003033367037,196100.0,203925.0,211600.0,-0.0219275879653237,-0.0594581341179355,-0.0935727788279773,34.90073416066369,-0.0734299516908212,-0.107906976744186,-5377.96867222985,-4572.193256332624,-805.7754158972266,0.0228473517066358,0.0169460595875485,6300.797756685671,-0.110863313312792,622778.95,0.9596133588009036,-0.0474452554744525
35720,2025-04-07,-0.028673835125448,0.0396419437340154,-0.0298329355608591,-0.1046255506607929,0.0049443757725586,0.0569620253164557,-0.033452807646356,41690.0,42457.5,40814.166666666664,-0.024946030223075,-0.0425719837484543,-0.0040222961798394,45.739275475891574,-0.0298329355608591,-0.1046255506607929,-196.91811044505448,34.64040665525717,-231.5585171003117,0.0511984266467483,0.0309212145539802,2000.4325626609411,-0.5614443830979521,2006955.7,1.058713453416037,-0.040590405904059
660,2025-04-08,0.0285194174757281,-0.1395939086294416,-0.1850961538461538,-0.097444089456869,-0.0145348837209302,0.0291319857312724,0.0436893203883494,181800.0,198980.0,201535.0,-0.0676567656765676,-0.1481555935269876,-0.1589550202198129,33.18911372469509,-0.1850961538461538,-0.097444089456869,-6120.504176546325,-1886.412480651504,-4234.091695894821,0.0505320638178435,0.0372945347993564,8799.393843352076,-0.3698261846288575,3748963.25,1.3244117557033934,0.0654867256637168
5380,2025-04-08,0.0005583472920156,-0.0976837865055387,-0.1854545454545454,-0.0838445807770961,-0.0121278941565601,0.0354929577464788,0.0128419877163594,188040.0,200860.0,203710.0,-0.0470112741969793,-0.1078363038932589,-0.1203180992587501,30.830312551399047,-0.1854545454545454,-0.0838445807770961,-4293.511975319765,-1193.292612919634,-3100.219362400131,0.0263428864452181,0.0259822931451971,6860.238825169541,-0.129870359462602,841688.0,1.2864921443575292,0.0435267857142858
5930,2025-04-08,0.0056390977443609,-0.0901360544217687,-0.1053511705685619,-0.001865671641791,-0.0272727272727272,0.0375234521575984,0.0338345864661653,55840.0,57970.0,55931.666666666664,-0.0419054441260745,-0.0771088494048646,-0.0434756697160224,36.88728604808261,-0.1053511705685619,-0.001865671641791,-182.49050769319,627.1912706157841,-809.6817783089741,0.0228433030168709,0.0259034912921574,1757.9383758419908,-0.2020707410318041,22605522.7,1.1294958908426391,0.0579439252336448
35420,2025-04-08,-0.0636079249217935,-0.086934417895272,-0.1344578313253012,-0.1548235294117647,-0.0650702758979697,0.0770089285714286,0.0015641293013555,192680.0,202280.0,211126.66666666663,-0.0678845754619057,-0.1121218113506031,-0.1493258391486942,27.14078807118588,-0.1344578313253012,-0.1548235294117647,-6531.568511799647,-4964.068307426029,-1567.5002043736183,0.0303814031301289,0.0213421887500473,6836.455059779551,1.2867156269713385,661779.15,2.065043904752817,0.0239420935412026
35720,2025-04-08,-0.039360393603936,-0.0746445497630331,-0.0746445497630331,-0.1145124716553288,-0.0579010856453559,0.0641025641025641,0.0196801968019679,41060.0,42205.0,40820.833333333336,-0.0489527520701412,-0.0747541760454922,-0.0433806267224661,41.41967973023299,-0.0746445497630331,-0.1145124716553288,-399.244001510051,-52.13647497780446,-347.10752653224654,0.0354546212628866,0.0314402158085445,2036.1159510423024,0.2182153444738799,2012050.8,1.286474973693507,-0.0051216389244558
660,2025-04-09,-0.0265486725663717,-0.1662455785750378,-0.2289719626168224,-0.1704374057315233,-0.0294117647058823,0.0448678549477565,0.0029498525073745,175220.0,197285.0,201040.0,-0.0583266750370962,-0.1636465012545302,-0.1792678074015121,31.35984083912686,-0.2289719626168224,-0.1704374057315233,-7592.10727601347,-3027.5514397238976,-4564.555836289573,0.0472407669071055,0.0344208396196384,8692.294283112642,0.6184093156106809,3947533.3,2.0356203201629737,0.0545454545454544
5380,2025-04-09,-0.0066964285714286,-0.0932246561385634,-0.1981981981981981,-0.1019172552976791,0.0028169014084507,0.0203045685279188,-0.009486607142857,184380.0,199850.0,203118.33333333337,-0.0346024514589434,-0.1093319989992493,-0.1236635458804802,30.131055187069776,-0.1981981981981981,-0.1019172552976791,-5296.804929831065,-2013.9950763019203,-3282.8098535291447,0.0268220892998321,0.0256628461365589,6627.364623371717,-0.3631279292591138,858604.4,0.8031882902067587,0.0207865168539325
5930,2025-04-09,-0.0093457943925233,-0.0986394557823129,-0.1368078175895765,-0.0346083788706739,-0.0056285178236398,0.0264650283553875,-0.0037383177570093,54680.0,57875.0,55860.0,-0.0307242136064374,-0.0842332613390929,-0.0511994271392767,35.596741607024484,-0.1368078175895765,-0.0346083788706739,-484.41443457575224,404.87012957747686,-889.2845641532291,0.0212798684903418,0.025346719605228,1732.3713489961344,-0.1940984249894596,22735709.65,0.905050263078109,0.0320754716981133
35420,2025-04-09,-0.015033407572383,-0.09560327198364,-0.1328431372549019,-0.1733644859813083,-0.011731843575419,0.02894438138479,-0.0033407572383074,188940.0,200425.0,210625.0,-0.0637239335238699,-0.1173755768990894,-0.1601186943620177,25.77491602393151,-0.1328431372549019,-0.1733644859813083,-7576.3368361144385,-5486.522013163711,-2089.814822950728,0.0297314864476154,0.021083478811755,6712.422555509584,-0.5453661377883701,672348.7,0.9240800197873514,0.0423968343697003
35720,2025-04-09,-0.0486555697823303,-0.0916870415647921,-0.134032634032634,-0.1575963718820862,-0.0287581699346405,0.0730717185385656,-0.0204865556978233,40310.0,41857.5,40816.666666666664,-0.0783924584470354,-0.112464910708953,-0.0898325847284605,36.95632959483804,-0.134032634032634,-0.1575963718820862,-704.778599905585,-182.66489996336057,-522.1136999422245,0.0382454098446082,0.0328356097520471,2083.5362402535666,-0.2807360226359142,2006322.15,0.927957157827321,0.0161507402422611
660,2025-04-10,0.1103030303030303,-0.0585817060637204,-0.114975845410628,-0.0826239359038557,-0.0342646283605693,0.0549999999999999,0.1496969696969696,172940.0,196460.0,200676.66666666663,0.0593269341968312,-0.0674946554005904,-0.0870886832882081,44.64787405839574,-0.114975845410628,-0.0826239359038557,-7206.701074444834,-3863.381366668086,-3343.319707776749,0.0812782275471384,0.0434986540680631,9849.987548604597,-0.0247265974661257,4145230.85,1.8906025462972704,-0.0447598253275108
5380,2025-04-10,0.050561797752809,-0.0350877192982456,-0.12,-0.0696517412935323,-0.0245174752217005,0.0343163538873994,0.0769662921348315,183020.0,199150.0,202685.0,0.0217462572396458,-0.0610092894802912,-0.0773860917186767,40.94873817527234,-0.12,-0.0696517412935323,-5304.549496131018,-2672.10596026774,-2632.4435358632777,0.0414919489348535,0.0282573196309314,7218.267150273738,1.0678488619111075,900972.15,1.5827703442331709,-0.0283422459893047
5930,2025-04-10,0.0641509433962264,-0.0208333333333333,-0.0873786407766989,0.0310786106032907,-0.0035335689045936,0.0309090909090909,0.0679245283018867,54440.0,57960.0,55865.0,0.0360029390154297,-0.0269151138716355,0.0095766580148572,48.73194250833386,-0.0873786407766989,0.0310786106032907,-444.21905609826354,235.0522924423288,-679.2713485405923,0.0433735772030914,0.0292683409143872,1872.9162526392677,0.1152362642489464,22676510.7,1.0119798545549603,-0.0230496453900709
35420,2025-04-10,0.0395703787450536,-0.0740181268882175,-0.070273003033367,-0.1486111111111111,-0.001628664495114,0.0266963292547275,0.0412662521198416,186000.0,198820.0,210315.0,-0.0112903225806451,-0.0750427522382054,-0.1255973183082519,34.919379092863664,-0.070273003033367,-0.1486111111111111,-7750.142938228702,-5939.246198176709,-1810.8967400519932,0.0377348261152668,0.0234389100556566,6782.9638015446135,0.0567403396726884,674029.35,0.9740777608571496,-0.0016313213703099
35720,2025-04-10,0.0767160161507403,-0.0665110851808634,-0.0384615384615384,-0.0730011587485515,0.0230179028132992,0.0471204188481675,0.0524899057873486,39740.0,41700.0,40863.333333333336,0.0065425264217413,-0.040767386091127,-0.0211273350191696,46.303426338307894,-0.0384615384615384,-0.0730011587485515,-708.775466455867,-287.88701326186185,-420.88845319400514,0.0509095037909549,0.0376985132029614,2138.2836516640264,0.0621469442431736,1941723.7,1.0184172959314448,-0.045
660,2025-04-11,-0.0131004366812227,-0.0076838638858397,-0.092824887104867,-0.1158924205378972,0.0168728908886388,0.0323679727427597,-0.029475982532751,172660.0,195275.0,200298.33333333337,0.0471446774006718,-0.0741262322365894,-0.0973464581998518,43.453255440244554,-0.092824887104867,-0.1158924205378972,-7014.069992595381,-4493.5190918535445,-2520.550900741837,0.0757859070081817,0.0430559333558374,9653.55986656141,-0.5886510678087387,4136544.5,0.7793304290573932,-0.032079646017699
5380,2025-04-11,-0.0508021390374331,-0.0745568300312825,-0.1341463414634146,-0.105793450881612,-0.0236523652365236,0.0409556313993173,-0.027807486631016,180160.0,198100.0,201876.66666666663,-0.0147646536412078,-0.1039878849066128,-0.1207502930832356,34.82031746600751,-0.1341463414634146,-0.105793450881612,-6008.001227606699,-3339.285013735532,-2668.716213871167,0.0461328297143285,0.0301544112828158,7502.676639539899,0.1553730912069295,959654.45,1.7168669410119446,0.0546478873239437
5930,2025-04-11,-0.0212765957446808,-0.016042780748663,-0.0830564784053156,0.0091407678244972,-0.0071942446043165,0.0164233576642336,-0.0141843971631205,54260.0,57985.0,55863.333333333336,0.0173239955768522,-0.0480296628438389,-0.0118742168387135,45.2260053950426,-0.0830564784053156,0.0091407678244972,-503.39112075438607,87.36360980298583,-590.7547305573719,0.0428018969883778,0.0297255073676871,1853.4222345936057,-0.3929590557365527,22830777.0,0.6101623260566208,0.0018115942028984
35420,2025-04-11,-0.0048939641109299,-0.0748230535894843,-0.0600924499229583,-0.1201923076923077,0.0155382907880132,0.0222098833981121,-0.0201196302338226,183040.0,197570.0,209998.33333333337,-0.0002185314685314,-0.0737460140709621,-0.1285645124167652,34.333703245465884,-0.0600924499229583,-0.1201923076923077,-7869.789964805648,-6325.354951502497,-1544.4350133031512,0.0376756311509421,0.0224040867457535,6584.180672862855,-0.1326373795420656,676547.3,0.841734199515688,0.0245901639344261
35720,2025-04-11,-0.025,-0.068100358422939,-0.0522478736330498,-0.1024165707710011,0.0064516129032257,0.0222513089005236,-0.03125,39170.0,41477.5,40904.166666666664,-0.0043400561654327,-0.0597311795551804,-0.0465518997657125,43.846939956233015,-0.0522478736330498,-0.1024165707710011,-783.601781086938,-387.0299668268771,-396.5718142600609,0.0510020159686942,0.0379255899101065,2114.1205336880244,-0.3097945117156387,1923287.1,0.709655360346357,0.0
660,2025-04-14,-0.0033185840707964,0.0934466019417474,-0.0550603041426324,-0.1252427184466019,-0.0147621651175505,0.0359550561797752,0.0116150442477875,175740.0,193985.0,200063.33333333337,0.0253783999089565,-0.0710621955305822,-0.0992852263449908,43.14247175658414,-0.0550603041426324,-0.1252427184466019,-6831.079031116795,-4961.031079706195,-1870.0479514106,0.0548405765222355,0.0429576576766836,9421.162733235597,0.0752105864781069,4180620.25,0.8291099867298399,-0.0199778024417314
5380,2025-04-14,0.0101408450704225,0.0011166945840312,-0.0907707910750507,-0.0989949748743718,0.0050448430493272,0.0157746478873239,0.0050704225352111,180200.0,197115.0,201198.33333333337,-0.0049944506104327,-0.090378712934074,-0.1088395364441389,36.7517957537795,-0.0907707910750507,-0.0989949748743718,-6347.081630015222,-3940.8443369914703,-2406.2372930237516,0.0363404464894296,0.0303040804238149,7166.771165287049,-0.6740960634231994,968037.9,0.5546879931044022,0.0446179587283881
5930,2025-04-14,0.0181159420289855,0.0563909774436091,-0.0276816608996539,-0.0243055555555555,-0.0017761989342806,0.0161290322580645,0.019927536231884,54860.0,57915.0,55898.333333333336,0.0244258111556689,-0.0296123629456962,0.005396702346522,48.54797969527245,-0.0276816608996539,-0.0243055555555555,-464.2422697498696,-22.957566107585254,-441.28470364228434,0.0330116862291376,0.0274398000892126,1828.1777892654911,-0.0773747207562123,21695456.6,0.5924103482569709,-0.0142348754448398
35420,2025-04-14,-0.001639344262295,-0.0474452554744525,-0.043455497382199,-0.1341232227488151,-0.001639344262295,0.0142465753424656,0.0,181220.0,196155.0,209643.33333333337,0.0081668689990066,-0.0685937141546225,-0.1285198670758272,34.12822402036275,-0.043455497382199,-0.1341232227488151,-7897.777920502063,-6639.83954530241,-1257.938375199653,0.0369068927156755,0.0219105853694356,6299.596339086937,-0.3126645161403614,672026.1,0.5824461282084133,0.0262725779967158
35720,2025-04-14,0.0,-0.040590405904059,-0.0025575447570332,-0.1034482758620689,-0.0038314176245211,0.0205391527599485,0.0038461538461538,38840.0,41252.5,40945.833333333336,0.0041194644696189,-0.054602751348403,-0.0475221328991554,43.846939956233015,-0.0025575447570332,-0.1034482758620689,-833.2964517399159,-476.2832638094849,-357.01318793043106,0.0504068818607148,0.0379170914468279,2020.254781281737,-0.2948117441135462,1886744.25,0.5101332626295271,-0.0025641025641025
660,2025-04-15,0.002219755826859,0.0654867256637168,-0.083248730964467,-0.1103448275862069,0.002219755826859,0.0150250417362269,0.0,177960.0,192865.0,199823.33333333337,0.0148347943358058,-0.0635937054416301,-0.0962016447862278,43.43293618376113,-0.083248730964467,-0.1103448275862069,-6577.954157808883,-5284.415695326733,-1293.53846248215,0.0549808377511405,0.0429413006464352,8941.079680861625,-0.4473895575377489,4141583.45,0.4624933973019425,-0.0376522702104097
5380,2025-04-15,0.0429447852760735,0.0435267857142858,-0.0584088620342396,-0.0673316708229426,0.0086299892125134,0.0299401197604789,0.034021193530396,181760.0,196440.0,200615.0,0.0288292253521127,-0.0480553858684585,-0.0678663110933878,44.34899481935853,-0.0584088620342396,-0.0673316708229426,-5926.1664851214155,-4337.908766617459,-1588.2577185039563,0.040936972087051,0.0320444550046852,7362.001796337974,0.9592129007987577,995353.8,1.0569276974679758,-0.0074866310160427
5930,2025-04-15,0.0071174377224199,0.0579439252336448,-0.0374149659863946,-0.0173611111111111,0.0053285968028418,0.0160142348754448,0.001779359430605,55480.0,57865.0,55943.333333333336,0.0201874549387166,-0.0218612287220254,0.0117380682833818,49.85797105606754,-0.0374149659863946,-0.0173611111111111,-396.3707509315136,-97.64020307237094,-298.7305478591427,0.0329531229894885,0.0274978122234839,1761.8793757465276,-0.2998591025809304,20738458.9,0.4339107376971005,-0.028268551236749
35420,2025-04-15,0.0065681444991789,0.0239420935412026,-0.0650737163192679,-0.1200956937799042,-0.0048701298701299,0.0146978769733261,0.0114942528735633,182080.0,194900.0,209341.66666666663,0.0099956063268893,-0.0564391995895331,-0.1215317861550097,35.78375328950936,-0.0650737163192679,-0.1200956937799042,-7733.976143107459,-6858.66686486342,-875.3092782440381,0.0208617013386475,0.022105827856903,6113.910886295013,-0.117071475835358,655819.55,0.5269666023222394,0.0532898314301251
35720,2025-04-15,-0.0038461538461538,-0.0051216389244558,-0.0793838862559241,-0.1170454545454545,-0.007662835249042,0.0154838709677418,0.0038461538461538,38800.0,40995.0,40979.166666666664,0.0012886597938144,-0.0523234540797658,-0.0519572953736654,43.44597043672379,-0.0793838862559241,-0.1170454545454545,-874.7005788698589,-555.9667268215597,-318.7338520482991,0.047149711125955,0.0377253477573474,1918.8080111901843,0.0908008490469001,1815468.05,0.5783004553564024,0.0090090090090089
660,2025-04-16,-0.0365448504983388,0.0545454545454544,-0.1207680646791309,-0.1532846715328467,-0.0141643059490085,0.0230547550432276,-0.0227021040974528,179760.0,191290.0,199420.0,-0.0320427236315087,-0.0903863244288776,-0.1274696620198575,39.81836312589857,-0.1207680646791309,-0.1532846715328467,-6831.170235327678,-5593.766603326922,-1237.4036320007554,0.0569657648966821,0.0432953556859017,8809.573989371509,0.5314523181176274,4133154.85,0.7097309697941755,0.0402298850574711
5380,2025-04-16,-0.0283422459893047,0.0207865168539325,-0.0743759551706572,-0.109313725490196,-0.0188984881209502,0.0281301709873138,-0.0096256684491978,182500.0,195325.0,199968.33333333337,-0.0043835616438355,-0.0697555356457186,-0.0913561313874696,40.72309414743141,-0.0743759551706572,-0.109313725490196,-5951.647024191858,-4660.656418132339,-1290.9906060595183,0.0440671281333378,0.0321428724226608,7243.287382313833,-0.4359492289573267,998996.3,0.5939871849375218,0.0456796917996698
5930,2025-04-16,-0.0335689045936395,0.0320754716981133,-0.0697278911564626,-0.0649572649572649,-0.0232142857142857,0.0311926605504586,-0.0106007067137808,55820.0,57675.0,55960.0,-0.0200644930132568,-0.0515821413090593,-0.0225160829163688,44.11273032046453,-0.0697278911564626,-0.0649572649572649,-490.24496552190976,-176.1611555622787,-314.083809959631,0.0381941344968202,0.028169880079735,1786.0308489074898,0.6043563249557711,19989222.2,0.7222404581604981,0.0182815356489944
35420,2025-04-16,0.0027188689505166,0.0423968343697003,-0.0572597137014314,-0.1134615384615385,0.0027188689505166,0.0180327868852459,0.0,183580.0,193720.0,208973.33333333337,0.0044667175073538,-0.0481106752013215,-0.11759076118165,36.499872834923224,-0.0572597137014314,-0.1134615384615385,-7477.618897079141,-6982.457271306565,-495.16162577257546,0.0179214980165043,0.0221935738739553,5912.917251559656,0.2359293392554868,641629.5,0.6656972598672598,0.0460954446854664
35720,2025-04-16,-0.0283140283140282,0.0161507402422611,-0.0770171149144254,-0.128175519630485,-0.0295629820051414,0.0359042553191488,0.0012870012870012,38920.0,40717.5,40991.666666666664,-0.0300616649537512,-0.0728802112113955,-0.0790811140475705,40.51963752608033,-0.0770171149144254,-0.128175519630485,-984.9208997965106,-641.75756141655,-343.1633383799607,0.0425744586113648,0.0380057081694435,1878.1788675337427,0.3202671528146865,1802646.05,0.7689418563339153,0.043708609271523
660,2025-04-17,0.0057471264367816,-0.0447598253275108,-0.1007194244604317,-0.1666666666666666,0.0168506682161533,0.0209545983701979,-0.010919540229885,178120.0,189540.0,198836.66666666663,-0.0175162811587693,-0.0767120396750026,-0.1198806390504768,40.624641131154824,-0.1007194244604317,-0.1666666666666666,-6871.938726428401,-5849.401027947219,-1022.5376984811828,0.01696445927562,0.0428686604542825,8437.46156155926,0.0191124513708875,4143651.65,0.7214633981116632,0.0188571428571429
5380,2025-04-17,0.0,-0.0283422459893047,-0.0624355005159958,-0.102716049382716,-0.0049288061336254,0.0170798898071624,0.0049532195927353,181440.0,194285.0,199346.66666666663,0.0014329805996473,-0.0647759734410788,-0.0885225068557287,40.72309414743141,-0.0624355005159958,-0.102716049382716,-5903.785372190701,-4909.2822089440115,-994.5031632466898,0.0360396303413004,0.0321599314226457,6947.338283577131,-0.1199175585743632,993311.05,0.5257497135464263,0.0396257567418822
5930,2025-04-17,0.0073126142595978,-0.0230496453900709,-0.0434027777777777,-0.0847176079734219,0.0073126142595978,0.0146788990825688,0.0,55560.0,57420.0,55973.333333333336,-0.0082793376529877,-0.0404040404040404,-0.0156026679371129,45.53563928052339,-0.0434027777777777,-0.0847176079734219,-526.2974702235297,-246.18841849452892,-280.1090517290007,0.021865674516527,0.0272736362536226,1715.6000739855265,-0.2472778152008464,18783125.45,0.5785548858164071,0.0108892921960073
35420,2025-04-17,-0.0043383947939262,-0.0016313213703099,-0.0755287009063444,-0.1173076923076923,-0.0064935064935064,0.0181219110378911,0.002169197396963,183520.0,192500.0,208591.66666666663,0.0004359197907584,-0.0462337662337661,-0.1198114338220606,35.811742461707425,-0.0755287009063444,-0.1173076923076923,-7255.371836548933,-7037.04018435504,-218.3316521938932,0.0048859626981131,0.0221554132106486,5726.280305019681,-0.443634388513126,623839.3,0.3809330383642069,0.0430283224400871
35720,2025-04-17,0.0119205298013245,-0.045,-0.1085180863477246,-0.104337631887456,0.0105820105820106,0.0158730158730158,0.0013245033112583,38560.0,40495.0,41013.333333333336,-0.0093360995850622,-0.0566736634152365,-0.0685955786736021,42.2338021365554,-0.1085180863477246,-0.104337631887456,-1024.1542463937876,-718.2368984119976,-305.91734798179004,0.0171336722596916,0.038152481009263,1790.451805567047,-0.3897116432080685,1756869.95,0.4815034829413526,0.0327225130890052
660,2025-04-18,0.0,-0.032079646017699,-0.0395170142700329,-0.1879350348027841,0.0057471264367816,0.015625,-0.0057142857142856,176960.0,187515.0,198178.33333333337,-0.0110759493670885,-0.0667413273604777,-0.116956949548807,40.624641131154824,-0.0395170142700329,-0.1879350348027841,-6825.5671598956105,-6044.634254336897,-780.9329055587132,0.0171829702510703,0.0421567089936909,8027.642878590741,-0.563420285647098,3922315.25,0.3327504080657463,0.0537142857142856
5380,2025-04-18,0.0302696752889377,0.0546478873239437,-0.0239833159541188,-0.0868292682926828,0.0240700218818381,0.0391832229580573,0.0060539350577875,183380.0,193395.0,198941.66666666663,0.0208310611844257,-0.0320328860622043,-0.0590206509445817,46.03333132329467,-0.0239833159541188,-0.0868292682926828,-5360.260882763134,-4999.477943707836,-360.7829390552979,0.0276646892474895,0.0329071632424528,6958.2426918930505,0.2729452179391192,998918.45,0.6654937647812993,0.0085470085470085
5930,2025-04-18,0.0036297640653357,0.0018115942028984,-0.0142602495543672,-0.1037277147487844,0.0,0.0127504553734061,0.0036297640653357,55580.0,57100.0,56000.0,-0.0050377833753149,-0.0315236427320489,-0.0124999999999999,46.272215747330506,-0.0142602495543672,-0.1037277147487844,-532.5916266681234,-303.4690601292478,-229.12256653887556,0.019817965387563,0.0264871387048283,1643.0572115579887,-0.4618289439406339,17067761.95,0.342654298620564,0.0072332730560578
35420,2025-04-18,0.0212418300653594,0.0245901639344261,-0.0520728008088978,-0.1050119331742243,0.0151597184623715,0.0211956521739129,0.0059912854030501,184420.0,191400.0,208233.33333333337,0.0167010085674004,-0.0203761755485893,-0.0995677925404194,41.59277304477567,-0.0520728008088978,-0.1050119331742243,-6687.453235432127,-6967.122794570458,279.66955913833044,0.0100337665911954,0.0228077239641186,5624.403140375418,0.2106791336511797,603929.2,0.4763919346837345,0.032
35720,2025-04-18,0.0209424083769633,0.0,-0.068100358422939,-0.1055045871559633,0.0182767624020887,0.0275590551181101,0.0026178010471205,38560.0,40265.0,41056.666666666664,0.0114107883817426,-0.0314168632807649,-0.0500933668912884,45.25438275582046,-0.068100358422939,-0.1055045871559633,-979.4036860766282,-770.4702559449238,-208.93343013170443,0.0186886451150388,0.0381038386325226,1737.5623908836865,-0.00573563814885,1703887.85,0.4936281457726222,-0.0269230769230769
660,2025-04-21,0.0091428571428571,-0.0199778024417314,0.0716019417475728,-0.1650118203309692,0.0102974828375286,0.0315186246418337,-0.0011428571428571,176240.0,185770.0,197588.33333333337,0.0020426690876078,-0.0493621144425903,-0.1062225333816943,42.064936788811856,0.0716019417475728,-0.1650118203309692,-6583.816591701587,-6152.470721809836,-431.34586989175114,0.0185844693511909,0.0422987967646503,7847.096958691403,0.4385090778698572,3935636.9,0.4770442618830004,0.0305775764439411
5380,2025-04-21,0.000534188034188,0.0446179587283881,0.045784477945282,-0.1206572769953051,-0.0010666666666666,0.0177897574123988,0.001602564102564,184980.0,192110.0,198588.33333333337,0.0125418964212347,-0.0250377387954817,-0.0568428826802515,46.12782763874196,0.045784477945282,-0.1206572769953051,-4865.359805487824,-4972.654316063834,107.29451057601,0.0280701256208694,0.0313461808988821,6696.939642472119,-0.4699552028208082,955921.35,0.3686077311695152,0.0090763481046449
5930,2025-04-21,0.0018083182640145,-0.0142348754448398,0.0413533834586465,-0.084297520661157,0.0036231884057971,0.0163339382940108,-0.0018083182640145,55420.0,56845.0,56033.333333333336,-0.0003608805485384,-0.0254200017591696,-0.0113027959547888,46.660641401289205,0.0413533834586465,-0.084297520661157,-523.4763175957341,-347.4705116225451,-176.00580597318907,0.0173918557341326,0.0263081534814785,1589.9816964467038,0.0159882920663667,16660449.6,0.3566438567180084,0.0072202166064982
35420,2025-04-21,0.0,0.0262725779967158,-0.0224191866527633,-0.0942028985507246,-0.0084611316763617,0.0192307692307691,0.0085333333333332,185380.0,190425.0,207941.66666666663,0.011435969360233,-0.0153603781016148,-0.0983048130485312,41.59277304477567,-0.0224191866527633,-0.0942028985507246,-6166.2924711903615,-6806.9567298944385,640.6642587040769,0.009790069759748,0.022780642361191,5479.8029160628885,-0.1427806761740242,598538.9,0.412050077279856,0.0426666666666666
35720,2025-04-21,-0.0025641025641025,-0.0025641025641025,-0.043050430504305,-0.0715990453460621,-0.0089171974522292,0.0154838709677418,0.0064102564102563,38540.0,40115.0,41097.5,0.0093409444732746,-0.0302879222236071,-0.0534704057424417,44.938063450974575,-0.043050430504305,-0.0715990453460621,-941.1586181805396,-804.607928392047,-136.5506897884926,0.0187286031107103,0.0372486253670846,1656.3079343919946,-0.4474697623432534,1637489.5,0.2838039572162142,-0.0218508997429306
660,2025-04-22,-0.015855039637599,-0.0376522702104097,0.0253687315634218,-0.1644230769230769,-0.0068571428571428,0.0126947489901905,-0.0090600226500566,174880.0,184060.0,196851.66666666663,-0.0061756633119853,-0.055742692600239,-0.1171017094089458,40.22596686123613,0.0253687315634218,-0.1644230769230769,-6542.743450333597,-6230.525267514588,-312.2181828190087,0.0188555765020481,0.0422918182075607,7522.304318784874,0.0697293649495891,3922923.5,0.5119620609476581,0.0402761795166859
5380,2025-04-22,-0.0090763481046449,-0.0074866310160427,0.0357142857142858,-0.1563636363636363,-0.0026867275658247,0.013498920086393,-0.0064068339562199,184700.0,190390.0,198240.0,0.0048727666486194,-0.0251588843951888,-0.0637610976594027,44.69503880490826,0.0357142857142858,-0.1563636363636363,-4557.783636050037,-4889.680180061075,331.8965440110378,0.0211745759636082,0.0299871704954339,6397.158239438397,0.1145504597570665,870704.7,0.4510404043988737,0.0387931034482758
5930,2025-04-22,-0.0072202166064981,-0.028268551236749,0.0280373831775699,-0.080267558528428,0.0018214936247722,0.0146252285191956,-0.0090252707581227,55100.0,56605.0,56058.333333333336,-0.0018148820326678,-0.0283543856549775,-0.0188791437490709,45.251399130655166,0.0280373831775699,-0.080267558528428,-542.2779835065885,-386.4320059993538,-155.8459775072347,0.0165203795503447,0.0262607846528093,1533.5544324147966,0.6042939173627324,16274100.3,0.5857447615706288,0.0145454545454546
35420,2025-04-22,0.0330666666666665,0.0532898314301251,0.0785077951002226,-0.0665060240963855,0.0347222222222223,0.0521505376344086,-0.0016,187340.0,189735.0,207761.66666666663,0.0339489697875521,0.0208975676601574,-0.0676817186359369,49.91030563830179,0.0785077951002226,-0.0665060240963855,-5193.117599249497,-6484.188903765451,1291.0713045159537,0.0159343040016484,0.0242660868316858,5781.245564915539,1.6159195225197465,612532.0,1.053265788562883,0.0144553433144036
35720,2025-04-22,0.0077120822622107,0.0090090090090089,0.0038412291933418,-0.0710900473933648,0.0168612191958494,0.0448926480156148,-0.0089974293059126,38610.0,39965.0,41143.333333333336,0.0152810152810152,-0.0191417490304015,-0.0472332496151665,46.154037028682815,0.0038412291933418,-0.0710900473933648,-876.5374553767033,-818.9938337889783,-57.54362158772494,0.0189051090983414,0.0372568031324716,1661.2145105068523,1.6841084854301245,1658503.3,0.7521088441608769,-0.0191326530612244
660,2025-04-23,0.0414269275028769,0.0402298850574711,0.0969696969696969,-0.1542056074766354,0.010608598548297,0.0196518809657495,0.0304948216340621,176280.0,182410.0,196110.0,0.0267755842977082,-0.0077298393728414,-0.0770485951761766,46.680960949312635,0.0969696969696969,-0.1542056074766354,-5861.643485440349,-6156.74891109974,295.1054256593916,0.0209568681766175,0.042958528018791,7542.139724585955,0.9206313720257242,4012865.15,0.9612515885314512,-0.0193370165745856
5380,2025-04-23,0.0237068965517242,0.0456796917996698,0.0674157303370786,-0.1441441441441441,0.0058231868713605,0.016008537886873,0.0177801724137931,186360.0,188790.0,197931.66666666663,0.0195320884309937,0.0064092377774247,-0.0400727523808721,49.10171158377598,0.0674157303370786,-0.1441441441441441,-3913.867450467166,-4694.517634142293,780.6501836751277,0.016941653427304,0.030598377732761,6283.07550804994,0.5467594207622166,840067.45,0.7230943182002827,0.003157894736842
5930,2025-04-23,0.0127272727272726,0.0182815356489944,0.0509433962264151,-0.0928338762214984,-0.0053571428571428,0.0108108108108107,0.018181818181818,55300.0,56320.0,56081.666666666664,0.0072332730560578,-0.0110085227272727,-0.006805551427977,48.19981666973917,0.0509433962264151,-0.0928338762214984,-494.98837151643966,-408.143279102771,-86.84509241366868,0.0073716589303373,0.0255788178897161,1502.586258670883,0.1695492531892839,16009952.65,0.6963600857370431,-0.0035906642728904
35420,2025-04-23,-0.0041300980898296,0.0460954446854664,0.0904465799886942,-0.0544117647058823,-0.0158163265306122,0.0192107995846313,0.0118740320082602,189040.0,189180.0,207576.66666666663,0.0204189589504866,0.0196638122423089,-0.0707047998329933,48.94182473352615,0.0904465799886942,-0.0544117647058823,-4435.29549047249,-6074.410221106859,1639.1147306343692,0.0170311330952152,0.0240534142917079,5632.585167421572,-0.3925853936781476,592603.9,0.661283194390047,0.0393986521513738
35720,2025-04-23,0.0051020408163264,0.043708609271523,0.0605652759084791,-0.0815850815850816,-0.0063051702395964,0.0140485312899105,0.0114795918367347,38940.0,39790.0,41195.0,0.0118130457113507,-0.0098014576526765,-0.0435732491807258,46.99443986425471,0.0605652759084791,-0.0815850815850816,-799.9648924349312,-815.188045518169,15.223153083237776,0.0086749598441939,0.0370262606803141,1581.8420454706486,-0.4485603767912616,1633850.9,0.4210004719524897,-0.0291878172588831
660,2025-04-24,-0.0149171270718232,0.0188571428571429,-0.0267467248908297,-0.1386473429951691,-0.0246170678336979,0.0326576576576576,0.0099447513812154,176940.0,180975.0,195423.33333333337,0.0076862213179609,-0.0147810471059538,-0.087621744247531,44.7302171012252,-0.0267467248908297,-0.1386473429951691,-5476.60341624546,-6020.719812128885,544.116395883425,0.0234269929027373,0.0425909250827213,7417.701172829816,-0.1802306906799005,4056611.95,0.7795066520967084,0.0431856421761076
5380,2025-04-24,-0.0057894736842105,0.0396257567418822,0.0101604278074867,-0.1110588235294117,-0.0115122972265829,0.0252010723860589,0.0057894736842105,187800.0,187610.0,197596.66666666663,0.0058572949946751,0.006875966099888,-0.0440122134314006,48.070494747683554,0.0101604278074867,-0.1110588235294117,-3452.5215221561666,-4446.1184117450675,993.5968895889008,0.0178893084016413,0.0294362483163039,6169.998686046373,0.0581202012353321,820827.0,0.7830553819501551,0.0026469031233455
5930,2025-04-24,0.0,0.0108892921960073,-0.0124113475177305,-0.0987055016181229,0.0017985611510791,0.0108695652173913,-0.0017953321364452,55420.0,56015.0,56115.0,0.005052327679538,-0.0056234937070427,-0.0073955270426802,48.19981666973917,-0.0124113475177305,-0.0987055016181229,-452.29721258949576,-416.974065800116,-35.32314678937979,0.0071868106607627,0.0254717591834861,1438.1158116229626,-0.0509759351141819,15519482.0,0.6817480763855391,-0.0251346499102333
35420,2025-04-24,-0.0072576464489372,0.0430283224400871,0.0413268080478521,-0.0318503538928209,-0.0057113187954309,0.0178571428571427,-0.0015552099533436,190620.0,188865.0,207360.0,0.0046165145315286,0.0139517644878617,-0.0764853395061728,47.21517146087613,0.0413268080478521,-0.0318503538928209,-3902.6964537899767,-5640.067467643483,1737.3710138535062,0.017648744554588,0.0231828077777937,5473.114798320031,0.0642443203131579,538402.35,0.7746158611677679,0.0308093994778066
35720,2025-04-24,0.0012690355329949,0.0327225130890052,-0.01375,-0.0516826923076922,-0.0050441361916772,0.013375796178344,0.0063451776649745,39190.0,39682.5,41256.666666666664,0.0066343454963,-0.0058590058590058,-0.0437909024804071,47.216238763567766,-0.01375,-0.0516826923076922,-726.8671306721808,-797.5238625489715,70.65673187679067,0.0089655903398228,0.0364974376952603,1506.3533279370308,-0.2770799532457564,1590706.35,0.312604523141559,-0.035487959442332
660,2025-04-25,0.03421200224341,0.0537142857142856,0.0199115044247788,-0.0747616658304064,0.0104109589041094,0.0153761669412411,0.0235558048233315,178820.0,180230.0,194813.33333333337,0.0312045632479589,0.0231371025911335,-0.0534528779686538,49.83110466841681,0.0199115044247788,-0.0747616658304064,-4625.912724810769,-5741.758394665262,1115.8456698544933,0.02674293553521,0.0428811407702008,7359.293946199115,0.1093095976289595,4098324.8,0.8559131282127761,0.03470715835141
5380,2025-04-25,-0.0005293806246691,0.0085470085470085,0.0636619718309858,-0.0790243902439024,-0.0115183246073298,0.0127253446447508,0.0111169931180519,188120.0,186800.0,197326.66666666663,0.0036147140123325,0.0107066381156317,-0.0432109192878137,47.971859550842325,0.0636619718309858,-0.0790243902439024,-3059.7003928851045,-4168.834807973075,1109.1344150879704,0.0128727495022538,0.0285958856998479,5900.71306561449,-0.1773838472943728,797088.95,0.663337510826113,-0.0063559322033898
5930,2025-04-25,0.0,0.0072332730560578,0.0090579710144926,-0.074750830564784,-0.0124113475177305,0.014388489208633,0.0125673249551165,55500.0,55790.0,56148.333333333336,0.0036036036036035,-0.0016131923283743,-0.0079848021609427,48.19981666973917,0.0090579710144926,-0.074750830564784,-413.695339212667,-416.31832048262623,2.6229812699592117,0.0071882208053378,0.0250011014120411,1392.536110792751,0.1514998945689742,15314521.45,0.7955392559785145,-0.0197486535008977
35420,2025-04-25,0.010443864229765,0.032,0.0573770491803278,-0.0061633281972265,0.0005170630816959,0.0150884495317378,0.0099216710182767,191820.0,188805.0,207185.0,0.0087582108226462,0.0248669261936917,-0.0660520790597775,49.93265061970291,0.0573770491803278,-0.0061633281972265,-3281.3986734399805,-5168.333708802783,1886.9350353628024,0.0163235658330797,0.0230694061234962,5339.320884154315,-0.0606418817661938,522962.35,0.7491246740802661,0.0289405684754522
35720,2025-04-25,-0.0380228136882129,-0.0269230769230769,-0.0269230769230769,-0.0777642770352369,0.0026420079260238,0.0336473755047106,-0.0405576679340937,38980.0,39522.5,41293.333333333336,-0.0264238070805541,-0.0397874628376241,-0.0809654504359057,41.59325527816906,-0.0269230769230769,-0.0777642770352369,-780.971538058373,-794.2133976508518,13.241859592478818,0.0187011806673141,0.0373395092216706,1563.0423759415287,32.306942818876166,2382388.45,6.951963270305478,0.010540184453228
660,2025-04-28,-0.0130151843817787,0.0305775764439411,0.0099889012208655,-0.0456213948610383,-0.0081743869209809,0.0233722871452419,-0.004880694143167,179900.0,179795.0,194526.66666666663,0.0116731517509727,0.0122639672960871,-0.0643956269920147,47.95582747651655,0.0099889012208655,-0.0456213948610383,-4098.15320616751,-5413.037356965712,1314.8841507982024,0.028840270429323,0.0419148947408273,7169.344378613464,-0.2999307260085352,3993024.55,0.6149999753945916,0.0456043956043956
5380,2025-04-28,0.0010593220338983,0.0090763481046449,0.0540992749581705,-0.0415821501014198,0.0047846889952152,0.0165775401069518,-0.003707627118644,188460.0,186390.0,197043.33333333337,0.0028653295128939,0.0140028971511347,-0.0408201241689645,48.20078348119535,0.0540992749581705,-0.0415821501014198,-2701.11175436349,-3875.290197251158,1174.178442887668,0.0128622923964659,0.0274383151800964,5700.662132356312,-0.1470404112425979,772810.05,0.5835754853343328,-0.01005291005291
5930,2025-04-28,0.0017953321364452,0.0072202166064982,-0.0071174377224199,-0.0346020761245674,0.0,0.0072072072072071,0.0017953321364452,55580.0,55690.0,56205.0,0.0039582583663189,0.0019752199676781,-0.0072057646116893,48.692820296011185,-0.0071174377224199,-0.0346020761245674,-370.7600214477716,-407.2066606756553,36.446639227883736,0.0071880672219213,0.0235097731306758,1321.6406743075545,-0.2332524275231438,14899922.65,0.6269507714524948,-0.021505376344086
35420,2025-04-28,0.0103359173126615,0.0426666666666666,0.0700602079912424,0.0235602094240838,0.0061760164693771,0.0197197716658017,0.0041343669250646,193420.0,189030.0,206835.0,0.0107538000206803,0.0342273713167222,-0.0548021369690816,52.56268766273214,0.0700602079912424,0.0235602094240838,-2597.6878919869196,-4654.20454543961,2056.5166534526907,0.0159569167598635,0.0227313154472791,5229.369392429006,-0.1999903002828233,505195.6,0.6203834712733048,-0.0347826086956521
35720,2025-04-28,0.0026350461133068,-0.0218508997429306,-0.0243589743589743,-0.026854219948849,-0.0116883116883116,0.0171277997364953,0.0144927536231884,38810.0,39470.0,41288.333333333336,-0.0195825818088121,-0.0359766911578414,-0.0784321640495701,42.08840254807358,-0.0243589743589743,-0.026854219948849,-806.4838624998811,-796.6674906206576,-9.816371879223423,0.0190329847939435,0.0357134845164215,1497.8250633742766,-0.892564953478317,2385799.75,0.745816575762488,-0.0275952693823915
660,2025-04-29,-0.0065934065934065,0.0402761795166859,0.0011074197120708,-0.082233502538071,-0.0065934065934065,0.0212171970965939,0.0,181300.0,178985.0,194358.33333333337,-0.002757859900717,0.0101405145682598,-0.0697594649058869,47.0033634527757,0.0011074197120708,-0.082233502538071,-3733.6902988980873,-5077.167945352187,1343.4776464541,0.0273129131532154,0.0411255483173215,6928.6769229982165,-0.2399811052608003,3970481.2,0.4700654419418986,0.051438053097345
5380,2025-04-29,0.0201058201058201,0.0387931034482758,0.0310160427807486,-0.0292044310171198,0.0005189413596262,0.0226673695308381,0.0195767195767195,189900.0,186100.0,196890.0,0.015271195365982,0.0360021493820525,-0.0207730204682817,52.479126387268195,0.0310160427807486,-0.0292044310171198,-2086.250436383707,-3517.4822450776683,1431.2318086939613,0.0132656676574533,0.0278109637571741,5650.6148371880045,0.3175902951930518,770469.1,0.7712496192254823,-0.0150414937759335
5930,2025-04-29,0.0,0.0145454545454546,-0.0141342756183745,-0.0510204081632652,0.0017953321364452,0.0161870503597121,-0.0017921146953404,55740.0,55540.0,56285.0,0.0010764262648008,0.0046813107670147,-0.0086168606200586,48.69282029601119,-0.0141342756183745,-0.0510204081632652,-332.8960542935383,-392.344539399232,59.448485105693635,0.0055458425452988,0.0230963181297884,1291.5234832855865,0.1021247296210317,14722613.25,0.6992996301115225,-0.0179211469534049
35420,2025-04-29,0.0051150895140665,0.0144553433144036,0.068515497553018,-0.0010167768174885,0.0051150895140665,0.0191017036654621,0.0,193980.0,189020.0,206493.33333333337,0.012991030003093,0.0395725320071949,-0.0483954284238393,53.86756103529835,0.068515497553018,-0.0010167768174885,-1952.641691224708,-4113.89197459663,2161.250283371922,0.008211416225749,0.02175514449203,5120.12872154122,0.0383421342309717,497213.8,0.6545111982008545,-0.0279898218829516
35720,2025-04-29,0.0105124835742445,-0.0191326530612244,-0.0102960102960103,-0.0888625592417061,0.006544502617801,0.0157480314960629,0.0039421813403417,38660.0,39282.5,41232.5,-0.0054319710294878,-0.0211926430344301,-0.0674831746801672,44.12875144928958,-0.0102960102960103,-0.0888625592417061,-785.3726196834032,-794.4085164332068,9.035896749803667,0.0195086536644719,0.0305358638586727,1437.2661302761142,0.0043234427485248,2346623.25,0.7615461919590203,-0.0390117035110533
660,2025-04-30,-0.0182522123893805,-0.0193370165745856,0.0201149425287356,-0.1030823648307226,-0.0089335566722501,0.0186757215619695,-0.0094026548672566,180600.0,177965.0,194131.66666666663,-0.0171650055370985,-0.0026128733177872,-0.0856720953991706,44.39221602111758,0.0201149425287356,-0.1030823648307226,-3668.841123129765,-4795.502580907703,1126.6614577779385,0.0216220624117553,0.0412069187420523,6726.628571355487,0.2615144991443356,3949993.7,0.5960700646180778,0.0985915492957747
5380,2025-04-30,-0.0114107883817426,0.003157894736842,0.0489818381948266,-0.0290371879775853,-0.0108977685521536,0.0162986330178758,-0.0005186721991701,190020.0,185815.0,196716.66666666663,0.0030523102831281,0.0257514194225438,-0.0310937897144792,49.90899687992465,0.0489818381948266,-0.0290371879775853,-1756.2451253011825,-3165.234821122371,1408.989695821189,0.0119059856257788,0.0278076154205917,5468.428063103147,-0.2767188804221977,761197.9,0.5646245214286587,0.0272822665267575
5930,2025-04-30,-0.0053763440860215,-0.0035906642728904,0.0146252285191956,-0.0561224489795918,-0.0071556350626118,0.0126582278481013,0.0017921146953405,55700.0,55375.0,56331.666666666664,-0.0035906642728904,0.002257336343115,-0.0147637504068167,47.132095997080185,0.0146252285191956,-0.0561224489795918,-323.36848966508114,-378.5493294524018,55.18083978732068,0.0027186193138632,0.0230986563681825,1249.2718059080444,0.2640635468754462,14653207.85,0.888146072397383,0.0378378378378378
35420,2025-04-30,0.020356234096692,0.0393986521513738,0.0873101952277657,0.0250511247443763,0.0219164118246686,0.0240040858018386,-0.0015267175572518,195500.0,189265.0,206193.33333333337,0.0255754475703324,0.0593612131138878,-0.0276116266287304,58.75482824846664,0.0873101952277657,0.0250511247443763,-1105.9229676506366,-3512.2981732074313,2406.3752055567948,0.0100625712632753,0.0221628924019569,5090.119527145419,0.6076661176528431,500280.7,1.045784896359184,-0.0513715710723191
35720,2025-04-30,-0.0052015604681404,-0.0291878172588831,0.0132450331125828,-0.0647921760391198,-0.0013054830287205,0.0264900662251654,-0.0039011703511053,38430.0,39150.0,41188.333333333336,-0.0046838407494145,-0.0229885057471264,-0.0713389713915753,43.30716487322162,0.0132450331125828,-0.0647921760391198,-775.8367728079975,-790.694167708165,14.857394900167492,0.0188804055242327,0.029891858147063,1406.0328352563918,0.0394032216005935,2362008.6,0.7863976447841892,-0.0039215686274509
660,2025-05-02,0.0478873239436619,0.0431856421761076,0.0628571428571429,-0.0441932168550873,0.0367892976588628,0.0437219730941704,0.0107042253521125,182140.0,177535.0,193918.33333333337,0.0211924892939496,0.0476807390092095,-0.0408333404955695,51.81703171781699,0.0628571428571429,-0.0441932168550873,-2898.160531024885,-4416.03417093114,1517.8736399062543,0.0300759821277275,0.0427144247413574,6867.583673401524,0.6508467075222353,3935450.05,0.9876567992522228,0.0672043010752687
5380,2025-05-02,-0.0062959076600209,0.0026469031233455,0.0423775454045129,-0.022703818369453,-0.0042060988433227,0.012221041445271,-0.0020986358866736,190120.0,185595.0,196465.0,-0.0037870818430465,0.0205016298930467,-0.0359606036698648,48.513358197931915,0.0423775454045129,-0.022703818369453,-1573.4062619140022,-2846.8691092806976,1273.462847366695,0.0119768012110073,0.0277029026079491,5249.254630024351,0.0796410348285561,736657.7,0.6298990698122072,0.0385427666314677
5930,2025-05-02,-0.0216216216216216,-0.0251346499102333,-0.0145190562613429,-0.0572916666666666,-0.0127272727272726,0.0239852398523985,-0.009009009009009,55420.0,55210.0,56355.0,-0.0202093107181522,-0.0164825212823763,-0.0364652648389672,41.41398063343015,-0.0145190562613429,-0.0572916666666666,-407.9452582363446,-384.4285152091904,-23.51674302715423,0.0096512728043404,0.0231493451113388,1252.895248343184,0.7253632938633363,14800514.25,1.5171232310390836,0.0478821362799264
35420,2025-05-02,-0.0154613466334164,0.0308093994778066,0.0751633986928104,-0.0060422960725075,-0.0120120120120119,0.0162189559047136,-0.0034912718204488,196680.0,189205.0,205666.66666666663,0.0036607687614398,0.0433128088581169,-0.0401944894651539,53.981805936437006,0.0751633986928104,-0.0060422960725075,-677.229688865802,-2945.284476339106,2268.054787473304,0.0132843638148173,0.022218889177482,4955.110989492175,-0.4632864793782708,485425.95,0.5784631002936699,-0.0466058763931104
35720,2025-05-02,-0.0052287581699346,-0.035487959442332,-0.0039267015706806,-0.1120186697782963,-0.0026212319790301,0.0184453227931489,-0.0026143790849673,38150.0,38910.0,41102.5,-0.0026212319790301,-0.0221022873297352,-0.0742655556231373,42.45591975968736,-0.0039267015706806,-0.1120186697782963,-775.478638956236,-787.6510619577792,12.17242300154328,0.0184951964537625,0.027416635309916,1355.601918452364,-0.2726756386885874,2304113.95,0.5863377546930784,-0.0131406044678055
660,2025-05-07,0.0258064516129032,0.03470715835141,0.0902857142857143,0.0472008781558725,0.016515716568993,0.0301237224314148,0.0091397849462364,183420.0,177965.0,193706.66666666663,0.0402355250245338,0.0721209226533308,-0.0150055066079294,55.43566454863305,0.0902857142857143,0.0472008781558725,-1878.417496970942,-3908.5108361391,2030.0933391681583,0.0284972790465008,0.0404713580640187,6777.041982444272,-0.0146073682861858,3667854.05,1.044233752976076,0.079664570230608
5380,2025-05-07,-0.0095036958817318,-0.0063559322033898,0.0021367521367521,-0.021897810218978,-0.0198537095088818,0.0262734584450401,0.010559662090813,189880.0,185385.0,196200.0,-0.012007583737097,0.0119481079914771,-0.0438328236493373,46.41662274989758,0.0021367521367521,-0.021897810218978,-1555.815628070297,-2588.6584130386177,1032.8427849683208,0.0128279181522015,0.0276887062605149,5224.307870736898,0.4356730313348562,729456.2,0.9132570262614808,0.0506396588486139
5930,2025-05-07,0.0055248618784531,-0.0197486535008977,-0.0126582278481012,-0.0267379679144385,0.001834862385321,0.0128913443830571,0.003683241252302,55200.0,55135.0,56365.0,-0.0108695652173913,-0.0097034551555273,-0.0313137585380999,43.26706876470372,-0.0126582278481012,-0.0267379679144385,-445.6285355131331,-396.668519269979,-48.96001624315409,0.0106384206273493,0.0225417317156066,1213.4027306043852,-0.2368025604470325,14481006.85,1.1834115664409068,0.0512820512820513
35420,2025-05-07,0.008611955420466,0.0289405684754522,0.0618666666666667,0.0065722952477249,-0.0044999999999999,0.0191725529767912,0.0131712259371834,197800.0,189270.0,205118.33333333337,0.0065722952477249,0.0519363871717653,-0.0293407870253756,56.088493591900736,0.0618666666666667,0.0065722952477249,-198.02863353447177,-2395.833307778179,2197.8046742437073,0.0131612993084112,0.0222799230921304,4929.745918814162,1.215141683968362,482919.5,1.2880283359856042,-0.0396785534907081
35720,2025-05-07,0.0078843626806832,0.010540184453228,-0.0166666666666667,-0.0836320191158901,0.0,0.0198412698412697,0.0078843626806832,38230.0,38735.0,40986.666666666664,0.0031388961548521,-0.0099393313540725,-0.0643298633702016,44.22682842342755,-0.0166666666666667,-0.0836320191158901,-742.4290624176065,-778.6066620497447,36.177599632138254,0.0072721459004677,0.0272400208581499,1312.3446385629093,0.4001764633168738,2156446.35,0.8771945566834992,-0.0104302477183833
660,2025-05-08,-0.0026205450733752,0.0456043956043956,0.0775764439411099,0.1547330097087378,-0.0290816326530611,0.0348468848996832,0.0272536687631026,185080.0,179240.0,193495.0,0.0282040198832937,0.0617049765677304,-0.0165120545750536,54.97252686555084,0.0775764439411099,0.1547330097087378,-1097.9530971056374,-3346.399288332408,2248.4461912267707,0.0269965453828009,0.0332484776290292,6764.396126555396,0.3381723752688248,3530168.05,1.451865726335606,0.0535995796111403
5380,2025-05-08,-0.0026652452025586,-0.01005291005291,-0.00106780565937,0.0446677833612507,-0.0026652452025586,0.0096205237840727,0.0,189500.0,185785.0,195976.66666666663,-0.012664907651715,0.0070780741179319,-0.0452945078495738,45.824162768449376,-0.00106780565937,0.0446677833612507,-1564.189739696245,-2383.764678370143,819.5749386738985,0.012771280763538,0.0230346689058338,4979.714451398548,-0.1834471412423951,694432.75,0.7833328713255531,0.0309994655264564
5930,2025-05-08,0.0,-0.021505376344086,-0.0144404332129963,0.0263157894736842,-0.0090744101633394,0.0183486238532109,0.0091575091575091,54960.0,55205.0,56380.0,-0.0065502183406113,-0.0109591522507018,-0.0315714792479602,43.26706876470372,-0.0144404332129963,0.0263157894736842,-470.07408283239783,-411.3496319824628,-58.72445084993501,0.0104247884684056,0.0191446362306838,1198.1596784183578,-0.0476430780642879,13697089.3,1.1915328609268832,0.0494505494505495
35420,2025-05-08,-0.0522350577599196,-0.0347826086956521,0.0063999999999999,-0.016162669447341,-0.0328036904151717,0.0429708222811671,-0.0200904068307383,196440.0,189115.0,204505.0,-0.0394013439218081,-0.0021944319593898,-0.0772841739810762,43.09176698846807,0.0063999999999999,-0.016162669447341,-649.9591043314722,-2046.6584670888376,1396.6993627573656,0.0285319655959738,0.0243231661558383,5334.764067470293,0.928503216969393,513015.95,2.3382430897129027,0.0026497085320613
35720,2025-05-08,-0.0352020860495436,-0.0275952693823915,-0.0488431876606684,-0.0897908979089791,-0.031413612565445,0.0365853658536585,-0.0039113428943937,38020.0,38552.5,40861.666666666664,-0.02682798527091,-0.0402697620128396,-0.0945058530815352,38.486909643622106,-0.0488431876606684,-0.0897908979089791,-815.7670971817352,-786.0387490761428,-29.72834810559232,0.0181514693805631,0.027588025668791,1322.1771643798445,1.4525922977252868,2282175.8,2.0328758196454455,0.0175675675675675
660,2025-05-09,-0.0010509721492379,0.051438053097345,0.0937859608745683,0.1215339233038348,-0.0098958333333333,0.032119914346895,0.0089332632685232,186940.0,180270.0,193361.66666666663,0.0169038194072963,0.0545293171354079,-0.0168682175888016,54.775397613520575,0.0937859608745683,0.1215339233038348,-489.92026989374426,-2775.1034846446755,2285.1832147509313,0.0262880974205097,0.0329310684140123,6709.796403230011,-0.5044568837518755,3408900.6,0.7450560453420085,0.0757496054708048
5380,2025-05-09,0.0149652592196687,-0.0150414937759335,0.0231681034482758,0.0597098214285714,-0.0067991631799163,0.020580474934037,0.0219134152859432,188920.0,186320.0,195818.33333333337,0.0051873809019691,0.0192142550450837,-0.0302235915942498,49.696361114799615,0.0231681034482758,0.0597098214285714,-1329.563305902353,-2172.9244038765855,843.3610979742325,0.0105683894445685,0.02319747058834,5074.020562012937,-0.0550120226776378,665993.85,0.7718494697811399,0.0205371248025276
5930,2025-05-09,0.0036630036630036,-0.0179211469534049,-0.0036363636363636,0.0242990654205608,0.0018281535648994,0.0110294117647058,0.0018315018315018,54760.0,55270.0,56366.666666666664,0.0007304601899196,-0.0085037090645919,-0.0277942046126551,44.62139168642089,-0.0036363636363636,0.0242990654205608,-467.9151916115152,-422.66274390827334,-45.25244770324184,0.0109190356523036,0.019127081745476,1155.4339871027607,-0.5211968580435982,12811163.15,0.6099619455708828,0.0364963503649635
35420,2025-05-09,0.0121886592474826,-0.0279898218829516,-0.0139390810531749,0.0634743875278396,0.0052631578947368,0.0137203166226913,0.0068892421833597,195340.0,189685.0,203896.66666666663,-0.0222176717518173,0.0069325460632101,-0.063250993150125,46.06812329491675,-0.0139390810531749,0.0634743875278396,-813.1529591800645,-1799.9573655070833,986.8044063270188,0.0294269874151336,0.0193800692925936,5196.566634079559,-0.5344610839343891,472607.8,1.1816140148342875,-0.0167539267015707
35720,2025-05-09,-0.0013513513513513,-0.0390117035110533,-0.0573979591836735,-0.0537772087067861,-0.0053835800807536,0.0094979647218453,0.0040540540540541,37720.0,38447.5,40769.166666666664,-0.0204135737009544,-0.0389492164640093,-0.0936778202481449,38.288706034003255,-0.0573979591836735,-0.0537772087067861,-867.9177842797653,-802.4145561168674,-65.50322816289793,0.016215885873897,0.0263286707812401,1252.7359383527123,-0.7679034698601969,2206592.35,0.4879850145406332,0.0121786197564275
660,2025-05-12,0.0257759074171488,0.0985915492957747,0.0773480662983425,0.1818181818181818,0.0072314049586776,0.0087855297157621,0.0184113624408206,190440.0,181770.0,193283.33333333337,0.0239445494643981,0.0727842878362765,0.0088816073122359,58.68443511287031,0.0773480662983425,0.1818181818181818,382.9250536471373,-2143.497776986313,2526.4228306334503,0.0211900933763677,0.0322601591832109,6594.810945856439,-0.3602370559826633,3088360.85,0.5261315237822678,0.0225641025641025
5380,2025-05-12,0.0310689836756188,0.0272822665267575,0.0305263157894737,0.1,0.0203230849400728,0.0229885057471264,0.0105318588730911,189960.0,187210.0,195758.33333333337,0.030743314381975,0.0458843010522942,0.0002128474735003,56.7166014574606,0.0305263157894737,0.1,-659.9321876205213,-1870.3259606253728,1210.3937730048517,0.0171339476773676,0.023880038086412,5133.0190932977275,0.1080737753551717,659992.9,0.8630426175796739,-0.0245148110316649
5930,2025-05-12,0.0510948905109489,0.0378378378378378,0.0341113105924595,0.0867924528301886,0.0434782608695651,0.0472727272727273,0.0072992700729928,55180.0,55500.0,56398.333333333336,0.0438564697354113,0.0378378378378378,0.0213067762049705,59.277884424682895,0.0341113105924595,0.0867924528301886,-237.5295624029968,-385.6361076072181,148.10654520422122,0.0265668373606577,0.0219160177754271,1272.902988023992,0.9726218090321848,12553050.25,1.227964653451459,-0.03125
35420,2025-05-12,-0.0041884816753926,-0.0513715710723191,-0.0139968895800932,0.075183719615602,-0.0134854771784231,0.0242488139167105,0.0094240837696335,193280.0,190350.0,203258.33333333337,-0.0159354304635761,-0.0007880220646178,-0.0642450084047394,45.18294413640094,-0.0139968895800932,0.075183719615602,-995.5623558941296,-1639.0783635844928,643.516007690363,0.025912866066645,0.0189890195186857,5153.9547316453045,-0.2164279063104361,463421.5,0.9442332735964992,-0.0252365930599368
35720,2025-05-12,0.0311231393775373,-0.0039215686274509,-0.032994923857868,0.0255720053835801,0.0269541778975741,0.0283400809716598,0.0040595399188092,37690.0,38495.0,40690.0,0.0108782170336958,-0.010261072866606,-0.0636520029491275,45.27000800084186,-0.032994923857868,0.0255720053835801,-807.1478920143418,-803.3612232963624,-3.78666871797941,0.0239667797142749,0.0249655491490006,1245.3976570418045,0.6138779922435698,2200393.2,0.7897670289110146,-0.0433070866141732
660,2025-05-13,0.0179487179487178,0.0672043010752687,0.1132922041503083,0.0835152838427948,-0.0099750623441396,0.0212873796249366,0.0282051282051281,192940.0,182535.0,193276.66666666663,0.0288172488856639,0.0874626783904457,0.0270251625476434,61.26021603159495,0.1132922041503083,0.0835152838427948,1341.6166882886027,-1446.47488393133,2788.0915722199325,0.0140801482655037,0.0219324077503028,6588.038735438122,1.083231172194446,2865762.1,1.1811898133484282,0.0176322418136021
5380,2025-05-13,0.0045965270684371,0.0385427666314677,0.0412916887241927,0.0518716577540105,-0.00354609929078,0.0148641722193747,0.0081716036772216,191420.0,187695.0,195735.0,0.0275833246264758,0.0479767708250087,0.004930135131683,57.686675553186454,0.0412916887241927,0.0518716577540105,-55.976956059312215,-1507.4561597121608,1451.4792036528486,0.0159054244087564,0.0213465697500374,4973.517729490747,-0.1874501845148015,611832.8,0.7564648381060969,-0.0366039654295882
5930,2025-05-13,-0.0121527777777777,0.0478821362799264,0.0215439856373429,0.0088652482269504,-0.0138648180242634,0.0246478873239437,0.0017361111111111,55700.0,55525.0,56416.666666666664,0.0215439856373429,0.024763619990995,0.0085672082717873,55.33501204389968,0.0215439856373429,0.0088652482269504,-110.1615672977132,-330.5411995453171,220.37963224760392,0.0241817109449984,0.017072123090543,1281.9813460222783,0.0926452551596521,12247781.7,1.3751715545354637,-0.0175746924428822
35420,2025-05-13,-0.010515247108307,-0.0466058763931104,-0.0172323759791123,0.0233822729744426,-0.0094736842105263,0.0181236673773987,-0.0010515247108306,191440.0,190565.0,202645.0,-0.0169243627246135,-0.0124104636213365,-0.0712822916923684,42.960530042877856,-0.0172323759791123,0.0233822729744426,-1286.6744204889692,-1568.597574965388,281.92315447641886,0.02575654319433,0.0172465392317601,5028.672250813497,0.554116066164204,464596.0,1.463738387760549,-0.0170031880977683
35720,2025-05-13,-0.0144356955380577,-0.0131406044678055,-0.0481622306717364,-0.06125,-0.0157273918741808,0.0240641711229947,0.0013123359580051,37590.0,38372.5,40615.833333333336,-0.0010641127959564,-0.0214346211479574,-0.0754836988859025,42.77749923076485,-0.0481622306717364,-0.06125,-794.2125303589346,-801.5314847088769,7.31895434994226,0.0247563295051161,0.0178196543513725,1220.7263958245328,-0.2691601670619945,2165021.55,0.5866232601703203,-0.0266311584553927
660,2025-05-14,0.0377833753148615,0.079664570230608,0.1171366594360086,0.1393805309734512,-0.0048309178743961,0.0147058823529411,0.0428211586901763,195980.0,183795.0,193235.0,0.0511276660883763,0.1208139503250904,0.0660594612777187,66.13273221970466,0.1171366594360086,0.1393805309734512,2675.729887072812,-622.0339297305017,3297.7638168033136,0.0173954411907165,0.0227504616146993,6724.607397192542,-0.0152135489152318,2871250.9,1.1609960662093306,-0.0266990291262135
5380,2025-05-14,0.0020335536349771,0.0506396588486139,0.0439618644067796,0.1104225352112675,-0.0005070993914807,0.0205867215645907,0.0025419420437213,193320.0,188675.0,195545.0,0.0195530726256982,0.0446535047038558,0.0079521337799484,58.135760937586554,0.0439618644067796,0.1104225352112675,449.7540881104069,-1116.0141101476472,1565.768198258054,0.0134315495710843,0.0172460019042135,4903.980748812837,0.2041527126590756,557318.75,0.9999986542710074,-0.0461694571283612
5930,2025-05-14,0.0087873462214411,0.0512820512820513,0.030520646319569,0.039855072463768,-0.0017391304347825,0.0157894736842105,0.0105448154657292,56260.0,55635.0,56443.333333333336,0.0202630643441166,0.0317246337737036,0.0169491525423728,57.50907853290196,0.030520646319569,0.039855072463768,30.76961481950275,-258.27903667235313,289.0486514918559,0.0240872157518876,0.0163549916989668,1261.8398213064013,-0.2597377953940084,12174662.15,1.0241014367696435,-0.0296167247386759
35420,2025-05-14,0.0159404888416578,-0.0396785534907081,-0.0118863049095607,0.0448087431693988,0.0068457082675092,0.0132345156167283,0.0090329436769394,189860.0,190975.0,202165.0,0.0070578320868008,0.0011781646812409,-0.0542378750030915,47.15905710841206,-0.0118863049095607,0.0448087431693988,-1260.774477701576,-1507.0329555126257,246.25847781104972,0.0271939333815687,0.0174803949235569,4898.052804326819,-0.4649693330019837,454314.65,0.8008678566715821,-0.0334728033472803
35720,2025-05-14,0.0106524633821571,-0.0104302477183833,0.0,-0.0269230769230769,0.0066312997347479,0.0241286863270777,0.0039946737683089,37510.0,38320.0,40578.333333333336,0.0117302052785923,-0.0096555323590814,-0.0647718404731589,45.14308912814701,0.0,-0.0269230769230769,-743.1183007957661,-789.8488479262547,46.73054713048862,0.025072640823868,0.0172784161609442,1197.817367551352,0.2781972706629334,2177946.85,0.7453703473066847,-0.0131752305665349
660,2025-05-15,-0.0266990291262135,0.0535995796111403,0.1016483516483517,0.1126526082130965,-0.0337349397590361,0.0426065162907267,0.0072815533980583,198020.0,184810.0,193076.66666666663,0.0125239874760125,0.0848980033547968,0.0384475942199127,60.15728476879124,0.1016483516483517,0.1126526082130965,3251.7361837034696,152.72009295629258,3099.016090747177,0.0252492352760091,0.0238703130406665,6851.421154535931,-0.0463637288132542,2856889.05,1.1127337969250155,-0.0179551122194513
5380,2025-05-15,-0.0213089802130898,0.0309994655264564,0.0206349206349205,0.0758505298382599,-0.0117827868852459,0.0244536940686783,-0.0096397767630644,194480.0,189355.0,195326.66666666663,-0.0081242287124639,0.0187214491299412,-0.0124236322058772,51.906359410225775,0.0206349206349205,0.0758505298382599,505.8139764130756,-791.6484928355027,1297.462469248578,0.0191829693842016,0.0181976251410686,4903.69640961192,-0.1578326915692657,553938.55,0.8473051749151598,-0.0544323483670295
5930,2025-05-15,-0.0017421602787456,0.0494505494505495,0.0268817204301075,0.0195729537366549,-0.0017421602787456,0.0262697022767075,0.0,56800.0,55690.0,56465.0,0.0088028169014084,0.0289100377087447,0.0147879217214204,56.9124179923611,0.0268817204301075,0.0195729537366549,132.85792428661807,-180.0516444805589,312.909568767177,0.0242848590250239,0.0159275380374997,1278.8512626416584,0.0538692818121526,12189018.3,1.0779978892967943,-0.0453752181500872
35420,2025-05-15,-0.0104602510460251,0.0026497085320613,-0.0322250639386189,0.0355774493705527,-0.0031612223393044,0.0111583421891605,-0.0073221757322176,189960.0,191300.0,201635.0,-0.0040008422825857,-0.010977522216414,-0.0616708408758399,44.791965735473035,-0.0322250639386189,0.0355774493705527,-1385.6588589627063,-1482.758136202642,97.09927723993565,0.0126336337472702,0.0176960599975158,4762.47760401776,-0.0240458875458298,452498.55,0.784747266040963,-0.0317124735729387
35720,2025-05-15,-0.0079051383399209,0.0175675675675675,-0.0105124835742443,-0.0346153846153846,-0.0026490066225165,0.0161073825503355,-0.005270092226614,37640.0,38252.5,40560.0,0.0002656748140277,-0.0157506045356512,-0.0717455621301774,43.68445785645,-0.0105124835742443,-0.0346153846153846,-718.5502485648394,-775.5891280539718,57.03887948913234,0.0179543132089612,0.0173393339064455,1162.2589841548267,-0.1707890403769426,2197128.4,0.6126733421678952,-0.0106241699867197
660,2025-05-16,0.0199501246882793,0.0757496054708048,0.1310840707964602,0.1323366555924696,-0.0072815533980582,0.0159705159705159,0.0274314214463839,200900.0,186005.0,192951.66666666663,0.0179193628670981,0.0994328109459423,0.0598509125774158,62.79051940460939,0.1310840707964602,0.1323366555924696,3985.054664725176,919.1870073100692,3065.867657415107,0.0245316044446554,0.0240658240724907,6808.462500640508,-0.2388991106202442,2882091.65,0.8394968980254324,-0.0220048899755501
5380,2025-05-16,0.0046656298600311,0.0205371248025276,0.0051867219917012,0.0363636363636363,0.0025866528711846,0.0088082901554404,0.0020736132711249,195260.0,189695.0,195226.66666666663,-0.0074772098740141,0.021640001054324,-0.0073077448436005,53.066899407013906,0.0051867219917012,0.0363636363636363,615.7661512779596,-510.16556401281025,1125.9317152907695,0.01855880700097,0.0157086590132036,4682.003808925355,-0.3358055203417456,516924.85,0.6030721873788811,-0.0717234262125903
5930,2025-05-16,-0.0087260034904014,0.0364963503649635,0.017921146953405,0.0035335689045936,-0.0104529616724738,0.0141093474426807,0.0017452006980802,57200.0,55700.0,56478.333333333336,-0.0069930069930069,0.0197486535008977,0.0056953994157051,53.90118796161058,0.017921146953405,0.0035335689045936,171.44155222482368,-109.7530051394824,281.1945573643061,0.025676315610057,0.0160057267980766,1244.647601024397,-0.2096224764333164,12258353.9,0.8472060836814312,-0.0457746478873239
35420,2025-05-16,-0.007399577167019,-0.0167539267015707,-0.0442748091603053,0.0212071778140292,-0.0068746694870438,0.0117333333333333,-0.0005285412262155,189320.0,191495.0,201081.66666666663,-0.0080287344179167,-0.0192955429645682,-0.0660511069300201,43.15890241576652,-0.0442748091603053,0.0212071778140292,-1579.39267494838,-1502.0850439517897,-77.3076309965902,0.0110805945262843,0.0177775695734184,4579.443489445063,-0.1966364120226305,449482.4,0.634667786769849,-0.0250266240681575
35720,2025-05-16,-0.0066401062416998,0.0121786197564275,-0.0273081924577373,-0.0373230373230373,-0.0066401062416998,0.0134048257372654,0.0,37730.0,38180.0,40532.5,-0.0087463556851311,-0.0204295442640125,-0.0772836612594831,42.453422873205646,-0.0273081924577373,-0.0373230373230373,-711.0561877165092,-762.6825399864792,51.62635226997008,0.0184685924690358,0.0173694768378165,1114.9547710009106,-0.322007960645469,2190267.1,0.416688905202475,0.0
660,2025-05-19,-0.0249388753056234,0.0225641025641025,0.1233802816901408,0.1459770114942529,-0.0177339901477832,0.0278481012658227,-0.0073349633251833,201780.0,187275.0,192775.0,-0.0117950242838735,0.0647443598985448,0.0343664894306834,57.566494004552325,0.1233802816901408,0.1459770114942529,4107.340600970376,1556.8177260421307,2550.522874928245,0.0290125285718352,0.0230933676426347,6822.143750594757,0.0261069713788801,2859553.9,0.8682029039564528,0.0180541624874623
5380,2025-05-19,-0.0144478844169246,-0.0245148110316649,0.0020986358866736,0.0511832691249312,-0.0103626943005181,0.0157894736842105,-0.0041279669762641,194300.0,190160.0,195068.33333333337,-0.0169840452907874,0.0044173327724021,-0.0208559393716731,49.09743875425881,0.0020986358866736,0.0511832691249312,471.53191618603887,-313.82606797304044,785.3579841590793,0.0121467680234394,0.0145663060910824,4619.003536859258,0.2154017892943867,506199.95,0.748504617592317,-0.0476439790575916
5930,2025-05-19,-0.0176056338028168,-0.03125,0.0054054054054053,0.0201096892138938,-0.0106382978723403,0.0162162162162162,-0.0070422535211267,56840.0,55755.0,56460.0,-0.0182969739619985,0.0008071025020177,-0.0116896918172156,48.38701475672076,0.0054054054054053,0.0201096892138938,119.94506069806812,-63.8133919719723,183.7584526700404,0.0102024388829998,0.014560858493619,1248.6013438083687,-0.0561605422714608,12026607.9,0.8150348861045017,-0.0197132616487455
35420,2025-05-19,-0.012779552715655,-0.0252365930599368,-0.0753117206982543,0.0054229934924077,-0.011727078891258,0.0200542005420054,-0.0010649627263046,188360.0,191545.0,200463.33333333337,-0.0157145890847313,-0.0320812341747369,-0.0751425863416419,40.43713406773864,-0.0753117206982543,0.0054229934924077,-1904.6326427439928,-1582.5945637102304,-322.0380790337622,0.0118849337923697,0.0180437485532166,4516.626097341845,-0.081515185507165,441226.75,0.5938397887254115,0.0140237324703345
35720,2025-05-19,-0.0254010695187165,-0.0433070866141732,-0.0470588235294118,-0.0344370860927152,-0.0188425302826379,0.0233837689133424,-0.0066844919786096,37400.0,38115.0,40490.833333333336,-0.0254010695187165,-0.0436835891381346,-0.0997962501800819,38.06383029498059,-0.0470588235294118,-0.0344370860927152,-772.8650438870027,-764.7190407665839,-8.146003120418754,0.0131454002828883,0.0171458290904643,1110.3151445008457,0.5229395393684395,2190456.9,0.6345370228466947,0.0699588477366255
660,2025-05-20,0.013039117352056,0.0176322418136021,0.086021505376344,0.1542857142857143,-0.0024691358024691,0.032258064516129,0.0155466399197592,202480.0,188625.0,192500.0,-0.0023706045041486,0.0709078860172298,0.0493506493506492,59.42006982274841,0.086021505376344,0.1542857142857143,4363.748777789617,2118.2039363916283,2245.5448413979884,0.028535800832648,0.0231286378487186,6949.1334826951315,0.1360924294097532,2851106.55,0.9892811617299956,0.0024752475247524
5380,2025-05-20,-0.0078534031413612,-0.0366039654295882,0.0005279831045406,0.042927903137039,-0.0171161825726141,0.0242744063324538,0.0094240837696335,192860.0,190550.0,194826.66666666663,-0.01742196411905,-0.0055103647336657,-0.0273405420202572,47.06631719329712,0.0005279831045406,0.042927903137039,233.49618309480135,-204.3616177594721,437.8578008542735,0.0109305507252966,0.0147448133096135,4617.646141369311,0.1157661925662389,501226.1,0.8434437073408588,-0.0401055408970976
5930,2025-05-20,0.0017921146953405,-0.0175746924428822,0.0294659300184161,0.014519056261343,-0.0053380782918149,0.0179533213644524,0.007168458781362,56640.0,55795.0,56413.333333333336,-0.0130649717514124,0.0018818890581593,-0.0090995036634365,48.94944314536102,0.0294659300184161,0.014519056261343,86.20911935147888,-33.80888970728207,120.01800905876097,0.010103902298691,0.0144889360692492,1230.844104964914,-0.0736094951033476,11937283.3,0.760690416051364,-0.035778175313059
35420,2025-05-20,-0.0021574973031284,-0.0170031880977683,-0.0628166160081054,0.0076252723311547,-0.0043057050592034,0.013586956521739,0.0021574973031284,187720.0,191615.0,199846.66666666663,-0.0144896654591945,-0.0345223495029094,-0.0742902892217366,39.984542630201155,-0.0628166160081054,0.0076252723311547,-2169.6538979372126,-1700.006430555627,-469.6474673815856,0.0115044987752418,0.0180200097514061,4372.581376103141,0.1201978490027402,444020.3,0.6610328401651907,-0.0064864864864865
35720,2025-05-20,0.0027434842249656,-0.0266311584553927,-0.0394218134034165,-0.0431937172774868,-0.0013661202185791,0.0151515151515151,0.0041152263374486,37200.0,38032.5,40445.0,-0.0174731182795698,-0.0389798198908828,-0.0963036222029917,38.78138673568907,-0.0394218134034165,-0.0431937172774868,-804.5059990759983,-772.6764324284668,-31.829566647531465,0.0135260290309561,0.0168854923151986,1070.2926341793566,0.2087082333879646,2232160.7,0.7526407036912709,0.1203830369357046
660,2025-05-21,-0.0074257425742574,-0.0266990291262135,0.05083857442348,0.1457142857142856,-0.0195599022004889,0.0255127563781891,0.0123762376237623,201380.0,189900.0,192308.33333333337,-0.0043698480484656,0.0558188520273827,0.0425965246782509,57.85004072141117,0.05083857442348,0.1457142857142856,4395.250924553518,2573.6133340240062,1821.637590529512,0.0213423197433284,0.0233134190009231,6817.052519645479,-0.3895649991171922,2871936.95,0.5995117685295981,0.0374064837905236
5380,2025-05-21,-0.0079155672823219,-0.0461694571283612,0.0021321961620468,0.0042735042735042,-0.0079155672823219,0.0157417289220918,0.0,191040.0,190590.0,194576.66666666663,-0.0159128978224455,-0.0135893803452437,-0.0337998732290613,45.05887916444137,0.0021321961620468,0.0042735042735042,-75.31809420569334,-178.55291304871636,103.23481884302302,0.0096142925374242,0.0133234451411614,4498.528559842932,0.3210977490561932,495912.5,1.126210773069846,-0.0111702127659574
5930,2025-05-21,-0.0035778175313059,-0.0296167247386759,0.02014652014652,0.0072332730560578,-0.0088967971530249,0.0161579892280072,0.0053667262969587,56300.0,55815.0,56368.333333333336,-0.0106571936056838,-0.0020603780345784,-0.0118565388368173,47.826919891657674,0.02014652014652,0.0072332730560578,42.840970212680986,-18.47891772328946,61.31988793597044,0.0075304565166489,0.0145049699507655,1207.2123831817055,-0.1416645660292291,12034575.25,0.6476490310698751,0.0035906642728904
35420,2025-05-21,-0.001081081081081,-0.0334728033472803,-0.0718232044198895,-0.0143999999999999,-0.0059171597633136,0.0102925243770313,0.0048648648648648,186440.0,191480.0,199235.0,-0.0087963956232568,-0.034886149989555,-0.0724521293949356,39.74501077824897,-0.0718232044198895,-0.0143999999999999,-2368.520648895588,-1833.709274223619,-534.8113746719689,0.0050933257132301,0.0173488254869954,4195.968420667203,0.3018786284717489,448740.8,0.8515316637132171,0.0156926406926407
35720,2025-05-21,0.024623803009576,-0.0131752305665349,-0.0234680573663624,-0.0397435897435897,0.0204359673024523,0.034059945504087,0.0041039671682625,37100.0,37955.0,40406.666666666664,0.009433962264151,-0.0133052298774865,-0.0731727437716548,44.9616160465674,-0.0234680573663624,-0.0397435897435897,-748.3328899041226,-767.807723923598,19.474834019475452,0.0182620409096162,0.0171672560491096,1093.8431603094025,-0.209905268702958,2256474.9,0.5882498404923538,0.1134846461949266
660,2025-05-22,-0.0179551122194513,-0.0179551122194513,0.0346820809248555,0.1149490373725934,-0.0150075037518759,0.025445292620865,-0.0029925187032419,200660.0,190915.0,192098.33333333337,-0.0187381640586066,0.0313490296728911,0.0249958788467712,54.15189413443338,0.0346820809248555,0.1149490373725934,4082.664276866504,2875.423522592506,1207.2407542739984,0.0194128314667621,0.0239655385577568,6687.263053956516,0.1549733993123316,2877492.65,0.691083259587127,0.0766886744540376
5380,2025-05-22,-0.0297872340425532,-0.0544323483670295,-0.0251202565473008,-0.0261612386545648,-0.0245989304812834,0.0280373831775699,-0.0053191489361702,188940.0,190345.0,194183.33333333337,-0.034614163226421,-0.0417399984239145,-0.0606814865676766,38.463209433480166,-0.0251202565473008,-0.0261612386545648,-763.131922925968,-295.46871502416667,-467.6632079018013,0.0125464329085227,0.0149240243742991,4612.919376997008,0.7589086520728663,527412.2,1.862592484587956,0.0471491228070175
5930,2025-05-22,-0.0179533213644523,-0.0453752181500872,0.0018315018315018,-0.0126353790613717,-0.0108499095840868,0.0183486238532109,-0.007181328545781,55780.0,55780.0,56310.0,-0.0193617784152025,-0.0193617784152025,-0.0285917243828804,42.5702739804318,0.0018315018315018,-0.0126353790613717,-71.39722036856983,-29.062578252345535,-42.3346421162243,0.0086593087167079,0.015070251395047,1206.697212954441,0.9571367408583404,12500196.8,1.2203230272342591,0.0255941499085923
35420,2025-05-22,-0.0086580086580086,-0.0317124735729387,-0.0291467938526761,-0.0229333333333333,0.0,0.0187741579237989,-0.0086580086580086,185240.0,191265.0,198513.33333333337,-0.0110127402288922,-0.0421666274540558,-0.0771400745541861,37.79438870085132,-0.0291467938526761,-0.0229333333333333,-2624.9715717388026,-1991.961733726656,-633.0098380121465,0.0048240292145867,0.0174413557393789,4160.54210490526,0.2285059288123794,459881.05,1.0207704796707755,0.0332969432314409
35720,2025-05-22,-0.0053404539385847,-0.0106241699867197,0.0067567567567567,-0.0424164524421594,0.0,0.0189445196211095,-0.0053404539385847,37020.0,37872.5,40362.5,0.0062128579146407,-0.0164367284969304,-0.0771136574790957,43.90097736840509,0.0067567567567567,-0.0424164524421594,-711.7490249984694,-756.5959841385724,44.84695914010297,0.0181081940099905,0.0171842552787734,1065.711506001588,-0.3339247279019958,2277445.05,0.3882109032663599,0.1812080536912752
660,2025-05-23,0.0157440325038089,-0.0220048899755501,0.0520778537611783,0.1507479861910241,0.0005002501250626,0.0140915953699043,0.015236160487557,199760.0,192225.0,192015.0,0.001201441730076,0.0404473923787227,0.0415852928156654,56.717760606689644,0.0520778537611783,0.1507479861910241,4038.5275668340328,3108.044331440811,930.4832353932215,0.0181975512925962,0.0235051286523664,6538.172835816766,-0.2262340043457993,2854008.3,0.539136834325254,0.0224999999999999
5380,2025-05-23,-0.0137061403508771,-0.0717234262125903,-0.0526592943654554,-0.0307112068965517,-0.0137061403508771,0.0178471834913551,0.0,186160.0,190060.0,193731.66666666663,-0.033626987537602,-0.0534568031148058,-0.0713960030626553,35.934348449017065,-0.0526592943654554,-0.0307112068965517,-1492.750940607919,-534.9251601409171,-957.8257804670018,0.00896620776727,0.0150873277006139,4511.996564354365,-0.1553543834503651,549263.1,1.5106439882817544,0.0300166759310727
5930,2025-05-23,-0.0091407678244972,-0.0457746478873239,-0.010948905109489,-0.0145454545454545,-0.0145454545454545,0.0203327171903882,0.0054844606946984,55260.0,55740.0,56258.333333333336,-0.0191820484980094,-0.0276282741298887,-0.0365871722707747,40.19164461370272,-0.010948905109489,-0.0145454545454545,-199.97247258614516,-63.244557119105465,-136.72791546703968,0.0086554493893588,0.01512116097894,1199.0759834576952,-0.2626910955733205,12585929.1,0.8936261209353229,0.0369003690036899
35420,2025-05-23,-0.0005458515283842,-0.0250266240681575,-0.0413612565445026,-0.0547237996902426,-0.0054318305268875,0.0136761487964989,0.0049126637554586,184300.0,190735.0,197765.0,-0.0065111231687465,-0.0400293601069546,-0.0741536672313099,37.66995148724626,-0.0413612565445026,-0.0547237996902426,-2803.9576614679536,-2154.360919274916,-649.5967421930377,0.0054122499354119,0.0154955081479732,4041.9319545548847,-0.4523733951383903,440476.8,0.5836266518463629,0.02403058438012
35720,2025-05-23,0.0040268456375838,0.0,0.0121786197564275,-0.0459183673469387,0.0040268456375838,0.0175675675675675,0.0,37020.0,37782.5,40326.666666666664,0.010264721772015,-0.0101237345331833,-0.0725739791701106,44.94986717719452,0.0121786197564275,-0.0459183673469387,-663.0095408131456,-737.878695473487,74.86915466034145,0.0180535555174814,0.0170938887657587,1036.0178270014746,0.222833998206144,2269133.45,0.476456331821295,0.1417112299465239
660,2025-05-26,0.0149999999999999,0.0180541624874623,0.0410256410256411,0.1215469613259667,0.0149999999999999,0.0335195530726257,0.0,200480.0,193325.0,192056.66666666663,0.0125698324022345,0.0500452605715764,0.0569797108492284,59.10308498609118,0.0410256410256411,0.1215469613259667,4197.240656502807,3325.8835964532104,871.3570600495964,0.0154328542052577,0.0221921437117221,6542.589061829854,-0.0511496385587583,2734139.5,0.5339877500763951,0.022167487684729
5380,2025-05-26,0.0111172873818787,-0.0476439790575916,-0.0709908069458631,-0.0426315789473684,0.0099944475291504,0.0183639398998329,0.0011117287381878,184340.0,189655.0,193388.33333333337,-0.0132364109797114,-0.040890037172761,-0.0594055139486181,39.36874668583143,-0.0709908069458631,-0.0426315789473684,-1887.834205850406,-805.5069692828149,-1082.327236567591,0.0146583978419229,0.0142201659994841,4425.425381186195,-0.2480219731217331,550088.05,1.1342675049930642,0.011544804837823
5930,2025-05-26,0.0092250922509224,-0.0197132616487455,-0.0503472222222222,-0.0179533213644523,0.0148423005565863,0.0242085661080073,-0.0055350553505535,55040.0,55690.0,56216.666666666664,-0.0061773255813953,-0.0177769797091039,-0.0269789504891787,43.5862550732876,-0.0503472222222222,-0.0179533213644523,-258.54314059038734,-102.30427381336185,-156.2388667770255,0.010364949592281,0.0149779917018928,1206.2848417821456,-0.030743706274898,12573561.35,0.8670047170048604,0.0383912248628883
35420,2025-05-26,0.0267613326051339,0.0140237324703345,-0.0115667718191377,-0.0254017625712804,0.0267613326051339,0.034103410341034,0.0,184820.0,190490.0,197090.0,0.0172059300941456,-0.0130715523124573,-0.0461210614440104,46.8962754216632,-0.0115667718191377,-0.0254017625712804,-2521.3518040025374,-2227.7590962204404,-293.592707782097,0.0137499579659198,0.0168271978167697,4196.079672086678,0.8372686463819756,444498.55,1.0625771445148695,-0.0079787234042553
35720,2025-05-26,0.0427807486631015,0.0699588477366255,0.0236220472440944,-0.0101522842639594,0.0427807486631015,0.0512129380053907,0.0,37530.0,37762.5,40314.166666666664,0.0391686650679456,0.0327706057596821,-0.0325981354776029,54.6829350501779,0.0236220472440944,-0.0101522842639594,-489.63234333675064,-688.2294250461398,198.59708170938916,0.0196287485978482,0.0198034717262665,1097.7308393585122,1.4756928546917476,2368569.75,1.1300397634479626,0.1064102564102564
660,2025-05-27,-0.0024630541871921,0.0024752475247524,0.0201511335012594,0.1357263039820526,0.0099750623441396,0.0175,-0.0123152709359606,200580.0,194535.0,192048.33333333337,0.0095722405025426,0.040943789035392,0.0544220638901664,58.524181050150155,0.0201511335012594,0.1357263039820526,4233.870676539576,3507.4810124704836,726.3896640690928,0.0146183682375345,0.0217450241857476,6325.26127169915,-0.0240281315646538,2647277.5,0.5382571339800984,0.0740740740740741
5380,2025-05-27,0.0,-0.0401055408970976,-0.0752414844941535,-0.0370566437268395,0.0066408411732152,0.0088740987243483,-0.0065970313358988,182820.0,189305.0,193003.33333333337,-0.0050322721802865,-0.0391167692348326,-0.0575292309286541,39.36874668583143,-0.0752414844941535,-0.0370566437268395,-2175.858596500737,-1079.5772947263993,-1096.2813017743376,0.0153028134521778,0.0141995929662006,4223.609282530038,-0.1938658251421996,543099.65,0.9261375881939896,0.0225398570643211
5930,2025-05-27,-0.0146252285191955,-0.035778175313059,-0.0527240773286467,-0.0323159784560144,-0.0055350553505535,0.0130111524163569,-0.0091407678244972,54640.0,55600.0,56171.666666666664,-0.0135431918008784,-0.0305755395683453,-0.040441503723704,39.70332451125949,-0.0527240773286467,-0.0323159784560144,-365.303143834848,-154.9040478176591,-210.39909601718892,0.0106938924382968,0.0152905997248346,1184.407353083421,0.2328322663541178,12716518.5,1.0568553020231126,0.0723562152133581
35420,2025-05-27,-0.0223404255319148,-0.0064864864864865,-0.0233793836344314,-0.0402088772845953,-0.0128893662728248,0.021311475409836,-0.0095744680851064,184580.0,190105.0,196295.0,-0.0042258099469064,-0.0331658820125719,-0.0636541939427901,41.25878791261382,-0.0233793836344314,-0.0402088772845953,-2606.246339560952,-2303.456544888543,-302.78979467240924,0.0179221508227976,0.0174421064146057,4253.502552651916,0.4157319071634549,457079.3,1.4629190164595072,0.0092491838955386
35720,2025-05-27,0.05,0.1203830369357046,0.0905459387483356,0.038022813688213,0.058139534883721,0.0635538261997405,-0.0076923076923076,38410.0,37837.5,40295.0,0.0661286123405362,0.0822596630327057,0.0162551185010546,63.21830630982173,0.0905459387483356,0.038022813688213,-192.66009638701507,-589.1155593143149,396.4554629272998,0.0239052224330991,0.0227834111306011,1194.321493690047,0.2884735658740376,2516141.65,1.370630306127638,0.0158730158730158
660,2025-05-28,0.0271604938271605,0.0374064837905236,0.0097087378640776,0.1279826464208242,0.0072639225181598,0.016990291262136,0.019753086419753,202080.0,195715.0,192195.0,0.0292953285827395,0.0627698439056791,0.0822341892348916,62.83631720544061,0.0097087378640776,0.1279826464208242,4653.066610453941,3736.5981320671754,916.468478386766,0.0177339662729684,0.0213270204668532,6373.456895149211,1.2185083190868795,2629946.4,1.201997120549681,0.0793269230769231
5380,2025-05-28,0.0219901044529962,-0.0111702127659574,-0.0568239472349061,-0.0153601694915254,0.0191885964912281,0.0213815789473683,0.0027487630566245,182400.0,189160.0,192760.0,0.0191885964912281,-0.0172340875449354,-0.0355882963270388,46.07410691111112,-0.0568239472349061,-0.0153601694915254,-2057.634303175495,-1275.1886964162184,-782.4456067592766,0.0203759824368509,0.0151649090900072,4236.2086194921785,0.2165889638856029,547259.0,1.1181652563046016,0.0199031737493275
5930,2025-05-28,0.0371057513914656,0.0035906642728904,-0.0261324041811846,0.0035906642728904,0.0294659300184161,0.0350553505535056,0.007421150278293,54680.0,55610.0,56165.0,0.0223116313094366,0.0052148894083798,-0.0047182408973559,51.367658364139025,-0.0261324041811846,0.0035906642728904,-285.23986268637964,-180.9712107914032,-104.2686518949764,0.0227895731242941,0.0175678080999594,1256.949685006034,0.3033414139790706,12983167.5,1.349153278658694,0.0572450805008943
35420,2025-05-28,0.0212187159956473,0.0156926406926407,-0.0183054393305439,-0.0299741602067183,0.0167930660888406,0.0266159695817489,0.0043525571273121,185160.0,189815.0,195773.33333333337,0.0137178656297256,-0.0111424281537286,-0.0412381665872096,47.56240735532958,-0.0183054393305439,-0.0299741602067183,-2331.9472282228526,-2309.1546815554047,-22.792546667447823,0.0205349071811938,0.0180010055154949,4321.109513176779,0.0877847069555983,473859.55,1.5349885846977231,0.0186467767714437
35720,2025-05-28,0.0183150183150182,0.1134846461949266,0.0988142292490119,0.0988142292490119,0.0183150183150182,0.0484472049689441,0.0,39260.0,38025.0,40249.166666666664,0.0621497707590423,0.096646942800789,0.0360462949543469,65.88013033705354,0.0988142292490119,0.0988142292490119,102.035083945535,-450.8854306623449,552.9205146078799,0.0239788647216271,0.0209705989995144,1248.2985298550436,-0.1916533766346739,1827415.05,1.525512772809877,0.0623501199040767
660,2025-05-29,0.0192307692307691,0.0766886744540376,0.057356608478803,0.1648351648351649,-0.0116550116550117,0.033734939759036,0.03125,205100.0,197215.0,192558.33333333337,0.0336421257922965,0.0749689425246558,0.1009650755182411,65.63465530078867,0.057356608478803,0.1648351648351649,5247.55839217655,4038.7901840890504,1208.7682080874995,0.0108543468155924,0.0210101412680265,6418.209974067125,0.2108387732713144,2698545.35,1.418426783155599,0.080188679245283
5380,2025-05-29,0.0274341043571813,0.0471491228070175,-0.0098496630378434,0.0105820105820106,0.0073839662447257,0.0359634997316156,0.0199031737493275,184120.0,189260.0,192726.66666666663,0.0373669346078644,0.0091937017859029,-0.0089591476702756,53.18331313798589,-0.0098496630378434,0.0105820105820106,-1534.7220015312196,-1327.0953574392188,-207.6266440920008,0.0166503530475306,0.0164177369681027,4440.765146671309,0.7870428777335821,579386.25,1.8874075800038403,0.0356020942408377
5930,2025-05-29,0.0035778175313059,0.0255941499085923,-0.0209424083769633,0.0053763440860215,-0.001779359430605,0.014388489208633,0.0053667262969587,54960.0,55625.0,56191.666666666664,0.0207423580786025,0.0085393258426966,-0.0016313213703098,52.36013833014457,-0.0209424083769633,0.0053763440860215,-203.3072080807542,-185.43841024927343,-17.868797831480776,0.0202206766233717,0.0175801858601012,1224.3104217913171,-0.2614409118646918,13162932.1,0.9828212970877516,0.0659536541889482
35420,2025-05-29,0.0085242408098029,0.0332969432314409,0.0005285412262157,-0.0317135549872122,0.0,0.0154501864677676,0.0085242408098029,186380.0,189505.0,195478.33333333337,0.0156669170511858,-0.0010817656526213,-0.0316062308695763,49.93603391728798,0.0005285412262157,-0.0317135549872122,-1962.830292237457,-2239.8898036918154,277.05951145435847,0.0194449474713313,0.017943493749384,4219.601690807009,-0.1076619982429826,490641.75,1.3228776393366444,0.0486001056524036
35720,2025-05-29,0.0551558752997602,0.1812080536912752,0.1686586985391767,0.1563731931668857,0.0589651022864019,0.0649819494584837,-0.0035971223021582,40610.0,38322.5,40263.333333333336,0.0834769761142575,0.1481505642899079,0.0928056958357479,72.46177972326777,0.1686586985391767,0.1563731931668857,515.2346117394627,-257.66142218198337,772.8960339214461,0.0219377854885765,0.0237697847062666,1351.991492008255,0.6661764257491269,1970690.35,2.3569786090442872,0.1681818181818182
660,2025-05-30,-0.035377358490566,0.0224999999999999,0.0,0.1310840707964602,-0.0261904761904762,0.0344827586206897,-0.0094339622641509,206000.0,198400.0,192865.0,-0.0072815533980582,0.0307459677419354,0.0603271718559614,56.97238388110621,0.0,0.1310840707964602,5055.23647310253,4242.079441891747,813.1570312107833,0.0248958356413052,0.0229491471040399,6602.623547348045,0.2609770543009111,2846557.45,1.6956018224750742,0.1271393643031784
5380,2025-05-30,-0.0298429319371728,0.0300166759310727,-0.043859649122807,-0.0389004149377593,-0.0112059765208111,0.0118726389638423,-0.0188481675392669,185200.0,188885.0,192643.33333333337,0.0005399568034556,-0.0189798025253461,-0.0381188033152803,45.90004584755625,-0.043859649122807,-0.0389004149377593,-1562.2440215930692,-1374.125090269989,-188.11893132308023,0.0227041244689713,0.0170884039167837,4530.710493337644,-0.2853984040792363,588747.25,1.327299617959999,0.0631408526713437
5930,2025-05-30,0.0017825311942958,0.0369003690036899,-0.0105633802816901,0.007168458781362,0.0,0.0250896057347669,0.0017825311942958,55360.0,55645.0,56220.0,0.0151734104046243,0.009973941953455,-0.0003557452863749,52.87795424249468,-0.0105633802816901,0.007168458781362,-128.82085808397096,-174.11489981621295,45.29404173224199,0.0188217791609872,0.0175825030600283,1236.8596773776517,1.0267502575982794,13959140.35,1.8783164537779005,0.0533807829181494
35420,2025-05-30,-0.0095087163232963,0.02403058438012,-0.0015974440894568,-0.0458015267175572,-0.0063593004769475,0.0145083288554541,-0.0031695721077654,187260.0,189055.0,195178.33333333337,0.0012816404998396,-0.0082251196741689,-0.0393400906862955,47.33985977073356,-0.0015974440894568,-0.0458015267175572,-1794.8574188330676,-2150.883326720066,356.02590788699854,0.0206579315975642,0.0179596119943396,4146.772998606508,0.5237875139240038,523821.55,1.888101014553525,0.0666666666666666
35720,2025-05-30,-0.0295454545454545,0.1417112299465239,0.1417112299465239,0.1105331599479844,-0.0217640320733104,0.0281359906213365,-0.0079545454545454,41670.0,38535.0,40276.666666666664,0.0247180225581953,0.1080835603996366,0.0601671770255731,64.84762568124124,0.1417112299465239,0.1105331599479844,729.3911122989302,-60.25091528580064,789.6420275847308,0.0347959065967842,0.0251548507621734,1351.849242579094,-0.2380709922226109,2058290.5,1.7194195863023225,0.1709601873536299
660,2025-06-02,0.0146699266503667,0.022167487684729,0.0406218655967902,0.1690140845070422,0.0121951219512195,0.0270935960591132,0.0024449877750611,206900.0,199900.0,193105.0,0.0028999516674721,0.0380190095047523,0.074544936692473,59.28698681555977,0.0406218655967902,0.1690140845070422,5086.263613735646,4410.9162762605265,675.3473374751193,0.0248621443694431,0.0222560239306235,6523.86472253747,-0.6320926327862848,2817621.4,0.6302308748790736,0.1566265060240963
5380,2025-06-02,-0.0070156502968159,0.011544804837823,-0.0366492146596858,-0.0346274921301154,-0.0032502708559046,0.0131075914800655,-0.0037776578521316,185620.0,188555.0,192465.0,-0.0087275078116582,-0.0241574076529395,-0.0439820227054269,44.40639344379972,-0.0366492146596858,-0.0346274921301154,-1669.7072108541324,-1433.2415143868177,-236.46569646731473,0.0231540262005223,0.0169868495209446,4378.51688667067,-0.3112980584661217,594166.8,0.9057759538230676,0.0923913043478261
5930,2025-06-02,0.0106761565836299,0.0383912248628883,0.017921146953405,0.0234234234234234,0.0088809946714032,0.0195729537366549,0.001779359430605,55780.0,55710.0,56266.666666666664,0.0182861240588023,0.0195656076108419,0.009478672985782,55.97029011124317,0.017921146953405,0.0234234234234234,-21.131314831975033,-143.51818281936536,122.38686798739032,0.0188678318754511,0.0176662502021686,1227.0839861363909,-0.509127741933417,13951956.65,0.9224881730119194,0.0545774647887324
35420,2025-06-02,-0.0053333333333333,-0.0079787234042553,0.005933117583603,-0.0698254364089775,0.0037674919268029,0.0140010770059235,-0.0090666666666666,186960.0,188355.0,194828.33333333337,-0.0024604193410354,-0.0098484245175334,-0.0427470337134401,45.91176846768439,0.005933117583603,-0.0698254364089775,-1722.5726044127368,-2065.2211822586005,342.64857784586366,0.0168061153054578,0.0171635123543578,4036.2892129917577,-0.5873878191517328,518066.5,0.7877077556645721,0.0777479892761394
35720,2025-06-02,0.0105386416861825,0.1064102564102564,0.1838134430727023,0.1281045751633986,-0.0011574074074074,0.0306603773584905,0.0117096018735363,42500.0,38780.0,40277.5,0.0152941176470589,0.1126869520371325,0.0713177332257464,66.17268122430633,0.1838134430727023,0.1281045751633986,924.7628308307176,136.75183393750302,788.0109968932145,0.0342018219369628,0.0250466738142644,1348.1457252520158,-0.4134942421232727,2069200.7,1.0031322722827225,0.1911935110081113
660,2025-06-04,0.0481927710843372,0.0740740740740741,0.0767326732673268,0.1693548387096775,-0.0022935779816514,0.0300230946882216,0.0506024096385542,209900.0,201475.0,193523.33333333337,0.0362077179609336,0.0795384042685196,0.1238954820262845,65.87640947004033,0.0767326732673268,0.1693548387096775,5850.330306667747,4698.7990823419705,1151.5312243257767,0.0308434428326639,0.0222848688683546,7165.017242356222,1.8769073609377889,2878711.4,1.774639166677146,0.0827586206896551
5380,2025-06-04,0.0108695652173913,0.0225398570643211,-0.0184696569920844,-0.0179514255543822,0.0048622366288493,0.0130363932645301,0.0059782608695653,186440.0,188385.0,192271.66666666663,-0.0023600085818493,-0.012660243649972,-0.0326187772509383,47.250377177837024,-0.0184696569920844,-0.0179514255543822,-1575.3298553081695,-1461.6591825710882,-113.6706727370813,0.0233683574335204,0.017171001767894,4244.3371090513365,0.0727319011040874,599832.05,0.9624777468959852,0.0833333333333332
5930,2025-06-04,0.0176056338028169,0.0723562152133581,0.0339892665474059,0.0644567219152854,0.0104895104895104,0.0193661971830985,0.0070422535211267,56560.0,55885.0,56325.0,0.0219236209335218,0.0342667978885211,0.0261873058144694,60.609915026471285,0.0339892665474059,0.0644567219152854,143.2537269162567,-86.16380087224096,229.4175277884977,0.0142802384515178,0.0171572221707624,1218.0065585552202,0.526744112415082,13811745.6,1.4227009075521924,0.0294117647058822
35420,2025-06-04,-0.0053619302949061,0.0092491838955386,0.0027027027027026,-0.0602836879432624,-0.0185185185185184,0.0194070080862533,0.0134048257372654,187300.0,187760.0,194270.0,-0.0096102509343299,-0.012036642522369,-0.0451433571833015,44.467150568547694,0.0027027027027026,-0.0602836879432624,-1726.0808255430893,-1997.3931109154985,271.31228537240895,0.0127701664148548,0.0169392774503331,4005.125697778061,1.0022029724199617,544879.9,1.4995396233188267,0.0722371967654986
35720,2025-06-04,-0.0359212050984936,0.0158730158730158,0.1381668946648426,0.0932982917214191,-0.0566893424036281,0.0828258221680877,0.0220162224797217,42630.0,38957.5,40219.166666666664,-0.0241613886934084,0.0678303279214529,0.0343327186457536,58.05514884416028,0.1381668946648426,0.0932982917214191,943.6465096709436,298.1307690841911,645.5157405867524,0.0373603153662117,0.026679812887713,1494.706744876872,0.8492596650161248,2193575.0,1.7498717846437892,0.2139423076923077
660,2025-06-05,0.0321839080459769,0.0793269230769231,0.1197007481296759,0.1766247379454926,-0.0044345898004434,0.0360360360360361,0.0367816091954023,213200.0,203160.0,194058.33333333337,0.0530018761726078,0.1050403622760385,0.1568686391548932,69.58709954521788,0.1197007481296759,0.1766247379454926,6940.692185099819,5147.17770289354,1793.5144822062784,0.0314240804455927,0.0225952031173138,7546.087439330778,0.1291591516702768,2975631.85,1.9385818847180305,0.0489977728285078
5380,2025-06-05,0.0193548387096773,0.0199031737493275,0.0085106382978723,0.0106609808102344,0.0193548387096773,0.0376344086021505,0.0,187180.0,188485.0,192155.0,0.0129287317021049,0.0059155901000078,-0.0132965574666285,52.00937846265417,0.0085106382978723,0.0106609808102344,-1196.2555185663805,-1408.5784497701468,212.3229312037663,0.0229056754011322,0.017605085369698,4441.170172690527,0.3820898107651669,606418.75,1.3157822049532604,0.0495780590717298
5930,2025-06-05,0.0224913494809688,0.0572450805008943,0.0610412926391381,0.0824175824175823,0.0172117039586918,0.0345423143350605,0.005190311418685,57200.0,56110.0,56415.0,0.0332167832167831,0.0532881839244341,0.0475937250731188,65.67387092654201,0.0610412926391381,0.0824175824175823,374.1166088908867,5.892281080384577,368.22432781050213,0.008882341328355,0.0176861053703805,1281.0060900869903,0.1840227546252839,14118197.4,1.647946004778202,-0.0135363790186124
35420,2025-06-05,0.0307277628032345,0.0186467767714437,0.0346320346320345,-0.0396785534907081,0.0263016639828232,0.0305958132045087,0.0043126684636118,188000.0,187365.0,193906.66666666663,0.0170212765957447,0.020468070343981,-0.0139586055146805,53.45683456283831,0.0346320346320345,-0.0396785534907081,-1254.4581403826303,-1848.8061168089248,594.3479764262943,0.0165219783488715,0.0183942319335472,4183.331005079627,0.1152656629978619,559341.65,1.6291456214640907,0.0486401673640166
35720,2025-06-05,0.0649038461538462,0.0623501199040767,0.1829105473965286,0.1551499348109517,0.0547619047619047,0.0728793309438471,0.0096153846153845,43150.0,39255.0,40228.333333333336,0.0266512166859791,0.1285186600433066,0.1012139039648671,65.90193447344777,0.1829105473965286,0.1551499348109517,1163.0722237517912,471.1190600177111,691.95316373408,0.0465848202052077,0.0298806866611459,1623.6562630999524,0.320872221390005,2352500.6,2.155210927470114,0.1625282167042889
660,2025-06-09,0.0200445434298441,0.080188679245283,0.1630269172168612,0.2033631108775617,-0.0171673819742489,0.0241228070175438,0.0378619153674832,216600.0,205095.0,194743.33333333337,0.0572483841181901,0.1165557424608108,0.1759067490543107,71.71638567188441,0.1630269172168612,0.2033631108775617,8074.842463813286,5732.71065507749,2342.131808735796,0.031448519037938,0.0225813640747399,7649.938336521436,-0.3644655999317674,2902669.55,1.26300425758075,0.0829694323144105
5380,2025-06-09,0.0432489451476794,0.0356020942408377,0.0844298245614034,0.0571886691608765,0.0254017625712803,0.0317212688507539,0.0174050632911393,188540.0,189020.0,192161.66666666663,0.0491142463137794,0.0464501110993544,0.0293416133984405,60.70547810533501,0.0844298245614034,0.0571886691608765,-231.49635993887205,-1173.162031803892,941.66567186502,0.0275450548711245,0.0199796962817206,4752.51516035549,1.086863889010734,662477.15,2.513505560154037,0.018705763397371
5930,2025-06-09,0.0118443316412859,0.0659536541889482,0.093235831809872,0.0952380952380953,-0.0099337748344371,0.015126050420168,0.0219966159052453,57940.0,56370.0,56516.666666666664,0.0321021746634448,0.0608479687777185,0.0580949572397522,68.05531801825646,0.093235831809872,0.0952380952380953,606.5691049235393,126.02764584901551,480.54145907452374,0.0078069360560071,0.0177393246747008,1282.3627979379196,-0.1571548077374792,14282653.75,1.3729702717185872,-0.0434782608695651
35420,2025-06-09,0.0381799163179916,0.0486001056524036,0.0835152838427948,0.0519342872284049,0.0158648925281474,0.0530421216848673,0.0219665271966527,189840.0,187855.0,193631.66666666663,0.0456173619890434,0.0566660456202923,0.0251422374095147,61.951794484212535,0.0835152838427948,0.0519342872284049,-288.32118602178525,-1536.709130651497,1248.3879446297117,0.0227766425391625,0.0163601684729536,4691.664504716797,0.5440763172305265,569715.75,2.4697193293322153,0.0554156171284634
35720,2025-06-09,0.1602708803611738,0.1681818181818182,0.3798657718120806,0.3891891891891892,0.1186071817192599,0.1269146608315099,0.0372460496613995,44630.0,39975.0,40328.333333333336,0.1516916872059153,0.2858036272670419,0.2745381658883332,77.71042145621644,0.3798657718120806,0.3891891891891892,1888.1143390715224,754.5181158284735,1133.5962232430488,0.0812046886131081,0.0438347554355066,2021.9665300213844,1.5215831531113078,2759769.95,4.632548086118555,0.0350194552529183
660,2025-06-10,0.0065502183406114,0.1271393643031784,0.1525,0.212519726459758,-0.0021645021645021,0.0219780219780219,0.0087336244541484,221800.0,207115.0,195455.0,0.0392245266005411,0.1129082876662723,0.1792995830242254,72.40980256994209,0.1525,0.212519726459758,8991.058864927094,6384.380297047411,2606.678567879683,0.0162705139094068,0.0224573431548013,7460.657026769905,0.0143398241829701,2961611.2,1.2556189009549936,0.0802603036876354
5380,2025-06-10,-0.0040444893832153,0.0631408526713437,0.095052807115064,0.0373880989994734,-0.0199004975124378,0.0291113381001022,0.0161779575328615,190880.0,189375.0,192185.0,0.0320620284995809,0.0402640264026403,0.025053984442074,59.571339032150725,0.095052807115064,0.0373880989994734,463.1895490705792,-845.8917156289978,1309.0812646995769,0.0203083972037931,0.0198308009709724,4820.192648901526,-0.4000798731638181,686722.35,1.454665047671741,0.0406091370558374
5930,2025-06-10,-0.0100334448160535,0.0533807829181494,0.0922509225092251,0.0802919708029197,-0.0133333333333333,0.022108843537415,0.0033444816053511,58540.0,56590.0,56610.0,0.0112743423300307,0.0461212228308889,0.0457516339869281,63.95933684300636,0.0922509225092251,0.0802919708029197,733.9142900781953,247.6049746948515,486.3093153833438,0.0124272050028865,0.0180434797628751,1283.6225980852112,-0.2194785233134344,14657225.65,1.044246733009804,-0.018581081081081
35420,2025-06-10,0.0075566750629723,0.0666666666666666,0.0922992900054615,0.0471204188481675,-0.0196078431372549,0.0365853658536585,0.0277078085642317,192340.0,188305.0,193423.33333333337,0.0398253093480296,0.0621066886168715,0.0340014131352646,63.42885097513164,0.0922992900054615,0.0471204188481675,591.5675524207181,-1111.053794037054,1702.621346457772,0.020316771651571,0.0162506058561796,4870.8313258084545,-0.35189596869452,587389.1,1.5524751821237406,0.0324999999999999
35720,2025-06-10,-0.0272373540856031,0.1709601873536299,0.3368983957219251,0.3531799729364004,-0.0619136960600374,0.0877551020408162,0.0369649805447471,46090.0,40627.5,40426.666666666664,0.0848340203948796,0.2306934957848747,0.2368073878627969,72.38713002683578,0.3368983957219251,0.3531799729364004,2322.9693942186495,1068.208371506509,1254.7610227121409,0.0807581285633591,0.044790238700774,2184.6832064484283,-0.3041686250519857,3150732.85,2.82348343179905,0.036
660,2025-06-11,0.0412147505422992,0.1566265060240963,0.1822660098522168,0.2307692307692308,0.0169491525423728,0.025531914893617,0.0238611713665943,228300.0,209365.0,196140.0,0.0512483574244415,0.1463234064910563,0.2236157846436219,76.36237925200977,0.1822660098522168,0.2307692307692308,10364.264776170923,7180.357192872114,3183.907583298809,0.0166572986923404,0.0232812596195948,7677.752953429198,0.1376212636020282,3091888.05,1.368232268306092,0.0270833333333333
5380,2025-06-11,0.0203045685279188,0.0923913043478261,0.1050027487630567,0.0265577119509703,0.0095429432446008,0.0125628140703517,0.0106598984771573,194280.0,189635.0,192231.66666666663,0.0345892526250772,0.0599309199251192,0.0456133658172865,63.2666705846365,0.1050027487630567,0.0265577119509703,1321.2689416099456,-412.4595841812091,1733.7285257911549,0.0171860717977707,0.0191348437662426,4797.32174540856,-0.3496998351270483,690723.15,0.9404896882347146,0.0248756218905472
5930,2025-06-11,0.0118243243243243,0.0545774647887324,0.0950639853747714,0.0399305555555555,0.0067226890756302,0.0117845117845116,0.0050675675675675,59160.0,56705.0,56693.333333333336,0.0125084516565245,0.0563442377215412,0.0565616180620884,66.49307607958579,0.0950639853747714,0.0399305555555555,881.162919016133,374.3165635591078,506.84635545702514,0.0124414855622411,0.0144251806948659,1256.2209839362677,-0.1107443210921901,14567027.25,0.9343522028490748,-0.0016694490818029
35420,2025-06-11,0.0049999999999998,0.0777479892761394,0.0691489361702126,0.0567823343848581,0.0024937655860348,0.0155857214680743,0.0024999999999999,195240.0,188845.0,193206.66666666663,0.0295021511985249,0.0643649553866927,0.0403367723681034,64.42049600699015,0.0691489361702126,0.0567823343848581,1353.9696403466514,-618.0491071603128,1972.018747506964,0.0184013536667167,0.0161834222282581,4744.343373964994,-0.4384460257460465,591114.45,0.8663043172096369,0.2114427860696517
35720,2025-06-11,0.028,0.1911935110081113,0.3179487179487179,0.3490813648293962,0.0468431771894093,0.0590631364562117,-0.018,47740.0,41292.5,40548.333333333336,0.0766652702136572,0.2447781074044923,0.2676230013564058,74.28420956472917,0.3179487179487179,0.3490813648293962,2748.876125240262,1404.3419222532596,1344.5342029870023,0.0798345821076207,0.0447406520433732,2235.7772631306834,-0.4041804209107825,3328864.75,1.5922653511230818,0.0739299610894941
660,2025-06-12,-0.01875,0.0827586206896551,0.1629629629629629,0.1863979848866499,-0.0288659793814433,0.0489361702127659,0.0104166666666667,231900.0,211215.0,196736.66666666663,0.0155239327296248,0.114977629429728,0.1970315650361735,71.16186367809382,0.1629629629629629,0.1863979848866499,10963.05271488137,7936.896297273965,3026.1564176074053,0.0235085756197569,0.0241107154380277,7950.770599612827,0.1805534248246214,3172349.5,1.5743025792082492,0.0445859872611464
5380,2025-06-12,0.0024875621890547,0.0833333333333332,0.1077515118196812,0.0244026436197255,0.0,0.0199501246882793,0.0024875621890547,197380.0,189875.0,192240.0,0.0208734420913974,0.0612244897959184,0.0481689554723263,63.713156680307975,0.1077515118196812,0.0244026436197255,2018.3822099344104,73.70877464191484,1944.6734352924957,0.0184139317152787,0.0191225993436393,4740.370192165092,0.3631411075432023,711857.7,1.2439578865270404,0.0272952853598014
5930,2025-06-12,-0.0066777963272119,0.0294117647058822,0.1038961038961039,0.0456942003514937,-0.0033500837520937,0.0118043844856661,-0.0033388981636059,59500.0,56835.0,56773.333333333336,0.0,0.0468901205243248,0.0480272428370125,63.73568457723016,0.1038961038961039,0.0456942003514937,954.5780793633384,490.368866719954,464.2092126433845,0.0137639081849663,0.0141913662810243,1216.4909136551055,0.3044935710300414,14612642.95,1.215051586544103,-0.0050420168067226
35420,2025-06-12,-0.0104477611940299,0.0722371967654986,0.0821545157780196,0.0568544102019128,-0.0030075187969924,0.0130718954248365,-0.0074626865671642,197920.0,189380.0,192921.66666666663,0.004951495553759,0.0502692998204667,0.0309883977089147,60.698308868364045,0.0821545157780196,0.0568544102019128,1768.3419925353955,-140.77088722117114,1909.1128797565664,0.0199028212380133,0.0161804872080498,4591.175990110351,0.2199205210072545,588347.25,1.061793014244564,0.2669683257918551
35720,2025-06-12,-0.0175097276264591,0.2139423076923077,0.2332112332112332,0.3448735019973368,-0.0059055118110236,0.0298210735586481,-0.0116731517509727,49520.0,41940.0,40670.833333333336,0.0197899838449111,0.2041010968049594,0.2416760577809649,70.9114193647118,0.2332112332112332,0.3448735019973368,2979.4426395706905,1719.3620657167455,1260.0805738539448,0.0759001181369692,0.0448557707527033,2183.221744335635,-0.2318245140588434,3468945.4,1.173747214355118,0.196039603960396
660,2025-06-13,0.0,0.0489977728285078,0.1322115384615385,0.1432038834951456,-0.0207900207900207,0.0395721925133689,0.0212314225053078,234100.0,212690.0,197253.33333333337,0.0059803502776591,0.1072452865673045,0.193896174124645,71.16186367809382,0.1322115384615385,0.1432038834951456,11307.253490624542,8610.967735944081,2696.2857546804607,0.0224362435258861,0.0231875574734358,8043.572699640483,-0.178931801007481,3210704.45,1.2771683173765809,0.0912951167728237
5380,2025-06-13,-0.0124069478908188,0.0495780590717298,0.0704679935449166,0.0096397767630644,-0.0020060180541624,0.0152439024390242,-0.0104218362282878,199260.0,189970.0,192248.33333333337,-0.0013048278630934,0.0475338211296521,0.0351195068877927,59.79935485342688,0.0704679935449166,0.0096397767630644,2342.121867910173,527.3913932955664,1814.7304746146065,0.022177683176806,0.0193676417914632,4737.486607010443,0.0543013660884383,730672.1,1.2777359365439025,0.0552763819095476
5930,2025-06-13,-0.0201680672268907,-0.0135363790186124,0.0429338103756709,0.0156794425087107,-0.0315614617940199,0.0433275563258233,0.0117647058823529,59340.0,56880.0,56833.333333333336,-0.0175261206605998,0.0249648382559775,0.0258064516129032,56.2054825633454,0.0429338103756709,0.0156794425087107,905.492201238063,573.3935336235759,332.0986676144871,0.0141174757366333,0.014954554375511,1308.1701341083124,0.1661979660509098,15024537.45,1.378144190389036,0.020583190394511
35420,2025-06-13,0.0080442433383609,0.0486401673640166,0.068193926478423,0.0486401673640166,-0.0147420147420147,0.0435663627152989,0.0231271995977877,199780.0,189845.0,192796.66666666663,0.0036039643607967,0.0561247333350891,0.0399557392071094,62.47722103790111,0.068193926478423,0.0486401673640166,2200.4759779535234,327.47848581376775,1872.9974921397556,0.0176526040120864,0.015939881037972,4877.520562245327,0.6816519209928558,622681.6,1.687111037165704,0.344139650872818
35720,2025-06-13,0.0198019801980198,0.1625282167042889,0.2350119904076739,0.3570487483530962,-0.0409683426443202,0.0591715976331361,0.0633663366336634,50960.0,42617.5,40805.0,0.0105965463108319,0.2084237695782249,0.262100232814606,72.41034885414278,0.2350119904076739,0.3570487483530962,3205.9042375267745,2016.6705000787515,1189.233737448023,0.0751270183147204,0.0448468907720997,2255.8487625973753,0.3282993566513945,3658196.05,1.478430878520029,0.2932038834951456
660,2025-06-16,0.0530785562632696,0.0829694323144105,0.1698113207547169,0.2369077306733167,0.0420168067226891,0.0441176470588235,0.0106157112526539,237900.0,215065.0,197953.33333333337,0.0424548129466162,0.1531397484481436,0.2528205300912671,76.35052496080863,0.1698113207547169,0.2369077306733167,12445.21987058714,9377.818162872694,3067.401707714447,0.0298437065533983,0.0239407089849801,8397.603221094734,-0.082882790609202,3239793.6,1.1607961692374478,0.0463709677419355
5380,2025-06-16,0.0125628140703517,0.018705763397371,0.0549738219895288,0.0445826853291861,0.0161371659102369,0.0295616717635065,-0.0035175879396984,200000.0,190400.0,192290.0,0.0075,0.0582983193277311,0.0478964064693951,62.29376337109588,0.0549738219895288,0.0445826853291861,2768.5034020175517,975.6137950399636,1792.8896069775883,0.0129914346512521,0.018818905925069,4813.380420795411,-0.463856273417266,732231.7,0.6835909999526106,0.0
5930,2025-06-16,-0.0188679245283018,-0.0434782608695651,0.0196078431372548,-0.0017452006980802,-0.0137931034482758,0.0210896309314587,-0.0051457975986277,58820.0,56875.0,56826.666666666664,-0.0275416524991499,0.0057142857142857,0.0065696855936181,50.334801887033976,0.0196078431372548,-0.0017452006980802,768.9663172226719,612.5080903433951,156.45822687927682,0.012864512782681,0.0155896450954363,1314.729410243433,0.0721961999478508,15477594.25,1.4343877763819788,0.0139860139860139
35420,2025-06-16,0.0448877805486285,0.0554156171284634,0.1067089276281034,0.1072938689217759,-0.0071090047393365,0.047029702970297,0.0523690773067331,201980.0,190860.0,192771.66666666663,0.0372314090504011,0.0976632086346012,0.0867779670248913,70.55164454550575,0.1067089276281034,0.1072938689217759,3231.914559372817,908.3657005255776,2323.548858847239,0.0204020880036391,0.0182142802817612,5314.840522084946,0.1041119127147838,662922.05,1.749686859865349,0.3842482100238664
35720,2025-06-16,0.033009708737864,0.0350194552529183,0.209090909090909,0.4130146082337318,0.0370370370370369,0.0492125984251967,-0.003883495145631,51320.0,43395.0,40966.666666666664,0.0366328916601714,0.2259476898260168,0.2986167615947925,74.78875776477334,0.209090909090909,0.4130146082337318,3482.409429799751,2309.8182860229513,1172.5911437767995,0.0276319205404592,0.0446180525342576,2273.288136697563,-0.084810636806887,3838375.0,1.2895303351027454,0.2706766917293233
660,2025-06-17,0.0040322580645162,0.0802603036876354,0.21760391198044,0.21760391198044,-0.0158102766798419,0.0483870967741935,0.0201612903225807,241600.0,217290.0,198720.0,0.0306291390728477,0.1459340052464448,0.2530193236714975,76.71152221870811,0.21760391198044,0.21760391198044,13274.735183998448,10157.201567097844,3117.5336169006023,0.0300722309509839,0.0238905560056144,8654.917276730825,0.3414032876508346,3371051.7,1.4964674080792055,0.1184738955823292
5380,2025-06-17,0.0173697270471464,0.0406091370558374,0.1063140852671344,0.0577915376676987,0.0123456790123457,0.0374064837905236,0.0049627791563275,201600.0,190960.0,192365.0,0.0168650793650793,0.0735232509426058,0.0656824266368623,65.51944516261204,0.1063140852671344,0.0577915376676987,3350.215391394915,1450.534114310954,1899.681277083961,0.0132930787157654,0.0191132556167676,5005.281819310025,0.8988166945361775,764166.9,1.2437688677695933,0.0048780487804878
5930,2025-06-17,0.0157342657342658,-0.018581081081081,0.0338078291814947,0.0228873239436619,0.005190311418685,0.0418118466898955,0.0104895104895104,58600.0,56940.0,56835.0,-0.0085324232081911,0.0203723217421847,0.0222574118061054,54.52042996308067,0.0338078291814947,0.0228873239436619,725.0333161596427,635.0131355066446,90.02018065299808,0.0167988243363063,0.0158244801783808,1406.534452368902,0.2899044235739929,16390176.8,1.7472052528438862,0.0413080895008606
35420,2025-06-17,-0.0143198090692123,0.0324999999999999,0.1013333333333332,0.0995740149094781,-0.025943396226415,0.0441176470588235,0.0119331742243435,203280.0,191795.0,192730.0,0.0158402203856748,0.076670403295185,0.0714471021636486,65.49256013346027,0.1013333333333332,0.0995740149094781,3763.8745355916617,1479.4674675387946,2284.407068052867,0.023445997219048,0.0185305009239128,5578.0661990788785,-0.2782440990907884,690516.9,1.2123801749095495,0.4067796610169492
35720,2025-06-17,-0.0263157894736841,0.036,0.2131147540983606,0.3850267379679144,-0.037174721189591,0.0546875,0.0112781954887217,51680.0,44115.0,41096.666666666664,0.0023219814241486,0.174203785560467,0.2604428583015654,69.47692151188855,0.2131147540983606,0.3850267379679144,3547.678062722458,2557.390241362853,990.287821359605,0.0273462760101118,0.0454074982399543,2310.9104126477373,-0.1955756519434204,3991825.0,0.9974535456839916,0.359073359073359
660,2025-06-18,-0.0100401606425702,0.0270833333333333,0.1879518072289157,0.2362086258776328,0.0040733197556008,0.0285714285714284,-0.0140562248995983,242900.0,219645.0,199403.33333333337,0.0148209139563606,0.1222654738327755,0.2361879607495693,73.68337757861329,0.1879518072289157,0.2362086258776328,13573.93111121247,10840.54747592077,2733.383635291701,0.02795329891439,0.0229523362283269,8536.70889982148,-0.1910270029609474,3450968.1,1.1825670019957588,0.1602434077079106
5380,2025-06-18,0.0048780487804878,0.0248756218905472,0.1195652173913044,0.0785340314136124,0.0172839506172839,0.0324189526184539,-0.0121951219512195,202600.0,191710.0,192398.33333333337,0.016781836130306,0.07453966929216,0.0706953455937766,66.40377733281125,0.1195652173913044,0.0785340314136124,3847.5656350222703,1929.9404184532175,1917.6252165690532,0.011396633135555,0.0186688321980748,5112.047403645023,-0.3943439244902661,774004.45,0.7437218222711769,0.0533980582524271
5930,2025-06-18,0.0292598967297763,-0.0016694490818029,0.0528169014084507,0.07168458781362,0.0310344827586206,0.0328151986183073,-0.0017211703958691,58580.0,57140.0,56856.666666666664,0.0208262205530898,0.0465523276163808,0.0517676027437417,61.176190728995365,0.0528169014084507,0.07168458781362,817.9629214104352,671.6030926874028,146.35982872303248,0.0218571931986322,0.016346617031339,1441.781991485409,-0.384687531722506,16781106.8,1.050032349475304,0.0250836120401338
35420,2025-06-18,0.1791767554479419,0.2114427860696517,0.3056300268096514,0.3133764832793959,0.1907090464547678,0.1985294117647058,-0.009685230024213,211780.0,194700.0,193321.66666666663,0.1497780715837189,0.2506420133538778,0.2595587664772876,82.32583950835959,0.3056300268096514,0.3133764832793959,7089.326089203678,2601.4391918717715,4487.886897331906,0.0804674928716627,0.0427567356786236,8072.490042001816,5.816878073602821,962759.95,5.927624014688189,0.164271047227926
35720,2025-06-18,0.0656370656370657,0.0739299610894941,0.2792584009269989,0.51440329218107,0.069767441860465,0.073643410852713,-0.0038610038610038,52440.0,45052.5,41295.0,0.0526315789473683,0.2252372232395538,0.3367235742826007,74.25856021572376,0.2792584009269989,0.51440329218107,3829.610147630876,2811.8342226164577,1017.775925014418,0.0376675241393609,0.0454599182012526,2417.2739546014705,1.104800008036849,4341358.6,1.9304090659546072,0.2572463768115942
660,2025-06-19,-0.0020283975659228,0.0445859872611464,0.1310344827586207,0.2178217821782178,-0.0040485829959514,0.0330578512396693,0.0020283975659229,245000.0,221845.0,200003.33333333337,0.0040816326530612,0.1088823277513579,0.2299795003416609,73.0621891252971,0.1310344827586207,0.2178217821782178,13613.769161181146,11395.191812972846,2218.5773482083005,0.0251632196630458,0.0231252845463896,8498.372549834232,-0.4320520872207578,3425830.6,0.6765646847803858,0.1910569105691058
5380,2025-06-19,0.0048543689320388,0.0272952853598014,0.1129032258064515,0.0923482849604222,-0.0119331742243437,0.0291970802919707,0.016990291262136,203700.0,192585.0,192473.33333333337,0.0162002945508099,0.074850066204533,0.0754736586886495,67.30676892362182,0.1129032258064515,0.0923482849604222,4273.152684758534,2398.582871714281,1874.569813044253,0.0113161885874273,0.0184609778493705,5175.47258909895,-0.0638467525067576,779811.2,0.6910531677411148,0.0120772946859903
5930,2025-06-19,-0.0100334448160535,-0.0050420168067226,0.0242214532871971,0.0590339892665474,-0.0214876033057851,0.0271186440677966,0.0117056856187292,58520.0,57305.0,56840.0,0.01161995898838,0.0330686676555274,0.0415200562983815,57.95259020914884,0.0242214532871971,0.0590339892665474,833.5862540552407,703.9997249609704,129.5865290942703,0.0221574289436678,0.0166266876679943,1453.0832778078798,-0.0422472880625377,17170891.85,0.9828422511437576,0.0168918918918918
35420,2025-06-19,0.0349075975359343,0.2669683257918551,0.3584905660377357,0.3621621621621622,-0.0098231827111984,0.0422535211267605,0.0451745379876795,222400.0,198050.0,194055.0,0.1330935251798561,0.2724059580913911,0.2986009121125454,84.22916304564313,0.3584905660377357,0.3621621621621622,10292.009487740666,4139.5532510455505,6152.456236695116,0.0755586173247011,0.0427992498676702,8603.026467573114,-0.3323026473839729,1138607.75,3.3466029016577483,0.0357142857142858
35720,2025-06-19,0.0942028985507246,0.196039603960396,0.4519230769230768,0.6525307797537621,0.0541012216404885,0.0880281690140845,0.0380434782608696,54420.0,46245.0,41590.833333333336,0.109886071297317,0.3060871445561681,0.4522430824099861,79.53817175660762,0.4519230769230768,0.6525307797537621,4421.6696426715935,3133.8013066274852,1287.8683360441082,0.0458597855716468,0.0479630026033355,2716.0401007013656,0.7604408420496962,4995035.2,2.953642248607177,0.0447019867549669
660,2025-06-20,0.0447154471544715,0.0912951167728237,0.1447661469933185,0.2817955112219452,0.0321285140562248,0.0383838383838384,0.0121951219512195,249300.0,224670.0,200695.0,0.0308864821500201,0.143899942137357,0.2805500884426617,77.54692646059924,0.1447661469933185,0.2817955112219452,14367.331517581855,11989.619753894647,2377.711763687208,0.028838748314265,0.023963129326532,8677.060224846073,0.5522837212593343,3519636.45,1.0222297248910466,0.1050583657587549
5380,2025-06-20,0.0144927536231884,0.0552763819095476,0.1075949367088606,0.1170212765957445,0.0096153846153845,0.0243309002433089,0.0048309178743961,205900.0,193685.0,192556.66666666663,0.0199125789218066,0.0842347109998193,0.0905880520020081,69.91888860227104,0.1075949367088606,0.1170212765957445,4797.209174611664,2878.308132293758,1918.901042317906,0.0057078962114166,0.0183418136222613,5162.93883273474,0.2296271416668676,785017.85,0.8441018252005352,-0.0238095238095238
5930,2025-06-20,0.0050675675675675,0.020583190394511,0.0067681895093063,0.0682226211849192,0.0016835016835017,0.0118443316412859,0.0033783783783782,58760.0,57495.0,56803.333333333336,0.0125936010891762,0.0348725976171842,0.0474737398040021,59.11270731049996,0.0067681895093063,0.0682226211849192,860.2588223204802,735.2515444328724,125.00727788760788,0.0193423456041729,0.0165588511504244,1399.291615107317,0.0708671070718318,17684795.35,1.0219089699559345,0.0218487394957982
35420,2025-06-20,0.0694444444444444,0.344139650872818,0.4095188284518829,0.4583333333333332,0.0823293172690762,0.1,-0.0119047619047618,236200.0,202285.0,195055.0,0.1409822184589331,0.332278715673431,0.38166158263054,87.26894269580862,0.4095188284518829,0.4583333333333332,14079.957911235571,6127.634183083555,7952.323728152016,0.0718226890499868,0.0441692247177406,9738.524577032178,0.2831253273876069,1363967.3,3.5846225932249256,-0.0445269016697588
35720,2025-06-20,0.1026490066225165,0.2932038834951456,0.5033860045146727,0.7783711615487316,0.1081530782029949,0.1467576791808873,-0.0049668874172185,57440.0,47702.5,41974.166666666664,0.1594707520891365,0.3961532414443687,0.5866902261311522,83.80358459141223,0.5033860045146727,0.7783711615487316,5329.731416362512,3572.987328574491,1756.7440877880213,0.0524630942334782,0.0508889397532181,3136.322950651268,0.1356102366434322,5766380.6,2.905510434049394,-0.0855855855855856
660,2025-06-23,0.0097276264591439,0.0463709677419355,0.1331877729257642,0.3179278821736921,0.0277227722772277,0.0583501006036217,-0.0175097276264591,251600.0,227800.0,201495.0,0.0313990461049284,0.1391571553994732,0.2878731482170773,78.42602370108109,0.1331877729257642,0.3179278821736921,14993.429300886346,12590.381663292988,2403.0476375933576,0.0211220177391591,0.0228701716804302,9092.984494499924,-0.0553495853249013,3590143.9,0.9466851732600468,0.1252408477842004
5380,2025-06-23,-0.0404761904761904,0.0,0.018705763397371,0.1047149122807018,-0.0194647201946471,0.0274314214463839,-0.0214285714285714,205900.0,194640.0,192365.0,-0.021369596891695,0.0352445540484998,0.0474878486211109,56.214340965516456,0.018705763397371,0.1047149122807018,4475.063015099295,3197.6591088548653,1277.4039062444294,0.0234370394722581,0.0195466741235709,5472.72891611083,0.4110347325450663,782650.2,1.1946601431904065,0.0099255583126551
5930,2025-06-23,-0.0252100840336134,0.0139860139860139,-0.0301003344481605,0.0603290676416818,-0.0068493150684931,0.015625,-0.0184873949579832,58920.0,57660.0,56761.666666666664,-0.0156143923964697,0.0058966354491849,0.0218163666793904,51.466563842563424,-0.0301003344481605,0.0603290676416818,751.6944946386066,738.5401344740193,13.154360164587274,0.0213406387585427,0.0171220989333216,1435.0564997425088,-0.0841376649759899,17749666.15,0.9325073418352716,0.0310344827586206
35420,2025-06-23,0.0760667903525047,0.3842482100238664,0.4609571788413098,0.5829694323144106,0.0488245931283906,0.0925925925925925,0.0259740259740259,252300.0,207625.0,196438.33333333337,0.1494252873563217,0.3967489464178206,0.4762902692108635,89.75909631040744,0.4609571788413098,0.5829694323144106,18522.59604461494,8606.626555389832,9915.969489225108,0.0712276662823308,0.0453341125826888,10864.344250101309,0.0329500616447153,1593016.2,3.1703450347837014,-0.0948275862068965
35720,2025-06-23,0.015015015015015,0.2706766917293233,0.3151750972762646,0.8147651006711409,0.0089552238805969,0.0503048780487804,0.006006006006006,60320.0,49220.0,42402.5,0.1206896551724137,0.373425436814303,0.5942456223100052,84.36953896265285,0.3151750972762646,0.8147651006711409,6060.210225762938,4070.431908012181,1989.7783177507567,0.054813544164829,0.0503376888829205,3148.0141684618916,-0.2414995596050417,6357580.55,1.9988937458291425,-0.1124260355029586
660,2025-06-24,0.0732177263969171,0.1184738955823292,0.2082429501084599,0.3925,0.0314814814814814,0.0500927643784787,0.0404624277456646,257500.0,231725.0,202670.0,0.0815533980582523,0.201855647858453,0.3741550303448957,83.66164039911082,0.2082429501084599,0.3925,16828.765976684605,13438.058525971312,3390.707450713293,0.0349554693107409,0.0264174958852956,10122.057030607071,0.5995099354583586,3785024.45,1.436268661355675,0.0251346499102333
5380,2025-06-24,0.022332506203474,0.0048780487804878,0.0456852791878172,0.1450806003335185,-0.0024213075060532,0.0246305418719212,0.0248138957816377,206100.0,195945.0,192131.66666666663,-0.0004852013585637,0.0513154201434076,0.072181403377892,60.61556138610164,0.0456852791878172,0.1450806003335185,4530.64579023805,3464.2564451315025,1066.3893451065474,0.0244288052155093,0.0193749974019754,5546.1054221029135,-0.2319623187568783,777068.95,0.9241342097120212,0.0194174757281553
5930,2025-06-24,0.0431034482758621,0.0413080895008606,0.0219594594594594,0.1162361623616237,0.0185185185185186,0.0219224283305228,0.0241379310344826,59400.0,57975.0,56773.333333333336,0.0185185185185186,0.0435532557136697,0.0656411460779708,60.61122298201582,0.0219594594594594,0.1162361623616237,857.5008533535074,762.332278249917,95.16857510359046,0.0279284457754552,0.0190388274602772,1518.2667497609011,0.434167342629703,18374205.35,1.2919143194402145,-0.0049586776859503
35420,2025-06-24,0.0017241379310344,0.4067796610169492,0.4524999999999999,0.5865647187329328,0.0069324090121316,0.0540540540540539,-0.0051724137931034,269100.0,212995.0,197821.66666666663,0.0795243403939056,0.363881781262471,0.4684943509726775,89.81144131521101,0.4524999999999999,0.5865647187329328,21832.0977611416,11251.720796540189,10580.376964601415,0.0667535042735928,0.0452718758695558,11159.74823223693,-0.1433368492188061,1796487.55,2.4083111513909463,-0.0981067125645438
35720,2025-06-24,0.0414201183431952,0.359073359073359,0.4079999999999999,0.8823529411764706,0.0337738619676946,0.0848484848484849,0.0073964497041421,64040.0,50870.0,42872.5,0.099312929419113,0.3839197955573028,0.6420782552918538,85.85948473175415,0.4079999999999999,0.8823529411764706,6786.822281837201,4613.709982777185,2173.112299060016,0.0364615862138471,0.049960935265547,3323.1560135717564,-0.0491581450863573,6907694.4,1.749269626056416,-0.1463068181818182
660,2025-06-25,0.0269299820466786,0.1602434077079106,0.1916666666666666,0.4088669950738917,-0.0103806228373702,0.0264084507042252,0.0377019748653499,265400.0,235875.0,203870.0,0.0776186887716654,0.21250662427133,0.4028547603865209,85.18955187234309,0.1916666666666666,0.4088669950738917,18673.217606136954,14485.09034200444,4188.127264132512,0.0297036003157576,0.0265040776399076,10327.624385563711,0.0055710562601998,3985354.5,1.371671704487016,-0.0244755244755244
5380,2025-06-25,0.0533980582524271,0.0533980582524271,0.0796019900497513,0.1929631665750413,0.0508474576271187,0.075242718446602,0.0024271844660195,208300.0,197700.0,192048.33333333337,0.0417666826692271,0.0976226605968639,0.1299238906872402,68.8564523204362,0.0796019900497513,0.1929631665750413,5400.055134973663,3851.416183099934,1548.6389518737287,0.0340064537053721,0.0219819688449598,6257.097891952705,1.49196090882253,835347.45,2.142242727861323,-0.0161290322580645
5930,2025-06-25,0.0132231404958678,0.0250836120401338,0.0233722871452419,0.1206581352833637,-0.0032520325203252,0.0215588723051409,0.0165289256198346,59700.0,58305.0,56771.666666666664,0.0268006700167504,0.05136780722065,0.0797639667674603,63.01288350046044,0.0233722871452419,0.1206581352833637,994.4431474651356,808.7544520929607,185.68869537217483,0.0257773458056371,0.0190988581715858,1502.6762676351225,0.008244748197808,19025819.1,1.2579543553002666,-0.0081566068515497
35420,2025-06-25,-0.0240963855421686,0.164271047227926,0.4104477611940298,0.5079787234042554,0.0035398230088494,0.0380434782608696,-0.027538726333907,277100.0,217770.0,199146.66666666663,0.0230963551064598,0.3018322082931532,0.4235739153722551,83.38545242109178,0.4104477611940298,0.5079787234042554,23617.80881812243,13724.938400856636,9892.870417265794,0.0430554633113512,0.0465338514083733,11398.337644220008,-0.3383889198222767,1915994.9,1.493981534084459,-0.1111111111111111
35720,2025-06-25,-0.0142045454545454,0.2572463768115942,0.3501945525291829,0.7794871794871794,0.0,0.0520833333333332,-0.0142045454545454,66880.0,52390.0,43314.166666666664,0.0376794258373205,0.3246802824966597,0.6022471477769014,82.82296505792321,0.3501945525291829,0.7794871794871794,7198.990447914337,5130.766075804616,2068.224372109721,0.0503034863299987,0.0510033613594627,3335.78772688806,-0.4703949709602083,7093837.5,0.9021125730607727,-0.154178674351585
660,2025-06-26,0.0244755244755243,0.1910569105691058,0.2441613588110402,0.4469135802469135,-0.0050933786078098,0.0400696864111498,0.0297202797202797,274800.0,240400.0,205303.33333333337,0.0662299854439592,0.218801996672213,0.4271565650825606,86.46206862860194,0.2441613588110402,0.4469135802469135,20463.90514937017,15680.853303477588,4783.051845892582,0.0243221102796307,0.0261116404825249,10482.79407230916,0.0781879333362358,4208809.7,1.4004006881090394,-0.0494880546075084
5380,2025-06-26,-0.0345622119815668,0.0120772946859903,0.0397022332506202,0.1517317207256734,-0.0233100233100232,0.0336538461538462,-0.0115207373271889,208800.0,199080.0,191998.33333333337,0.0033524904214559,0.0523407675306408,0.0911553051675795,59.68628395685302,0.0397022332506202,0.1517317207256734,5421.386614353745,4165.410269350697,1255.976345003049,0.0398336714541807,0.0240000699812824,6453.019471098941,-0.5447844306592226,850929.0,0.9573254642866796,0.0238663484486874
5930,2025-06-26,-0.0179445350734094,0.0168918918918918,0.0117647058823529,0.1168831168831168,-0.0179445350734094,0.0233722871452419,0.0,59900.0,58620.0,56745.0,0.0050083472454089,0.0269532582736267,0.0608864217111639,57.79475322713583,0.0117647058823529,0.1168831168831168,1002.6521454447357,847.5339907633157,155.11815468141992,0.0271544539219093,0.0192998242420611,1495.342248518328,-0.1893283805219203,19323958.1,1.004054133195414,0.0598006644518271
35420,2025-06-26,-0.0793650793650794,0.0357142857142858,0.3122171945701357,0.4200217627856366,-0.0333333333333333,0.0826771653543307,-0.0476190476190476,278900.0,221630.0,200200.0,-0.0641807099318751,0.1776384063529306,0.3036963036963036,66.83281445340145,0.3122171945701357,0.4200217627856366,22952.849574239925,15570.520635533294,7382.328938706631,0.065398548775904,0.0509152427548051,12691.313526775722,0.5073669125972371,2098300.35,2.0563209647274756,-0.0306513409961686
35720,2025-06-26,-0.0907780979827089,0.0447019867549669,0.2495049504950495,0.540903540903541,-0.0651851851851852,0.1063829787234043,-0.0273775216138328,67420.0,53497.5,43672.5,-0.0640759418570157,0.1794943688957428,0.4448451542732841,66.79563629373085,0.2495049504950495,0.540903540903541,6937.310345007085,5492.07492964511,1445.2354153619744,0.0713003037148769,0.0574626562891553,3690.374317824627,0.9558839523458302,7547230.6,1.658431107166647,-0.0570522979397781
660,2025-06-27,-0.030716723549488,0.1050583657587549,0.2059447983014861,0.3653846153846154,-0.0138888888888888,0.0480427046263345,-0.0170648464163822,280200.0,244200.0,206715.0,0.0135617416131335,0.162981162981163,0.3738722395568779,77.269581636597,0.2059447983014861,0.3653846153846154,20915.70986102728,16727.824614987527,4187.885246039754,0.0373337906274902,0.0282728651741524,10698.308781429936,-0.1288012256490477,4307493.45,1.1920767981666924,-0.0475352112676056
5380,2025-06-27,-0.0214797136038186,-0.0238095238095238,0.0301507537688441,0.1027434104357181,-0.0284360189573459,0.0394088669950738,0.0071599045346062,207800.0,200035.0,191998.33333333337,-0.0134744947064484,0.0248206563851325,0.0677176017152925,54.9570378326777,0.0301507537688441,0.1027434104357181,5017.3427692600235,4335.796769332563,681.5459999274608,0.0404904790880886,0.024567201197217,6563.518080306159,-0.061670774941813,858551.6,0.8903110774005896,0.0268292682926829
5930,2025-06-27,0.0099667774086378,0.0218487394957982,0.0428816466552315,0.0876565295169946,0.0116472545757071,0.0266666666666666,-0.0016611295681062,60160.0,58865.0,56755.0,0.0106382978723404,0.032871825363119,0.0712712536340409,59.75254816655322,0.0428816466552315,0.0876565295169946,1045.5207091558696,887.1313344418265,158.38937471404302,0.0273064539189663,0.0178785648892763,1502.8178021955905,-0.1062672982069136,19315167.45,0.8977644146698817,0.0411184210526316
35420,2025-06-27,-0.0134099616858237,-0.0445269016697588,0.2842892768079801,0.3718700053276504,-0.0227703984819734,0.0515873015873016,0.0095785440613027,276500.0,225120.0,201246.66666666663,-0.0687160940325497,0.1438343994314144,0.2795242985391062,64.68186756199444,0.2842892768079801,0.3718700053276504,21891.096895138355,16834.635887454308,5056.461007684047,0.0559976581379755,0.0514168230658147,12713.362560577458,-0.4630702986178434,2177768.55,1.0638104770132712,-0.0330097087378641
35720,2025-06-27,-0.0348652931854199,-0.0855855855855856,0.1825242718446602,0.460431654676259,-0.0333333333333333,0.0780984719864177,-0.0015847860538826,66280.0,54457.5,44001.666666666664,-0.0811707905853953,0.1183032640132213,0.3840384833907808,62.26439724406252,0.1825242718446602,0.460431654676259,6477.7340781138555,5689.20675933886,788.5273187749954,0.050516231509318,0.0589208262947469,3755.3475808371536,-0.3806935163186185,7795422.75,0.994376860446728,-0.0410509031198685
660,2025-06-30,0.028169014084507,0.1252408477842004,0.1774193548387097,0.3773584905660376,0.0121317157712304,0.0297202797202797,0.0158450704225352,286700.0,248200.0,208403.33333333337,0.0184862225322637,0.1764705882352941,0.4011292205818844,79.36926700286601,0.1774193548387097,0.3773584905660376,21669.50888171562,17716.161468333146,3953.347413382475,0.0368837174946772,0.0283958741768879,10684.143868470655,-0.1479231286209583,4334873.9,1.0093253231656865,-0.071917808219178
5380,2025-06-30,-0.0073170731707317,0.0099255583126551,0.0099255583126551,0.0654450261780104,-0.0048899755501222,0.0171990171990172,-0.0024390243902439,208200.0,200660.0,192103.33333333337,-0.0225744476464937,0.0141532941293731,0.0593257101212887,53.437107280432656,0.0099255583126551,0.0654450261780104,4523.948386132339,4373.427092692518,150.5212934398205,0.0354575326419918,0.0241361321669424,6344.695360284291,-0.3556761183602877,828500.05,0.5944562103526728,0.0245700245700246
5930,2025-06-30,-0.0164473684210526,0.0310344827586206,0.0454545454545454,0.0659536541889482,-0.022875816993464,0.0234113712374581,0.006578947368421,60520.0,59050.0,56788.333333333336,-0.0118968935888962,0.012701100762066,0.0530331934376191,55.15995384239036,0.0454545454545454,0.0659536541889482,987.4203450075512,907.1891365549716,80.23120845257961,0.025105163574628,0.0184755127814901,1495.4736734673338,-0.0132739193343663,19523841.65,0.8763794701233915,0.0317725752508362
35420,2025-06-30,0.0194174757281553,-0.0948275862068965,0.2529832935560858,0.386687797147385,0.0214007782101166,0.0489236790606653,-0.0019417475728155,271000.0,228780.0,202438.33333333337,-0.0313653136531365,0.1473905061631262,0.2966911734437647,66.34810213868215,0.2529832935560858,0.386687797147385,21208.62859219397,17709.43442840224,3499.19416379173,0.0374381165712999,0.0513786589154714,12698.122377679068,-0.0418611035453805,2256303.2,0.9838004041300832,-0.0247619047619047
35720,2025-06-30,-0.0147783251231526,-0.1124260355029586,0.1278195488721805,0.3636363636363635,-0.0196078431372549,0.0420168067226891,0.0049261083743843,64760.0,55257.5,44350.0,-0.073502161828289,0.0858254535583404,0.3528748590755355,60.45753989603008,0.1278195488721805,0.3636363636363635,5972.051999173418,5745.775807305772,226.27619186764605,0.0475103140644858,0.0588442045315051,3665.679896491643,-0.4752991258049318,7766542.25,0.5236905780046455,0.0016666666666667
660,2025-07-01,-0.0222602739726027,0.0251346499102333,0.1465863453815261,0.3960880195599021,-0.0189003436426117,0.0315236427320491,-0.0034246575342465,288100.0,252250.0,209878.33333333337,-0.0090246442207566,0.1318136769078295,0.3603119267512129,73.43385117763962,0.1465863453815261,0.3960880195599021,21494.62767135215,18471.85470893695,3022.7729624152016,0.0292203689315484,0.0272631460002027,10563.847877865608,-0.1570903284759118,4277941.55,0.8620924238668011,-0.0122591943957968
5380,2025-07-01,0.031941031941032,0.0194174757281553,0.024390243902439,0.1332973556395034,0.0294117647058822,0.0540540540540539,0.0024570024570025,209000.0,201895.0,192293.33333333337,0.0047846889952152,0.0401446296342158,0.0920815420884759,58.75976284701611,0.024390243902439,0.1332973556395034,4604.349386404036,4419.611551434822,184.7378349692135,0.0370284397997523,0.0235985152358545,6677.217120263985,1.151638453869691,842412.7,1.257930940499829,0.0047619047619047
5930,2025-07-01,0.0066889632107023,-0.0049586776859503,0.036144578313253,0.0711743772241992,-0.0033112582781457,0.0149501661129567,0.0100334448160535,60460.0,59250.0,56811.666666666664,-0.0043003638769434,0.0160337552742615,0.0596415055593042,56.596985138195734,0.036144578313253,0.0711743772241992,962.5562950906896,918.2625682621152,44.29372682857456,0.0150613671200562,0.0184860379794513,1481.511268219667,-0.2021767130360238,18895407.05,0.7224502210445898,0.0199335548172756
35420,2025-07-01,-0.0019047619047618,-0.0981067125645438,0.2687651331719127,0.3973333333333333,-0.0075757575757575,0.0346153846153847,0.0057142857142857,265300.0,232505.0,203526.66666666663,-0.0124387485865058,0.1268574869357648,0.2873005994300501,66.01271170711638,0.2687651331719127,0.3973333333333333,20392.351390830765,18246.017820887948,2146.333569942817,0.0369645587426499,0.0511948013956219,12433.97077927342,-0.1930751723615971,2296410.45,0.7799881767651771,-0.0152671755725191
35720,2025-07-01,0.0016666666666667,-0.1463068181818182,0.1602316602316602,0.4074941451990632,0.0033388981636059,0.069139966273187,-0.0016666666666667,62700.0,56127.5,44648.333333333336,-0.0414673046251993,0.0707763574005613,0.3460748814812049,60.59437090116077,0.1602316602316602,0.4074941451990632,5515.781971522949,5699.777040149208,-183.99506862625913,0.036055061987539,0.0579458409407056,3696.7027610279542,0.1954138714836628,7832692.25,0.6207399505578686,0.0116472545757071
660,2025-07-02,-0.0227670753064798,-0.0244755244755244,0.1318458417849899,0.344578313253012,-0.0158730158730159,0.0327868852459016,-0.0070052539404553,286700.0,255825.0,211230.0,-0.0268573421695151,0.0905892700087951,0.3208351086493395,67.96065494048898,0.1318458417849899,0.344578313253012,20594.140937633172,18896.311954676195,1697.8289829569767,0.0284745657434946,0.0286916196282559,10595.001600875208,0.2749675228804054,4424256.75,1.0627900381233526,0.007168458781362
5380,2025-07-02,0.0166666666666666,-0.0161290322580645,0.0364077669902913,0.1603260869565217,-0.0069767441860465,0.0380952380952381,0.0238095238095237,208300.0,203370.0,192580.0,0.0249639942390782,0.0498106898755961,0.1086301796655935,61.32350803044216,0.0364077669902913,0.1603260869565217,4894.072684207727,4514.503777989404,379.5689062183237,0.0272210914612581,0.0234763905535927,6771.7016116737,-0.000828538723805,868444.55,1.2192131322604305,-0.0187353629976581
5930,2025-07-02,0.0099667774086378,-0.0081566068515497,0.0167224080267558,0.0704225352112675,0.0099667774086378,0.0183946488294315,0.0,60360.0,59450.0,56845.0,0.0072895957587806,0.0227081581160639,0.0695751605242325,58.73334956094739,0.0167224080267558,0.0704225352112675,979.969859456789,930.60402650105,49.36583295573905,0.0143515254375108,0.0184724324119905,1454.2604633468338,0.1023339624207502,19004278.85,0.7918191013072826,-0.006578947368421
35420,2025-07-02,-0.0381679389312976,-0.1111111111111111,0.0349075975359343,0.3512064343163539,-0.0418250950570342,0.054,0.0038167938931297,259000.0,235780.0,204466.66666666663,-0.0270270270270269,0.0687929425735855,0.2324747310074992,59.531130417768225,0.0349075975359343,0.3512064343163539,18722.705704397144,18341.35539758979,381.3503068073551,0.037890684484117,0.0524939448663223,12510.115723611034,0.04441614517414,2369542.7,0.7894898876479415,0.0079365079365079
35720,2025-07-02,-0.0232945091514142,-0.154178674351585,0.0634057971014492,0.3603707995365006,-0.0377049180327868,0.0550774526678141,0.0149750415973377,60560.0,56905.0,44945.0,-0.0307133421400264,0.0315438010719619,0.3060407164311935,57.58982193106715,0.0634057971014492,0.3603707995365006,4983.766628246682,5556.574957768703,-572.8083295220213,0.0352422000951671,0.0586880601304258,3661.2239923831,-0.3882115932222214,7877635.9,0.3775948822412571,0.0306643952299829
660,2025-07-03,-0.0017921146953404,-0.0494880546075084,0.1321138211382113,0.2804597701149425,-0.0088967971530249,0.0252707581227435,0.007168458781362,283800.0,258875.0,212628.33333333337,-0.018675123326286,0.0758087880251086,0.309797220502128,67.54362197014834,0.1321138211382113,0.2804597701149425,19614.05428372076,19039.86042048511,574.1938632356505,0.0238047163806728,0.0278398632958945,10338.215772241265,-0.2254154352904346,4350930.05,0.8370945885466489,0.066427289048474
5380,2025-07-03,0.0046838407494145,0.0238663484486874,0.0362318840579709,0.153225806451613,-0.0023255813953488,0.0260047281323876,0.0070257611241217,209300.0,204795.0,192925.0,0.0248447204968944,0.047388852266901,0.1118310224180381,62.04942787666154,0.0362318840579709,0.153225806451613,5145.0630436356005,4640.615631118643,504.4474125169572,0.0207054626782004,0.0234735113699669,6680.865782268436,-0.4685040597118109,867716.2,0.6485507588771536,-0.0303030303030302
5930,2025-07-03,0.0493421052631579,0.0598006644518271,0.0777027027027026,0.1038062283737024,0.0407830342577488,0.0441898527004909,0.0082236842105263,61080.0,59750.0,56948.333333333336,0.0445317616240994,0.0677824267782427,0.1203137346717784,67.37915304330582,0.0777027027027026,0.1038062283737024,1221.7614570717487,988.8355126151896,232.92594445655905,0.0236649217566058,0.0209399272233299,1564.6704302506314,1.129236000303297,19623811.65,1.6327428927396987,-0.0438871473354232
35420,2025-07-03,0.0039682539682539,-0.0306513409961686,0.0039682539682539,0.3638814016172507,0.0099800399201597,0.0420841683366732,-0.0059523809523809,257400.0,239155.0,205373.33333333337,-0.0170940170940171,0.0578913257092681,0.2319028760631045,59.95456960548663,0.0039682539682539,0.3638814016172507,17280.98665429218,18129.281648930268,-848.2949946380868,0.0215166626286594,0.0523315487271116,12366.536029067389,-0.3544071031094813,2389075.75,0.5055218529592459,0.0256916996047431
35720,2025-07-03,0.0136286201022146,-0.0570522979397781,-0.0149006622516556,0.4302884615384614,0.0050675675675675,0.0442176870748298,0.008517887563884,59840.0,57800.0,45222.5,-0.0056818181818182,0.0294117647058822,0.3157167339266957,58.845591640491584,-0.0149006622516556,0.4302884615384614,4573.96809287928,5360.053584790819,-786.0854919115382,0.0193687852357632,0.0573636351977973,3592.5651357843076,0.1195009001346421,7852213.0,0.4240864327037486,0.0218487394957982
660,2025-07-04,-0.0287253141831238,-0.0475352112676056,0.0525291828793774,0.2048997772828507,-0.0322003577817531,0.0464684014869889,0.0035906642728904,281100.0,261175.0,214100.0,-0.0377090003557453,0.035704029865033,0.2634283045305932,61.08483571963041,0.0525291828793774,0.2048997772828507,17984.481500356662,18828.784636459422,-844.3031361027606,0.0233817001923458,0.0289183318419239,10492.62893136689,0.0035124954010554,4245251.4,0.860946185660524,0.088724584103512
5380,2025-07-04,-0.0186480186480186,0.0268292682926829,0.0023809523809523,0.1102320675105485,-0.0186480186480186,0.0309523809523808,0.0,210400.0,205840.0,193236.66666666663,0.0004752851711027,0.0226389428682471,0.089337772334443,57.4079299989356,0.0023809523809523,0.1102320675105485,4963.986395966436,4705.289784088202,258.69661187823385,0.0198235142928227,0.023988569550283,6667.946797820691,-0.2613290259756414,848605.1,0.4898544682326326,-0.0118764845605701
5930,2025-07-04,-0.0078369905956112,0.0411184210526316,0.0638655462184873,0.0710659898477157,-0.0216383307573415,0.0269841269841268,0.0141065830721003,61580.0,59960.0,57068.333333333336,0.0279311464761287,0.0557038025350233,0.1091965772027685,64.93722263173,0.0638655462184873,0.0710659898477157,1357.3900710769522,1062.5464243075423,294.8436467694098,0.0253113294041439,0.0207154591741904,1574.336828089872,-0.2587863494233058,19647958.25,1.208724015891066,-0.0110584518167456
35420,2025-07-04,-0.0158102766798419,-0.0330097087378641,-0.0760667903525046,0.3023012552301256,-0.0138613861386138,0.0282828282828282,-0.0019762845849802,255700.0,242045.0,206226.66666666663,-0.0262025811497849,0.0287343262616455,0.2074093230749338,57.368796646265935,-0.0760667903525046,0.3023012552301256,15635.4120520243,17630.507729549077,-1995.095677524776,0.0217483086061422,0.0527161497192793,11983.212026991148,-0.2756990386924229,2387251.3,0.3664297931265133,0.0160642570281124
35720,2025-07-04,-0.0184873949579832,-0.0410509031198685,-0.1231231231231231,0.3182844243792324,-0.0266666666666666,0.0360205831903945,0.0084033613445377,59340.0,58505.0,45498.333333333336,-0.0158409167509269,-0.0017947184001367,0.2835635004945236,56.37383958434605,-0.1231231231231231,0.3182844243792324,4113.026584054336,5110.648184643523,-997.6216005891864,0.0154173181093998,0.0569233861728399,3485.953340371143,-0.3618200747924109,7704963.75,0.2758157038701188,0.0273972602739727
660,2025-07-07,0.0018484288354898,-0.071917808219178,0.0443159922928708,0.1834061135371179,0.018796992481203,0.0283553875236295,-0.0166358595194084,276900.0,263275.0,215870.0,-0.021307331166486,0.0293419428354382,0.2553851855283273,61.33370074975408,0.0443159922928708,0.1834061135371179,16542.68537093632,18371.564783354803,-1828.8794124184824,0.0137786172548883,0.0288637162747439,10278.86972198354,-0.3095457563791183,4188125.4,0.6025521585385194,0.1070110701107012
5380,2025-07-07,-0.009501187648456,0.0245700245700246,0.0347394540942929,0.0540950455005055,-0.0071428571428571,0.0169082125603865,-0.002375296912114,211400.0,206375.0,193726.66666666663,-0.0137180700094607,0.0102967898243488,0.0762586462025534,55.18514601700397,0.0347394540942929,0.0540950455005055,4606.003422482434,4685.432511767049,-79.42908928461475,0.0201961595809902,0.0224733898955024,6441.6648836906425,-0.0424231343804201,785251.0,0.5069181701137598,0.040767386091127
5930,2025-07-07,-0.0252764612954186,0.0317725752508362,0.0637931034482759,0.0317725752508362,-0.0190779014308426,0.0259319286871961,-0.0063191153238546,61960.0,60055.0,57210.0,-0.0041962556488056,0.0273915577387395,0.0784827827302918,57.72740273778386,0.0637931034482759,0.0317725752508362,1320.5476453422598,1114.146668514486,206.40097682777375,0.027671119764681,0.0215863443061773,1576.1699117977385,-0.2772437730849592,19525710.7,0.8790823680492204,0.0129659643435979
35420,2025-07-07,0.0281124497991966,-0.0247619047619047,-0.1172413793103448,0.2896725440806045,0.0301810865191147,0.0482897384305835,-0.002008032128514,254400.0,244920.0,207296.66666666663,0.0062893081761006,0.0452392617997714,0.2349450867516764,60.57344009796022,-0.1172413793103448,0.2896725440806045,14726.367425722972,17049.679668783858,-2323.3122430608855,0.0245108738880314,0.0525262875976292,11984.41116792035,0.3436325392107549,2375667.2,0.494747749179683,-0.02734375
35720,2025-07-07,0.0291095890410959,0.0016666666666667,-0.1109467455621301,0.1692607003891051,0.0434027777777776,0.0608695652173914,-0.0136986301369863,59360.0,58940.0,45822.5,0.012466307277628,0.0196810315575162,0.3115827377380107,59.224412271385894,-0.1109467455621301,0.1692607003891051,3840.6305120797624,4856.644650130771,-1016.0141380510086,0.0219027804778249,0.0458275744268104,3486.9566732017756,0.5119732724748842,7226383.9,0.4446442431601232,-0.0299500831946755
660,2025-07-08,0.0405904059040589,-0.0122591943957968,0.0125673249551165,0.2234273318872017,0.0405904059040589,0.0614525139664805,0.0,276200.0,265850.0,217745.0,0.0209992758870383,0.060748542411134,0.2950928838779305,66.42133412870176,0.0125673249551165,0.2234273318872017,16102.045265311404,17917.660879746123,-1815.6156144347187,0.027267962426095,0.0297124873238439,10723.236170413287,0.2361069503289792,4158162.4,0.7501859475233579,0.0585106382978724
5380,2025-07-08,0.0119904076738608,0.0047619047619047,0.0242718446601941,0.0710659898477157,0.0193236714975846,0.0291970802919707,-0.0071942446043165,211600.0,207075.0,194256.66666666663,-0.0028355387523629,0.0189544850899432,0.0861918080889545,57.405263725963216,0.0242718446601941,0.0710659898477157,4472.472563798568,4642.840522173353,-170.3679583747844,0.0147996318899983,0.0224994845945042,6410.117391998454,0.2541514050716227,760264.7,0.6566462970068189,0.0
5930,2025-07-08,-0.0048622366288493,0.0199335548172756,0.0148760330578512,0.037162162162162,-0.0032467532467532,0.022950819672131,-0.0016207455429497,62200.0,60165.0,57341.666666666664,-0.0128617363344051,0.0205268844012298,0.0707745967155937,56.46158913383933,0.0148760330578512,0.037162162162162,1252.701897027706,1141.85771421713,110.84418281057584,0.0281376892771005,0.0214679905476343,1563.5863466693286,0.1776328499150699,19771108.9,1.0223869638389378,0.0374592833876221
35420,2025-07-08,0.0078125,-0.0152671755725191,-0.1118760757314973,0.29,-0.0133843212237093,0.0313725490196079,0.021484375,253600.0,247820.0,208603.33333333337,0.0173501577287065,0.0410782019207489,0.2367971109442161,61.46474641705234,-0.1118760757314973,0.29,14005.875283455856,16440.918791718257,-2435.0435082624026,0.0251702747737681,0.0525246569977466,11699.810370211757,-0.2310899846514588,2375259.0,0.3804818758712208,-0.0329457364341084
35720,2025-07-08,0.0116472545757071,0.0116472545757071,-0.1363636363636363,0.2159999999999999,-0.009771986970684,0.0283806343906511,0.0216306156405989,59500.0,59480.0,46185.0,0.0218487394957982,0.0221923335574982,0.3164447331384648,60.37260412990772,-0.1363636363636363,0.2159999999999999,3639.287372930681,4613.173194690753,-973.8858217600718,0.0224800688675239,0.0450347096963806,3359.3169108302204,-0.2672295583489202,6899307.6,0.3412684484454643,-0.0592105263157894
660,2025-07-09,-0.00354609929078,0.007168458781362,-0.0174825174825175,0.1708333333333334,-0.0053097345132743,0.0234234234234234,0.00177304964539,276600.0,267900.0,219678.33333333337,0.0159074475777296,0.0488988428518104,0.2791429893708224,65.57659221611817,-0.0174825174825175,0.1708333333333334,15493.543242211425,17432.837352239185,-1939.2941100277603,0.0248892484758344,0.0289569943870064,10421.576443955197,-0.1580149355884714,4077965.55,0.6440672359284644,0.0533807829181494
5380,2025-07-09,-0.0071090047393365,-0.0187353629976581,-0.0345622119815668,0.0422885572139304,0.0047961630695443,0.0194647201946471,-0.0118483412322274,210800.0,207500.0,194781.66666666663,-0.0061669829222011,0.0096385542168675,0.0755632374710146,55.62469956624695,-0.0345622119815668,0.0422885572139304,4197.227901709528,4553.717998080588,-356.49009637105974,0.0120953981092642,0.0222671353407163,6345.109006855708,0.0510911913465872,754020.35,0.6959109260114796,-0.0095465393794749
5930,2025-07-09,-0.01628664495114,-0.006578947368421,-0.0146818923327896,0.0083472454090149,-0.01628664495114,0.0199335548172756,0.0,62120.0,60190.0,57465.0,-0.0276883451384417,0.0034889516530984,0.0510745671278169,52.34158159488667,-0.0146818923327896,0.0083472454090149,1105.4985113450457,1134.5858736427133,-29.087362297667596,0.0292361748895566,0.0217127012427047,1537.6158933358051,-0.1325984761640161,19967242.95,0.8781089629602569,0.0711920529801324
35420,2025-07-09,-0.0155038759689922,0.0079365079365079,-0.1040564373897707,0.263681592039801,-0.0174081237911025,0.0298804780876493,0.001937984496124,254000.0,250470.0,209888.33333333337,0.0,0.0140935042120813,0.2101673111892832,58.6108964134372,-0.1040564373897707,0.263681592039801,12962.687704375276,15745.272574249662,-2782.584869874386,0.01832148345969,0.0529093285218617,11399.82391519663,0.053905811718597,2397277.75,0.3973089893317534,-0.0157480314960629
35720,2025-07-09,-0.0049342105263158,0.0306643952299829,-0.1282420749279539,0.1770428015564202,-0.0032948929159802,0.0252100840336133,-0.0016447368421053,59860.0,59935.0,46574.166666666664,0.0106916137654526,0.0094268791190457,0.2990033817030186,59.59804576068476,-0.1282420749279539,0.1770428015564202,3416.1349149314847,4373.7655387388995,-957.6306238074148,0.0183244652151014,0.0449739109563227,3226.5085600566335,-0.0857853588593154,6741912.45,0.3192763204749121,-0.0727272727272727
660,2025-07-10,0.0569395017793594,0.066427289048474,0.0136518771331057,0.2611464968152865,0.0457746478873239,0.0476190476190476,0.0106761565836299,280300.0,270975.0,221575.0,0.0595790224759187,0.0960420703016884,0.3404039264357441,71.76418169927564,0.0136518771331057,0.2611464968152865,16116.58532391701,17169.58694657475,-1053.001622657739,0.0347496592590611,0.0301558186105883,10820.035269386968,0.7346631466249176,4056056.9,1.1232744294095085,-0.0925925925925925
5380,2025-07-10,-0.0071599045346062,-0.0303030303030302,-0.0071599045346062,0.032258064516129,-0.0095238095238094,0.0291970802919707,0.0023866348448686,209500.0,207825.0,195131.66666666663,-0.0071599045346062,0.0008420546132563,0.0659469247260398,53.82670494122331,-0.0071599045346062,0.032258064516129,3814.090597774135,4405.792518019297,-591.701920245162,0.0111627073572493,0.0223673091229512,6320.458363508872,0.3710891866499215,745716.95,0.964780269511106,0.0096153846153845
5930,2025-07-10,0.009933774834437,-0.0438871473354232,0.0132890365448505,0.0252100840336133,0.0066006600660066,0.0132450331125828,0.0033112582781456,61560.0,60265.0,57541.666666666664,-0.0090968161143599,0.0121961337426366,0.0601013758146271,54.48749214063565,0.0132890365448505,0.0252100840336133,1025.4331976467147,1112.7553384435137,-87.32214079679898,0.0131803805551643,0.0217358674787496,1484.9290438118192,-0.1576955772734518,19817910.85,0.7452083679143202,0.0934426229508196
35420,2025-07-10,0.0216535433070865,0.0256916996047431,-0.0057471264367816,0.3046757164404223,0.0156555772994129,0.0557768924302788,0.0059055118110236,255300.0,253500.0,211148.33333333337,0.0164512338425382,0.0236686390532543,0.2289938352974607,61.27346653466839,-0.0057471264367816,0.3046757164404223,12436.399000487349,15083.4978594972,-2647.0988590098514,0.0204486725152044,0.0526459789934908,11585.550778396871,0.8417928311950109,2453754.3,0.7149183600004287,-0.0616570327552986
35720,2025-07-10,0.0049586776859504,0.0218487394957982,-0.0364500792393026,0.2039603960396039,-0.0032786885245901,0.0351758793969849,0.0082644628099173,60120.0,60450.0,46920.833333333336,0.0113107119095143,0.0057899090157154,0.295799662552171,60.148653016637304,-0.0364500792393026,0.2039603960396039,3226.3016795767617,4144.2727669064725,-917.9710873297108,0.0178489612235025,0.0445520624150021,3146.043662909731,0.4633875531757236,6695828.7,0.470440649116367,-0.0542763157894736
660,2025-07-11,-0.0084175084175084,0.088724584103512,0.0369718309859155,0.2505307855626326,-0.01669449081803,0.0496575342465752,0.0084175084175084,285100.0,273925.0,223470.0,0.032970887407927,0.0751118006753672,0.3178502707298518,69.65730552673789,0.0369718309859155,0.2505307855626326,16221.6287175733,16979.995300774463,-758.3665832011611,0.0293609728595199,0.030391292270371,11082.889893002184,-0.1807551033622215,4037653.05,0.9244313351787372,-0.0865874363327674
5380,2025-07-11,0.0,-0.0118764845605701,0.0146341463414634,0.0452261306532664,-0.0047846889952153,0.0192771084337348,0.0048076923076922,209000.0,208275.0,195640.0,-0.0047846889952153,-0.001320369703517,0.0631772643631158,53.82670494122331,0.0146341463414634,0.0452261306532664,3470.4463784768886,4218.7232901108155,-748.2769116339268,0.0087762806542224,0.0221225142829564,6154.711337543953,-0.1766870108262804,728653.4,0.8129173623563686,0.0120192307692308
5930,2025-07-11,0.0262295081967212,-0.0110584518167456,0.0296052631578946,0.0737564322469983,0.0212071778140292,0.0261437908496731,0.0049180327868851,61420.0,60480.0,57665.0,0.0192119830674046,0.03505291005291,0.0855805081071707,59.69876442344636,0.0296052631578946,0.0737564322469983,1078.653442496783,1105.9349592541676,-27.281516757384452,0.0205754747981181,0.0217811115246807,1507.4341121109749,0.2960480071297824,19739644.4,0.969655258835362,0.0718849840255591
35420,2025-07-11,-0.02504816955684,0.0160642570281124,-0.0174757281553398,0.2618453865336658,-0.0306513409961686,0.033596837944664,0.0057803468208093,256100.0,256125.0,212315.0,-0.0121046466224131,-0.012201073694485,0.1916256505663753,56.6363733812171,-0.0174757281553398,0.2618453865336658,11363.820682620892,14339.56242412194,-2975.7417415010477,0.0230760802156819,0.0533788534432097,11365.154294225667,-0.2878059597522338,2463695.4,0.5071061138483272,-0.0434782608695651
35720,2025-07-11,-0.0131578947368421,0.0273972602739727,-0.0147783251231526,0.1650485436893203,-0.032258064516129,0.0350584307178631,0.019736842105263,60440.0,60875.0,47270.833333333336,-0.0072799470549305,-0.0143737166324435,0.2692816218598501,57.88324795844449,-0.0147783251231526,0.1650485436893203,2976.98730225239,3910.815673975656,-933.8283717232662,0.0162209833423447,0.0447892738965407,3071.326258416179,-0.2173060866859895,6548683.1,0.3764845484735702,-0.0516666666666666
660,2025-07-14,0.0186757215619695,0.1070110701107012,0.0273972602739727,0.2096774193548387,0.0256410256410255,0.0341880341880342,-0.0067911714770797,290900.0,276525.0,225466.66666666663,0.0312822275696116,0.0848928668294006,0.3305736250739208,71.63058678763575,0.0273972602739727,0.2096774193548387,16557.812245736248,16895.55868976682,-337.7464440305739,0.0280562824849837,0.0288592975954593,11005.5406149306,-0.2131413171698682,3996464.85,0.7348934896800106,-0.0916666666666666
5380,2025-07-14,0.0432692307692308,0.040767386091127,0.0663390663390663,0.0769230769230768,0.040767386091127,0.0480769230769231,0.0024038461538462,210700.0,209050.0,196268.33333333337,0.0299003322259137,0.0380291796220999,0.105629198121619,62.30526374910117,0.0663390663390663,0.0769230769230768,3879.6089259964065,4150.900417287934,-271.29149129152756,0.0211053927546445,0.0238589700975472,6429.374813433671,1.0967746292216396,765725.7,1.6219816051622664,-0.0368663594470045
5930,2025-07-14,-0.0015974440894568,0.0129659643435979,0.0451505016722408,0.0926573426573427,0.0032102728731941,0.0129449838187702,-0.0047923322683706,61580.0,60745.0,57770.0,0.0149399155569989,0.0288912667709275,0.0818764064393284,59.24219289586761,0.0451505016722408,0.0926573426573427,1100.0806606272165,1104.7640995287777,-4.683438901561203,0.0161408798563795,0.0211694100677642,1456.9031041030482,-0.2913591753676077,19307793.1,0.7025062848845215,0.0847999999999999
35420,2025-07-14,-0.0158102766798419,-0.02734375,-0.0514285714285713,0.1885441527446301,-0.0119047619047618,0.0348360655737705,-0.0039525691699604,254700.0,258100.0,213420.0,-0.0223792697290931,-0.03525765207284,0.1667135226314309,53.93149853610435,-0.0514285714285713,0.1885441527446301,10074.890995601658,13486.628138417884,-3411.737142816226,0.0193841104205673,0.0531942655116688,11196.214701780977,-0.0353486398981874,2465959.7,0.4887314257406558,-0.036144578313253
35720,2025-07-14,-0.0283333333333333,-0.0299500831946755,-0.0283333333333333,0.0958646616541354,-0.0201680672268907,0.0548672566371681,-0.0083333333333333,60080.0,61130.0,47592.5,-0.0296271637816245,-0.0462947816129559,0.2249829279823501,53.290103142789555,-0.0283333333333333,0.0958646616541354,2612.117208311618,3651.075980842848,-1038.9587725312304,0.0156737107694338,0.0451292759955922,3101.945811386452,0.4071749981139561,6474666.0,0.5358359798018925,-0.0240137221269296
660,2025-07-15,-0.005,0.0585106382978724,0.0455341506129596,0.1987951807228916,0.008445945945946,0.0293103448275862,-0.0133333333333333,294200.0,279000.0,227431.66666666663,0.0146159075458871,0.0698924731182795,0.3124821374918474,70.28803968514694,0.0455341506129596,0.1987951807228916,16512.8527621518,16819.017504243817,-306.16474209201624,0.0274377308810677,0.0290269848180404,10933.7162852927,0.4287471194861654,3954041.2,1.0612423563011937,-0.100502512562814
5380,2025-07-15,-0.0276497695852534,0.0,0.0047619047619047,0.0292682926829268,-0.0276497695852534,0.0381861575178996,0.0,210700.0,209350.0,196668.33333333337,0.001423825344091,0.0078815380941008,0.0728722637943746,55.048099937626425,0.0047619047619047,0.0292682926829268,3677.333327318018,4056.186999293951,-378.85367197593314,0.0261637796997815,0.0246402360984127,6541.562326759838,-0.1048677408004714,773790.75,1.4367553502028811,-0.0213270142180095
5930,2025-07-15,0.0192000000000001,0.0374592833876221,0.058139534883721,0.0963855421686747,0.0224719101123596,0.0290322580645161,-0.0031999999999999,62040.0,61025.0,57888.333333333336,0.0267569310122501,0.0438344940598116,0.1003944375665792,62.90815405172055,0.058139534883721,0.0963855421686747,1200.058331121123,1123.8229458472467,76.23538527387632,0.0168980443960992,0.0212788110988632,1481.410025238545,0.359658757552983,18798053.05,0.9810697922251048,0.0361067503924645
35420,2025-07-15,0.002008032128514,-0.0329457364341084,-0.0477099236641221,0.208232445520581,0.0080808080808081,0.0242914979757085,-0.0060240963855421,253000.0,260250.0,214513.33333333337,-0.0138339920948616,-0.0413064361191162,0.1630978649345804,54.22578301632814,-0.0477099236641221,0.208232445520581,8990.118266505626,12587.326164035432,-3597.2078975298064,0.0185525347312716,0.0529269298810889,10825.05650879662,-0.3430407769052566,2463689.35,0.3213724977136423,-0.0581162324649298
35720,2025-07-15,-0.0188679245283018,-0.0592105263157894,-0.0482529118136438,0.1042471042471042,-0.0034843205574912,0.0301953818827709,-0.0154373927958834,59360.0,61400.0,47898.333333333336,-0.036388140161725,-0.0684039087947883,0.1941960402240856,50.49782689298144,-0.0482529118136438,0.1042471042471042,2208.733320371568,3362.607448748593,-1153.8741283770246,0.012774844541125,0.044882637713192,3023.23539628742,-0.1411401933325435,6424567.65,0.4637966571960683,-0.0122377622377621
660,2025-07-16,-0.0083752093802345,0.0533807829181494,0.060931899641577,0.2008113590263691,-0.0083752093802345,0.0239316239316238,0.0,297200.0,281475.0,229465.0,-0.0040376850605652,0.0516031619149124,0.2899570740635826,68.00045961690574,0.060931899641577,0.2008113590263691,16090.017237837485,16673.21745096255,-583.2002131250665,0.0281847281265298,0.0289703282399767,10652.736550628935,-0.255683719254296,3906156.0,0.7995832731718856,-0.0912162162162162
5380,2025-07-16,-0.0165876777251184,-0.0095465393794749,-0.0281030444964871,0.0072815533980583,-0.0165876777251184,0.0168674698795181,0.0,210300.0,209425.0,197098.33333333337,-0.0133143128863528,-0.0091918347857228,0.0527739960594964,51.294769929662394,-0.0281030444964871,0.0072815533980583,3197.7460824581212,3884.498815926785,-686.7527334686638,0.0271566663284138,0.0249613173796778,6324.30787484842,-0.5567502707448091,769647.65,0.6402696090867035,0.069879518072289
5930,2025-07-16,0.0156985871271586,0.0711920529801324,0.0641447368421053,0.0819397993311037,0.0156985871271586,0.0253565768621235,0.0,62900.0,61270.0,58055.0,0.0286168521462639,0.0559817202546106,0.1144604254586167,65.6785752087137,0.0641447368421053,0.0819397993311037,1344.4846161961614,1167.9552799170297,176.5293362791317,0.0104790642508749,0.0206664303531876,1489.880737721506,0.2494527497312957,19069150.8,1.2083736838454284,0.026275115919629
35420,2025-07-16,0.0020040080160319,-0.0157480314960629,-0.0079365079365079,0.0266940451745378,-0.0039840637450199,0.0261044176706828,0.006012024048096,252200.0,260575.0,215606.66666666663,-0.0087232355273592,-0.0405833253381944,0.159518876967317,54.5385287854137,-0.0079365079365079,0.0266940451745378,8077.659652353381,11685.392861699023,-3607.7332093456425,0.0180840759359555,0.0350686954109075,10516.123901025434,-0.0080226128558834,2217615.9,0.354168636687715,-0.0739999999999999
35720,2025-07-16,-0.0192307692307692,-0.0727272727272727,-0.0442930153321976,0.0163043478260869,-0.0140597539543058,0.0285714285714284,-0.0052447552447552,58480.0,61445.0,48204.166666666664,-0.0406976744186046,-0.0869883635771828,0.1637998098366324,47.800527267490494,-0.0442930153321976,0.0163043478260869,1779.771774887231,3046.04031397632,-1266.2685390890892,0.0123728836252337,0.0429071604553138,2921.575725124033,-0.3808244674870867,6097785.4,0.3025611560551147,-0.0196078431372549
660,2025-07-17,-0.0895270270270269,-0.0925925925925925,-0.0323159784560144,0.0955284552845527,-0.0493827160493827,0.080223880597015,-0.0422297297297297,291700.0,282650.0,231040.0,-0.0761055879328076,-0.0465239695736776,0.1664646814404431,49.580263432763296,-0.0323159784560144,0.0955284552845527,13461.413710379393,16030.85670284592,-2569.442992466529,0.0412713178703326,0.0364558107704225,11891.826797012583,1.9866906669458588,4256682.3,2.191453658639265,0.0
5380,2025-07-17,0.0120481927710842,0.0096153846153845,-0.0209790209790209,0.0144927536231884,0.0071942446043165,0.0316301703163017,0.0048192771084336,210700.0,209575.0,197570.0,-0.0033222591362126,0.0020279136347369,0.0629144100825023,53.721971872855654,-0.0209790209790209,0.0144927536231884,2984.989738679433,3704.597000477315,-719.6072617978821,0.0275340376451989,0.025076551335406,6336.857312359248,0.2406074085498253,773270.55,0.79060168527044,0.0357142857142858
5930,2025-07-17,0.0309119010819165,0.0934426229508196,0.0454545454545454,0.1266891891891892,0.0121396054628224,0.0372670807453416,0.0185471406491499,64040.0,61645.0,58248.333333333336,0.0415365396627107,0.0820017844107388,0.1450971415491144,70.43480448802242,0.0454545454545454,0.1266891891891892,1601.8615105860515,1254.736526050834,347.12498453521766,0.0125019912438901,0.0212087792043349,1554.889256455684,0.7119847708554481,20197771.05,1.9531206142669888,-0.0104947526236881
35420,2025-07-17,-0.026,-0.0616570327552986,-0.0375494071146245,-0.0337301587301587,-0.0413385826771653,0.0515463917525773,0.016,249000.0,260150.0,216605.0,-0.0220883534136546,-0.0640015375744762,0.1241661088155858,49.777191529804,-0.0375494071146245,-0.0337301587301587,6752.198804771411,10698.754050313502,-3946.555245542091,0.0138878520320753,0.0346940701444462,10657.829336666477,0.6069021275512152,2090196.35,0.6038078671412855,-0.0677618069815194
35720,2025-07-17,0.0249554367201425,-0.0542763157894736,-0.0336134453781512,-0.0480132450331125,0.0,0.0368421052631577,0.0249554367201425,57820.0,61300.0,48525.833333333336,-0.0055344171566932,-0.0619902120717781,0.1849358589067677,51.361408790008134,-0.0336134453781512,-0.0480132450331125,1535.0894042099098,2743.8501320230384,-1208.7607278131286,0.020781707474135,0.0375004133874296,2927.177459043745,0.7984203391631115,5526008.1,0.600433611380338,-0.0591304347826087
660,2025-07-18,-0.0018552875695733,-0.0865874363327674,-0.0055452865064694,0.0466926070038911,-0.0037037037037036,0.0299625468164794,0.0018552875695732,286600.0,283250.0,232606.66666666663,-0.0614096301465456,-0.0503089143865842,0.1564586856209338,49.30885947636313,-0.0055452865064694,0.0466926070038911,11208.674038321013,15066.42016994094,-3857.746131619926,0.0417745198263499,0.0352674862122467,11613.839168654542,-0.4254589410614257,4344763.65,1.2335547872667365,-0.0111524163568773
5380,2025-07-18,0.0023809523809523,0.0120192307692308,0.0,0.0023809523809523,0.0023809523809523,0.0191846522781775,0.0,211200.0,209600.0,197958.33333333337,-0.0033143939393939,0.0042938931297709,0.0633550831403915,54.213426171208525,0.0,0.0023809523809523,2824.1693583550805,3528.511472052868,-704.3421136977877,0.0275067069333417,0.024879451453887,6169.938932905016,-0.4808971634859957,756006.45,0.4197755191109811,0.0285035629453682
5930,2025-07-18,0.0059970014992503,0.0718849840255591,0.0600315955766193,0.1277310924369747,0.0014925373134329,0.0226244343891401,0.0044977511244377,64940.0,62025.0,58445.0,0.0332614721281183,0.0818218460298267,0.1480879459320729,71.29168421393192,0.0600315955766193,0.1277310924369747,1817.1640744460892,1367.2220357298852,449.942038716204,0.0124825580283791,0.0212072003832857,1550.968595280278,-0.3928433301562944,20491735.05,1.168838604518264,-0.0178837555886736
35420,2025-07-18,-0.0061601642710472,-0.0434782608695651,-0.0281124497991968,-0.1020408163265306,-0.0061601642710472,0.0208333333333332,0.0,246800.0,258775.0,217513.33333333337,-0.019448946515397,-0.0648246546227417,0.1125754743004259,48.72013885533797,-0.0281124497991968,-0.1020408163265306,5517.126074560219,9662.428455162846,-4145.302380602627,0.0120984762822294,0.0304581960585897,10253.698669761729,-0.4425046966231062,1880911.05,0.374075105784508,-0.03099173553719
35720,2025-07-18,-0.0104347826086956,-0.0516666666666666,-0.0256849315068493,-0.1456456456456456,-0.0138648180242634,0.0303030303030302,0.0034782608695651,57200.0,60815.0,48824.166666666664,-0.0052447552447552,-0.0643755652388391,0.1654064756182902,49.79367091465632,-0.0256849315068493,-0.1456456456456456,1278.0295479332635,2450.6860152050835,-1172.65646727182,0.0207442716190564,0.0283272620826134,2839.5219262549062,-0.5979277884485267,4754997.95,0.2805628969829524,-0.0193321616871704
660,2025-07-21,0.0130111524163569,-0.0916666666666666,0.0055350553505535,0.0500963391136801,0.0186915887850467,0.0300187617260787,-0.0055762081784386,281100.0,283900.0,234205.0,-0.0305940946282461,-0.0401549841493483,0.1635105996883072,51.317769723619264,0.0055350553505535,0.0500963391136801,9595.175160915474,13972.171168135848,-4376.996007220372,0.0406186088533495,0.0353086616272072,11355.707799464932,-0.5475530944654581,4296071.4,0.5644438311709623,-0.038532110091743
5380,2025-07-21,-0.007125890736342,-0.0368663594470045,0.0023980815347721,0.0372208436724565,-0.0023866348448687,0.0120192307692308,-0.004750593824228,209600.0,209975.0,198320.0,-0.0028625954198473,-0.0046434099297535,0.0538523598225091,52.41509125535586,0.0023980815347721,0.0372208436724565,2546.3280990313797,3332.0747974485707,-785.746698417191,0.0155598850537978,0.0230447902428081,5907.800437697515,0.4521211395512252,732298.15,0.6292996916624738,0.0454545454545454
5930,2025-07-21,0.0104321907600595,0.0847999999999999,0.0988654781199351,0.1689655172413793,0.0059347181008901,0.0238095238095237,0.0044709388971684,66000.0,62515.0,58651.666666666664,0.0272727272727273,0.0845397104694873,0.155977380580262,72.77855432084684,0.0988654781199351,0.1689655172413793,2020.9804526903315,1497.973719121975,523.006733568357,0.0095230363935964,0.0198813704398362,1561.6136956174012,-0.2600411222146926,20550307.75,0.8624273765437892,0.0383480825958701
35420,2025-07-21,-0.0082644628099173,-0.036144578313253,-0.0625,-0.1724137931034483,-0.0062111801242236,0.0229166666666666,-0.0020661157024793,245000.0,256275.0,218388.33333333337,-0.0204081632653061,-0.0635059994146912,0.0989598040188348,47.278510082769046,-0.0625,-0.1724137931034483,4327.059108445334,8595.354585819345,-4268.295477374011,0.0114577693407115,0.0237554919237064,9914.148764778747,-0.0416712857552992,1662104.6,0.4056796425447592,-0.01875
35720,2025-07-21,0.0,-0.0240137221269296,-0.0532445923460898,-0.158284023668639,0.0035273368606703,0.0177304964539006,-0.0035149384885764,56920.0,60280.0,49124.166666666664,-0.0003513703443429,-0.0560716655607166,0.1582893687763999,49.79367091465632,-0.0532445923460898,-0.158284023668639,1062.0649363440534,2172.961799432878,-1110.8968630888244,0.0183459449230041,0.0278962800094221,2708.1275029509843,-0.1666599204243236,4175178.5,0.266273406035215,-0.0175746924428822
660,2025-07-22,-0.0146788990825688,-0.100502512562814,-0.0478723404255319,-0.0359066427289048,-0.0164835164835165,0.0243445692883894,0.001834862385321,275100.0,283400.0,235783.33333333337,-0.0239912758996728,-0.0525758645024699,0.1387573337103271,48.93111175365539,-0.0478723404255319,-0.0359066427289048,7902.602819234075,12758.257498355491,-4855.654679121419,0.0400500245096724,0.0313643638501583,11008.87152807458,0.2948450054043665,4181248.7,0.7509378717415206,-0.0223463687150837
5380,2025-07-22,-0.0119617224880382,-0.0213270142180095,-0.0213270142180095,0.0024271844660195,-0.0119617224880382,0.0244498777506112,0.0,208700.0,210000.0,198668.33333333337,-0.0105414470531863,-0.0166666666666667,0.0394208102281019,49.469741999805855,-0.0213270142180095,0.0024271844660195,2100.1980172361073,3085.699441406078,-985.501424169971,0.0115060887905022,0.0227321759620587,5842.95754929055,-0.0417329412913515,718472.5,0.6146414789710114,0.0556900726392251
5930,2025-07-22,-0.0265486725663717,0.0361067503924645,0.0749185667752443,0.0909090909090908,-0.0308370044052863,0.0442073170731707,0.0044247787610618,66460.0,62790.0,58835.0,-0.0069214565151971,0.0511227902532249,0.121781252655732,63.649616386400574,0.0749185667752443,0.0909090909090908,2014.0447894607205,1601.187933189724,412.85685627099656,0.0211264004317992,0.0195097530093024,1657.2127173590154,0.1752430211608004,20404863.1,1.020786363423335,0.0696969696969695
35420,2025-07-22,-0.0208333333333333,-0.0581162324649298,-0.0891472868217054,-0.1910499139414802,-0.0269151138716355,0.0319829424307036,0.00625,242100.0,253500.0,219076.66666666663,-0.0293267244940107,-0.0729783037475345,0.0726838397516851,43.78996593384454,-0.0891472868217054,-0.1910499139414802,2946.498846008384,7465.583437857153,-4519.0845918487685,0.011380758106621,0.0237479248197581,9741.70956729455,0.379814380333451,1492298.75,0.6234569317973362,-0.0085106382978723
35720,2025-07-22,-0.0070298769771528,-0.0122377622377621,-0.0707236842105263,-0.1974431818181817,-0.0105078809106829,0.017825311942959,0.0035149384885764,56780.0,59585.0,49412.5,-0.0049313138429024,-0.0517747755307543,0.1434353655451556,48.645627166669094,-0.0707236842105263,-0.1974431818181817,848.8497570494437,1908.1393909561912,-1059.2896339067474,0.0167580926914412,0.0253478772005363,2586.1183955973424,0.1460477684060737,3634712.8,0.350538287371701,-0.0088495575221239
660,2025-07-23,0.0018621973929235,-0.0912162162162162,-0.0427046263345195,-0.0594405594405594,0.005607476635514,0.0245746691871455,-0.0037243947858472,269700.0,282550.0,237250.0,-0.0025954764553207,-0.0479561139621306,0.1338250790305584,49.24884527496629,-0.0427046263345195,-0.0594405594405594,6526.341265845695,11511.874251853536,-4985.53298600784,0.041060057542097,0.0306678552437056,10686.809276069253,-0.0075095752737862,4063732.75,0.7668513634416535,-0.0204460966542751
5380,2025-07-23,0.0750605326876512,0.069879518072289,0.0596658711217183,0.0230414746543778,0.0422535211267605,0.0469483568075117,0.0314769975786926,211600.0,210250.0,199201.66666666663,0.0491493383742911,0.055885850178359,0.1144485069569365,63.25592746130667,0.0596658711217183,0.0230414746543778,2963.1992577983474,3061.199404684532,-98.00014688618468,0.0353110550461575,0.0257127762573309,6604.174867198368,5.413547915208909,770608.75,3.675330704459299,0.0045045045045044
5930,2025-07-23,0.0060606060606061,0.026275115919629,0.0993377483443709,0.0831973898858076,0.0030211480362538,0.0246533127889059,0.0030303030303029,66800.0,63045.0,59013.333333333336,-0.0059880239520958,0.0532159568562138,0.1251694532309082,64.70899932062201,0.0993377483443709,0.0831973898858076,2017.567619814028,1684.4638705145849,333.1037492994433,0.020601493940656,0.0194074349714417,1653.1260946905145,-0.2468647807773448,19992535.4,0.7846457533345171,0.0933734939759036
35420,2025-07-23,-0.0148936170212765,-0.0739999999999999,-0.0885826771653542,-0.18342151675485,-0.0190677966101694,0.0348583877995642,0.004255319148936,238400.0,250900.0,219720.0,-0.0289429530201342,-0.0773216420884814,0.0536136901511015,41.482536294846305,-0.0885826771653542,-0.18342151675485,1552.0826991303477,6282.883290111792,-4730.800590981445,0.0083409235992148,0.0235542907375949,9617.301741059226,-0.2263151558926206,1385166.9,0.5196658973008957,0.0107991360691144
35720,2025-07-23,-0.0265486725663717,-0.0196078431372549,-0.0909090909090909,-0.2074927953890489,-0.0299823633156967,0.0517560073937153,0.0035398230088494,56560.0,58865.0,49672.5,-0.0275813295615275,-0.0656587106090206,0.1072525039005485,44.50200783937469,-0.0909090909090909,-0.2074927953890489,552.4692062397153,1637.005354012896,-1084.5361477731808,0.0187967352196739,0.0255888540191722,2601.395653054675,0.461208094146013,3407827.5,0.5463111028947328,0.0236363636363636
660,2025-07-24,0.0018587360594795,0.0,-0.0925925925925925,-0.0802047781569965,-0.0270758122743682,0.0371747211895909,0.0297397769516729,269700.0,281375.0,238770.0,-0.0007415647015202,-0.0422034651266104,0.128701260627382,49.586627712456725,-0.0925925925925925,-0.0802047781569965,5413.585447483289,10292.216490979486,-4878.631043496198,0.009938776377059,0.0300270468346746,10637.751470635734,0.1767701158978383,3952388.95,0.9278297369999478,0.0148423005565863
5380,2025-07-24,-0.0202702702702702,0.0357142857142858,0.0456730769230768,0.0381861575178996,-0.0158371040723982,0.0512820512820513,-0.0045045045045044,213100.0,210650.0,199678.33333333337,0.0206475832942281,0.0325183954426773,0.0892518801071722,58.28418284762062,0.0456730769230768,0.0381861575178996,3246.596819403552,3098.278887628336,148.31793177521604,0.0385824614958744,0.0248432515249638,6918.1623766841985,-0.4993630487790238,800774.2,1.7706926621761792,-0.0206896551724138
5930,2025-07-24,-0.0060240963855421,-0.0104947526236881,0.0819672131147541,0.0963455149501661,-0.0075187969924812,0.0136570561456752,0.0015060240963855,66660.0,63335.0,59185.0,-0.0099009900990099,0.0420778400568406,0.1151474191095716,62.73987864701354,0.0819672131147541,0.0963455149501661,1965.4266165886877,1740.6564197294056,224.7701968592819,0.015019271535295,0.0188677009080625,1599.331373641192,-0.1929530062297213,19655430.05,0.6441066396306093,0.0818181818181817
35420,2025-07-24,-0.019438444924406,-0.0677618069815194,-0.1252408477842004,-0.1302681992337164,-0.0257510729613733,0.0422222222222221,0.0064794816414686,235100.0,249200.0,220311.66666666663,-0.0344534240748617,-0.0890850722311396,0.0303585072662213,38.66178428867244,-0.1252408477842004,-0.1302681992337164,82.92950486257905,5042.8925330619495,-4959.9630281993705,0.006545904708359,0.017193173989334,9608.92304526928,0.6363416612949833,1228321.85,0.9589327096965669,0.0352422907488987
35720,2025-07-24,-0.0163636363636363,-0.0591304347826087,-0.1101973684210526,-0.1426307448494453,-0.0252252252252251,0.0448598130841122,0.009090909090909,55880.0,58415.0,49916.666666666664,-0.0318539727988547,-0.0738680133527347,0.0838063439065108,42.18043136738511,-0.1101973684210526,-0.1426307448494453,242.171404821951,1358.038564174707,-1115.867159352756,0.0100228339686121,0.0175677325894222,2587.010249265056,0.0573234414798247,2880422.15,0.6833911480648766,0.0720887245841035
660,2025-07-25,-0.0129870129870129,-0.0111524163568773,-0.0967741935483871,-0.0633802816901408,-0.0256410256410256,0.0357815442561204,0.0129870129870128,269100.0,280475.0,240130.0,-0.0115198810850984,-0.051608877796595,0.1077333111231415,47.21756037594458,-0.0967741935483871,-0.0633802816901408,4200.872650219477,9073.947722827485,-4873.075072608008,0.0115805401384587,0.0294446204532662,10556.483508447467,-0.4079689807654131,3804198.95,0.5707017504959881,-0.0300751879699248
5380,2025-07-25,-0.0045977011494252,0.0285035629453682,0.0408653846153845,0.0560975609756098,0.0069767441860464,0.0327102803738317,-0.0114942528735632,214300.0,211225.0,200140.0,0.0102659822678488,0.0249733696295419,0.0817427800539623,57.20812050430201,0.0408653846153845,0.0560975609756098,3351.8616118930804,3148.995432481285,202.8661794117952,0.0389437538160858,0.0242780867534176,6924.007921206756,-0.5304300297970626,795846.05,0.8366128097262027,-0.0300230946882217
5930,2025-07-25,-0.0015151515151514,-0.0178837555886736,0.0527156549520766,0.0838815789473683,0.0030441400304415,0.0122137404580153,-0.0045454545454545,66420.0,63590.0,59355.0,-0.0078289671785606,0.0363264664255387,0.1102687220958638,62.23004038748532,0.0527156549520766,0.0838815789473683,1894.2001711376215,1771.3651700110488,122.8350011265727,0.0143793368333025,0.0188761723438785,1542.236275523964,-0.3617072030418493,19192452.05,0.4210462518779616,0.0455235204855841
35420,2025-07-25,0.0330396475770924,-0.03099173553719,-0.0731225296442688,-0.0893203883495146,0.0353200883002207,0.0488888888888889,-0.0022026431718061,233600.0,248050.0,220995.0,0.0038527397260272,-0.0546260834509171,0.0611099798637977,45.33372965796289,-0.0731225296442688,-0.0893203883495146,-470.77091235417174,3940.159843978726,-4410.930756332897,0.0224104184777837,0.0192673388918105,9708.285684892904,0.020894354084209,1172609.65,1.0254810712158136,-0.0405117270788912
35720,2025-07-25,0.0314232902033271,-0.0193321616871704,-0.0699999999999999,-0.083743842364532,0.0333333333333334,0.0409683426443203,-0.0018484288354898,55660.0,58160.0,50214.166666666664,0.0025152712899747,-0.0405777166437414,0.1112401878619913,47.72754867315639,-0.0699999999999999,-0.083743842364532,131.91333926875086,1112.813519193516,-980.9001799247652,0.0220275568775584,0.0183714920333374,2559.3666600318375,-0.0741932124432613,2583963.2,0.7052766850549574,-0.0053763440860215
660,2025-07-28,-0.0150375939849624,-0.038532110091743,-0.1266666666666667,-0.1027397260273972,0.0038314176245211,0.0270793036750482,-0.018796992481203,267000.0,278975.0,241463.33333333337,-0.0187265917602996,-0.0608477462138183,0.0850508703874983,44.59528438149261,-0.1266666666666667,-0.1027397260273972,2883.780029568705,7835.914184175729,-4952.134154607024,0.0088495240407385,0.0286226320922636,10338.163257844077,0.3253217433119169,3729301.9,0.7715537859780137,-0.0152671755725191
5380,2025-07-28,0.0092378752886836,0.0454545454545454,0.0069124423963133,0.0737100737100737,-0.0135440180586907,0.0300925925925925,0.0230946882217089,216200.0,211975.0,200631.66666666663,0.0106382978723404,0.0307819318315838,0.0890603842862958,58.84466399981823,0.0069124423963133,0.0737100737100737,3555.68033407841,3230.3324128007102,325.3479212776997,0.0382226100028111,0.0241896712826989,6893.721641120559,0.0405277742315808,805860.65,0.8597007435466665,-0.034324942791762
5930,2025-07-28,0.0682852807283762,0.0383480825958701,0.1264,0.1772575250836121,0.032258064516129,0.0476190476190476,0.0349013657056145,66940.0,64120.0,59598.333333333336,0.0516880788766058,0.0979413599500935,0.1812410861601274,72.90162997153277,0.1264,0.1772575250836121,2175.784008221395,1852.2489376531184,323.535070568277,0.0357731993813534,0.0230456684637527,1753.505112986538,3.3723417288399453,20103562.35,1.7575243324972205,-0.0099431818181817
35420,2025-07-28,0.0042643923240939,-0.01875,-0.0542168674698795,-0.1028571428571428,-0.0021186440677966,0.021551724137931,0.0063965884861407,232700.0,246700.0,221661.66666666663,0.0120326600773528,-0.045399270368869,0.0624299796236005,46.17441508855572,-0.0542168674698795,-0.1028571428571428,-819.4447900897649,2988.2389171650275,-3807.683707254792,0.0228018557225011,0.0185627504617663,9371.979564543411,-0.5009825453704775,1091625.2,0.5496969106246357,-0.0127388535031847
35720,2025-07-28,0.0017921146953405,-0.0175746924428822,-0.0411663807890223,-0.0683333333333333,-0.0158450704225352,0.0324909747292418,0.017921146953405,55460.0,57955.0,50511.666666666664,0.0079336458708978,-0.0354585454231731,0.1066750255716502,48.04331780658821,-0.0411663807890223,-0.0683333333333333,52.00273703454877,900.6513627617226,-848.6486257271738,0.0221172872550761,0.0182426872747234,2505.126184315278,-0.2114755798506262,2452450.65,0.5859502208535776,-0.0089445438282647
660,2025-07-29,0.0019083969465649,-0.0223463687150837,-0.1206030150753768,-0.0805604203152364,0.031434184675835,0.0412573673870333,-0.0286259541984732,265800.0,277825.0,242825.0,-0.0124153498871332,-0.055160622694142,0.0810254298363017,45.006416655382424,-0.1206030150753768,-0.0805604203152364,1858.8923064996488,6640.509808640513,-4781.617502140864,0.0087327932873708,0.0283650005723264,10349.72302514093,0.0232227005547105,3692111.7,0.7974235990747517,0.0038095238095237
5380,2025-07-29,-0.0022883295194507,0.0556900726392251,0.0331753554502369,0.0380952380952381,0.0022988505747125,0.0210280373831774,-0.0045766590389015,218500.0,212375.0,201051.66666666663,-0.0022883295194507,0.0264861683343142,0.0842983975926585,58.24494320403392,0.0331753554502369,0.0380952380952381,3634.9607536357944,3311.258080967727,323.70267266806695,0.0370932507086941,0.0232905181206409,6722.741523897662,-0.0669515977938767,785196.55,0.8232524709895885,-0.0344036697247706
5930,2025-07-29,0.0028409090909091,0.0696969696969695,0.1083202511773939,0.1727574750830565,-0.0028248587570621,0.0290697674418605,0.0056818181818181,67860.0,64640.0,59845.0,0.0403772472737991,0.0922029702970297,0.1797142618430947,73.26320144841517,0.1083202511773939,0.1727574750830565,2387.557282196198,1959.3106065617344,428.2466756344636,0.0307250325789536,0.0230770982298678,1771.1118906303568,-0.2021243897261727,20830559.8,1.3533452903171617,-0.0099150141643059
35420,2025-07-29,-0.0106157112526539,-0.0085106382978723,-0.066132264529058,-0.1106870229007633,-0.0106157112526539,0.0344827586206897,0.0,232300.0,245250.0,222270.0,0.003013344812742,-0.0499490316004077,0.0482746209564943,44.33863324605826,-0.066132264529058,-0.1106870229007633,-1282.7141268901469,2134.048308353993,-3416.76243524414,0.0212748931643851,0.0185823466824609,9273.981024218883,0.5470792233482151,1048483.8,0.8854166368617236,-0.0042918454935622
35720,2025-07-29,0.0017889087656528,-0.0088495575221239,-0.0209790209790209,-0.0682196339434276,-0.0053285968028419,0.0235081374321881,0.0071556350626118,55360.0,57750.0,50804.166666666664,0.0115606936416186,-0.0303030303030302,0.1022717952923808,48.379137951400054,-0.0209790209790209,-0.0682196339434276,-3.2207004655720084,719.8769501162637,-723.0976505818358,0.0221016309868125,0.0182444857731932,2419.0457425784725,-0.114293249752612,2272986.05,0.5599563622486817,-0.0232142857142857
660,2025-07-30,0.0038095238095237,-0.0204460966542751,-0.1097972972972972,-0.0555555555555555,0.0019011406844107,0.021113243761996,0.0019047619047618,264700.0,277050.0,244258.33333333337,-0.0045334340763127,-0.0489081393250315,0.0787758861860734,45.87153443008921,-0.1097972972972972,-0.0555555555555555,1114.5057165566832,5535.308990223748,-4420.803273667065,0.0091210930863771,0.0280504900251397,10003.314237630862,-0.1567059317425548,3581149.25,0.6932989458621419,-0.0189753320683111
5380,2025-07-30,0.0229357798165137,0.0045045045045044,0.0746987951807229,0.0444964871194379,0.0348027842227378,0.0580046403712297,-0.0114678899082568,218700.0,212850.0,201591.66666666663,0.0196616369455875,0.0476861639652337,0.1061965193667067,62.37454747629745,0.0746987951807229,0.0444964871194379,4054.5113871507056,3459.908742204323,594.6026449463825,0.0161524977306466,0.0235374489738505,7135.4028436192575,0.9172311904890822,794221.95,1.560429046313817,-0.0560538116591928
5930,2025-07-30,0.028328611898017,0.0933734939759036,0.1221020092735702,0.194078947368421,0.0225352112676056,0.0439093484419264,0.0056657223796034,69100.0,65230.0,60130.0,0.0506512301013024,0.1129848229342327,0.2073840013304506,76.62239950500252,0.1221020092735702,0.194078947368421,2685.812043490449,2104.610893947477,581.2011495429715,0.0309125872234022,0.0235102803382397,1866.0324698710456,0.2330714761551051,21816234.45,1.5933750656956294,-0.0523415977961432
35420,2025-07-30,0.0042918454935623,0.0107991360691144,-0.0639999999999999,-0.0714285714285714,0.0021413276231263,0.0278372591006423,0.002145922746781,232800.0,244350.0,222828.33333333337,0.0051546391752577,-0.0423572744014733,0.0501357547289766,45.27585705041025,-0.0639999999999999,-0.0714285714285714,-1551.284528920165,1396.9817408991614,-2948.266269819326,0.0199507359229231,0.0170370381675485,9111.553808203247,-0.171915613268774,993384.7,0.7738673647782174,-0.0235042735042735
35720,2025-07-30,0.0053571428571428,0.0236363636363636,0.0035650623885918,-0.0408858603066439,0.0,0.05,0.0053571428571428,55620.0,57630.0,51105.0,0.0122258180510608,-0.0230782578518132,0.101653458565698,49.435033588200255,0.0035650623885918,-0.0408858603066439,-22.51859935637185,571.3978402217366,-593.9164395781085,0.0171400374636645,0.0177147503460917,2446.2567609657244,1.6041014383554648,2289979.8,1.4473621121024738,0.0088809946714032
660,2025-07-31,0.0379506641366222,0.0148423005565863,0.0148423005565863,-0.0179533213644523,0.0092250922509224,0.0320150659133708,0.0284629981024668,265500.0,276800.0,245716.66666666663,0.0301318267419963,-0.0119219653179191,0.1130706097809131,53.71314966702475,0.0148423005565863,-0.0179533213644523,1316.3167276662423,4691.510537712247,-3375.1938100460047,0.0212382455084937,0.0294728394054895,10038.791792085802,0.3986765785661148,3572674.45,0.9720012412549932,-0.0420475319926874
5380,2025-07-31,-0.0448430493273542,-0.0206896551724138,0.0142857142857142,-0.0069930069930069,-0.0858369098712446,0.0990566037735849,0.0448430493273541,217800.0,212775.0,201985.0,-0.0220385674931129,0.0010574550581601,0.0545337525063742,51.42100498890474,0.0142857142857142,-0.0069930069930069,3539.2930927575508,3475.7856123149686,63.50748044258216,0.0253583309187121,0.0257863345384213,8125.731211932168,1.3855673280740275,913908.95,3.2350027866561546,-0.0023474178403756
5930,2025-07-31,-0.0165289256198346,0.0818181818181817,0.0704647676161918,0.1191222570532914,-0.0219178082191781,0.0422535211267605,0.0055096418732782,70180.0,65610.0,60415.0,0.0173838700484467,0.0882487425697302,0.1818257055367045,70.86907457981403,0.0704647676161918,0.1191222570532914,2793.1533858892,2242.3193923358217,550.8339935533781,0.0332543998274693,0.0221609482440147,1947.0301505945424,-0.2357028666588189,21542606.1,1.2332803132857728,-0.0126050420168066
35420,2025-07-31,0.0042735042735042,0.0352422907488987,-0.0349075975359343,-0.0711462450592885,0.0,0.0172043010752687,0.0042735042735042,234400.0,243450.0,223455.0,0.0025597269624573,-0.0347093859108647,0.0516658835112215,46.250506636835134,-0.0349075975359343,-0.0711462450592885,-1664.2523991269409,784.734912893941,-2448.9873120208817,0.0158950864063564,0.017044273564751,8746.442821903018,-0.3221914073272386,959051.4,0.5433118600316938,0.0021276595744681
35720,2025-07-31,0.0301953818827709,0.0720887245841035,0.0086956521739129,-0.0252100840336134,0.0265486725663717,0.0448028673835125,0.0035523978685612,56400.0,57555.0,51437.5,0.0283687943262411,0.0077317348623056,0.1275820170109356,55.04644527101582,0.0086956521739129,-0.0252100840336134,98.23112201814364,476.764496581018,-378.5333745628744,0.0153186292987785,0.018832912121298,2450.095563753887,-0.3777566580075608,2226598.05,0.9262480042143216,0.096551724137931
660,2025-08-01,-0.0566727605118829,-0.0300751879699248,-0.0408921933085502,-0.0462107208872458,-0.0300751879699248,0.0389105058365759,-0.0274223034734917,263900.0,276175.0,246836.66666666663,-0.0223569533914361,-0.0658097220964968,0.0452255877705904,43.253493955883854,-0.0408921933085502,-0.0462107208872458,222.9627708128537,3797.800984332369,-3574.838213519515,0.0344204525222985,0.0314766634010929,10500.306664079671,-0.0706234212317761,3551297.5,0.9087929130127792,-0.0058139534883721
5380,2025-08-01,-0.0140845070422535,-0.0300230946882217,-0.002375296912114,-0.002375296912114,-0.004739336492891,0.026190476190476,-0.0093896713615023,216500.0,212750.0,202358.33333333337,-0.0300230946882217,-0.0129259694477086,0.0377630441049292,48.66025242063967,-0.002375296912114,-0.002375296912114,2855.9819721617096,3351.824884284317,-495.8429121226072,0.0257740517063609,0.025632753914624,7938.178982508442,-0.6335935285598029,947288.3,1.143558935542643,0.0119047619047618
5930,2025-08-01,-0.0350140056022408,0.0455235204855841,0.0268256333830103,0.0884676145339653,-0.0185185185185184,0.0465116279069768,-0.0168067226890756,70780.0,65890.0,60653.333333333336,-0.0265611754732975,0.045682197602064,0.1359639481204659,60.65149336693139,0.0268256333830103,0.0884676145339653,2645.9917209777923,2323.053858064216,322.9378629135763,0.0403532436251224,0.023817120321385,2036.5279969806463,-0.09520969380089,21557084.85,1.1151106082880218,0.042089985486212
35420,2025-08-01,-0.0425531914893616,-0.0405117270788912,-0.0702479338842975,-0.0963855421686746,-0.032258064516129,0.0401785714285714,-0.0106382978723403,232500.0,242250.0,223886.66666666663,-0.032258064516129,-0.0712074303405573,0.0049727540720008,38.807191146124104,-0.0702479338842975,-0.0963855421686746,-2531.5149481592816,121.48494068329649,-2652.999888842578,0.0203278483449242,0.0189945027361561,8907.411191767089,0.5885361491102821,956699.85,0.8651919408161296,0.02
35720,2025-08-01,-0.0431034482758621,-0.0053763440860215,-0.0246045694200351,-0.0496575342465753,-0.0297202797202796,0.0397830018083182,-0.0137931034482758,56340.0,57410.0,51723.333333333336,-0.0149094781682641,-0.0332694652499564,0.0730166913707546,46.81810874052926,-0.0246045694200351,-0.0496575342465753,-7.714037839636148,379.8687896968872,-387.5828275365234,0.0264651996414168,0.0207366546577328,2467.9458806286093,0.0940344708206335,2233156.4,1.0103712395602924,0.1495495495495495
660,2025-08-04,0.0,-0.0152671755725191,-0.0532110091743118,-0.047970479704797,0.0137524557956778,0.0236220472440944,-0.0135658914728682,263100.0,275525.0,247965.0,-0.0193842645381984,-0.063605843389892,0.0404694210876535,43.253493955883854,-0.0532110091743118,-0.047970479704797,-636.1944634262472,2911.0018947806457,-3547.196358206893,0.0340455115481544,0.0314678456902082,10178.856188073984,-0.2930649310248454,3539197.2,0.6446541040437079,0.0348837209302326
5380,2025-08-04,0.0047619047619047,-0.034324942791762,0.0095693779904306,0.0119904076738608,0.0047619047619047,0.0265700483091786,0.0,215000.0,212875.0,202756.66666666663,-0.0186046511627907,-0.0088079859072225,0.0406562875039044,49.631016152494105,0.0095693779904306,0.0119904076738608,2367.8495332656894,3155.0298140805917,-787.1802808149023,0.0251919661426085,0.0255472881780071,7764.023340900696,-0.3984177682593605,959969.5,0.678856984518779,0.0071090047393365
5930,2025-08-04,0.0116110304789549,-0.0099431818181817,0.028023598820059,0.1296596434359804,0.0028776978417266,0.0218340611353711,0.0087082728592162,70640.0,66290.0,60905.0,-0.0133069082672706,0.051440639613818,0.144405221246203,62.51398885065682,0.028023598820059,0.1296596434359804,2564.3580322753696,2371.314692906447,193.04333936892272,0.02464359529362,0.0227951603937294,1998.2045686248864,-0.385150858201253,21437853.05,0.6894380685196458,0.0186513629842179
35420,2025-08-04,0.0333333333333334,-0.0127388535031847,-0.03125,-0.091796875,0.0310421286031041,0.0644444444444445,0.0022222222222221,231900.0,241075.0,224616.66666666663,0.0025873221216041,-0.0355698434097272,0.0350968316390889,45.84639084041163,-0.03125,-0.091796875,-2583.854381752608,-419.5829238038844,-2164.2714579487233,0.027594645081987,0.0195009551532336,9306.881820926585,0.5423514217817667,961764.5,1.327402914122948,-0.0408602150537634
35720,2025-08-04,-0.0018018018018017,-0.0089445438282647,-0.0263620386643234,-0.0782029950083195,0.0072727272727273,0.0859232175502742,-0.009009009009009,56240.0,57175.0,52030.0,-0.0149359886201991,-0.0310450371665937,0.0647703248126081,46.518569453162264,-0.0263620386643234,-0.0782029950083195,-98.60880367876234,284.17327102175733,-382.7820747005197,0.0264261789707937,0.0193767050106393,2627.378317726566,2.5959339933174284,2478176.25,3.2740072462561933,0.1588447653429603
660,2025-08-05,0.0213178294573643,0.0038095238095237,-0.0186219739292364,-0.0656028368794325,-0.0018939393939394,0.0153550863723608,0.0232558139534884,263300.0,274600.0,249188.33333333337,0.0007595898214964,-0.0404224326292789,0.0574331329048309,47.463639516747705,-0.0186219739292364,-0.0656028368794325,-863.3268325488898,2156.1361493147388,-3019.462981863629,0.0357519634205836,0.0303717914531995,9916.0807460687,-0.0716120300250968,3489136.0,0.6070760784331708,0.0208728652751422
5380,2025-08-05,-0.0023696682464454,-0.0344036697247706,0.0193704600484261,-0.0023696682464454,-0.0117370892018778,0.026252983293556,0.009478672985782,213500.0,212850.0,203100.0,-0.0140515222482435,-0.0110406389476156,0.0364352535696701,49.130787884754334,0.0193704600484261,-0.0023696682464454,1918.5395081104944,2907.7317528865724,-989.192244776078,0.0251884281655384,0.0254206793702586,7602.307387979218,-0.2626618504117038,959033.75,0.5010355474976766,0.0118764845605701
5930,2025-08-05,0.0028694404591105,-0.0099150141643059,0.059090909090909,0.1384364820846906,-0.0154929577464788,0.0258249641319943,0.0186513629842179,70500.0,66715.0,61156.666666666664,-0.0085106382978723,0.0477403882185416,0.1429661525044967,62.98568398277354,0.059090909090909,0.1384364820846906,2487.130976656379,2394.4779496564333,92.65302699994572,0.0246449280701625,0.0226600283575321,1984.0470994373943,-0.0261953392378603,21146812.0,0.6806180997873343,0.0171673819742488
35420,2025-08-05,-0.0021505376344086,-0.0042918454935622,-0.0127659574468085,-0.1007751937984495,-0.0169491525423728,0.0327510917030566,0.0150537634408602,231700.0,239775.0,225300.0,0.0012947777298231,-0.0324262329267021,0.0297381269418552,45.47085667190278,-0.0127659574468085,-0.1007751937984495,-2635.3014663997747,-862.7266323230625,-1772.5748340767122,0.0272103801380834,0.0192927387167795,9177.818833717542,-0.4643688280803886,950768.0,0.7192217239116168,-0.0387931034482759
35720,2025-08-05,-0.0126353790613717,-0.0232142857142857,-0.031858407079646,-0.100328947368421,-0.0197132616487455,0.048780487804878,0.0072202166064982,55980.0,56870.0,52325.833333333336,-0.0228653090389424,-0.0381572006330226,0.0453727445016005,44.378183128241,-0.031858407079646,-0.100328947368421,-224.53936034840444,182.430744747725,-406.97010509612943,0.0267608448421025,0.0191112283358078,2625.42272360324,-0.4647150877043352,2577603.95,1.6849252578154994,0.1645338208409505
660,2025-08-06,-0.0189753320683111,-0.0189753320683111,-0.0390334572490705,-0.0800711743772242,-0.0076775431861804,0.0116504854368932,-0.0113851992409866,262300.0,273475.0,250246.66666666663,-0.0144872283644681,-0.0547582045890849,0.0329807922849456,44.24954397605655,-0.0390334572490705,-0.0800711743772242,-1430.3014598381706,1438.848627484157,-2869.1500873223276,0.0367862390022889,0.0305832652120714,9636.360692778078,-0.3510632522114598,3426539.75,0.4011507527382398,0.0754352030947775
5380,2025-08-06,0.0,-0.0560538116591928,-0.0518018018018018,0.0047732696897375,0.0071770334928229,0.014388489208633,-0.007125890736342,211000.0,212900.0,203345.0,-0.0023696682464454,-0.0112728980742132,0.0351865056922964,49.130787884754334,-0.0518018018018018,0.0047732696897375,1544.6522860303812,2635.1158595153343,-1090.463573484953,0.0199894659630785,0.025362996639891,7273.571145980703,-0.1980812053859441,952063.7,0.4047313220743528,0.0261282660332542
5930,2025-08-06,-0.0157367668097281,-0.0523415977961432,0.036144578313253,0.1390728476821192,-0.0057803468208093,0.0161054172767203,-0.0100143061516452,69740.0,67135.0,61343.333333333336,-0.0134786349297389,0.0248007745587248,0.1215562679997825,58.61688303051747,0.036144578313253,0.1390728476821192,2310.5327880471305,2377.688917334573,-67.15612928744258,0.0182505468484913,0.0226309287140807,1956.6151637632947,-0.1285694762203288,20897262.0,0.6001941785483668,0.0450581395348836
35420,2025-08-06,-0.0150862068965517,-0.0235042735042735,-0.0129589632829373,-0.1003937007874016,-0.0338266384778013,0.0464601769911503,0.0193965517241379,230600.0,238500.0,225938.33333333337,-0.0091066782307025,-0.0419287211740041,0.0113379019348935,42.82638771412783,-0.0129589632829373,-0.1003937007874016,-2924.779365010502,-1275.1371788605502,-1649.6421861499512,0.0277216004922837,0.0192811298524626,9272.26034559486,0.5741408835456476,956965.9,1.124823778987318,-0.0153172866520787
35720,2025-08-06,0.0383912248628883,0.0088809946714032,0.0327272727272727,-0.0611570247933884,0.0252707581227435,0.0573012939001849,0.012797074954296,56080.0,56685.0,52637.5,0.0128388017118401,0.0020287554026638,0.0790786036570885,51.576456292492104,0.0327272727272727,-0.0611570247933884,-153.12268126793788,115.32005954459244,-268.4427408125303,0.0330985311467499,0.0214439536305238,2659.3211004887225,-0.0867895290658451,2668284.15,1.486399789917427,0.1179577464788732
660,2025-08-07,0.0135396518375241,-0.0420475319926874,-0.0278293135435993,-0.1178451178451178,0.0155038759689922,0.052,-0.0019342359767892,260000.0,271725.0,251305.0,0.0076923076923076,-0.0357898610727758,0.0425578480332664,46.95727959771376,-0.0278293135435993,-0.1178451178451178,-1579.0103392261665,835.2768341420924,-2414.2871733682587,0.031132227040435,0.027430705005395,9876.62064329393,0.9820451504809906,3334958.4,0.8169331287610664,0.0553435114503817
5380,2025-08-07,0.009501187648456,-0.0023474178403756,-0.0229885057471264,0.0216346153846154,-0.0046838407494145,0.0189573459715639,0.0142517814726841,210900.0,213125.0,203608.33333333337,0.0075865339023233,-0.002932551319648,0.0436704457086727,51.40302504095733,-0.0229885057471264,0.0216346153846154,1393.6619862692603,2386.8250848661196,-993.1630985968592,0.0088878681509991,0.0253704744191965,7075.458921267796,0.0939895673838009,937168.4,0.4498092338580771,0.0235294117647058
5930,2025-08-07,0.0247093023255813,-0.0126050420168066,0.0681818181818181,0.1557377049180328,-0.0042372881355932,0.0186513629842179,0.0290697674418605,69560.0,67610.0,61570.0,0.0135135135135135,0.0427451560420055,0.1450381679389312,62.89978164296405,0.0681818181818181,0.1557377049180328,2281.454061495184,2358.4419461666953,-76.98788467151144,0.0234547138994733,0.022978093835201,1973.9997949230592,0.1965967479149748,20909249.0,0.7177786729690769,0.0156028368794325
35420,2025-08-07,0.0306345733041575,0.0021276595744681,0.0374449339207048,-0.0924855491329479,0.0239130434782608,0.0328947368421053,0.0065645514223193,230700.0,237300.0,226726.66666666663,0.0208062418725618,-0.0075853350189633,0.0386956393895734,49.190852972724336,0.0374449339207048,-0.0924855491329479,-2559.842911044456,-1532.0783252973313,-1027.7645857471246,0.031972995095534,0.0200271386393471,9145.670320909514,-0.0528809440198881,920229.0,1.10787206228015,-0.0467091295116772
35720,2025-08-07,0.1197183098591549,0.096551724137931,0.1756007393715342,0.0460526315789473,0.0984455958549221,0.1080139372822299,0.0193661971830985,57200.0,56825.0,53071.666666666664,0.1118881118881118,0.11922569291685,0.1983795496655467,66.63417838652694,0.1756007393715342,0.0460526315789473,447.0256875987252,181.661185155419,265.3645024433062,0.0628576675016664,0.0348375388554958,2955.0838790252424,2.0029219868098354,3106284.65,3.834162461576083,0.0125786163522012
660,2025-08-08,-0.0209923664122136,-0.0058139534883721,-0.0357142857142857,-0.1290322580645161,-0.0209923664122136,0.0410958904109588,0.0,259700.0,269825.0,252146.66666666663,-0.0123219098960338,-0.0493838599092003,0.0172650838136534,43.39083736427398,-0.0357142857142857,-0.1290322580645161,-2116.27216394071,244.96703452553191,-2361.2391984662418,0.0189294204573534,0.0276352895951506,9921.147740201508,-0.0177152131925923,3282140.45,0.8153746132344823,0.0428849902534114
5380,2025-08-08,0.0,0.0119047619047618,-0.0184757505773671,0.0216346153846154,0.0,0.011820330969267,0.0,211400.0,213350.0,203865.0,0.0052034058656575,-0.0039840637450199,0.0423564613837588,51.40302504095733,-0.0184757505773671,0.0216346153846154,1259.4825549889647,2161.3565788906885,-901.8740239017238,0.0047506032149159,0.0253704744191965,6748.640426891525,0.0453496288670065,929584.85,0.474043870228737,0.0188235294117646
5930,2025-08-08,0.0184397163120566,0.042089985486212,0.0895295902883155,0.1469648562300318,0.0112676056338028,0.0240452616690241,0.0070921985815601,70140.0,68070.0,61810.0,0.0236669518106644,0.0547965329807551,0.1616243326322601,65.8135048185699,0.0895295902883155,0.1469648562300318,2336.375810646845,2354.0287190627255,-17.652908415880574,0.015734264058831,0.0227085365914657,1968.714095285698,0.4819304603419474,21064272.9,1.0558697233741214,-0.0250696378830083
35420,2025-08-08,-0.0254777070063694,0.02,-0.021321961620469,-0.0928853754940711,-0.0477178423236515,0.0568927789934354,0.0233545647558386,231600.0,236125.0,227365.0,-0.0090673575129534,-0.0280571731074642,0.0093901875838409,44.60722473883243,-0.021321961620469,-0.0928853754940711,-2723.3845165007224,-1770.3395635380095,-953.0449529627128,0.0266485380783119,0.0200503812629081,9420.979583701692,0.6067243029889278,939663.7,1.7432289871365685,-0.0152505446623093
35720,2025-08-08,0.0031446540880504,0.1495495495495495,0.1433691756272401,0.0633333333333332,0.0207999999999999,0.0583468395461912,-0.0172955974842767,58860.0,57015.0,53502.5,0.0839279646619095,0.1190037709374725,0.1924676416989861,66.95960547428737,0.1433691756272401,0.0633333333333332,928.0875072224808,330.9464495688314,597.1410576536493,0.0540094927781203,0.0346344957044526,3001.149316237725,-0.3938043660789253,3344000.25,2.1590279486372648,0.0188087774294671
660,2025-08-11,0.0409356725146199,0.0348837209302326,0.0190839694656488,-0.1099999999999999,0.0249520153550864,0.0288461538461537,0.0155945419103313,261500.0,268175.0,253255.0,0.0210325047801147,-0.0043814673254404,0.0542733608418393,51.03651342650423,0.0190839694656488,-0.1099999999999999,-1675.4798936863665,-139.12235111684774,-1536.3575425695185,0.0267280345969375,0.0291117622277962,9998.2086159014,-0.0974155641598789,3256065.3,0.7418380092070022,-0.0149812734082397
5380,2025-08-11,0.0,0.0071090047393365,-0.0274599542334096,-0.02073732718894,-0.0023474178403756,0.0094562647754137,0.0023529411764706,211700.0,213125.0,204191.66666666663,0.0037789324515824,-0.002932551319648,0.0406888952373178,51.40302504095733,-0.0274599542334096,-0.02073732718894,1140.0031423905457,1957.08589159066,-817.0827492001144,0.0046291516645368,0.0233760475452883,6409.451824970702,-0.3222591362126246,882418.0,0.3384518448173088,0.0305882352941175
5930,2025-08-11,-0.0111420612813371,0.0186513629842179,0.0085227272727272,0.1359999999999999,-0.0138888888888888,0.0183615819209039,0.0027855153203342,70400.0,68495.0,62038.333333333336,0.0085227272727272,0.036572012555661,0.1444536979824302,62.55751791309081,0.0085227272727272,0.1359999999999999,2288.9626419121487,2341.01550363261,-52.05286172046135,0.0177294438142357,0.0229998257886535,1920.948802765291,-0.4894929339914774,20953793.25,0.5418710046688086,-0.0140845070422535
35420,2025-08-11,-0.028322440087146,-0.0408602150537634,-0.0530785562632696,-0.1044176706827308,-0.028322440087146,0.0337078651685394,0.0,229700.0,234825.0,227928.33333333337,-0.0291684806269046,-0.0503566485680826,-0.0216222935571853,40.23342561081428,-0.0530785562632696,-0.1044176706827308,-3338.998201499227,-2084.0712911302535,-1254.926910368974,0.0239556894799099,0.0206037803060001,9283.766756294428,-0.2278393381394573,942645.95,1.34179433964576,0.0112107623318384
35720,2025-08-11,0.006269592476489,0.1588447653429603,0.1484794275491949,0.1012006861063465,0.0,0.0346456692913386,0.006269592476489,60620.0,57310.0,53945.0,0.0590564170240843,0.1202233467108706,0.1901010288256557,67.63940836690031,0.1484794275491949,0.1012006861063465,1326.32012935252,530.0211855255691,796.2989438269508,0.0529554668481193,0.0338086690831221,2943.9243650778876,-0.4455518789327667,3370682.25,1.1875931052237274,0.0155763239875388
660,2025-08-12,0.0074906367041198,0.0208728652751422,0.0247619047619047,-0.0988274706867671,0.0037313432835821,0.0317757009345793,0.0037453183520599,262600.0,266700.0,254330.0,0.0243716679360244,0.0086239220097488,0.0576809656745174,52.35646654348108,0.0247619047619047,-0.0988274706867671,-1151.4918768924545,-341.5962562719691,-809.8956206204854,0.0255886647646754,0.0292543219313007,9926.90800047987,0.2455730202738759,3196687.9,0.9411766472416654,-0.0501858736059479
5380,2025-08-12,0.0023529411764706,0.0118764845605701,-0.0229357798165137,0.009478672985782,0.0047169811320755,0.0212765957446807,-0.0023529411764705,212200.0,213225.0,204511.66666666663,0.003770028275212,-0.0010552233556102,0.0415053745915066,52.07150212352986,-0.0229357798165137,0.009478672985782,1073.288467079663,1780.3264066884608,-707.0379396087978,0.0041141470826745,0.0225083979634139,6273.062408901366,0.1624845976642022,844189.75,0.4112618045883641,0.0352112676056337
5930,2025-08-12,0.0014084507042253,0.0171673819742488,0.0070821529745042,0.1161695447409734,0.0,0.0182841068917019,0.0014084507042253,70640.0,68865.0,62276.666666666664,0.0065118912797281,0.0324548028751905,0.1416796017770165,62.80522830367032,0.0070821529745042,0.1161695447409734,2233.7077360155963,2319.5539501092076,-85.84621409361125,0.0177612005534414,0.022832075247217,1883.7381739963416,0.3913426096811476,20821565.95,0.7587160369174827,-0.0084388185654008
35420,2025-08-12,0.0,-0.0387931034482759,-0.0429184549356223,-0.1062124248496994,-0.0022371364653244,0.0224215246636771,0.0022421524663676,227900.0,233500.0,228515.0,-0.0215006581834137,-0.0449678800856531,-0.0241340831017657,40.23342561081428,-0.0429184549356223,-0.1062124248496994,-3783.2653541163018,-2423.910103727463,-1359.3552503888386,0.0241075980850288,0.0205711746443903,8977.783416559112,-0.4121448060105769,940234.9,0.7908034470960394,-0.0067264573991031
35720,2025-08-12,-0.0077881619937694,0.1645338208409505,0.1374999999999999,0.1136363636363635,-0.0015673981191222,0.0318979266347687,-0.0062305295950155,62420.0,57635.0,54383.333333333336,0.0205062479974367,0.1052311963216794,0.1713147410358564,65.81649009386415,0.1374999999999999,0.1136363636363635,1583.3249457865677,740.6819375777688,842.6430082087988,0.0519930725054543,0.0334801115152097,2876.501196143753,-0.3454764790098623,3352700.45,0.781476615365384,0.0251177394034536
660,2025-08-13,0.0334572490706319,0.0754352030947775,0.0550284629981023,-0.0608108108108108,0.0,0.0182481751824816,0.0334572490706319,266500.0,265800.0,255640.0,0.0431519699812383,0.0458991723100075,0.0874667501173525,57.861527770430285,0.0550284629981023,-0.0608108108108108,-9.888822402630469,-275.2547694981014,265.3659470954709,0.024327134839936,0.030453925700304,9932.128857588452,0.154237385031416,3214157.75,1.0804367022744916,-0.118705035971223
5380,2025-08-13,0.0140845070422535,0.0261282660332542,-0.0313901345291479,0.0409638554216866,0.0023201856148491,0.0093457943925232,0.0117370892018779,213300.0,213650.0,204928.33333333337,0.0126582278481013,0.0109992979171542,0.0540270175752497,55.98374914419781,-0.0313901345291479,0.0409638554216866,1248.1041662853097,1673.8819586078307,-425.7777923225213,0.0063170339441141,0.0223120358251594,6039.272236836983,0.0875273270868677,838429.2,0.4503314054424631,0.025462962962963
5930,2025-08-13,0.0112517580872011,0.0450581395348836,-0.0096418732782369,0.1112828438948996,0.0,0.0098039215686274,0.0112517580872011,71260.0,69225.0,62545.0,0.0089811956216672,0.0386421090646442,0.1495723079382844,64.81091126086723,-0.0096418732782369,0.1112828438948996,2228.7791603300866,2301.3989921533835,-72.61983182329686,0.0141798531003371,0.0227516486937093,1820.6140187108888,-0.2210400074542704,20284720.05,0.6066508174462087,-0.0180806675938803
35420,2025-08-13,0.0089686098654708,-0.0153172866520787,-0.0384615384615384,-0.0999999999999999,-0.0022172949002217,0.020316027088036,0.0112107623318384,227200.0,232250.0,229175.0,-0.0096830985915492,-0.0312163616792249,-0.0182175193629322,42.25394020374159,-0.0384615384615384,-0.0999999999999999,-3928.6796149517177,-2724.8640059723143,-1203.8156089794034,0.0246468885171534,0.020761137720155,8657.941743947747,0.3683159368481361,951834.35,1.068882416357426,-0.0088888888888888
35720,2025-08-13,-0.0031397174254317,0.1179577464788732,0.1278863232682061,0.1319073083778965,-0.0170278637770897,0.0434782608695651,0.0141287284144426,63760.0,58005.0,54834.166666666664,-0.004077791718946,0.0947332126540816,0.1580371118979955,65.06116500844686,0.1278863232682061,0.1319073083778965,1750.6839906190944,942.682348186034,808.0016424330604,0.0539854483039014,0.0330346661264795,2863.893967847771,0.0655523906540964,3400043.2,0.8211095670784417,0.0078740157480314
660,2025-08-14,-0.0053956834532373,0.0553435114503817,0.0109689213893966,0.0259740259740259,-0.0036036036036035,0.0258780036968577,-0.0017985611510791,269400.0,266150.0,256881.66666666663,0.0263548626577578,0.0388878452000751,0.0763710917478217,56.68590839807617,0.0109689213893966,0.0259740259740259,764.9840986068011,-67.20699587712089,832.191094483922,0.0260051388878135,0.0226324465322534,9758.405367760706,-0.3949798053038937,2852794.15,0.7364884704352047,-0.0922242314647378
5380,2025-08-14,0.0069444444444444,0.0235294117647058,0.0211267605633802,0.0357142857142858,0.0069444444444444,0.0138888888888888,0.0,214300.0,214025.0,205395.0,0.0149323378441437,0.0162364209788576,0.0589352223763965,57.83693637040832,0.0211267605633802,0.0357142857142858,1490.5027435400698,1637.2061155942786,-146.70337205420878,0.0059747886687064,0.0222229756091998,5822.181362777199,0.4479263502758421,835196.5,0.6545705112509451,0.0114942528735633
5930,2025-08-14,-0.0041724617524339,0.0156028368794325,0.0028011204481792,0.0734632683658171,-0.0041724617524339,0.0098314606741574,0.0,71480.0,69470.0,62806.666666666664,0.0016787912702853,0.0306607168561969,0.1400063687506634,63.4296100906984,0.0028011204481792,0.0734632683658171,2175.586923991519,2276.236578521011,-100.64965452949173,0.0118356253962385,0.022032980315606,1740.5701602315396,-0.0292237558694145,18909592.0,0.6317493259505547,-0.0027932960893854
35420,2025-08-14,-0.0022222222222222,-0.0467091295116772,-0.0446808510638297,-0.0780287474332649,-0.0175054704595185,0.0424107142857141,0.0155555555555555,225000.0,231300.0,229833.33333333337,-0.0022222222222222,-0.0293990488543017,-0.0232052211747643,41.87282125454024,-0.0446808510638297,-0.0780287474332649,-4037.7229291110702,-2987.435790600066,-1050.2871385110047,0.0165366044401171,0.0201706830640936,8718.088762237194,0.1452950120847376,946991.6,1.2304459722768395,-0.0111358574610245
35720,2025-08-14,0.0141732283464566,0.0125786163522012,0.1103448275862069,0.1200000000000001,0.0222222222222221,0.034920634920635,-0.0078740157480314,63920.0,58350.0,55298.333333333336,0.0075093867334168,0.1036846615252784,0.1645920612435576,66.90193285632418,0.1103448275862069,0.1200000000000001,1933.6498064779737,1140.875839844422,792.7739666335515,0.0084931923042096,0.0328084352227065,2816.472970144359,0.1962266029755628,3401124.9,0.9819207168781128,-0.0124223602484472
660,2025-08-18,-0.0325497287522603,0.0428849902534114,0.0368217054263566,-0.0055762081784386,-0.0165441176470588,0.0187265917602996,-0.0162748643761302,271600.0,266075.0,257998.33333333337,-0.0150957290132547,0.0053556328102979,0.0368284032842589,50.10757130358125,0.0368217054263566,-0.0055762081784386,645.4117820346146,75.3167597052262,570.0950223293884,0.0298065116348227,0.0238802076328895,9739.947841492083,-0.0513219580685847,2684479.95,0.7424976297550666,-0.0299065420560747
5380,2025-08-18,-0.0045977011494252,0.0188235294117646,0.0309523809523808,0.0285035629453682,-0.0045977011494252,0.013953488372093,0.0,215100.0,214325.0,205870.0,0.0065086006508601,0.0101481395077569,0.0516345266430271,56.1399752545252,0.0309523809523808,0.0285035629453682,1583.6582927448908,1626.4965510244012,-42.838258279510455,0.0071187194273202,0.0222711822287912,5620.596979721685,-0.2576976193307054,839619.5,0.4833296511098182,0.0254041570438798
5930,2025-08-18,-0.0223463687150837,-0.0250696378830083,0.0159651669085632,0.0432190760059612,-0.0154711673699015,0.0171428571428571,-0.0069832402234636,71120.0,69615.0,63045.0,-0.0157480314960629,0.0055304172951231,0.1103180268062495,56.511882760814835,0.0159651669085632,0.0432190760059612,1981.48375393718,2217.286013604245,-235.80225966706485,0.0126934444221675,0.0227815268208043,1730.5294345007153,0.1380756868212127,18391795.0,0.7392204512936339,0.0214285714285713
35420,2025-08-18,0.0066815144766148,-0.0152505446623093,0.0044444444444444,-0.0661157024793388,0.0066815144766148,0.0223713646532437,0.0,224300.0,230500.0,230520.0,0.0075791350869371,-0.0195227765726681,-0.0196078431372549,43.51872251589352,0.0044444444444444,-0.0661157024793388,-3957.483668932662,-3181.4453662665856,-776.0383026660766,0.0148980538197391,0.0202976218036903,8452.510993505966,-0.5882981955369878,935797.7,0.5126364384097118,-0.0022123893805309
35720,2025-08-18,0.0093167701863354,0.0188087774294671,0.1711711711711712,0.1423550087873462,0.0030864197530864,0.0234375,0.0062111801242235,64160.0,58755.0,55757.5,0.0130922693266832,0.1062888264828525,0.1657624534815944,68.10825234398929,0.1711711711711712,0.1423550087873462,2102.826445040024,1333.2659608835424,769.5604841564814,0.0090357210387083,0.032578759341801,2722.439186562619,-0.4230959371308541,3430753.55,0.5615818717144518,-0.0046153846153845
660,2025-08-19,-0.016822429906542,-0.0149812734082397,0.0193798449612403,-0.0348623853211008,-0.0204841713221601,0.0325047801147226,0.0037383177570093,270800.0,265600.0,259100.0,-0.0288035450516986,-0.009789156626506,0.0150521034349671,47.16060564407598,0.0193798449612403,-0.0348623853211008,185.4002886286471,97.3334654899104,88.06682313873671,0.0250444170660263,0.0239558622657044,9651.380138528364,-0.142269292902941,2648717.7,0.6454617643850834,-0.0057034220532319
5380,2025-08-19,0.0115473441108544,0.0305882352941175,0.0379146919431279,0.0478468899521531,0.0115473441108544,0.0186046511627906,0.0,216400.0,214825.0,206480.0,0.0120147874306839,0.0194344233678576,0.0606354126307633,59.35098298162968,0.0379146919431279,0.0478468899521531,1838.0262211219524,1668.8024850439117,169.22373607804093,0.0074601370739729,0.0222758981851477,5504.840052598707,0.0897186635223612,838688.85,0.5272777860347136,-0.002283105022831
5930,2025-08-19,0.0,-0.0140845070422535,0.0043041606886657,0.0324483775811208,-0.0056818181818182,0.0143472022955524,0.0057142857142857,70920.0,69725.0,63300.0,-0.0129723632261703,0.0039440659734673,0.1058451816745655,56.511882760814835,0.0043041606886657,0.0324483775811208,1806.8276092628512,2135.1943327359663,-328.36672347311514,0.0123181080762521,0.0227062920725472,1678.3487606078072,-0.2252575117918742,18032291.7,0.5841233147309834,0.0042857142857142
35420,2025-08-19,-0.0022123893805309,0.0112107623318384,-0.0301075268817204,-0.0604166666666666,-0.0109649122807017,0.0246636771300448,0.0088495575221239,224800.0,229775.0,231225.0,0.0031138790035587,-0.0186051572190185,-0.024759433452265,43.08082550701075,-0.0301075268817204,-0.0604166666666666,-3889.404662594199,-3323.037225532109,-566.3674370620906,0.0052381769680638,0.0202635204764221,8241.617351112684,-0.1261350276408934,923044.3,0.4541645509321708,-0.0199556541019955
35720,2025-08-19,0.0030769230769229,0.0155763239875388,0.1768953068592058,0.1458699472759226,-0.0045801526717557,0.0455259026687597,0.0076923076923076,64360.0,59170.0,56223.333333333336,0.0130515848353014,0.1019097515632923,0.1596608762672673,68.52011861437646,0.1768953068592058,0.1458699472759226,2227.362826306133,1512.0853339680607,715.2774923380721,0.0089267495303797,0.0325504309295582,2735.1221018081465,0.4078854010253034,3510791.65,0.7726180504046716,-0.0030674846625766
660,2025-08-20,-0.0285171102661596,-0.0501858736059479,-0.0303605313092979,-0.0484171322160148,0.0039292730844793,0.0239043824701195,-0.0323193916349809,268100.0,264950.0,260025.0,-0.0469973890339425,-0.035667107001321,-0.0174021728679935,42.657608617084634,-0.0303605313092979,-0.0484171322160148,-775.4109986681142,-77.21542734169452,-698.1955713264197,0.0264936099826873,0.024549065166416,9819.138700062053,1.0890552781102052,2670302.05,1.3375059948742505,0.0176125244618394
5380,2025-08-20,0.0068493150684931,0.0352112676056337,0.0475059382422802,0.0677966101694915,0.0091533180778031,0.0206896551724138,-0.002283105022831,217900.0,215525.0,207156.66666666663,0.0119320789352914,0.0230831690059158,0.0644117978341674,61.18703601473077,0.0475059382422802,0.0677966101694915,2136.0292849943507,1762.2478450339995,373.7814399603512,0.0071658063012316,0.0220257271330169,5433.065763127371,0.774140590020397,855836.9,0.9167213986683678,-0.0022675736961451
5930,2025-08-20,0.0071428571428571,-0.0084388185654008,0.0085836909871244,0.0681818181818181,0.0057061340941511,0.0187319884726224,0.0014285714285713,70800.0,69950.0,63571.666666666664,-0.0042372881355932,0.0078627591136526,0.1089846105445297,58.16546475672495,0.0085836909871244,0.0681818181818181,1689.2841613355267,2046.0122984558784,-356.7281371203517,0.0130498230390036,0.0217176435077737,1651.323849135821,0.6562593930247576,17863117.2,0.9766221541669112,0.0014184397163119
35420,2025-08-20,-0.0177383592017738,-0.0067264573991031,-0.0452586206896551,-0.0574468085106383,0.0,0.0205011389521641,-0.0177383592017738,224500.0,229100.0,231865.0,-0.0133630289532293,-0.0331732867743344,-0.0447027365061566,39.644069214477334,-0.0452586206896551,-0.0574468085106383,-4110.831028994609,-3480.595986224609,-630.2350427700003,0.0105006121127875,0.0201308705513567,8081.501826033206,0.211374143039116,901916.35,0.5630511077884329,-0.0158013544018058
35720,2025-08-20,0.0015337423312884,0.0251177394034536,0.1937842778793419,0.1557522123893806,0.0235109717868338,0.0545746388443018,-0.0214723926380367,64680.0,59610.0,56688.333333333336,0.0095856524427953,0.0954537829223285,0.1519125040425719,68.73751687548277,0.1937842778793419,0.1557522123893806,2307.5282210154037,1671.1739113775293,636.3543096378744,0.0067961475290567,0.0324078574522197,2782.613380250422,0.2668080122366776,3618897.25,0.949520741435806,-0.0183767228177641
660,2025-08-21,-0.0410958904109589,-0.118705035971223,-0.0522243713733076,-0.0892193308550185,-0.0060851926977687,0.0244897959183674,-0.035225048923679,261500.0,263750.0,260725.0,-0.0630975143403441,-0.0710900473933648,-0.060312589893566,37.28949707188856,-0.0522243713733076,-0.0892193308550185,-2356.9536197847337,-533.1630658303023,-1823.7905539544313,0.0139604026244533,0.0260115055025857,9867.77165005762,0.7642588851603438,2829544.6,2.2269060540696195,0.0959183673469388
5380,2025-08-21,0.0045351473922903,0.025462962962963,0.0522565320665082,-0.0022522522522522,0.002262443438914,0.018140589569161,0.002267573696145,219000.0,215500.0,207816.66666666663,0.0114155251141552,0.0278422273781902,0.0658432913625792,62.406152959984595,0.0522565320665082,-0.0022522522522522,2424.9373346380016,1894.7857429548,530.1515916832016,0.0059662589329696,0.0142359343136649,5330.703922903987,-0.2336074558608347,744289.0,0.807863612118411,0.002257336343115
5930,2025-08-21,0.0014184397163119,-0.0180806675938803,0.0261627906976744,0.0632530120481926,-0.0125874125874125,0.0184135977337109,0.0141843971631205,70540.0,70160.0,63836.666666666664,0.0008505812305075,0.0062713797035347,0.1059474701059997,58.50529535953388,0.0261627906976744,0.0632530120481926,1585.9178228017408,1953.993403325051,-368.07558052331024,0.0112395218821695,0.0217139062489509,1633.3721456261196,0.0801533758015526,18020955.95,1.0456622308096817,-0.0141643059490085
35420,2025-08-21,0.0067720090293452,-0.0088888888888888,-0.024070021881838,-0.0367170626349891,0.0045045045045044,0.0202702702702701,0.002257336343115,224100.0,228675.0,232448.33333333337,-0.0049085229808121,-0.0248168798513174,-0.0406470255038754,41.52784735773909,-0.024070021881838,-0.0367170626349891,-4117.808027980762,-3608.03839457584,-509.76963340492193,0.0099972410607053,0.0200263015373632,7861.394552745121,-0.0864510412051395,889121.3,0.5217769498942383,-0.0246636771300448
35720,2025-08-21,-0.0199081163859111,0.0078740157480314,0.1267605633802817,0.1636363636363635,-0.0288315629742033,0.0779014308426073,0.0091883614088821,64780.0,60060.0,57105.0,-0.0120407533189256,0.0656010656010657,0.1207424919008843,62.677641911865706,0.1267605633802817,0.1636363636363635,2240.3355448358852,1785.006238069201,455.32930676668457,0.0130615079582374,0.0320703301007783,2933.855281661106,0.2283865575466981,3736860.75,1.1295588148421103,-0.0078125
660,2025-08-22,0.0244897959183674,-0.0922242314647378,-0.0419847328244274,-0.0686456400742114,0.0224032586558045,0.0285132382892057,0.0020408163265306,256400.0,262825.0,261533.33333333337,-0.0210608424336973,-0.0449919147721867,-0.0402752995156767,41.79681711174333,-0.0419847328244274,-0.0686456400742114,-3090.561615020997,-1044.6427756684411,-2045.918839352556,0.0257800898904963,0.0267763089526116,9698.645103624936,-0.5137281725658731,2799390.5,1.094546116377833,0.0717131474103585
5380,2025-08-22,-0.0067720090293453,0.0114942528735633,0.0352941176470589,0.0114942528735633,-0.009009009009009,0.0182232346241457,0.002257336343115,219500.0,215625.0,208451.66666666663,0.0022779043280183,0.0202898550724637,0.0554005324975415,59.39261313882419,0.0352941176470589,0.0114942528735633,2503.997062026785,2016.628006769197,487.3690552575879,0.007763446115372,0.0135274512073041,5235.6536426965595,-0.3329824176262798,693446.1,0.5783679510202739,0.0
5930,2025-08-22,0.0113314447592067,-0.0027932960893854,0.0127659574468084,0.0818181818181817,-0.0041841004184099,0.0141242937853107,0.0155807365439093,70500.0,70430.0,64128.333333333336,0.0127659574468084,0.0137725401107482,0.1133924162486679,61.2193424353769,0.0127659574468084,0.0818181818181817,1550.6773259698384,1873.3301878540087,-322.6528618841703,0.0130344750305445,0.0216687835320121,1602.416992367111,-0.5076674687150964,17851817.9,0.5196911626574457,-0.0238095238095238
35420,2025-08-22,-0.0044843049327354,-0.0111358574610245,-0.0573248407643312,-0.0220264317180616,-0.0089285714285713,0.0271493212669682,0.0044843049327354,223600.0,228425.0,233085.0,-0.0071556350626118,-0.0281273941118529,-0.0475577578994786,40.6176859772612,-0.0573248407643312,-0.0220264317180616,-4156.119830286363,-3717.6546817179446,-438.4651485684185,0.0100751797303902,0.0196029799307831,7728.437798977612,0.1725609637806273,857426.3,0.6344312041746328,-0.0337837837837837
35720,2025-08-22,-0.0062499999999999,-0.0124223602484472,0.0,0.1756007393715342,0.003154574132492,0.0253565768621235,-0.009375,64620.0,60535.0,57482.5,-0.0157845868152274,0.050631865862724,0.1064236941677903,60.89863074436962,0.0,0.1756007393715342,2130.251988913631,1854.0553882380868,276.19660067554423,0.0112260825243719,0.031742814708067,2838.5799043995985,-0.4706669313746208,3750153.85,0.5957934232484888,-0.0172955974842767
660,2025-08-25,0.0338645418326692,-0.0299065420560747,0.0116959064327486,-0.0244360902255639,0.013671875,0.029527559055118,0.0199203187250995,254800.0,262500.0,262391.6666666667,0.0184458398744113,-0.0114285714285714,-0.0110204211261791,47.54842182383093,0.0116959064327486,-0.0244360902255639,-2952.0429604053206,-1426.122812615817,-1525.9201477895033,0.0330678835023024,0.0279014914247,9755.884739080297,0.0390484918386115,2850022.8,1.117081940537458,-0.0134874759152215
5380,2025-08-25,0.009090909090909,0.0254041570438798,0.0447058823529411,0.0254041570438798,0.002257336343115,0.0206896551724138,0.0068181818181818,220600.0,215900.0,209053.33333333337,0.0063463281958295,0.0282538212135248,0.0619299700235984,62.025686020783226,0.0447058823529411,0.0254041570438798,2696.9470243738033,2152.6918102901186,544.2552140836847,0.0071029383372179,0.0135935707309496,5183.10695393252,0.0462092368606741,681135.35,0.6160302794444599,-0.0067567567567567
5930,2025-08-25,0.0014005602240896,0.0214285714285713,-0.0041782729805014,0.0849772382397571,-0.00278940027894,0.0112676056338028,0.0042016806722688,70800.0,70710.0,64388.333333333336,0.0098870056497175,0.0111723942865225,0.1104496156135945,61.55781808051381,-0.0041782729805014,0.0849772382397571,1513.3729216033098,1801.338734603869,-287.96581300055914,0.0048144222912374,0.021638385609283,1545.1014929123176,0.11509068457737,17965031.3,0.575850819697709,-0.0545454545454545
35420,2025-08-25,0.0157657657657657,-0.0022123893805309,-0.0174291938997821,-0.0383795309168443,0.0044543429844097,0.0180586907449209,0.0112612612612612,223500.0,227975.0,233715.0,0.0089485458612974,-0.0108564535585041,-0.0351496480756476,45.14892387893358,-0.0174291938997821,-0.0383795309168443,-3859.570731462707,-3746.0378916668974,-113.53283979580964,0.0125832486647753,0.018369232888159,7462.120813336354,0.0386431068903521,825551.8,0.6843895198338856,-0.0443458980044345
35720,2025-08-25,0.0172955974842767,-0.0046153846153845,0.0141065830721003,0.1594982078853046,0.0093603744149766,0.0220472440944881,0.0078616352201257,64560.0,60980.0,57865.833333333336,0.0021685254027261,0.0610036077402427,0.1181036593268911,63.930584077108435,0.0141065830721003,0.1594982078853046,2107.4771004968934,1904.7397306898483,202.73736980704507,0.0136266050422263,0.0313625837386614,2735.8241969424844,-0.1704033044550079,3751712.5,0.4940629112705198,-0.0540958268933539
660,2025-08-26,0.0077071290944124,-0.0057034220532319,-0.0205992509363296,-0.0019083969465648,0.0077071290944124,0.0214007782101166,0.0,254500.0,262475.0,263216.6666666667,0.0275049115913557,-0.0037146394894751,-0.0065218767808523,48.82973621765182,-0.0205992509363296,-0.0019083969465648,-2650.33127419182,-1670.964504931018,-979.366769260802,0.0328082773268735,0.0277565663949935,9451.892972003134,-0.3559006178014385,2808686.2,0.7301011412382059,-0.0038240917782026
5380,2025-08-26,-0.0157657657657657,-0.002283105022831,0.0282352941176471,0.0,-0.0090702947845805,0.0206896551724138,-0.0067567567567567,220500.0,215900.0,209511.66666666663,-0.0090702947845805,0.0120426123205188,0.0429013499646002,55.27137800574911,0.0282352941176471,0.0,2538.1819290687563,2229.7898340458464,308.39209502290987,0.0105320235700848,0.0139738573289588,5134.313600080197,0.9224737845567206,686828.9,1.174484649670391,0.0068649885583524
5930,2025-08-26,-0.0167832167832168,0.0042857142857142,-0.0098591549295774,-0.0014204545454545,-0.0070621468926553,0.0113798008534851,-0.0097902097902098,70860.0,70705.0,64625.0,-0.007902907140841,-0.0057280248921575,0.0878143133462281,55.318352119216215,-0.0098591549295774,-0.0014204545454545,1371.172913377639,1715.305570358623,-344.13265698098417,0.0107354992991528,0.0160354135874017,1520.4513862757235,0.422161996632634,16934032.25,0.8688136873012038,-0.0170697012802275
35420,2025-08-26,-0.0199556541019955,-0.0199556541019955,-0.0089686098654708,-0.0615711252653927,-0.013392857142857,0.0158371040723981,-0.0066518847006651,222600.0,227250.0,234243.33333333337,-0.0071877807726864,-0.0275027502750274,-0.0565366499224453,40.83455991940725,-0.0089686098654708,-0.0615711252653927,-3942.2223408576974,-3785.2747815050575,-156.94755935263993,0.0154131096447087,0.0187433674612537,7250.540755240901,0.2129950672479066,829815.7,0.8258954367819265,0.0180995475113121
35720,2025-08-26,0.0046367851622874,-0.0030674846625766,0.0124610591900311,0.1627906976744186,0.0140405616224648,0.0281249999999999,-0.0092735703245749,64520.0,61435.0,58215.833333333336,0.0074395536267823,0.0580288109383901,0.1165347342504186,64.73374603588388,0.0124610591900311,0.1627906976744186,2089.548317828543,1941.7014481175877,147.84686971095562,0.0137562355770475,0.031340004892439,2668.979611446593,0.2914637712278172,3799553.5,0.6300303443549354,-0.0876923076923077
660,2025-08-27,-0.0057361376673039,0.0176125244618394,-0.0334572490706319,-0.0095238095238094,0.0038610038610038,0.01953125,-0.0095602294455067,255400.0,262350.0,264141.6666666667,0.0180109631949882,-0.0089574995235373,-0.0156797173234061,47.884931693936615,-0.0334572490706319,-0.0095238095238094,-2503.402388706105,-1837.4520816860352,-665.9503070200694,0.0293844276679223,0.0277854733384493,9169.614902574338,0.3662146906430965,2801557.05,1.0000131890942574,0.0096153846153845
5380,2025-08-27,0.0068649885583524,-0.0022675736961451,0.0328638497652582,0.0091743119266054,0.004566210045662,0.011441647597254,0.0022883295194509,220400.0,216000.0,210090.0,-0.0018148820326678,0.0185185185185186,0.0471702603646055,57.41183314628983,0.0328638497652582,0.0091743119266054,2504.526291105314,2284.73712545774,219.789165647574,0.0105347272605059,0.0140414508020151,4946.148342931611,-0.5820310659873307,671366.3,0.50220423634609,0.0068181818181818
5930,2025-08-27,0.0042674253200569,0.0014184397163119,-0.0070323488045006,0.0,0.007132667617689,0.0157593123209169,-0.0028449502133712,70880.0,70705.0,64865.0,-0.0039503386004514,-0.0014850434905593,0.0884143991366683,56.50528293154954,-0.0070323488045006,0.0,1268.0683723076363,1625.8581307484258,-357.78975844078946,0.0103890332408156,0.0160516386253557,1490.419144398886,-0.2847312550624403,16050655.5,0.6556370859744638,-0.0113314447592067
35420,2025-08-27,-0.0135746606334841,-0.0158013544018058,-0.022421524663677,-0.0643776824034334,-0.018018018018018,0.0254041570438798,0.004524886877828,221900.0,226500.0,234751.66666666663,-0.017575484452456,-0.0375275938189845,-0.0713590957820675,38.21292009024026,-0.022421524663677,-0.0643776824034334,-4201.368503878184,-3868.493525979683,-332.87497789850113,0.0145698444030109,0.0188181329160103,7125.502129866551,0.0091020382554085,817977.4,0.8454744593188027,0.0137614678899082
35720,2025-08-27,-0.0138461538461538,-0.0183767228177641,0.0062794348508634,0.144642857142857,-0.0213740458015266,0.029874213836478,0.0076923076923076,64280.0,61840.0,58572.5,-0.0028002489110142,0.0365459249676585,0.0943702249349096,60.389341555504714,0.0062794348508634,0.144642857142857,1979.8941625433365,1949.3399910027376,30.554171540598873,0.014852865204777,0.0316964226407304,2614.0524963432645,-0.2288755193551432,3828212.05,0.4821948146785652,-0.0811232449297971
660,2025-08-28,0.0326923076923078,0.0959183673469388,-0.0341726618705036,0.0189753320683112,0.0570866141732282,0.0612648221343874,-0.0230769230769231,260100.0,262600.0,265158.3333333333,0.0322952710495962,0.0224676313785223,0.0126025330777208,53.38871143138447,-0.0341726618705036,0.0189753320683112,-1681.6956848217817,-1806.3008023131847,124.60511749140323,0.0171551103197554,0.028734282503938,9621.785266676172,0.369229088868694,2869217.9,1.3369580609405791,-0.0111731843575418
5380,2025-08-28,0.009090909090909,0.002257336343115,0.0277777777777776,-0.0044843049327354,0.0160183066361556,0.0321100917431191,-0.0068181818181818,220500.0,215950.0,210723.33333333337,0.0068027210884353,0.0280157443852744,0.0535140864008099,60.15007344142922,0.0277777777777776,-0.0044843049327354,2609.1604631726514,2349.6217930007224,259.53867017192897,0.0112425281000195,0.0131956411479693,5092.85203272221,1.1790321002007933,646134.4,1.1370529103542544,-0.0022522522522522
5930,2025-08-28,-0.0141643059490085,-0.0141643059490085,-0.0319888734353268,-0.0413223140495867,-0.007132667617689,0.0114942528735633,-0.0070821529745042,70680.0,70555.0,65078.333333333336,-0.0152801358234295,-0.0135355396499184,0.0694803698107409,51.58610647741863,-0.0319888734353268,-0.0413223140495867,1093.0654598190886,1519.2995965625585,-426.2341367434699,0.0121651983159257,0.0148920940674313,1455.3892055132517,0.1002165173724665,14891484.5,0.7774929356438574,0.007183908045977
35420,2025-08-28,-0.0022935779816514,-0.0246636771300448,-0.0333333333333333,-0.0705128205128204,0.0,0.0162790697674417,-0.0022935779816514,220800.0,225675.0,235268.33333333337,-0.014945652173913,-0.0362246593552675,-0.0755236928046698,37.777595805063775,-0.0333333333333333,-0.0705128205128204,-4396.410443522414,-3974.0769094882294,-422.33353403418505,0.0135643117247453,0.0187384591670209,6866.53769201894,-0.039995430746162,812735.95,0.8168938509487614,0.0436781609195402
35720,2025-08-28,-0.0093603744149766,-0.0078125,0.0,0.1278863232682061,-0.0047021943573667,0.0238853503184712,-0.0046801872074883,64180.0,62200.0,58911.666666666664,-0.0105952009971953,0.0209003215434082,0.0778849690214162,57.613362650826936,0.0,0.1278863232682061,1823.556643017393,1924.1833214056687,-100.62667838827564,0.0125270706976274,0.0319123449528329,2534.477318033031,-0.3337110984948622,3723987.15,0.3302728904421703,-0.0787401574803149
660,2025-08-29,0.0018621973929235,0.0717131474103585,-0.0271247739602169,-0.016453382084095,0.0037313432835821,0.0150375939849625,-0.0018621973929237,263700.0,262375.0,266016.6666666667,0.0200985968904057,0.0252501191043355,0.0112148361631476,53.69847390325475,-0.0271247739602169,-0.016453382084095,-978.8577181338331,-1640.8121854773144,661.9544673434812,0.0181687476831038,0.0274167926533455,9220.229176199302,-0.5067478722760859,2790192.05,0.6781350409194952,0.0167286245353159
5380,2025-08-29,-0.009009009009009,0.0,0.0114942528735633,0.0328638497652582,-0.0134529147982063,0.0274599542334095,0.0045045045045044,220500.0,216300.0,211290.0,-0.0022675736961451,0.0171058714748035,0.0412229636991812,56.254892868213254,0.0114942528735633,0.0328638497652582,2501.8606211949664,2380.0695586395714,121.791062555395,0.0116417796892487,0.0083492809553194,5157.648316099196,-0.1742696569568892,528642.25,1.147571916546587,0.0
5930,2025-08-29,0.0014367816091953,-0.0238095238095238,-0.026536312849162,-0.0238095238095238,-0.0057061340941512,0.0114777618364418,0.007183908045977,70340.0,70470.0,65276.666666666664,-0.0090986636337787,-0.0109266354477082,0.0677628555379665,52.035788309691846,-0.026536312849162,-0.0238095238095238,951.4755373871012,1405.734784727467,-454.25924734036585,0.0098849046415073,0.0145065611511927,1415.7185479765906,0.0090035225354516,14147194.25,0.8257656460750159,-0.0028694404591105
35420,2025-08-29,-0.0137931034482758,-0.0337837837837837,-0.0445434298440979,-0.0872340425531914,-0.0137931034482758,0.0186915887850467,0.0,219300.0,224650.0,235751.66666666663,-0.0218878248974008,-0.045181393278433,-0.0901442902489201,35.18743785599423,-0.0445434298440979,-0.0872340425531914,-4738.435775796126,-4126.9486827498085,-611.4870930463176,0.0141190293125321,0.0187803292548853,6661.7849997318735,0.13053851448746,824212.05,0.9106709857008278,0.0675990675990676
35720,2025-08-29,-0.0157480314960629,-0.0172955974842767,-0.029503105590062,0.0775862068965518,-0.0234375,0.0387722132471728,0.0078740157480314,63960.0,62425.0,59260.0,-0.0228267667292058,0.001201441730076,0.0546743165710428,53.222175725650935,-0.029503105590062,0.0775862068965518,1600.516630362967,1859.4499831971284,-258.9333528341617,0.0140536440806569,0.0317698545353819,2524.8717953163864,0.3854725301886608,3706069.9,0.4597962385976584,-0.0639999999999999
660,2025-09-01,-0.0483271375464684,-0.0134874759152215,-0.0429906542056074,-0.0077519379844961,-0.0134874759152215,0.0235294117647058,-0.0353159851301114,263000.0,262275.0,266541.6666666667,-0.026615969581749,-0.023925269278429,-0.0395497889635767,45.27397055063723,-0.0429906542056074,-0.0077519379844961,-1454.0831548525605,-1603.4663793523637,149.38322449980342,0.0294627491623343,0.0265667016350239,9561.641377899352,-0.0291063971921546,2720675.05,0.6752199238200094,0.08203125
5380,2025-09-01,0.0022727272727272,-0.0067567567567567,0.0184757505773671,0.05,0.0,0.0182648401826484,0.0022727272727272,220200.0,216825.0,211805.0,0.0013623978201635,0.0169491525423728,0.041051910955832,57.004509194245585,0.0184757505773671,0.05,2429.1686011703277,2389.889367145722,39.2792340246051,0.0106781222973429,0.0074829409034045,5074.959150663539,-0.1681070789822881,499711.85,1.0099260203655367,-0.0090702947845805
5930,2025-09-01,-0.0301291248206599,-0.0545454545454545,-0.0342857142857142,-0.0188679245283018,-0.0116959064327485,0.0162962962962962,-0.0186513629842181,69560.0,70405.0,65418.333333333336,-0.0281771132834962,-0.0398409203891768,0.0333494688033424,43.00272101116943,-0.0342857142857142,-0.0188679245283018,662.1788683889754,1257.0236014597688,-594.8447330707934,0.0141166737866937,0.0139354496506241,1471.7386516925485,0.0273984492907071,13545384.7,0.8860835824027944,0.03698224852071
35420,2025-09-01,0.0046620046620047,-0.0443458980044345,-0.0464601769911504,-0.0422222222222222,0.0189125295508274,0.0285035629453682,-0.0139860139860139,217300.0,224175.0,236156.66666666663,-0.0082834790612057,-0.0386974461915914,-0.0874701822236651,36.74431703463464,-0.0464601769911504,-0.0422222222222222,-4872.632993095496,-4276.085544818947,-596.5474482765494,0.0099442669400496,0.0165671340013168,6614.514642608168,-0.1540156624290887,814574.8,0.7795281661058014,0.0580046403712297
35720,2025-09-01,-0.0208,-0.0540958268933539,-0.0584615384615384,0.1027027027027027,0.0099009900990099,0.0436974789915967,-0.0303999999999999,63260.0,62710.0,59541.666666666664,-0.0325640214985772,-0.0240790942433424,0.0278516445066481,48.09064067893699,-0.0584615384615384,0.1027027027027027,1303.826972239258,1748.3253810055544,-444.4984087662965,0.009667976040816,0.0303832670377643,2558.809524222359,0.4623056893717683,3717845.2,0.6702331232080345,-0.0326797385620915
660,2025-09-02,0.017578125,-0.0038240917782026,-0.0095057034220532,0.0096899224806201,0.017578125,0.021484375,0.0,262800.0,262400.0,267066.6666666667,-0.008751902587519,-0.0072408536585365,-0.0245881178232652,48.29772067084035,-0.0095057034220532,0.0096899224806201,-1450.8656690356147,-1572.946237289014,122.08056825339918,0.0306141930342179,0.0268577129796734,9271.524136620828,-0.1373634090233602,2685832.65,0.5900255922497628,0.1055662188099808
5380,2025-09-02,-0.0022675736961451,0.0068649885583524,0.004566210045662,0.042654028436019,-0.004524886877828,0.0184331797235022,0.002267573696145,220500.0,217275.0,212175.0,-0.0022675736961451,0.0125417098147508,0.0368799340167314,55.97160043426445,0.004566210045662,0.042654028436019,2304.6472908812866,2372.8409518928356,-68.19366101154901,0.0072728251191784,0.0075344900068391,4998.176354187572,-0.2759990647390781,485396.9,0.7527509961435682,-0.0045454545454545
5930,2025-09-02,0.022189349112426,-0.0170697012802275,-0.0128571428571429,-0.0086083213773314,0.019174041297935,0.0250737463126844,0.0029585798816567,69320.0,70375.0,65573.33333333333,-0.0031736872475476,-0.0181172291296625,0.0537820252135015,49.71715757546138,-0.0128571428571429,-0.0086083213773314,547.6338557165,1115.145652311115,-567.5117965946151,0.0197942101480785,0.014617717417145,1502.3287480002236,-0.1165035026910995,13336582.5,0.7951083420359001,0.0347322720694645
35420,2025-09-02,0.0440835266821346,0.0180995475113121,-0.0022172949002217,-0.032258064516129,0.0416666666666667,0.0601851851851851,0.0023201856148491,218100.0,223800.0,236598.33333333337,0.0316368638239339,0.0053619302949061,-0.0490211962608923,49.22305296348885,-0.0022172949002217,-0.032258064516129,-4164.40992410676,-4253.75042067651,89.34049656975003,0.0238329182545356,0.0178957914335247,7106.335025279013,1.820499414158467,840290.95,2.131371282768189,0.0266666666666666
35720,2025-09-02,-0.0310457516339869,-0.0876923076923077,-0.0904907975460123,0.0703971119133572,-0.0388978930307941,0.0687285223367697,0.0081699346405228,62120.0,62905.0,59673.333333333336,-0.04539600772698,-0.0573086400127176,-0.0062562842140543,41.75414425500318,-0.0904907975460123,0.0703971119133572,904.9524312906068,1579.650791062565,-674.6983597719582,0.0082896391099533,0.0314294106467378,2661.7517010636193,0.4692777135454644,3495225.85,1.047480236506033,0.0050590219224282
660,2025-09-03,0.0076775431861804,0.0096153846153845,0.0273972602739727,-0.0037950664136622,0.0115606936416186,0.0300678952473327,-0.0038387715930902,263300.0,262350.0,267600.0,-0.0030383592859856,0.0005717552887363,-0.0190582959641255,49.62979315781458,0.0273972602739727,-0.0037950664136622,-1272.2666055717564,-1512.8103109455624,240.543705373806,0.0306158868514911,0.0264805076385733,9162.843841147913,0.5383862031538893,2701818.9,0.9023165838391316,0.158095238095238
5380,2025-09-03,0.0068181818181818,0.0068181818181818,0.0045351473922903,0.0522565320665082,0.0137299771167047,0.0228832951945079,-0.0068181818181818,220800.0,217825.0,212583.33333333337,0.0031702898550725,0.0168713416733616,0.0419443355546844,58.40651643270122,0.0045351473922903,0.0522565320665082,2300.4821926106233,2358.369200036393,-57.88700742576975,0.0072640415585158,0.0075265868396343,4998.306614602745,0.2581811414324146,484357.3,0.9491299088503466,-0.0045146726862302
5930,2025-09-03,0.0101302460202605,-0.0113314447592067,-0.0099290780141844,-0.0014306151645206,0.0086705202312138,0.0145348837209302,0.0014471780028944,69160.0,70370.0,65750.0,0.0092539039907459,-0.0081000426318033,0.0615969581749049,52.52768194216424,-0.0099290780141844,-0.0014306151645206,507.490226349546,993.6145671188012,-486.12434076925535,0.0205136495035365,0.0147905131848964,1466.4481231430648,-0.0302733074639184,13131087.8,0.7831041233308942,0.0401146131805156
35420,2025-09-03,-0.0177777777777777,0.0137614678899082,-0.002257336343115,-0.0474137931034482,-0.0155902004454342,0.0227272727272727,-0.0022222222222222,218700.0,223250.0,236948.33333333337,0.0105166895290351,-0.0100783874580067,-0.0673072188733128,45.18146168626421,-0.002257336343115,-0.0474137931034482,-3881.1649563907417,-4179.233327819356,298.06837142861514,0.0246594907491308,0.018263655826021,6955.8825234733695,-0.6028932892306524,841660.65,0.8450044563684901,0.0565610859728507
35720,2025-09-03,-0.0067453625632377,-0.0811232449297971,-0.0980091883614089,0.0767824497257769,-0.0117449664429529,0.030716723549488,0.0050590219224282,61080.0,63115.0,59821.666666666664,-0.0356908971840209,-0.0667828566901687,-0.0154069038531189,40.5430007775562,-0.0980091883614089,0.0767824497257769,550.2222076836551,1373.7650743867832,-823.5428667031281,0.0097014661591374,0.0312940955337938,2600.1980081305037,-0.5515358436351121,3360167.75,0.4886386996601583,0.0169779286926994
660,2025-09-04,0.0114285714285713,-0.0111731843575418,0.083673469387755,0.0270793036750482,-0.0056179775280899,0.0245746691871455,0.0171428571428571,262700.0,262700.0,268025.0,0.0106585458698134,0.0106585458698134,-0.0094207629885272,51.642399576734356,0.083673469387755,0.0270793036750482,-878.5235603442998,-1385.95296082531,507.42940048101013,0.0265442789257347,0.0261963155439788,9115.497852494487,-0.1017012210529079,2742588.9,0.7985006429508994,0.1563088512241055
5380,2025-09-04,0.0,-0.0022522522522522,0.0,0.0522565320665082,0.002262443438914,0.0091116173120728,-0.002257336343115,220700.0,218375.0,212925.0,0.0036248300860897,0.0143102461362334,0.0402723963837032,58.40651643270122,0.0,0.0522565320665082,2271.002617696417,2340.895883568398,-69.89326587198138,0.0058523839698929,0.0075265868396343,4784.141856416834,-0.4572672812463293,477566.0,0.5224492530875313,0.0067720090293452
5930,2025-09-04,0.004297994269341,0.007183908045977,-0.0070821529745042,0.0188953488372092,0.0086330935251799,0.0115440115440115,-0.0042979942693409,69260.0,70435.0,65920.0,0.0121282125324861,-0.0047561581600056,0.0634101941747573,53.721544386178294,-0.0070821529745042,0.0188953488372092,494.18692440849554,893.7290385767402,-399.54211416824467,0.0194340452017756,0.0143377994178179,1418.844685775703,0.1946322326470784,13118187.75,0.9364413922189824,0.0470756062767474
35420,2025-09-04,0.0271493212669682,0.0436781609195402,0.0179372197309417,-0.0065645514223194,0.0248306997742664,0.0361173814898418,0.002262443438914,220600.0,223175.0,237381.66666666663,0.029011786038078,0.017139016466898,-0.0437340710108193,51.60090056656176,0.0179372197309417,-0.0065645514223194,-3136.3871046885324,-3970.664083193192,834.2769785046594,0.0265308945148969,0.0191250533586844,7066.176628939557,0.3664629285144831,836431.65,1.1618857320858196,0.0264317180616739
35720,2025-09-04,-0.0067911714770797,-0.0787401574803149,-0.0859375,0.0299295774647887,-0.0084745762711864,0.0313588850174215,0.0016977928692698,60080.0,63200.0,59940.0,-0.0262982689747004,-0.0743670886075948,-0.024024024024024,39.31488941602287,-0.0859375,0.0299295774647887,234.12049736272456,1145.8361589819715,-911.7156616192468,0.0102429664139346,0.0303071339898903,2543.0410075497534,0.5790025994148271,3291489.75,0.7876606633819838,0.0239316239316238
660,2025-09-05,0.0301318267419963,0.0167286245353159,0.0896414342629481,0.0438931297709923,0.0018315018315018,0.0110294117647058,0.0282485875706215,263600.0,263275.0,268658.3333333333,0.0375569044006069,0.0388377172158389,0.0180216507956203,56.62008278635524,0.0896414342629481,0.0438931297709923,78.15288318542298,-1093.1317920231634,1171.2846752085863,0.0303051913924161,0.0268468380403581,9142.962291602023,0.4171164848291679,2761538.35,1.1238036944154697,0.2010968921389397
5380,2025-09-05,-0.0067720090293453,0.0,0.0,0.0352941176470589,-0.009009009009009,0.0136674259681093,0.002257336343115,220700.0,218750.0,213233.33333333337,-0.0031717263253284,0.0057142857142857,0.0317336251367827,54.88618543796398,0.0,0.0352941176470589,2102.367593274248,2293.190225509568,-190.82263223531984,0.0050659244576832,0.0076177089860877,4656.703152387061,-0.0154386302424008,468771.25,0.5240338437990811,0.0159090909090908
5930,2025-09-05,-0.0085592011412267,-0.0028694404591105,-0.026610644257703,-0.0141843971631205,-0.0113798008534851,0.0129496402877697,0.0028530670470756,69220.0,70385.0,66086.66666666667,0.0040450736781276,-0.0125737017830503,0.0516493493392513,50.961170408263406,-0.026610644257703,-0.0141843971631205,430.2691018118494,801.0370512237621,-370.7679494119127,0.0199601374610636,0.0133418017988504,1381.7843510774385,-0.0616789697905003,12944113.3,0.8904993129193329,0.0848920863309352
35420,2025-09-05,0.0088105726872247,0.0675990675990676,0.0315315315315314,-0.0276008492569002,0.0065934065934065,0.0221729490022173,0.002202643171806,223500.0,222850.0,237883.33333333337,0.0246085011185681,0.0275970383666144,-0.0373432354795768,53.55338298927386,0.0315315315315314,-0.0276008492569002,-2357.585231079225,-3648.0483127703983,1290.4630816911736,0.0234520299266709,0.0178562665819126,6918.592584015303,-0.0308837481143976,832548.05,1.1312548266733673,0.0305676855895196
35720,2025-09-05,0.0,-0.0639999999999999,-0.080188679245283,-0.080188679245283,-0.025,0.0256410256410255,0.0256410256410255,59280.0,62945.0,60073.333333333336,-0.0131578947368421,-0.0706172054968623,-0.0261902119631561,39.31488941602287,-0.080188679245283,-0.080188679245283,-16.20557764498517,913.4278116565802,-929.6333893015652,0.012581036967005,0.0122574952505775,2468.538078439057,-0.407503807987188,2772794.35,0.5539869914983057,0.1196581196581196
660,2025-09-08,0.012797074954296,0.08203125,0.0674373795761078,0.0799220272904484,-0.0053859964093356,0.0182481751824816,0.0182815356489944,267800.0,264300.0,269350.0,0.0343539955190441,0.0480514566780174,0.0284017078151104,58.62661574978035,0.0674373795761078,0.0799220272904484,1105.997357367596,-653.3059621450116,1759.3033195126077,0.0086975434621267,0.026349635143152,8882.750699344739,-0.3496547526331375,2728644.6,0.7396708974118505,0.1949458483754513
5380,2025-09-08,-0.0068181818181818,-0.0090702947845805,-0.0157657657657657,0.0282352941176471,0.0022935779816513,0.0139211136890951,-0.009090909090909,220300.0,219050.0,213558.33333333337,-0.0081706763504312,-0.0025108422734535,0.0231396573925937,51.540714124818315,-0.0157657657657657,0.0282352941176471,1826.629410683934,2199.878062544441,-373.2486518605069,0.0056487696050193,0.0078498054134483,4645.510070073699,0.5560793317375801,465850.75,0.820550358671742,-0.0160183066361555
5930,2025-09-08,0.0086330935251799,0.03698224852071,-0.0195804195804195,-0.0236768802228412,0.004297994269341,0.0129310344827586,0.0043165467625898,69720.0,70300.0,66283.33333333333,0.0054503729202524,-0.0028449502133712,0.0575810912748302,53.53247575543381,-0.0195804195804195,-0.0236768802228412,423.1509319505276,725.4598273691153,-302.30889541858767,0.0110905265211316,0.0127721532779468,1354.514040286193,-0.1963774789784157,12295213.65,0.7533935776707711,0.0912981455064194
35420,2025-09-08,-0.0043668122270742,0.0580046403712297,0.0110864745011085,-0.0065359477124182,-0.0021881838074397,0.0154867256637167,-0.002183406113537,226000.0,222775.0,238341.66666666663,0.0088495575221239,0.023454157782516,-0.0433900912555504,52.41481595570331,0.0110864745011085,-0.0065359477124182,-1800.3178345924243,-3278.502217134804,1478.1843825423798,0.0246106312145407,0.0169495245737111,6674.407399442782,-0.2390425387333514,786480.0,0.9112602990540128,0.0263157894736842
35720,2025-09-08,0.0119658119658119,-0.0326797385620915,-0.0850077279752704,-0.0721003134796238,0.008517887563884,0.0255972696245734,0.0034188034188034,58880.0,62715.0,60201.666666666664,0.0054347826086955,-0.056047197640118,-0.0166385205282245,42.82968338281689,-0.0850077279752704,-0.0721003134796238,-156.30486059809482,699.4812772056453,-855.7861378037401,0.0156993025738858,0.0126831647575377,2406.4996442648385,0.0845672004020592,2495104.6,0.667705474151264,0.0810810810810811
660,2025-09-09,0.0397111913357399,0.1055662188099808,0.1013384321223709,0.0786516853932584,0.0359712230215827,0.0415162454873645,0.0036101083032491,273300.0,265350.0,270016.6666666667,0.0537870472008781,0.08535895986433,0.0666008271094376,64.22704951657789,0.1013384321223709,0.0786516853932584,2776.1775310730445,32.590736498599625,2743.586794574445,0.0138543277324489,0.0262610194351017,9069.697077962972,1.0603201012337615,2815788.05,1.476795101818832,0.2083333333333332
5380,2025-09-09,0.0022883295194509,-0.0045454545454545,0.0022883295194509,0.0305882352941175,-0.0022779043280182,0.0091533180778031,0.0045766590389015,220100.0,219375.0,213850.0,-0.0049977283053157,-0.0017094017094017,0.0240823006780452,52.57832515236109,0.0022883295194509,0.0305882352941175,1629.6649723503797,2085.835444505629,-456.1704721552492,0.0059171591263293,0.0078446561710696,4456.545065068435,0.0664427317961355,471300.55,0.8649512503221141,-0.0182648401826484
5930,2025-09-09,0.0199714693295292,0.0347322720694645,0.0170697012802276,0.0070422535211267,0.0199714693295292,0.0214285714285713,0.0,70200.0,70325.0,66521.66666666667,0.0185185185185186,0.0167081407749734,0.0748377721544357,58.94215126713562,0.0170697012802276,0.0070422535211267,524.4326970796828,685.2544013112288,-160.82170423154594,0.0103689272266672,0.0133680679744598,1364.905894551465,0.60531450745347,12471013.25,1.1923846685031787,0.1104895104895105
35420,2025-09-09,0.013157894736842,0.0266666666666666,0.0452488687782806,0.0358744394618835,0.0109409190371991,0.0309734513274335,0.0021929824561404,227200.0,223175.0,238700.0,0.016725352112676,0.0350621709420857,-0.032258064516129,55.47324677347927,0.0452488687782806,0.0358744394618835,-1103.8796426487097,-2843.5777022375855,1739.6980595888758,0.01715699400033,0.0158269282429413,6697.664013768298,0.2969004643582702,769711.8,1.2075597645768197,0.0173160173160173
35720,2025-09-09,0.0067567567567567,0.0050590219224282,-0.083076923076923,-0.0716510903426791,-0.0016750418760469,0.0118644067796609,0.008445945945946,58940.0,62485.0,60308.333333333336,0.011197828299966,-0.0461710810594542,-0.0117451982865828,44.79723087024656,-0.083076923076923,-0.0716510903426791,-232.37917219271912,513.1091873259724,-745.4883595186915,0.0082926978852889,0.0127036849673677,2284.606812531636,-0.1829027097920461,2363018.65,0.5760767059540559,0.0553691275167784
660,2025-09-10,0.0555555555555555,0.158095238095238,0.1692307692307693,0.1301115241635688,0.032258064516129,0.0409556313993173,0.0225694444444444,281600.0,267100.0,270933.3333333333,0.0795454545454545,0.1381505054286784,0.1220472440944882,70.4852765936324,0.1692307692307693,0.1301115241635688,5329.439176784479,1091.9604245557755,4237.478752228703,0.0186294215046714,0.0286739504213581,9636.147286679903,0.2662626113965614,2928633.3,1.797955722213498,0.0970394736842106
5380,2025-09-10,0.0068493150684931,-0.0045146726862302,0.0022727272727272,0.0352112676056337,0.0045558086560364,0.0136986301369863,0.0022831050228311,219900.0,219750.0,214108.33333333337,0.0027285129604366,0.0034129692832765,0.0298524890047873,55.646574653787454,0.0022727272727272,0.0352112676056337,1576.4345437716693,1983.955264358837,-407.5207205871677,0.0059273148401627,0.0079332052564567,4352.506131849262,0.0485217783795983,475313.0,0.8992642742782124,-0.0204081632653061
5930,2025-09-10,0.0153846153846153,0.0401146131805156,0.028328611898017,0.021097046413502,0.0111420612813371,0.0167597765363127,0.0041958041958041,70760.0,70400.0,66763.33333333333,0.0260033917467494,0.03125,0.0874232363073543,62.62398374405263,0.028328611898017,0.021097046413502,685.5573541229824,685.3149918735795,0.242362249402845,0.0110243664063771,0.0137804994066991,1360.2697592263603,0.4746606394178441,12777558.7,1.716177989462103,0.0771349862258952
35420,2025-09-10,0.0108225108225108,0.0565610859728507,0.0711009174311927,0.047085201793722,0.0064655172413792,0.0173535791757049,0.0043290043290042,229700.0,223700.0,239150.0,0.0165433173704832,0.043808672329012,-0.0236253397449299,57.9015158194392,0.0711009174311927,0.047085201793722,-346.2271601554821,-2344.1075938211648,1997.8804336656824,0.0112511701828486,0.0159437898133571,6504.973727070563,-0.014704031209083,778325.05,1.1766369333737876,0.0
35720,2025-09-10,0.0050335570469799,0.0169779286926994,-0.0655226209048361,-0.0596546310832024,-0.0016666666666667,0.0201342281879195,0.0067114093959732,59140.0,62295.0,60443.333333333336,0.0128508623605005,-0.0384461032185569,-0.0089891358297028,46.29021096962423,-0.0655226209048361,-0.0596546310832024,-265.40173344557115,357.4070031716637,-622.8087366172349,0.0071191500479053,0.0128060879930486,2207.1348973508047,0.2232134461683121,2315272.6,0.7191965213945001,0.0434056761268781
660,2025-09-11,0.0098684210526316,0.1563088512241055,0.143389199255121,0.1043165467625899,-0.0096774193548386,0.0310965630114565,0.019736842105263,289900.0,268550.0,271941.6666666667,0.0589858571921351,0.1431763172593558,0.1289185793521894,71.49231148082845,0.143389199255121,0.1043165467625899,7508.439734800137,2375.256286604648,5133.183448195488,0.0190255260832189,0.0279847187771824,9733.565337631338,-0.0223081982082413,3012403.0,1.7089639068876243,0.1498371335504886
5380,2025-09-11,0.0113378684807257,0.0067720090293452,0.0045045045045044,0.0324074074074074,0.0067720090293452,0.0182648401826484,0.0045351473922903,220200.0,220100.0,214391.66666666663,0.0127157129881925,0.0131758291685597,0.0401523691063863,60.261442941001725,0.0045045045045044,0.0324074074074074,1716.1949254405336,1930.4031965751765,-214.20827113464293,0.0081173118666964,0.0077298238537675,4327.327122431458,0.3322259447116733,484906.25,1.1743218405619642,-0.0201793721973093
5930,2025-09-11,0.0110192837465563,0.0470756062767474,0.0545977011494251,0.0208623087621697,0.0027322404371583,0.0208044382801664,0.0082644628099173,71420.0,70475.0,66990.0,0.0277233267992158,0.0415040794608017,0.0956859232721301,65.07679384910342,0.0545977011494251,0.0208623087621697,867.799665434708,721.8119265858053,145.98773884890272,0.0108772015402345,0.0137716121334745,1370.250490710192,-0.0517618913959941,13201946.65,1.575032951674593,0.0967302452316076
35420,2025-09-11,-0.0021413276231263,0.0264317180616739,0.071264367816092,0.0355555555555555,-0.0063965884861407,0.019438444924406,0.0042826552462527,230900.0,224100.0,238975.0,0.0090948462537894,0.039714413208389,-0.0250026153363323,57.22929975616581,0.071264367816092,0.0355555555555555,211.43478094495367,-1832.9991188679412,2044.4338998128949,0.0079589562705814,0.0158971945219491,6361.7613179940945,-0.1174844890730132,767865.75,1.0525446668248974,0.0236051502145921
35720,2025-09-11,0.0,0.0239316239316238,-0.0566929133858268,-0.0566929133858268,-0.0066334991708125,0.015075376884422,0.0066777963272119,59420.0,62115.0,60521.666666666664,0.008078088185796,-0.0356596635273283,-0.0102718034863547,46.29021096962423,-0.0566929133858268,-0.0566929133858268,-288.24958931665606,228.27568467399976,-516.5252739906558,0.0050324052922198,0.0128234181035723,2113.7681189686045,0.076934256421097,2265344.3,0.7915979924111316,0.0801335559265441
660,2025-09-12,0.0700325732899023,0.2010968921389397,0.221189591078067,0.1880650994575046,0.0201863354037266,0.0329153605015672,0.0488599348534202,300900.0,271150.0,273316.6666666667,0.0917248255234297,0.2115065461921446,0.2019025550338433,77.43456738970588,0.221189591078067,0.1880650994575046,10845.167354501318,4069.238500183982,6775.928854317336,0.0262819150202492,0.0313421205490209,10645.45352780053,-0.1759045299924942,3119476.3,1.3600090502370543,0.0745814307458143
5380,2025-09-12,0.0022421524663676,0.0159090909090908,0.0159090909090908,0.0275862068965517,0.0044943820224718,0.0158730158730158,-0.0022421524663677,220900.0,220400.0,214666.66666666663,0.0117700316885469,0.0140653357531761,0.0411490683229813,61.132474158007525,0.0159090909090908,0.0275862068965517,1846.02206292536,1913.5269698452132,-67.50490691985328,0.0067389347281122,0.0076303623603065,4268.232327972068,0.1699014463433994,490880.7,1.3571199682529786,-0.0425055928411632
5930,2025-09-12,0.0272479564032697,0.0848920863309352,0.0817790530846485,0.053072625698324,0.0107238605898123,0.0188679245283018,0.0163487738419618,72600.0,70665.0,67260.0,0.0385674931129476,0.0670062973183329,0.1210228962236099,70.32064204192929,0.0817790530846485,0.053072625698324,1160.2368077395076,809.4969028165458,350.73990492296184,0.0074284646920944,0.0148830000299221,1429.5183128023211,0.3571393292548475,14015624.45,2.013444217249985,0.0570291777188329
35420,2025-09-12,0.0128755364806867,0.0305676855895196,0.1002331002331002,0.0512249443207126,0.0063965884861407,0.0279569892473119,0.0064377682403433,232300.0,224675.0,238708.33333333337,0.0159276797244942,0.0504061422054078,-0.011345784604643,60.213900551455815,0.1002331002331002,0.0512249443207126,885.256133306335,-1289.348068433086,2174.604201739421,0.0085949532799782,0.0160505068894828,6371.635509565945,0.4744863049715855,769189.6,1.5492916180874,-0.0084745762711864
35720,2025-09-12,0.0934891485809683,0.1196581196581196,0.048,0.0170807453416148,0.0826446280991735,0.0963455149501661,0.0100166944908179,60820.0,62170.0,60606.666666666664,0.0769483722459716,0.0535628116454882,0.080739192608074,66.12445306653152,0.048,0.0170807453416148,143.8582112324002,211.39218998567983,-67.53397875327965,0.0393862321925604,0.0249197849035972,2398.4989676137043,2.8080733107968694,2439802.4,2.7989139612289913,0.0229007633587785
660,2025-09-15,0.0076103500761035,0.1949458483754513,0.29296875,0.2373831775700934,-0.0250368188512518,0.0507692307692306,0.0334855403348555,311700.0,274325.0,274550.0,0.0619185113891562,0.2065980133053859,0.2056091786559826,78.00858955501559,0.29296875,0.2373831775700934,13535.251189258648,5962.441037998916,7572.810151259732,0.0275757902052149,0.0297796470479357,11063.63541867192,-0.0050111773296789,3230878.1,1.3065352109694266,0.0604229607250754
5380,2025-09-15,-0.0380313199105145,-0.0160183066361555,-0.0249433106575963,-0.0069284064665127,-0.0293453724604966,0.0302325581395348,-0.0089485458612975,220200.0,220325.0,214750.0,-0.0236148955495004,-0.024168841484171,0.0011641443538998,43.62594421268647,-0.0249433106575963,-0.0069284064665127,1248.6385146536632,1780.5492788069032,-531.91076415324,0.0199073087730068,0.0116268142087648,4570.501447402635,1.5702343496691604,556202.5,3.0784633294528523,0.013953488372093
5930,2025-09-15,0.0145888594164456,0.0912981455064194,0.1316568047337278,0.0928571428571427,-0.0090673575129534,0.0223978919631093,0.0238726790450929,73880.0,70990.0,67543.33333333333,0.0354629128316188,0.0776165657134808,0.1326062281004787,72.74465562762519,0.1316568047337278,0.0928571428571427,1463.8814427904,940.3738108113168,523.5076319790832,0.0062445706041901,0.0138693012433168,1484.5527190307268,-0.2945063015956454,14331285.15,1.3891849050257714,0.0915032679738561
35420,2025-09-15,-0.0084745762711864,0.0263157894736842,0.0858468677494199,0.0353982300884956,-0.0084745762711864,0.019438444924406,0.0,233500.0,225075.0,238116.66666666663,0.0021413276231263,0.0396534488503832,-0.0172884440400363,57.34113868637215,0.0858468677494199,0.0353982300884956,1243.5462967426574,-782.7691953979373,2026.3154921405949,0.0099339340226133,0.0162057977369472,6237.947258882663,-0.4034533888171425,780748.6,0.9105414982492444,-0.0085470085470085
35720,2025-09-15,-0.0229007633587786,0.0810810810810811,0.0457516339869281,-0.0153846153846153,-0.0153846153846153,0.0204081632653061,-0.0076335877862595,61780.0,62120.0,60563.333333333336,0.0359339592101004,0.0302640051513201,0.0567450052286861,59.75868102901651,0.0457516339869281,-0.0153846153846153,361.10667934083176,241.33508785671023,119.7715914841215,0.0446609625752276,0.0253994472175453,2355.7490413555824,-0.6528744374741261,2461992.45,0.9628177373167816,0.0375
660,2025-09-16,0.0513595166163141,0.2083333333333332,0.3358925143953934,0.3231939163498099,0.0497737556561086,0.0678733031674208,0.0015105740181269,323700.0,278575.0,276025.0,0.0750695088044486,0.2492147536570044,0.2607553663617425,81.4619549174763,0.3358925143953934,0.3231939163498099,16844.744208635355,8138.901672126204,8705.84253650915,0.0283890731200455,0.0303097872319864,11916.232888766785,0.3837433692720839,3437452.55,1.6992627287320663,0.0373563218390804
5380,2025-09-16,0.0,-0.0182648401826484,-0.0227272727272727,-0.0182648401826484,-0.0046296296296296,0.0069767441860464,0.0046511627906977,219400.0,220125.0,214975.0,-0.0200546946216955,-0.02328222600795,0.0001162925921618,43.62594421268647,-0.0227272727272727,-0.0182648401826484,766.3734723934322,1577.714117524209,-811.3406451307769,0.0197794271466883,0.0112902902505671,4351.179915445304,-0.7121592712274909,558734.15,0.8820921363048956,0.0186046511627906
5930,2025-09-16,0.0379084967320262,0.1104895104895105,0.1490593342981185,0.1342857142857143,0.0325097529258777,0.0365058670143416,0.0052287581699346,75460.0,71460.0,67900.0,0.0522130930294195,0.1111111111111111,0.1693667157584684,77.87507005436167,0.1490593342981185,0.1342857142857143,1916.4362828697049,1135.5863052229945,780.8499776467104,0.0111458517883136,0.0156872259653305,1592.798953385675,0.4173761308124721,15215544.3,1.854568225995044,0.0667506297229219
35420,2025-09-16,0.0042735042735042,0.0173160173160173,0.0444444444444445,0.0421286031042129,-0.0187891440501043,0.0277185501066097,0.0235042735042734,234300.0,225550.0,237200.0,0.0029876227059326,0.0418975836843271,-0.0092748735244518,58.40958044919176,0.0444444444444445,0.0421286031042129,1589.8585752555227,-308.2436412672453,1898.102216522768,0.0089068659557554,0.0161848058463745,6292.379597533902,0.2995622475045858,805981.1,1.146260129424871,-0.0170212765957447
35720,2025-09-16,-0.0171875,0.0553691275167784,0.06070826306914,-0.0352760736196319,-0.0263157894736841,0.0335463258785941,0.0093749999999999,62440.0,62005.0,60485.0,0.0073670723894938,0.0144343198129182,0.0399272546912456,55.536348614892056,0.06070826306914,-0.0352760736196319,439.45112951876945,280.9582961891221,158.49283332964734,0.0471765193421012,0.0256529961020614,2337.4812526873266,-0.1011263684110611,2432904.15,0.8757989910946553,0.0063593004769475
660,2025-09-17,-0.0416666666666666,0.0970394736842106,0.2704761904761905,0.3052837573385518,-0.0219941348973606,0.0269865067466266,-0.0201149425287355,329600.0,282475.0,276941.6666666667,0.0118325242718446,0.1806354544649968,0.2042247163963528,71.1929120623067,0.2704761904761905,0.3052837573385518,18088.99379123951,10128.920095948866,7960.0736952906445,0.043428229475692,0.0314152710694267,12100.787682426298,-0.2297959215118294,3483818.6,1.2913605777292767,0.0719640179910046
5380,2025-09-17,0.0046511627906977,-0.0204081632653061,-0.0248306997742663,-0.0204081632653061,0.0,0.0069767441860464,0.0046511627906977,218500.0,219900.0,215141.66666666663,-0.0114416475972539,-0.0177353342428376,0.0039896192431343,45.74582624087304,-0.0248306997742663,-0.0204081632653061,459.5689695127075,1354.0850879219088,-894.5161184092012,0.0195139696135772,0.011221785864061,4147.524207199211,-0.162942447575859,540133.35,0.7637891642869303,0.0069444444444444
5930,2025-09-17,-0.0151133501259446,0.0771349862258952,0.1203438395415472,0.1092198581560284,-0.011378002528445,0.0259403372243838,-0.0037783375314861,76580.0,71845.0,68195.0,0.0211543483938365,0.0884543113647435,0.1467116357504216,71.84829256117048,0.1203438395415472,0.1092198581560284,2153.435815320772,1339.1562072425502,814.279608078222,0.0199847180899546,0.0164073619604332,1643.313313858127,-0.2608930067103701,15386084.35,1.355531175155685,0.0920716112531969
35420,2025-09-17,-0.0063829787234042,0.0,0.0565610859728507,0.054176072234763,0.0,0.0239651416122004,-0.0063829787234042,234300.0,226150.0,236250.0,-0.0034144259496372,0.0325005527304886,-0.0116402116402116,56.1382696733292,0.0565610859728507,0.054176072234763,1723.409692890913,98.08702556438634,1625.3226673265267,0.0086773255283108,0.0156389381319144,6235.781054852909,1.2555008096429776,884778.65,2.3551382032104864,-0.0235546038543896
35720,2025-09-17,-0.0063593004769475,0.0434056761268781,0.061120543293718,-0.0428790199081163,-0.0079365079365079,0.0144230769230768,0.0015898251192367,62960.0,61865.0,60353.333333333336,-0.0073062261753493,0.0102642851369918,0.0355683198939578,54.041052495656466,0.061120543293718,-0.0428790199081163,463.9152870140897,317.5496943541157,146.36559265997403,0.0478485490494396,0.0256646832314022,2234.8040203525175,-0.5342644674255597,2310711.2,0.4294604189394156,0.0047999999999999
660,2025-09-18,0.0584707646176911,0.1498371335504886,0.3295668549905839,0.4408163265306122,0.0428360413589365,0.0609212481426448,0.0149925037481259,338800.0,287875.0,278058.3333333333,0.0419126328217236,0.2262266608771168,0.2695177870350946,75.64024243515523,0.3295668549905839,0.4408163265306122,20413.246383977938,12185.785353554682,8227.461030423256,0.0461066991396445,0.0301071474672342,12915.017133681564,0.0060948692403819,3395076.4,1.3331912059475304,0.0099150141643058
5380,2025-09-18,0.0115740740740741,-0.0201793721973093,-0.0135440180586907,-0.0135440180586907,0.0092378752886836,0.0162790697674417,0.0023148148148148,217600.0,219750.0,215166.66666666663,0.0041360294117647,-0.0056882821387941,0.0154918667699457,50.73361237630209,-0.0135440180586907,-0.0135440180586907,413.38801746070385,1165.9456738296678,-752.557656368964,0.019560493167691,0.011510194119607,4101.272478113553,0.582567361858499,542713.4,1.203001436854148,-0.0068649885583523
5930,2025-09-18,0.0294117647058822,0.0967302452316076,0.1483594864479316,0.1402266288951841,0.0176991150442478,0.0241730279898217,0.0115089514066495,78000.0,72340.0,68515.0,0.0320512820512821,0.1128006635333149,0.1749251988615632,75.72587904110314,0.1483594864479316,0.1402266288951841,2498.0544140750717,1570.9358486090546,927.1185654660172,0.0207181128743025,0.0172300588166667,1690.2195057254037,0.2283585352102195,15724844.45,1.6292075308891212,0.0695652173913043
35420,2025-09-18,0.0214132762312633,0.0236051502145921,0.0506607929515419,0.0695067264573991,0.0148936170212765,0.0214132762312633,0.006423982869379,235400.0,226925.0,235500.0,0.0131690739167373,0.0510080423047263,0.0127388535031847,61.5109727336224,0.0506607929515419,0.0695067264573991,2207.2641617745685,519.9224528064228,1687.3417089681457,0.012676241453487,0.016170452420118,6147.510979506273,-0.5179390683067662,911807.85,1.1016652247510264,0.0649895178197064
35720,2025-09-18,0.0351999999999999,0.0801335559265441,0.105982905982906,0.0109375,0.0237341772151897,0.0349761526232115,0.0112,63920.0,61900.0,60275.0,0.0122027534418023,0.0452342487883683,0.0734135213604314,60.36233650153073,0.105982905982906,0.0109375,653.2941535757927,384.6985861984511,268.59556737734164,0.0487001567536838,0.0265704823333403,2260.8894474701947,1.5610600599178324,2226735.55,1.141352865184193,-0.0231839258114373
660,2025-09-19,0.0,0.0745814307458143,0.2906764168190128,0.4063745019920319,0.0042674253200569,0.0344827586206897,-0.0042492917847025,343700.0,292975.0,279058.3333333333,0.027058481233634,0.2048809625394658,0.2649684952369577,75.64024243515523,0.2906764168190128,0.4063745019920319,22001.6124166479,14148.950766173326,7852.6616504745725,0.0409338492505704,0.030362855868456,12849.658766990024,-0.0310945883667095,3461150.45,1.267076673884546,-0.046742209631728
5380,2025-09-19,-0.0205949656750572,-0.0425055928411632,-0.0272727272727272,-0.0272727272727272,-0.018348623853211,0.0306603773584905,-0.0022883295194507,215700.0,219450.0,215241.66666666663,-0.0078813166434863,-0.0248348143084985,-0.0057687095899956,43.05990962768508,-0.0272727272727272,-0.0272727272727272,13.521026337810326,935.4607443312964,-921.939717993486,0.0204117406456779,0.0122879208864981,4272.6101582483,0.9935011525766406,587736.4,2.2144740397225693,0.0023364485981307
5930,2025-09-19,-0.0099378881987577,0.0570291777188329,0.1467625899280575,0.1162464985994398,-0.0172626387176325,0.0201005025125629,0.0074534161490682,78860.0,72755.0,68840.0,0.0106517879786964,0.0954573568826884,0.1577571179546775,72.01053021551633,0.1467625899280575,0.1162464985994398,2675.7692203461047,1791.9025229564647,883.86669738964,0.0234283592009678,0.0175834452446184,1683.7752553164464,-0.1842633416910511,16305892.15,1.2816462790108667,0.0451693851944792
35420,2025-09-19,-0.0188679245283018,-0.0084745762711864,0.0218340611353711,0.0540540540540539,-0.0209205020920502,0.0278372591006423,0.0020964360587001,235000.0,227525.0,235050.0,-0.0042553191489361,0.0284584111636083,-0.0044671346522016,54.98320998213243,0.0218340611353711,0.0540540540540539,2202.2240543554944,856.3827731162372,1345.8412812392571,0.0152678300497853,0.016849309738108,6172.688766684396,0.5781303664384618,963871.1,1.6446628600027535,0.0961538461538462
35720,2025-09-19,0.035548686244204,0.0229007633587785,0.1452991452991452,0.0534591194968554,0.0339506172839505,0.0587326120556415,0.0015455950540959,64220.0,62070.0,60340.0,0.0432886951105575,0.0794264540035443,0.1103745442492543,65.6773659695163,0.1452991452991452,0.0534591194968554,977.6987452856628,503.29861801589345,474.4001272697694,0.0284821698824343,0.0276049363293204,2370.8259155080377,0.9712487669639592,2365515.25,2.117894188168941,-0.1149253731343283
660,2025-09-22,-0.0056657223796033,0.0604229607250754,0.2671480144404332,0.3526011560693642,0.0057306590257879,0.0398262128892106,-0.0113314447592067,347700.0,297550.0,280175.0,0.0094909404659189,0.1796336750126028,0.2527884357990542,74.276241386778,0.2671480144404332,0.3526011560693642,22835.783953165403,15886.317403571742,6949.466549593661,0.0419632115002259,0.0305366265971842,12913.968855062163,-0.0018196150396883,3520843.15,1.2433280363540191,-0.0056980056980057
5380,2025-09-22,0.0186915887850467,0.013953488372093,-0.0022883295194507,-0.018018018018018,0.013953488372093,0.020979020979021,0.0046728971962617,216300.0,219250.0,215458.33333333337,0.0078594544613961,-0.0057012542759407,0.0117965577257783,50.26158134114402,-0.0022883295194507,-0.018018018018018,19.16915549978148,752.2024265649934,-733.0332710652119,0.0149004821550887,0.0128884323144277,4324.566575516278,-0.6164543647577039,591716.15,0.8436393023918647,-0.0137614678899082
5930,2025-09-22,0.0476787954830615,0.0915032679738561,0.1911554921540657,0.1678321678321679,0.0245398773006135,0.0357583230579532,0.0225846925972397,80260.0,73355.0,69218.33333333333,0.0403688013954648,0.1383000477131757,0.2063278033276347,77.62590804674434,0.1911554921540657,0.1678321678321679,3087.645274030292,2051.05107317123,1036.594200859062,0.0286549582365199,0.0198874758758747,1870.6484513652715,0.3173101501714055,17165116.05,1.6038141495699354,0.0083832335329341
35420,2025-09-22,-0.0085470085470085,-0.0085470085470085,0.0175438596491228,0.0288248337028824,-0.0085470085470085,0.0262008733624454,0.0,234600.0,227850.0,234625.0,-0.0110826939471441,0.0182137371077464,-0.0111880660628662,52.325385085661566,0.0175438596491228,0.0288248337028824,2013.634522282373,1087.8331229494645,925.8013993329084,0.015276006481164,0.0167389862219795,6160.353854778367,-0.3662239795413069,985855.6,1.0191036090883898,0.1831896551724137
35720,2025-09-22,-0.0089552238805969,0.0375,0.1216216216216217,0.026275115919629,-0.0162962962962962,0.0304878048780488,0.007462686567164,64700.0,62155.0,60431.666666666664,0.026275115919629,0.0682969994368916,0.0987616867536336,63.29306087442868,0.1216216216216217,0.026275115919629,1172.8567730323048,637.2102490191758,535.646524013129,0.0256234002337322,0.0275112160676145,2344.3383501146063,-0.5455216669517682,2386680.95,0.9540009945610868,-0.0918674698795181
660,2025-09-23,0.0284900284900284,0.0373563218390804,0.2534722222222223,0.3804971319311663,0.0154711673699015,0.028328611898017,0.0128205128205127,350300.0,302525.0,281325.0,0.0305452469312017,0.1932898107594414,0.2832133653248023,76.55293680550534,0.2534722222222223,0.3804971319311663,24026.821094845305,17514.418141826456,6512.402953018849,0.0376982807228738,0.0306054902076582,12848.685365414867,-0.242652590036968,3584078.7,0.9250176342388908,-0.0373961218836564
5380,2025-09-23,0.0045871559633028,0.0186046511627906,0.0,0.0022883295194509,0.0068965517241379,0.0114942528735633,-0.0022935779816514,217100.0,219275.0,215716.66666666663,0.0087517273146016,-0.0012541329380914,0.0152205825542763,51.899489498587975,0.0,0.0022883295194509,103.14795577767654,622.39153240753,-519.2435766298535,0.0148210359921824,0.0124427800505899,4194.240391550829,-0.0509520327727641,575070.65,0.8238292112456095,-0.0182648401826484
5930,2025-09-23,0.0143712574850298,0.0667506297229219,0.1846153846153846,0.2048364153627311,-0.0128205128205127,0.0275119617224879,0.0275449101796407,81320.0,74075.0,69633.33333333333,0.0415641908509591,0.1434357070536618,0.2163714696026808,79.0549594474336,0.1846153846153846,0.2048364153627311,3470.879842882234,2335.016827113431,1135.8630157688026,0.0264100096909771,0.019048691449649,1908.4592762677523,-0.1423698501717566,17610003.25,1.340730189814133,-0.0094451003541912
35420,2025-09-23,-0.0043103448275861,-0.0170212765957447,0.0,0.0452488687782806,-0.0043103448275861,0.0239130434782608,0.0,233800.0,228350.0,234100.0,-0.0119760479041916,0.0116049923363257,-0.0132422041862452,50.9979786321477,0.0,0.0452488687782806,1763.159709150641,1222.8984401896998,540.2612689609412,0.0149261125707826,0.0160315107797546,6113.185722294198,-0.2674777966116878,988386.4,0.7446045392773515,0.1623376623376624
35720,2025-09-23,-0.0466867469879518,0.0063593004769475,0.0620805369127517,-0.0261538461538461,-0.0509745127436281,0.0654952076677315,0.0045180722891566,64780.0,62070.0,60486.666666666664,-0.0228465575794998,0.0198163363943935,0.0465116279069768,52.65666329616311,0.0620805369127517,-0.0261538461538461,1065.0990252778793,722.7880042709165,342.31102100696273,0.034596729331801,0.0295365334070973,2469.7427536778487,1.1302106025044625,2509502.65,1.932760660762801,-0.0584518167456555
660,2025-09-24,-0.0096952908587257,0.0719640179910046,0.175986842105263,0.375,-0.0041782729805014,0.0444763271162123,-0.005540166204986,355100.0,307400.0,282525.0,0.0067586595325259,0.1629798308392973,0.2653747455977346,74.08159090170737,0.175986842105263,0.375,24406.957646362654,18892.926042733696,5514.031603628962,0.02885873099163,0.0307705606317677,13038.064982170948,0.2563429468385707,3652258.95,1.1404446007312816,0.006993006993007
5380,2025-09-24,-0.0068493150684931,0.0069444444444444,-0.0136054421768707,-0.0113636363636363,-0.0022935779816514,0.0138568129330254,-0.0045662100456621,217400.0,219150.0,215841.66666666663,0.000459981600736,-0.0075290896646132,0.00768310103857,49.278123417324515,-0.0136054421768707,-0.0113636363636363,48.10971718310611,507.53516936264526,-459.4254521795391,0.0155279193920512,0.0124333832592443,4108.937506440056,-0.1909194528875379,577378.0,0.6638805080900207,-0.0091954022988506
5930,2025-09-24,0.0082644628099173,0.0920716112531969,0.1763085399449036,0.2096317280453257,0.0142517814726841,0.021505376344086,-0.0059031877213695,82760.0,74815.0,70053.33333333333,0.0318994683421942,0.1414823230635566,0.2190711838599164,79.86293832753307,0.1763085399449036,0.2096317280453257,3787.421116565296,2625.497685003804,1161.9234315614915,0.0217917666395391,0.0190114853820752,1900.71218510577,-0.2248711079584331,17998882.85,1.016785161196824,0.0070257611241217
35420,2025-09-24,-0.0129870129870129,-0.0235546038543896,-0.0235546038543896,0.0458715596330274,-0.0129870129870129,0.0400890868596881,0.0,232700.0,228850.0,233533.33333333337,-0.0201976794155565,-0.0037142232903648,-0.023693976591493,47.134846795972386,-0.0235546038543896,0.0458715596330274,1307.509531236632,1239.8206583990864,67.68887283754566,0.0155422898257422,0.0160013253937018,6319.386742130327,0.3345630247419346,1002916.5,0.979324799223066,0.1162280701754385
35720,2025-09-24,-0.0078988941548183,0.0047999999999999,0.0484140233722871,-0.0202808112324492,-0.0278637770897832,0.0415335463258785,0.0205371248025276,64840.0,62005.0,60531.666666666664,-0.0314620604565083,0.0128215466494636,0.0374734987196785,51.16321803150268,0.0484140233722871,-0.0202808112324492,928.6495189144116,763.9603071996156,164.689211714796,0.034693657432866,0.0294293083459364,2479.0468427008595,-0.4255768959570893,2556510.75,1.0898080518534885,-0.0445859872611464
660,2025-09-25,-0.0027972027972027,0.0099150141643058,0.1612377850162867,0.3277467411545625,0.0127840909090908,0.0271816881258941,-0.0153846153846153,355800.0,311800.0,283816.6666666667,0.0019673974142777,0.1433611289288006,0.256092548006342,73.35296269725376,0.1612377850162867,0.3277467411545625,24346.871381638513,19983.715110514662,4363.156271123851,0.0152007884010201,0.0308106454001205,12785.346054873024,-0.4842467310685515,3567868.5,0.60210038570648,0.1093969144460027
5380,2025-09-25,-0.0022988505747126,-0.0068649885583523,-0.0269058295964125,-0.0225225225225225,0.0,0.0092807424593968,-0.0022988505747126,217100.0,218900.0,215900.0,-0.0004606172270843,-0.0086797624486066,0.0050949513663733,48.400560210083235,-0.0269058295964125,-0.0225225225225225,-35.44570869221934,398.93899375167234,-434.3847024438917,0.0144776575662728,0.0122303009009183,3958.2991131229087,0.3302079256998251,566137.65,0.9006325581773267,0.0138248847926267
5930,2025-09-25,0.0081967213114753,0.0695652173913043,0.173024523160763,0.2370689655172413,0.0201421800947867,0.0249702734839476,-0.0117096018735363,83880.0,75640.0,70475.0,0.0264663805436338,0.1382866208355366,0.2217098261794963,80.66613547558694,0.173024523160763,0.2370689655172413,4048.102500601148,2910.018648123273,1138.0838524778746,0.0210569997414415,0.0181711728556781,1914.9470290267864,0.0745398734287536,18403239.2,1.068570091726026,0.0336817653890824
35420,2025-09-25,0.1140350877192981,0.0649895178197064,0.0901287553648069,0.167816091954023,0.1214128035320087,0.1396895787139689,-0.006578947368421,235800.0,230675.0,233566.66666666663,0.0771840542832908,0.1011162891514034,0.0874839446268018,69.030489112123,0.0901287553648069,0.167816091954023,3009.692331660248,1593.794993051319,1415.897338608929,0.056256472314446,0.0295907415738352,8118.001974835303,7.4654213429093,1385449.35,6.00135688829043,-0.0039370078740157
35720,2025-09-25,0.0063694267515923,-0.0231839258114373,0.0550918196994991,-0.0047244094488189,0.014446227929374,0.0289389067524115,-0.0079617834394905,64540.0,61990.0,60606.666666666664,-0.0207623179423612,0.0195192773027907,0.042789572104279,52.328076916462415,0.0550918196994991,-0.0047244094488189,843.0705664197885,779.7823590436502,63.2882073761383,0.0297195681232134,0.0293937159132598,2430.5434967936553,0.0105186234838157,2635784.75,1.0681494382270782,-0.0569620253164556
660,2025-09-26,-0.0561009817671809,-0.046742209631728,0.0243531202435312,0.2509293680297397,-0.0316546762589927,0.048048048048048,-0.0252454417952314,352500.0,315175.0,284783.3333333333,-0.0453900709219857,0.0676608233521058,0.1816000468192193,60.53017902557339,0.0243531202435312,0.2509293680297397,22426.89642914367,20472.351374240465,1954.5450549032064,0.0303066078813526,0.0345794655267511,13550.678479524951,0.7155284736397427,3657528.35,1.0075995719896471,0.2719167904903417
5380,2025-09-26,-0.0115207373271889,0.0023364485981307,-0.0402684563758389,-0.025,-0.0023255813953488,0.0117370892018779,-0.0092165898617511,217200.0,218625.0,215900.0,-0.0124309392265193,-0.0188679245283018,-0.0064844835572024,44.16547779088419,-0.0402684563758389,-0.025,-299.9356211735576,259.16407076662637,-559.0996919401839,0.0117683947052496,0.0123286518378015,3961.277747899844,-0.1200866082740712,558237.5,0.8036937683333707,0.0116550116550115
5930,2025-09-26,-0.0325203252032519,0.0451693851944792,0.1047745358090186,0.1951219512195121,-0.02,0.0351941747572814,-0.0127758420441347,84600.0,76320.0,70800.0,-0.0153664302600472,0.0914570230607967,0.176553672316384,68.83840239978032,0.1047745358090186,0.1951219512195121,3982.846006605294,3124.5841198196777,858.2618867856163,0.0285036266214975,0.020530250501171,2042.4508126677304,0.2240533011925511,19022685.5,1.265394047543918,0.1332533013205281
35420,2025-09-26,0.0098425196850393,0.0961538461538462,0.0868644067796611,0.1958041958041958,0.0198807157057654,0.048,-0.0098425196850393,240300.0,232775.0,233625.0,0.0674157303370786,0.1019224573085597,0.0979133226324238,70.3040979409999,0.0868644067796611,0.1958041958041958,4508.443046161265,2176.724603673308,2331.7184424879565,0.0534767848907125,0.0291354017622244,8395.287548061353,-0.4470060770386849,1577815.55,2.9140985459295288,0.0428849902534114
35720,2025-09-26,-0.0617088607594936,-0.1149253731343283,-0.0946564885496182,-0.0512,-0.0496794871794872,0.0575296108291032,-0.0126582278481012,63000.0,61830.0,60603.333333333336,-0.0587301587301587,-0.0409186479055474,-0.0215059677685496,41.84750183068062,-0.0946564885496182,-0.0512,455.3027766713567,714.8864425691916,-259.58366589783486,0.0289149135471793,0.0323509504603416,2549.7903898798227,0.7401137027191758,2795539.75,1.752483397884076,0.0472175379426644
660,2025-09-29,0.037147102526003,-0.0056980056980057,0.0543806646525679,0.36328125,0.027982326951399,0.0353982300884956,0.0089153046062406,352100.0,319825.0,286091.6666666667,-0.0088043169554103,0.0912217619010395,0.2198887303020593,64.68531031839856,0.0543806646525679,0.36328125,21664.21637885121,20710.724375162616,953.492003688596,0.0368747342992288,0.0319350002667551,13618.487159558885,-0.3824190220452801,3679474.95,0.6185627109650522,0.1891117478510029
5380,2025-09-29,0.0023310023310023,-0.0137614678899082,0.0,-0.0249433106575963,-0.0023201856148491,0.0116822429906542,0.0046620046620047,216600.0,218350.0,215975.0,-0.0073868882733149,-0.0153423402793679,-0.0045144113902072,45.19828744223845,0.0,-0.0249433106575963,-463.8529529332882,114.56066602664346,-578.4136189599317,0.0065875677473524,0.0123295206494952,3856.9007659069985,-0.2441692001818781,549959.15,0.6166003420435863,0.0162790697674417
5930,2025-09-29,0.0108043217286915,0.0083832335329341,0.1006535947712419,0.2455621301775148,0.0108043217286915,0.0216346153846154,0.0,84740.0,77150.0,71148.33333333333,-0.0063724333254661,0.0913804277381724,0.1834430415329477,70.34361431036754,0.1006535947712419,0.2455621301775148,3958.125437160037,3291.2923832877495,666.8330538722876,0.0193630037571359,0.0183307351697497,2025.1328974771784,-0.4570649655793961,19076023.05,0.6851057982968835,0.1080760095011876
35420,2025-09-29,0.0701754385964912,0.1831896551724137,0.1730769230769231,0.2737819025522041,0.0223463687150837,0.0469924812030075,0.0467836257309941,248800.0,235725.0,234050.0,0.1032958199356912,0.1644925230671332,0.172826319162572,77.48389488436361,0.1730769230769231,0.2737819025522041,7067.197104004968,3154.8191037396405,3912.378000265328,0.0546904825466194,0.032109966030716,9367.052723199828,-0.2418246551150413,1720367.45,2.026324085589971,-0.0437158469945355
35720,2025-09-29,0.0168634064080943,-0.0918674698795181,-0.0578125,-0.0147058823529411,0.0151515151515151,0.032312925170068,0.0016863406408094,61780.0,61785.0,60635.0,-0.0239559728067335,-0.0240349599417334,-0.005524861878453,44.895119484481455,-0.0578125,-0.0147058823529411,226.07954793202953,617.1250636417592,-391.04551570972967,0.0340693322667853,0.0323034848204185,2503.3767906026924,-0.3608155885414105,2827521.2,1.1074901931769776,-0.0082918739635157
660,2025-09-30,-0.0042979942693409,-0.0373961218836564,-0.0014367816091953,0.3339731285988483,-0.0155807365439093,0.0258992805755395,0.0114613180515759,349400.0,324175.0,287366.6666666667,-0.0054378935317687,0.0719518778437573,0.2092564667671963,63.81710464297603,-0.0014367816091953,0.3339731285988483,20700.131252509775,20708.60575063205,-8.47449812227569,0.033136049808163,0.0322546272774215,13288.595219590392,-0.0164201361519797,3712170.15,0.6030472498681129,0.1841726618705035
5380,2025-09-30,0.0,-0.0182648401826484,0.0,-0.0227272727272727,0.0046728971962617,0.0093457943925232,-0.0046511627906976,215800.0,218100.0,216083.33333333337,-0.0037071362372567,-0.0142136634571297,-0.0050134978789048,45.19828744223845,0.0,-0.0227272727272727,-586.9921393213153,-25.749895042948296,-561.242244278367,0.0055475911738682,0.0123295073873362,3724.2649969136414,0.0017280783238229,548674.55,0.619112003645877,0.0372093023255815
5930,2025-09-30,-0.003562945368171,-0.0094451003541912,0.0566750629722923,0.2141823444283646,-0.0082742316784869,0.0179856115107914,0.004750593824228,84580.0,77890.0,71518.33333333333,-0.0080397257034759,0.0771600975735011,0.1731257719465873,69.14466713187275,0.0566750629722923,0.2141823444283646,3869.7190031256177,3406.9777072553234,462.7412958702944,0.0180757882946859,0.018422295284905,1987.623404800237,0.2486757689553691,19361774.7,0.8428494418954271,0.0917759237187127
35420,2025-09-30,-0.0218579234972677,0.1623376623376624,0.1425531914893616,0.1933333333333333,-0.0376344086021505,0.0527306967984935,0.0163934426229508,256300.0,237900.0,234258.33333333337,0.0476004682013264,0.128625472887768,0.1461705382234712,71.29598288400214,0.1425531914893616,0.1933333333333333,8512.748606828303,4226.405004357373,4286.34360247093,0.0583147826581711,0.0320967589531757,9697.977528685557,-0.2068710409744976,1769062.1,1.562898781224243,-0.0391061452513966
35720,2025-09-30,-0.011608623548922,-0.0584518167456555,-0.0524642289348171,0.0050590219224282,-0.0387096774193548,0.0402684563758388,0.0281923714759535,61040.0,61800.0,60626.666666666664,-0.0235910878112712,-0.0355987055016181,-0.0169342423575983,43.18885436879361,-0.0524642289348171,0.0050590219224282,-11.92816174046311,491.3144185653148,-503.2425803057779,0.0302393036189615,0.0316133216459235,2495.992734131072,-0.3549704737610539,2745456.15,0.7357170865759411,0.0
660,2025-10-01,0.0359712230215827,0.006993006993007,0.0794602698650674,0.3714285714285714,0.0256410256410255,0.0313390313390313,0.0100719424460431,349900.0,329050.0,288666.6666666667,0.0288653901114603,0.0940586537000456,0.2471131639722863,67.70692698434438,0.0794602698650674,0.3714285714285714,20706.04596831056,20708.093794167755,-2.0478258571965853,0.0381698950946065,0.0325356852874922,13375.124132476793,0.2518625363729521,3730397.2,0.7512435941137849,0.1736111111111111
5380,2025-10-01,0.0023255813953488,-0.0091954022988506,-0.0023148148148147,-0.0270880361173815,0.0,0.0093023255813953,0.0023255813953488,215400.0,217800.0,216158.33333333337,0.0004642525533891,-0.0105601469237832,-0.0030456070010409,46.34925376735498,-0.0023148148148147,-0.0270880361173815,-636.8933008581225,-147.97857620598316,-488.9147246521394,0.0057459088514404,0.012218545485135,3601.10321141981,-0.125534677103603,540541.05,0.5495382820601691,0.037122969837587
5930,2025-10-01,0.0250297973778308,0.0070257611241217,0.0997442455242967,0.2320916905444126,0.0129564193168434,0.0177095631641086,0.0119189511323003,84700.0,78700.0,71928.33333333333,0.0153482880755608,0.0927573062261752,0.195634543642978,72.65777831497628,0.0997442455242967,0.2320916905444126,3923.876708618583,3510.3575075279755,413.519201090608,0.0216104356896091,0.0187303229453966,2009.9360187430773,0.3505287467213953,19949592.3,1.104752451507493,0.1046511627906976
35420,2025-10-01,-0.0521415270018621,0.1162280701754385,0.0899357601713062,0.1515837104072397,-0.046816479400749,0.0612648221343874,-0.0055865921787709,261600.0,239575.0,234200.0,-0.0271406727828745,0.0622978190545757,0.0866780529461999,59.379897696883646,0.0899357601713062,0.1515837104072397,8431.482706113515,5067.420544708602,3364.0621614049123,0.0677115261721177,0.0344578628579645,10112.407705208016,0.2245711815947613,1902790.45,1.779373025547821,0.0157170923379175
35720,2025-10-01,0.0067114093959732,-0.0445859872611464,-0.04,0.0186757215619695,0.0033444816053511,0.0217391304347827,0.0033557046979866,60480.0,61855.0,60613.333333333336,-0.0079365079365079,-0.0299894915528251,-0.0101187857457105,44.487190730960286,-0.04,0.0186757215619695,-166.35667317343905,359.780200217564,-526.1368733910031,0.0313706993300094,0.0315892821443824,2424.850395978852,-0.1858096450331925,2745589.05,0.5989847606654755,-0.0133333333333333
660,2025-10-02,0.0986111111111112,0.1093969144460027,0.1203966005665722,0.4896421845574388,0.018018018018018,0.0533854166666667,0.0791666666666666,357700.0,335550.0,290575.0,0.1056751467710372,0.1786618983758008,0.3610943818291319,75.69753463118359,0.1203966005665722,0.4896421845574388,23306.622500994243,21227.799535533053,2078.8229654611896,0.0571945931968779,0.0373205905427158,15598.329551585592,1.651536145147955,3992437.4,1.8612096460172425,0.1441213653603035
5380,2025-10-02,0.0208816705336427,0.0138248847926267,0.0068649885583524,-0.0067720090293453,0.0161662817551964,0.0300230946882216,0.0046403712296982,216000.0,217725.0,216333.33333333337,0.0185185185185186,0.0104489608451028,0.0169491525423728,55.42334525051477,0.0068649885583524,-0.0067720090293453,-309.7572502005496,-180.33431100489645,-129.42293919565316,0.0116223416029099,0.0131891371738977,3879.595839175538,2.7020077563222107,583049.55,1.886072976130416,0.1
5930,2025-10-02,0.0348837209302326,0.0336817653890824,0.1055900621118013,0.2696148359486447,-0.0033594624860022,0.0180383314543404,0.0383720930232558,85280.0,79645.0,72405.0,0.0436210131332082,0.1174587230836838,0.2291968786686002,76.73329907218155,0.1055900621118013,0.2696148359486447,4160.90765498922,3640.467537020224,520.4401179689953,0.0264123719180176,0.0194198400845719,2173.512017404286,1.263360902341951,21829523.0,2.2851176363313117,0.097752808988764
35420,2025-10-02,-0.005893909626719,-0.0039370078740157,0.0607966457023061,0.1145374449339207,-0.0097847358121331,0.0299401197604789,0.0039292730844793,261400.0,240875.0,234183.33333333337,-0.0321346595256312,0.0503373118837571,0.0803501530140202,58.25643070293129,0.0607966457023061,0.1145374449339207,8152.069448218856,5684.350325410654,2467.719122808202,0.0454222140020895,0.0342640205922223,9925.807154836017,-0.3485542744435984,1964480.95,1.1227637509032602,0.0296442687747036
35720,2025-10-02,-0.0066666666666667,-0.0569620253164556,-0.0788253477588871,0.0188034188034187,-0.0132450331125827,0.0201342281879195,0.0066666666666665,59760.0,61910.0,60598.333333333336,-0.0026773761713521,-0.0373122274269099,-0.0164746005115652,43.418593348724926,-0.0788253477588871,0.0188034188034187,-317.360701524929,224.35201986906543,-541.7127213939945,0.0303323381651389,0.0315875968376441,2337.361081980363,0.411404589417512,2732017.6,0.8496094607882467,-0.0167785234899329
660,2025-10-10,0.0821744627054361,0.2719167904903417,0.2124645892351275,0.5648994515539305,0.0046948356807512,0.0546218487394958,0.0771175726927939,376000.0,343275.0,292758.3333333333,0.1382978723404255,0.2468137790401281,0.4619566764396119,80.4635529557073,0.2124645892351275,0.5648994515539305,27671.101294396096,22516.459887305664,5154.641407090432,0.0409526581870519,0.0397428934309732,17609.163155043767,-0.0800605536739632,4179058.65,1.635739665917347,0.0876168224299065
5380,2025-10-10,-0.0136363636363636,0.0116550116550115,0.0140186915887849,-0.0136363636363636,-0.0091324200913242,0.0173210161662817,-0.0045454545454545,216500.0,217575.0,216483.33333333337,0.0023094688221709,-0.0026427668620016,0.0023866348448686,49.422092229668735,0.0140186915887849,-0.0136363636363636,-289.2403187713935,-202.11551255819583,-87.12480621319764,0.0122933465552398,0.0134542685015378,3870.3389935201426,-0.291461833234213,609725.0,1.2778892123498298,0.1198156682027649
5930,2025-10-10,0.0606741573033708,0.1332533013205281,0.1844416562107904,0.3582733812949641,0.004255319148936,0.0194174757281553,0.0561797752808987,87500.0,80890.0,72961.66666666667,0.0788571428571429,0.1670169365805414,0.2938300934280557,81.94895418900308,0.1844416562107904,0.3582733812949641,4729.967141120171,3858.367457840214,871.5996832799569,0.0244238241748282,0.021578108928142,2411.118301875408,-0.2929509411497634,23016674.2,1.5323563992577174,0.0370762711864407
35420,2025-10-10,0.0573122529644267,0.0428849902534114,0.1431623931623931,0.1681222707423579,0.0428849902534114,0.076320939334638,0.0138339920948615,263600.0,242800.0,234316.66666666663,0.0147951441578149,0.1017298187808897,0.1416174692367879,65.12539946301365,0.1431623931623931,0.1681222707423579,8996.950007438514,6346.870261816226,2650.079745622288,0.0524106102652515,0.0361405201511302,10788.249500919155,0.5827067600995264,2091934.45,1.668739668205187,-0.0448598130841121
35720,2025-10-10,0.0419463087248321,0.0472175379426644,-0.0731343283582089,0.0615384615384615,0.0264462809917356,0.0281456953642385,0.0151006711409396,60320.0,62090.0,60620.0,0.0295092838196286,0.0001610565308423,0.024414384691521,51.293271068185206,-0.0731343283582089,0.0615384615384615,-232.62185534418677,132.957244826415,-365.5791001706018,0.0213405782522213,0.0328569162097691,2348.978147553194,0.2859860724089975,2804461.2,1.0643627374841198,-0.0660225442834138
660,2025-10-13,-0.0303738317757009,0.1891117478510029,0.1823361823361824,0.4981949458483754,0.0234278668310727,0.031017369727047,-0.0525700934579439,389200.0,350175.0,294766.6666666667,0.0662898252826309,0.1851217248518597,0.4078932488974329,74.19556709431994,0.1823361823361824,0.4981949458483754,29738.18751379184,23960.805412602906,5777.382101188938,0.0549562952146916,0.0414821699545989,18137.08007254064,-0.3626933409324836,4295970.4,1.0140977693887276,0.1698795180722891
5380,2025-10-13,0.0069124423963133,0.0162790697674417,0.0022935779816513,0.0,0.0186480186480186,0.0257009345794392,-0.0115207373271889,217200.0,217575.0,216658.33333333337,0.0059852670349906,0.0042514075606112,0.0085003269356513,52.208559891484434,0.0022935779816513,0.0,-150.21149421838345,-191.73470889023335,41.52321467184993,0.0124583779851882,0.0134705527187314,3986.743351125847,-0.3013651863992166,617829.75,0.881066345542603,0.1350114416475971
5930,2025-10-13,-0.0116525423728813,0.1080760095011876,0.1173652694610778,0.3309557774607703,0.0219058050383351,0.029768467475193,-0.0328389830508474,89320.0,82050.0,73473.33333333333,0.0445588893864756,0.1371115173674588,0.2698484711006261,78.1078814981474,0.1173652694610778,0.3309557774607703,5034.1594206687005,4093.525850405911,940.6335702627894,0.0293791373057394,0.0223867489678695,2503.181280312879,-0.3228387115212731,23747682.85,1.0057110898295494,0.0514469453376205
35420,2025-10-13,-0.0186915887850467,-0.0437158469945355,0.1314655172413792,0.1513157894736843,0.0174418604651163,0.0329457364341085,-0.0355140186915887,261200.0,244525.0,234475.0,0.0049770290964779,0.0735098660668642,0.1195223371361553,61.37497865152667,0.1314655172413792,0.1513157894736843,9157.503721842077,6908.996953821396,2248.5067680206803,0.0403875865007307,0.0365464511601753,10696.231679424933,-0.5832417140136595,2128843.0,0.6834036140758148,-0.0171428571428571
35720,2025-10-13,-0.037037037037037,-0.0082918739635157,-0.0993975903614458,0.010135135135135,-0.014827018121911,0.0184563758389262,-0.0225442834138486,60220.0,62120.0,60616.666666666664,-0.006974427100631,-0.0373470701867353,-0.0134726422875995,45.07754564779961,-0.0993975903614458,0.010135135135135,-347.0558436032152,36.95462714048898,-384.01047074370416,0.0289250141089323,0.0339992629907676,2359.765422727966,-0.1237552613699863,2851939.4,0.9171159106676672,-0.0167224080267558
660,2025-10-14,-0.008433734939759,0.1841726618705035,0.1398891966759003,0.4288194444444444,-0.0317647058823529,0.0738007380073801,0.0240963855421687,402000.0,356350.0,296625.0,0.0236318407960198,0.1547635751368037,0.3872734934681836,72.55680345440967,0.1398891966759003,0.4288194444444444,30739.60050603875,25316.564431290073,5423.036074748681,0.0557477225604014,0.0417487367571335,18984.431495930596,-0.0585922203292801,4293117.05,0.9553140415773196,0.1640340218712028
5380,2025-10-14,0.0205949656750572,0.0372093023255815,0.0182648401826484,0.0182648401826484,0.0205949656750572,0.0321100917431191,0.0,218800.0,217775.0,216758.33333333337,0.0191956124314442,0.0239926529675122,0.0287955095920955,59.429721635814595,0.0182648401826484,0.0182648401826484,319.4003938982787,-89.50768833253096,408.90808223080967,0.0143559862523702,0.0142286455496024,4201.975968902572,0.6272685354432543,641737.25,1.3803188142810785,0.1502242152466368
5930,2025-10-14,-0.0182207931404072,0.0917759237187127,0.0814639905548997,0.2811188811188811,-0.0388247639034627,0.06430155210643,0.0214362272240085,90860.0,83055.0,73958.33333333333,0.0081443979749065,0.1028836313286376,0.2385352112676058,72.45562167621999,0.0814639905548997,0.2811188811188811,5079.504831475453,4290.72164661982,788.7831848556334,0.0329646737194405,0.0235081851949882,2738.6683317191023,0.4882877614775975,24781432.35,1.434349495944289,0.064410480349345
35420,2025-10-14,-0.0171428571428571,-0.0391061452513966,0.1168831168831168,0.1168831168831168,-0.0152671755725191,0.0525291828793774,-0.0019047619047618,259100.0,245875.0,234625.0,-0.004245465071401,0.0493136756481953,0.0996270644645711,58.130387279761315,0.1168831168831168,0.1168831168831168,8819.960293276847,7291.189621712487,1528.77067156436,0.0400441391925333,0.0369334500637106,10896.500845180297,0.4242349258587945,2185972.4,0.947889826971283,-0.0135658914728682
35720,2025-10-14,-0.0033444816053511,0.0,-0.0584518167456555,0.0,-0.011608623548922,0.031986531986532,0.008361204013378,60220.0,62120.0,60638.333333333336,-0.0102955828628362,-0.0405666452028332,-0.0171233817991919,44.57174669911506,-0.0584518167456555,0.0,-448.7114658163773,-60.17859145088428,-388.53287436549306,0.0284226574526412,0.0339849801205416,2326.925035390254,-0.182215732850989,2890823.55,0.7399147554336203,0.0453020134228188
660,2025-10-15,0.0267314702308627,0.1736111111111111,0.1818181818181818,0.3898026315789473,0.0292326431181486,0.0417690417690417,-0.0024301336573511,414500.0,362275.0,298691.6666666667,0.0193003618817853,0.1662411151749361,0.414502134307954,74.46565603487919,0.1818181818181818,0.3898026315789473,32051.36737453949,26663.52501993996,5387.842354599532,0.0558848929712835,0.0409025336178614,18842.68638907841,-0.3445894264588451,4164240.35,0.6455004452372688,0.1396449704142011
5380,2025-10-15,0.0022421524663676,0.037122969837587,0.0275862068965517,0.0136054421768707,0.0022421524663676,0.018181818181818,0.0,220400.0,217925.0,216966.66666666663,0.0140653357531761,0.025582195709533,0.0301121524043632,60.15020705864467,0.0275862068965517,0.0136054421768707,723.5760852273088,73.109066379437,650.4670188478718,0.0143634279762303,0.0141661600834878,4187.54911398096,-0.2428217592644858,653901.15,1.025705490806982,0.1677852348993289
5930,2025-10-15,0.037117903930131,0.1046511627906976,0.1124121779859483,0.3085399449035813,0.029252437703142,0.0347448425624321,0.0076419213973799,92660.0,84175.0,74480.0,0.025253615368012,0.1286011286011286,0.2755102040816326,76.16985085889257,0.1124121779859483,0.3085399449035813,5328.370839013791,4498.2514850986145,830.1193539151764,0.0340223330385084,0.0241317424707508,2807.334879453452,-0.4077937310022004,24737509.65,0.8509389707302247,0.0378947368421052
35420,2025-10-15,0.001937984496124,0.0157170923379175,0.1337719298245614,0.1070663811563168,-0.0076775431861804,0.0235294117647058,0.0096899224806201,259900.0,247125.0,234775.0,-0.0053866871873797,0.0460293373798685,0.1010542008305823,58.39357837693352,0.1337719298245614,0.1070663811563168,8494.876862996112,7531.927069969212,962.9497930269,0.0312451518946468,0.0369279193728448,10546.750784810274,-0.3056493027956223,2212118.95,0.6503886239932983,-0.011605415860735
35720,2025-10-15,-0.0067114093959731,-0.0133333333333333,-0.0573248407643312,-0.0116861435726209,-0.0083752093802345,0.0186125211505923,0.0016778523489933,60060.0,62085.0,60671.666666666664,-0.0143190143190142,-0.046468551179834,-0.0242562426173666,43.51997619176677,-0.0573248407643312,-0.0116861435726209,-555.1514950054188,-159.1731721617912,-395.97832284362767,0.028301931032728,0.0340047221852933,2239.2875328623786,-0.2242890596985548,2890527.6,0.5740187362334821,0.0287162162162162
660,2025-10-16,0.0710059171597632,0.1441213653603035,0.2692847124824684,0.4739413680781759,0.0748218527315913,0.0820451843043994,-0.0035502958579881,425900.0,369550.0,301300.0,0.0624559755811222,0.2244621837369773,0.5018254231662795,78.79721189495687,0.2692847124824684,0.4739413680781759,35107.009594880044,28352.221934927977,6754.787659952068,0.0487869549096677,0.0425631162808503,19961.065932715668,0.5803214188590184,4119232.65,1.0312440109446113,0.0574585635359115
5380,2025-10-16,0.0827740492170021,0.1,0.1152073732718894,0.0852017937219731,0.021097046413502,0.047008547008547,0.0604026845637584,224800.0,218875.0,217541.66666666663,0.0765124555160141,0.105653912050257,0.112430568856541,76.66362590452695,0.1152073732718894,0.0852017937219731,2507.7755461235356,560.0423623282568,1947.7331837952788,0.0372784048302369,0.0231362804038587,5424.152748696606,2.1536789372456053,731189.55,2.8928258069333728,0.0413223140495868
5930,2025-10-16,0.0284210526315789,0.097752808988764,0.1347270615563298,0.3310626702997274,0.0251836306400838,0.0284210526315789,0.003157894736842,94400.0,85390.0,75030.0,0.034957627118644,0.144162079868837,0.3021458083433292,78.63380408836915,0.1347270615563298,0.3310626702997274,5678.0137698314065,4734.203942045173,943.8098277862337,0.0334602632131399,0.0243386746436789,2799.6681023496344,0.3368604089546132,25104887.6,1.1209394938697117,-0.0122824974411464
35420,2025-10-16,0.0077369439071566,0.0296442687747036,0.0255905511811023,0.1180257510729614,0.0116504854368932,0.0567514677103717,-0.0038684719535783,261400.0,248500.0,234950.0,-0.0034429992348891,0.0482897384305835,0.108746541817408,59.49049559962999,0.0255905511811023,0.1180257510729614,8302.918313767645,7686.125318728899,616.7929950387452,0.0308117870385723,0.0368832551055289,10829.125728752397,0.4975899000303738,2279440.2,0.9452487501097856,-0.0690978886756238
35720,2025-10-16,-0.010135135135135,-0.0167785234899329,-0.0727848101265823,-0.021702838063439,-0.010135135135135,0.029209621993127,0.0,59860.0,62020.0,60713.333333333336,-0.0210491146007349,-0.055143502096098,-0.0348083891512024,41.9219682192856,-0.0727848101265823,-0.021702838063439,-680.0814153671454,-263.35482080286204,-416.72659456428335,0.0284757706735581,0.034079424736854,2200.76699480078,0.3838750446746868,2915672.95,0.7875193958224979,0.006825938566553
660,2025-10-17,0.0287292817679558,0.0876168224299065,0.3833580980683506,0.4170471841704719,0.0310077519379845,0.0567296996662958,-0.0022099447513812,433400.0,376400.0,304566.6666666667,0.0740655283802491,0.2367162592986185,0.528401006895042,80.35257447872165,0.3833580980683506,0.4170471841704719,38137.988433096965,30309.375234561776,7828.613198535189,0.038854399032964,0.0410030884976268,20356.704080378837,0.0691274864439983,4134186.0,1.098543461760066,0.095596133190118
5380,2025-10-17,0.0041322314049587,0.1198156682027649,0.1328671328671329,0.0872483221476509,0.0082987551867219,0.0271398747390396,-0.0041322314049586,230000.0,219850.0,218091.66666666663,0.0565217391304346,0.1052990675460541,0.1142103855412479,77.21330005746401,0.1328671328671329,0.0872483221476509,3956.846057696094,1239.4031014018242,2717.442956294269,0.0339994971416821,0.0231311035556133,5500.9989809325625,-0.5299791414917899,747589.85,1.329860216802034,0.0390946502057614
5930,2025-10-17,0.0020470829068577,0.0370762711864407,0.1752701080432173,0.2984084880636604,0.007201646090535,0.0248190279214064,-0.0051177072671443,95100.0,86515.0,75550.0,0.0294426919032597,0.1315956770502224,0.2958305757776307,78.8085940094242,0.1752701080432173,0.2984084880636604,5903.198245317224,4968.002802699583,935.1954426176408,0.0243568009587392,0.0243060657764048,2771.120380753232,-0.1922546982949469,24830444.15,0.9154410957244196,0.0091930541368743
35420,2025-10-17,-0.019193857965451,-0.0448598130841121,-0.0038986354775828,0.0826271186440676,-0.0173076923076923,0.0255905511811023,-0.0019193857965451,259000.0,249475.0,235150.0,-0.0135135135135134,0.0241507165046597,0.0865405060599617,55.54770000138432,-0.0038986354775828,0.0826271186440676,7659.042888431752,7680.70883266947,-21.665944237718577,0.0128830079677511,0.0372734958325355,10519.90246241294,-0.3136517595995244,2293796.85,0.6447092295902316,-0.0332681017612525
35720,2025-10-17,-0.0102389078498293,-0.0660225442834138,-0.0219224283305227,-0.1145038167938931,-0.0102389078498293,0.0276338514680483,0.0,59040.0,61645.0,60721.666666666664,-0.0176151761517615,-0.0591288831210966,-0.0448220020311256,40.32728663813291,-0.0219224283305227,-0.1145038167938931,-818.0740149056219,-374.2986596234141,-443.77535528220784,0.013464475928569,0.0259336451815476,2157.8550666007245,-0.1059430376687227,2676877.5,0.7668965053499833,0.0206896551724138
660,2025-10-20,0.0429645542427497,0.1698795180722891,0.3911174785100286,0.4667673716012084,0.0167539267015706,0.0429645542427497,0.0257787325456497,447500.0,384125.0,308175.0,0.0849162011173183,0.2639114871461112,0.5754035856250508,82.48170303539524,0.3911174785100286,0.4667673716012084,41673.507597704534,32582.20170719033,9091.305890514206,0.0287872625975044,0.0412762824764501,20331.225217494633,-0.2659160913716649,4089818.35,0.8151714121973168,0.101956745623069
5380,2025-10-20,0.0205761316872428,0.1350114416475971,0.1534883720930233,0.1534883720930233,-0.0139165009940357,0.0434782608695651,0.0349794238683127,235900.0,221500.0,218716.66666666663,0.0512929207291226,0.1196388261851015,0.133887068505677,79.77807425924519,0.1534883720930233,0.1534883720930233,5445.925848156679,2080.7076507527954,3365.218197403884,0.0328806159113479,0.0210899418948518,5858.070482294523,0.1621752381335559,719748.55,1.6053148005647249,0.0262096774193547
5930,2025-10-20,0.0020429009193054,0.0514469453376205,0.1650831353919239,0.2823529411764707,0.0020429009193054,0.0239583333333333,0.0,96060.0,87595.0,76066.66666666667,0.0212367270455964,0.1199269364689765,0.28965819456617,78.99365900216014,0.1650831353919239,0.2823529411764707,6028.306330152933,5180.063508190254,848.242821962679,0.0223455633148346,0.0244358473504303,2737.468924985144,-0.2261711406751955,24714491.7,0.7117182992681172,0.039755351681957
35420,2025-10-20,0.009784735812133,-0.0171428571428571,-0.0601092896174862,0.1025641025641026,0.0117647058823529,0.05,-0.0019569471624266,258100.0,250675.0,235416.66666666663,-0.0003874467260751,0.029221103021841,0.0959292035398231,57.079411701873106,-0.0601092896174862,0.1025641025641026,7266.729744497017,7597.91301503498,-331.1832705379629,0.013826350793801,0.03715953738436,10661.338000812017,0.0329915771365509,2334632.7,0.6543303364165164,-0.0271317829457364
35720,2025-10-20,0.0137931034482758,-0.0167224080267558,-0.0248756218905472,-0.08125,0.0120481927710842,0.0369068541300527,0.0017241379310344,58840.0,61385.0,60753.333333333336,-0.000679809653297,-0.0421112649670114,-0.0321518709535828,43.41783331660876,-0.0248756218905472,-0.08125,-853.047430328581,-470.04841376444745,-382.9990165641335,0.0099834569178014,0.0259536576710219,2153.72256184353,-0.1977282735346497,2640703.7,0.6236875420744856,0.0357142857142858
660,2025-10-21,-0.0133882595262615,0.1640340218712028,0.3784172661870504,0.3764367816091953,-0.0362173038229376,0.0502092050209204,0.0236869207003089,461000.0,390675.0,311616.6666666667,0.0390455531453362,0.2260830613681448,0.5371449965235064,79.46762486829864,0.3784172661870504,0.3764367816091953,43450.07095917541,34755.775557587345,8694.295401588068,0.0305659144421636,0.0412372028854273,20593.28055910216,0.2378458521438686,4004104.5,1.030656917170868,0.0876826722338204
5380,2025-10-21,0.034274193548387,0.1502242152466368,0.1930232558139535,0.1930232558139535,0.0178571428571427,0.0616302186878727,0.0161290322580645,242600.0,223575.0,219508.33333333337,0.0572959604286891,0.1472660181147265,0.1685205573061006,83.23311843427905,0.1930232558139535,0.1930232558139535,7228.58464868099,3110.2830503384344,4118.301598342556,0.0328809020051152,0.0218388828040059,6796.7797335591995,0.7330536089380253,795226.3,2.5180379471856,-0.023391812865497
5930,2025-10-21,-0.0061162079510703,0.064410480349345,0.1620977353992849,0.2279596977329974,-0.0101522842639594,0.0267214799588899,0.0040774719673801,97240.0,88500.0,76561.66666666667,0.0026737967914438,0.1016949152542372,0.2734832487972658,76.82605971167627,0.1620977353992849,0.2279596977329974,6009.763589438429,5346.003524439889,663.7600649985407,0.0188712319472657,0.0240338527510377,2727.6497160576337,0.296426738381135,24443769.95,0.9329096962802992,0.0205128205128204
35420,2025-10-21,-0.0135658914728682,-0.0135658914728682,-0.0521415270018621,0.0829787234042553,-0.0211538461538461,0.0255905511811023,0.0077519379844961,257400.0,251650.0,235658.33333333337,-0.0112665112665112,0.011325253328035,0.079953322253262,54.26051338200273,-0.0521415270018621,0.0829787234042553,6597.347882502596,7397.799988528504,-800.4521060259076,0.0130040020907715,0.0374044520210228,10364.099572182586,-0.1350642600487948,2354504.2,0.561177168424673,-0.005893909626719
35720,2025-10-21,0.0595238095238095,0.0453020134228188,0.0453020134228188,-0.0095389507154213,0.0523648648648649,0.0677966101694915,0.0068027210884353,59380.0,61355.0,60843.333333333336,0.0491748063320982,0.0154021677124929,0.0239412699282308,54.51660949457319,0.0453020134228188,-0.0095389507154213,-591.5246369382658,-494.3436583992111,-97.18097853905464,0.0298264279940146,0.0293355019842092,2299.8852359975635,3.2352289714348856,2882932.55,2.419519665834707,0.0224719101123596
660,2025-10-22,0.0052192066805845,0.1396449704142011,0.3374999999999999,0.4437781109445278,0.0136842105263157,0.0277185501066097,-0.0083507306889353,472800.0,398075.0,315166.6666666667,0.0184010152284264,0.209571060729762,0.5277630883130617,79.77376709099624,0.3374999999999999,0.4437781109445278,44546.23802632012,36713.868051333906,7832.369974986213,0.0327869965436807,0.0390051843172852,20050.90337630915,-0.0621736924313848,3972675.0,0.9742241688534804,0.1588785046728971
5380,2025-10-22,0.0175438596491228,0.1677852348993289,0.211136890951276,0.2083333333333332,-0.0150943396226415,0.0412573673870333,0.0331384015594542,250100.0,225825.0,220416.66666666663,0.0435825669732106,0.1557622052474261,0.1841209829867676,84.7214244298871,0.211136890951276,0.2083333333333332,8901.851975032769,4268.596835277302,4633.255139755467,0.0304104235749145,0.0218914166979602,7061.2954668764,-0.4701519668799097,827647.55,1.281914022460406,-0.0114942528735632
5930,2025-10-22,0.0112820512820512,0.0378947368421052,0.1465116279069767,0.2608695652173913,0.015447991761071,0.0324607329842931,-0.0041025641025641,97960.0,89520.0,77105.0,0.0065332788893426,0.1014298480786417,0.2787756954801894,78.01702564941536,0.1465116279069767,0.2608695652173913,6014.497754526048,5479.702370457121,534.795384068927,0.0131994644966132,0.0232603387953939,2754.24616491066,-0.3010993767275058,24197834.65,0.6586379000651614,0.0192697768762677
35420,2025-10-22,0.0039292730844793,-0.011605415860735,0.0039292730844793,0.0942184154175589,0.0059055118110236,0.0384615384615385,-0.0019646365422396,256800.0,252750.0,236000.0,-0.0050623052959501,0.0108803165182986,0.0826271186440676,54.94514687228185,0.0039292730844793,0.0942184154175589,6077.492031851667,7133.738397193137,-1056.2463653414698,0.0132089019386108,0.0373155806567227,10302.378174169544,-0.1852630830080209,2304140.75,0.4672053996701373,0.0371819960861057
35720,2025-10-22,-0.0224719101123596,0.0287162162162162,0.0149999999999999,-0.0255999999999999,-0.0302547770700637,0.0483333333333333,0.0080256821829856,59720.0,61275.0,60916.666666666664,0.0197588747488277,-0.0061199510403916,-0.0002735978112174,50.269037360538846,0.0149999999999999,-0.0255999999999999,-491.5677516673604,-493.788477052841,2.2207253854805913,0.0326350297459895,0.0297358362205163,2342.750576283452,-0.6782030681925052,2945546.3,0.7620433601739685,0.1116584564860427
660,2025-10-23,-0.0062305295950155,0.0574585635359115,0.2098609355246523,0.3555240793201133,0.0180851063829787,0.0438034188034188,-0.023883696780893,478000.0,404350.0,318658.3333333333,0.0010460251046024,0.18338073451218,0.5016083056565288,78.2656973390035,0.2098609355246523,0.3555240793201133,44658.09270255803,38302.712981578734,6355.379720979297,0.0237702722129098,0.0382559390574179,20082.981706572784,-0.0739696600449166,3925560.35,0.9129888934200184,0.1870428422152559
5380,2025-10-23,-0.0344827586206896,0.0413223140495868,0.1454545454545455,0.1533180778032037,-0.0175438596491228,0.0298804780876493,-0.0172413793103448,252100.0,227500.0,220916.66666666663,-0.0003966679888932,0.1076923076923077,0.1407016220294228,71.12362851740785,0.1454545454545455,0.1533180778032037,9393.422080008835,5293.561884223609,4099.860195785228,0.0262606487849694,0.0240071062407248,7271.202933528086,-0.1425606495169999,840489.3,1.0823695197547427,0.0515873015873016
5930,2025-10-23,-0.0212981744421906,-0.0122824974411464,0.0842696629213484,0.1987577639751552,-0.003099173553719,0.0228452751817238,-0.0182555780933062,97720.0,90320.0,77606.66666666667,-0.0124846500204666,0.0684233835252436,0.2434498754402541,70.56149556292527,0.0842696629213484,0.1987577639751552,5782.144205753939,5540.190737516485,241.95346823745425,0.0122235968762109,0.0240041636415176,2721.8000102741844,0.1600597479760297,23841311.95,0.7754850504357417,0.0787564766839379
35420,2025-10-23,-0.0508806262230919,-0.0690978886756238,-0.0415019762845849,0.0167714884696017,-0.0357852882703777,0.0392561983471073,-0.0156555772994129,253200.0,252950.0,236183.33333333337,-0.042259083728278,-0.0413125123542201,0.0267447604262225,45.42597538096235,-0.0415019762845849,0.0167714884696017,4563.901356477261,6619.770989049962,-2055.8696325727005,0.0238459462383344,0.0391152019078299,10530.779733157437,0.8891748962152592,2355600.9,0.8633508333266472,0.0536082474226804
35720,2025-10-23,-0.0311986863711001,0.006825938566553,-0.0100671140939597,-0.0880989180834621,-0.0199335548172757,0.0220338983050847,-0.0114942528735632,59800.0,60990.0,60983.333333333336,-0.0133779264214046,-0.0326282997212658,-0.0325225471440284,45.12993910811704,-0.0100671140939597,-0.0880989180834621,-559.2189925329731,-506.87458014886744,-52.344412384105624,0.0363964756014909,0.0291978809386302,2311.125535120349,-0.0046453007483625,2930182.1,0.7624805980488379,0.0762711864406779
660,2025-10-24,0.0658307210031348,0.095596133190118,0.191588785046729,0.4447592067988668,0.0344827586206897,0.0437436419125127,0.0303030303030302,486900.0,412200.0,322666.6666666667,0.0474430067775724,0.2372634643377,0.5805785123966942,82.09347442352514,0.191588785046729,0.4447592067988668,46749.62451211701,39992.09528768639,6757.529224430618,0.034069166762587,0.0396144822253316,21112.76872753187,0.1870006442534904,3918993.3,1.0855343896607326,0.0960784313725491
5380,2025-10-24,0.0019841269841269,0.0390946502057614,0.1635944700460829,0.1799065420560748,-0.0039447731755424,0.0241935483870967,0.0059523809523809,254000.0,229425.0,221500.0,-0.0059055118110236,0.1005775307834804,0.1399548532731376,71.39827852855538,0.1635944700460829,0.1799065420560748,9711.393847952946,6177.128276969477,3534.265570983469,0.0263654647132248,0.0231351996020797,7180.402723990365,-0.1470089697929033,814212.1,0.9530477378068932,0.1485148514851484
5930,2025-10-24,0.0238341968911917,0.0091930541368743,0.0466101694915255,0.2396486825595984,0.0091930541368743,0.0133060388945751,0.0145077720207253,97900.0,91275.0,78153.33333333333,0.0091930541368743,0.0824431662558202,0.2641815235008105,73.54353990710405,0.0466101694915255,0.2396486825595984,5717.683229299961,5575.68923587318,141.99399342678043,0.017113994313215,0.0237606846236699,2705.957152397457,0.0169479745362826,23736488.9,0.792110622561368,0.0880566801619433
35420,2025-10-24,0.0185567010309277,-0.0332681017612525,-0.0766355140186916,0.0555555555555555,0.0081632653061225,0.024742268041237,0.0103092783505154,251500.0,253600.0,236516.66666666663,-0.0178926441351888,-0.0260252365930598,0.0443238672397998,48.73675126135199,-0.0766355140186916,0.0555555555555555,3685.003803332336,6032.817551906437,-2347.813748574101,0.0274833877562175,0.0389827954094744,10207.152609360475,-0.5056350217090932,2326608.5,0.4321289980673585,0.082995951417004
35720,2025-10-24,0.0033898305084745,0.0206896551724138,-0.0466988727858292,-0.1164179104477611,-0.0083752093802345,0.0118644067796609,0.0118644067796609,60040.0,60600.0,61068.333333333336,-0.0139906728847435,-0.023102310231023,-0.0305941431729483,45.758545448868446,-0.0466988727858292,-0.1164179104477611,-589.894819507077,-523.4786280205094,-66.41619148656764,0.035766732152671,0.0277432282344017,2196.0451397546094,-0.5069807766245473,2734761.9,0.4027798544363222,0.099662162162162
660,2025-10-27,0.0490196078431373,0.101956745623069,0.2891566265060241,0.5242165242165242,0.0037523452157599,0.0267686424474187,0.0450980392156863,496800.0,421400.0,327150.0,0.076892109500805,0.2695775984812529,0.6353354730246064,84.43624354913194,0.2891566265060241,0.5242165242165242,49849.83177587838,41963.642585324786,7886.189190553596,0.0352272635921081,0.0396881750473011,21533.28524699388,-0.2052020566959443,3869176.7,0.8738890110653256,0.1588785046728971
5380,2025-10-27,0.0079207920792079,0.0262096774193547,0.1647597254004575,0.1674311926605505,0.0039447731755424,0.0256916996047431,0.0039603960396039,255300.0,231250.0,222133.33333333337,-0.0031335683509596,0.1005405405405406,0.1457082833133252,72.52401054169563,0.1647597254004575,0.1674311926605505,10009.390032547875,6943.5806280851575,3065.809404462718,0.0254452247783945,0.0230118085487192,7167.516815133911,-0.0165751053824633,827408.4,0.9223026984014182,0.1453831041257367
5930,2025-10-27,0.0323886639676114,0.039755351681957,0.0932475884244372,0.221556886227545,0.0069101678183614,0.0139165009940358,0.0253036437246962,98680.0,92200.0,78755.0,0.0336441021483582,0.1062906724511931,0.2951558631198019,77.02987089681343,0.0932475884244372,0.221556886227545,5857.291487299852,5632.009686158515,225.28180114133647,0.0218743531068232,0.022744851653712,2741.24592722621,0.1791329877126943,23468504.6,0.9446690523264102,0.0892156862745097
35420,2025-10-27,0.0161943319838056,-0.0271317829457364,-0.0438095238095238,0.0818965517241379,0.0244897959183674,0.0392561983471073,-0.0080971659919028,250100.0,254550.0,236791.66666666663,0.0035985605757697,-0.0139461795325083,0.0600035192679924,51.55037721382081,-0.0438095238095238,0.0818965517241379,3273.502828038356,5480.954607132821,-2207.4517790944656,0.0285575678797377,0.038976121039082,10156.64170869187,0.3100572411838134,2342230.3,0.5623379562633103,0.093625498007968
35720,2025-10-27,0.0287162162162162,0.0357142857142858,0.0183946488294315,-0.0828313253012048,0.0235294117647058,0.0388513513513513,0.0050675675675675,60460.0,60325.0,61153.333333333336,0.0072775388686734,0.0095317032739328,-0.0041425923907119,50.9068885542499,0.0183946488294315,-0.0828313253012048,-471.5936033812977,-513.1016230926671,41.50801971136934,0.0373140711390412,0.0287775043455063,2203.4704869149946,1.3538797302241383,2750557.85,0.942650597223396,0.0591133004926107
660,2025-10-28,-0.0261682242990654,0.0876826722338204,0.2660996354799514,0.4432132963988919,0.0,0.0353634577603143,-0.0261682242990654,505200.0,429400.0,331466.6666666667,0.0312747426761679,0.2133209129017232,0.571802091713596,78.26123488395588,0.2660996354799514,0.4432132963988919,50593.87072297488,43689.68821285481,6904.182510120074,0.0385687962310284,0.0410774029878927,21852.336300780033,0.6736531754263462,3986360.3,1.4195927046534154,0.1247600767754317
5380,2025-10-28,-0.0157170923379175,-0.023391812865497,0.1233183856502242,0.143835616438356,-0.0118343195266271,0.0180722891566265,-0.0039292730844793,254100.0,232825.0,222666.66666666663,-0.0141676505312868,0.0759153870933104,0.125,66.85639385687908,0.1233183856502242,0.143835616438356,9809.707384779816,7516.80597942409,2292.901405355726,0.0206580982572257,0.0236110552996158,7048.408471195775,-0.1122679103313891,837592.75,0.8088023684541205,0.1017964071856287
5930,2025-10-28,-0.0245098039215686,0.0205128205128204,0.0862445414847161,0.1747343565525383,-0.0138751238850346,0.0191725529767912,-0.0107843137254901,99080.0,92940.0,79240.0,0.0042389987888575,0.0705831719388851,0.2556789500252399,69.34197008079383,0.0862445414847161,0.1747343565525383,5700.491216646769,5645.705992256167,54.78522439060271,0.0260027427013188,0.0240052059657322,2752.58550385291,-0.097775865280828,23288105.55,0.8589055025130629,0.0542713567839197
35420,2025-10-28,0.0079681274900398,-0.005893909626719,-0.0193798449612403,0.0952380952380953,0.0099800399201597,0.0282258064516129,-0.0019920318725099,249800.0,255650.0,237083.33333333337,0.0128102481985588,-0.0103657344025034,0.06713532513181,52.94115015299762,-0.0193798449612403,0.0952380952380953,3073.3410630298313,4999.431898312224,-1926.0908352823928,0.0285954262871655,0.0389243552139958,9931.167300928166,-0.3098969346113694,2350880.05,0.386643291307015,0.0553359683794465
35720,2025-10-28,0.0459770114942528,0.0224719101123596,0.0687919463087247,0.0063191153238546,0.0290791599353796,0.0489396411092986,0.0164203612479474,60740.0,60345.0,61283.333333333336,0.0487323016134342,0.055596984008617,0.0394343214577099,57.98105246988706,0.0687919463087247,0.0063191153238546,-150.1713559507698,-440.5155696642876,290.34421371351783,0.0328220532888266,0.0289882751900028,2288.936880706781,1.0150122550201228,2769272.15,1.8866163081876948,0.0078492935635792
660,2025-10-29,0.0710172744721688,0.1588785046728971,0.3207100591715977,0.5608391608391607,0.0371747211895909,0.0688336520076482,0.0326295585412668,520500.0,439425.0,336391.6666666667,0.0720461095100863,0.2698412698412697,0.658780687194986,82.00650087018779,0.3207100591715977,0.5608391608391607,53551.805844227434,45662.11173912934,7889.694105098097,0.0441393162826976,0.0420329371458696,23005.740850724316,-0.1512591959580195,4018251.9,1.1953036095123852,0.0376344086021505
5380,2025-10-29,0.0299401197604789,-0.0114942528735632,0.1543624161073826,0.186206896551724,0.0137524557956778,0.0338645418326692,0.0159680638722554,253500.0,234850.0,223333.33333333337,0.0177514792899409,0.0985735575899511,0.1552238805970149,71.37361292359871,0.1543624161073826,0.186206896551724,10139.759927015344,8041.396768942341,2098.363158073003,0.0243809848299089,0.02390658685081,7187.807866110363,0.3843592192451956,865318.75,1.083797155672404,0.0406976744186047
5930,2025-10-29,0.0100502512562814,0.0192697768762677,0.0578947368421052,0.1768149882903982,0.0029940119760478,0.0191725529767912,0.0070351758793969,99460.0,93695.0,79738.33333333333,0.0104564649105167,0.0726292758418272,0.2603724682816715,70.60570594551,0.0578947368421052,0.1768149882903982,5592.451218651942,5635.055037535322,-42.60381888337997,0.0259262435975649,0.0240081712722231,2691.686539291987,0.0448701803124262,23418045.1,0.8924651016237046,0.0009950248756218
35420,2025-10-29,0.0474308300395256,0.0371819960861057,0.0251450676982591,0.1622807017543859,0.0392156862745098,0.0591715976331361,0.0079051383399209,251700.0,257500.0,237616.66666666663,0.0528406833531982,0.0291262135922329,0.1152416356877323,60.304036733118195,0.0251450676982591,0.1622807017543859,3838.760294854699,4767.2975776207195,-928.5372827660204,0.0360562191775028,0.0397693395447056,10328.941065147585,1.7134381133437189,2425090.25,1.0170281291593168,0.0509433962264151
35720,2025-10-29,0.0627943485086341,0.1116584564860427,0.1435810810810811,0.0780254777070064,0.0611285266457679,0.1045958795562598,0.0015698587127157,62100.0,60590.0,61478.333333333336,0.0901771336553944,0.1173460967156296,0.1012009651096592,65.60581363074208,0.1435810810810811,0.0780254777070064,422.45486475349753,-267.9214827807306,690.3763475342282,0.0369479414402701,0.0320329305882017,2596.8699606562964,1.2733326136546776,3223824.3,3.684179997030235,-0.0738552437223042
660,2025-10-30,0.017921146953405,0.1870428422152559,0.2552486187845304,0.5932678821879382,0.017921146953405,0.0489130434782609,0.0,538400.0,450000.0,341466.6666666667,0.0549777117384844,0.2622222222222221,0.6634127294025771,82.8657062050969,0.2552486187845304,0.5932678821879382,56056.720188864274,47741.03342907633,8315.686759787946,0.040237396399572,0.0416082520753549,23291.04507567258,0.0177866851161276,4155264.2,1.1764501039428492,0.0440140845070422
5380,2025-10-30,0.0271317829457364,0.0515873015873016,0.0950413223140496,0.2211981566820275,-0.0782608695652173,0.1007604562737642,0.1143410852713178,256100.0,237250.0,224033.33333333337,0.0347520499804763,0.1169652265542675,0.1828596934979913,74.82268497608932,0.0950413223140496,0.2211981566820275,10841.199839854962,8601.357383124865,2239.842456730097,0.0188463202205055,0.0240900136483397,8924.393018531051,2.154528006141838,987745.2,2.995115541943408,0.0150943396226415
5930,2025-10-30,0.0358208955223879,0.0787564766839379,0.0655066530194472,0.2090592334494774,0.0166015625,0.0372549019607844,0.0189054726368158,100980.0,94595.0,80263.33333333333,0.0308972073677955,0.1004809979385803,0.2969807716267287,74.65590235628376,0.0655066530194472,0.2090592334494774,5731.252345936315,5654.294499215521,76.9578467207939,0.024485237166621,0.0247755171474623,2877.994643628274,0.6540845773172437,24163288.4,1.430683457802871,-0.0470701248799231
35420,2025-10-30,-0.0358490566037735,0.0536082474226804,-0.019193857965451,0.0059055118110236,-0.0430711610486891,0.0491159135559922,0.0075471698113207,254300.0,257575.0,237975.0,0.0047188360204482,-0.0080559060467825,0.0736421893055994,53.20663139944684,-0.019193857965451,0.0059055118110236,3636.866413294658,4541.2113447555075,-904.3449314608496,0.0300633448301529,0.0321913854349734,10484.016703351326,-0.4351332010209273,2079020.4,0.670113193694492,0.0332681017612523
35720,2025-10-30,-0.0620384047267356,0.0762711864406779,0.083617747440273,0.004746835443038,-0.0661764705882352,0.0775316455696202,0.0044313146233383,63000.0,60605.0,61598.333333333336,0.0079365079365079,0.0477683359458791,0.0308720474038799,54.43609955277348,0.083617747440273,0.004746835443038,531.2366061627836,-108.0898649920278,639.3264711548113,0.048730826560196,0.0352819405083166,2761.3792491808467,-0.5633828454960024,3342342.05,1.5515368931196016,-0.0440944881889764
660,2025-10-31,-0.0158450704225352,0.0960784313725491,0.200859291084855,0.661218424962853,0.0035906642728904,0.0253623188405796,-0.0193661971830986,548200.0,461125.0,346225.0,0.0197008391098139,0.2122526429926809,0.6145570077261897,79.20019314477692,0.200859291084855,0.661218424962853,56662.48817752435,49525.32437876594,7137.163798758418,0.041419519966056,0.03835741569332,22770.25614169597,-0.3143426939480543,4138588.45,0.8098918364303654,0.0375670840787119
5380,2025-10-31,0.0943396226415094,0.1485148514851484,0.1934156378600822,0.3519813519813519,0.0603290676416818,0.0868761552680221,0.0320754716981133,263600.0,241025.0,225316.66666666663,0.1001517450682853,0.203194689347578,0.2870774465566981,82.79540901492535,0.1934156378600822,0.3519813519813519,13261.516582508746,9533.389223001644,3728.1273595071034,0.0409792880016104,0.0299563153121663,10358.364945778832,0.227596841682917,1146899.4,3.1665689248769335,-0.089655172413793
5930,2025-10-31,0.0326609029779059,0.0880566801619433,0.0980592441266599,0.290516206482593,0.0238095238095237,0.0513068731848984,0.0086455331412103,102720.0,95805.0,80865.0,0.0465342679127724,0.1220708731277073,0.3293761206949854,77.77114099504817,0.0980592441266599,0.290516206482593,6045.911322060128,5732.617863784442,313.29345827568613,0.0255306955691073,0.0231454387914975,3050.9950262262546,0.5858992490515698,25700956.95,2.1331720879755025,-0.0893023255813953
35420,2025-10-31,0.0469667318982387,0.082995951417004,0.0469667318982387,0.0428849902534114,0.0171102661596957,0.0478927203065133,0.0293542074363992,258400.0,258125.0,238516.66666666663,0.0352167182662539,0.0363196125907989,0.1215149185940884,59.66442038707466,0.0469667318982387,0.0428849902534114,4394.506632433739,4511.870402291154,-117.36376985741572,0.0342718510844926,0.0337727720715094,11020.872653111946,1.0542328013844595,1992220.6,1.4365447280286128,-0.02803738317757
35720,2025-10-31,0.0251968503937007,0.099662162162162,0.1224137931034483,0.0978077571669477,0.0061823802163833,0.0263157894736842,0.0188976377952756,64180.0,60895.0,61716.666666666664,0.0143346837020879,0.0690532884473273,0.054820415879017,57.41087266398068,0.1224137931034483,0.0978077571669477,738.0458154587977,61.1372710981373,676.9085443606605,0.0483201755244265,0.0324092933731006,2764.1378742393576,-0.3418875163500404,3268026.1,1.0443056131038857,-0.0353302611367127
660,2025-11-03,0.1091234347048299,0.1588785046728971,0.2770339855818744,0.7765042979942693,0.1131059245960501,0.1243243243243243,-0.0035778175313059,565200.0,474675.0,352258.3333333333,0.0969568294409057,0.3061568441565281,0.7600719169170354,84.27679426631366,0.2770339855818744,0.7765042979942693,61357.46323214378,51891.75214944151,9465.71108270227,0.0577454680028443,0.0425663644001233,26072.3807030034,0.7265476642612989,4314142.05,1.341415728302224,-0.0225806451612903
5380,2025-11-03,0.0051724137931035,0.1453831041257367,0.1754032258064515,0.3558139534883722,-0.0201680672268907,0.0347222222222223,0.0258620689655173,271000.0,244850.0,226675.0,0.0756457564575645,0.1905248111088422,0.2859821330098158,83.14037880505202,0.1754032258064515,0.3558139534883722,15126.305864274414,10651.972551256198,4474.333313018216,0.0413448786659107,0.0298967352750482,10332.767449651774,-0.5875206788158611,1204844.95,1.2433267865711684,-0.072041166380789
5930,2025-11-03,0.0334883720930232,0.0892156862745097,0.1325178389398573,0.319477434679335,0.0392890551917679,0.0469483568075117,-0.0055813953488371,104540.0,97150.0,81568.33333333333,0.0627511000573943,0.143592382913021,0.3620481804621893,80.50372982854194,0.1325178389398573,0.319477434679335,6510.719222760439,5888.238135579642,622.4810871807967,0.0256975611360192,0.0235795283833037,3190.209667210094,-0.4507924221704709,26553005.55,1.1339607466771309,-0.0945094509450945
35420,2025-11-03,0.0261682242990655,0.093625498007968,0.0639534883720929,0.0,-0.0317460317460317,0.0589318600368324,0.0598130841121495,263100.0,258125.0,239341.66666666663,0.0433295324971494,0.0634382566585956,0.1468959994429164,62.882383742098355,0.0639534883720929,0.0,5496.424107457977,4708.781143324519,787.642964133458,0.0345357889496459,0.0304068963274718,11662.23889217538,-0.0355353095865215,1955930.25,1.4112031857986755,-0.0528233151183971
35720,2025-11-03,-0.0092165898617511,0.0591133004926107,0.096938775510204,0.0696517412935322,-0.0315315315315315,0.0453125,0.0230414746543778,64900.0,61105.0,61866.666666666664,-0.0061633281972265,0.0555601014646918,0.0425646551724139,55.93604703543621,0.096938775510204,0.0696517412935322,843.8017963550083,217.67017614951152,626.1316202054968,0.0495959090113497,0.0324388272209715,2773.8423117936895,-0.1122424342581409,3262941.25,0.9285349529354842,-0.0341085271317829
660,2025-11-04,-0.0548387096774193,0.1247600767754317,0.2233820459290187,0.6863309352517986,-0.0409165302782323,0.053173241852487,-0.014516129032258,578200.0,486600.0,357725.0,0.0134901418194397,0.2042745581586518,0.638129848347194,73.5076749049219,0.2233820459290187,0.6863309352517986,61624.38142898638,53838.27800535049,7786.10342363589,0.0657378510990734,0.0460648481465991,26852.92493850316,0.0315723464323323,4500699.8,1.326409061986316,0.0563139931740614
5380,2025-11-04,-0.0531732418524871,0.1017964071856287,0.0760233918128654,0.283720930232558,-0.0366492146596858,0.0452898550724638,-0.0171526586620925,276100.0,247900.0,227758.33333333337,-0.0003621876131836,0.1133521581282774,0.2118107643335405,67.97335007775366,0.0760233918128654,0.283720930232558,15178.47631734694,11557.273304474347,3621.203012872593,0.0530280630139522,0.0335158901283948,10701.85548896236,-0.0545534894153333,1258675.1,1.1252260412556028,-0.0253623188405797
5930,2025-11-04,-0.0558055805580558,0.0542713567839197,0.0758974358974358,0.2502979737783075,-0.0617173524150268,0.0714966634890372,0.0063006300630064,105620.0,98200.0,82155.0,-0.00681689074039,0.0682281059063136,0.2768547258231391,65.55689133998871,0.0758974358974358,0.2502979737783075,6306.101831881635,5971.810874840041,334.2909570415941,0.0389056258793255,0.0281113167116406,3498.0518338379443,0.0112990453092995,27259566.55,1.1170493464797957,-0.0133460438512869
35420,2025-11-04,-0.0273224043715847,0.0553359683794465,0.0491159135559922,-0.0055865921787709,-0.020183486238532,0.0262172284644195,-0.0072859744990892,265900.0,258050.0,239916.66666666663,0.0041368935690109,0.0346832009300523,0.1128864188954499,57.581775015493534,0.0491159135559922,-0.0055865921787709,5698.821854471753,4906.789285553966,792.0325689177871,0.0403521388280306,0.0306414332687568,11364.936114162852,-0.519682343585554,1883976.0,0.7037138477347907,-0.0149812734082397
35720,2025-11-04,-0.0046511627906976,0.0078492935635792,0.0304975922953452,0.0771812080536913,-0.007727975270479,0.0266457680250784,0.0031007751937983,65000.0,61335.0,62013.333333333336,-0.0123076923076923,0.0467106872095866,0.035261234143195,55.17286740451241,0.0304975922953452,0.0771812080536913,893.111447526062,352.7584304248216,540.3530171012403,0.046108958819536,0.0323011227012727,2697.139289522712,-0.4007416441263403,3252727.6,0.5581795413793642,-0.0015576323987538
660,2025-11-05,-0.0119453924914675,0.0376344086021505,0.2024922118380061,0.6083333333333334,0.0284191829484903,0.1033834586466164,-0.0392491467576792,582400.0,497550.0,362983.3333333333,-0.005837912087912,0.1637021404883931,0.5951145598971488,71.48244020868549,0.2024922118380061,0.6083333333333334,60572.82866094017,55185.18813646843,5387.640524471739,0.0617162631219376,0.0468380281687203,28863.430300038646,0.5036129538680643,4809389.05,1.8663954832267104,0.0656303972366147
5380,2025-11-05,-0.0271739130434782,0.0406976744186047,0.028735632183908,0.2459396751740139,-0.0055555555555555,0.0482625482625482,-0.0217391304347825,278200.0,250550.0,228725.0,-0.0348670021567217,0.0716423867491518,0.1738987867526504,62.07265614291706,0.028735632183908,0.2459396751740139,14448.08591656509,12135.435826892495,2312.650089672594,0.0565685223448644,0.0346445067540132,11151.72295403648,0.0028122692039929,1314836.55,1.0801928194040544,0.0260707635009311
5930,2025-11-05,-0.0409914204003812,0.0009950248756218,0.0202839756592292,0.1697674418604651,-0.0039603960396039,0.0548086866597725,-0.0371782650142993,105640.0,98930.0,82666.66666666667,-0.0477092010602044,0.0168806226624886,0.2169354838709676,57.573015636333494,0.0202839756592292,0.1697674418604651,5730.904709889612,5923.629641849955,-192.72493196034335,0.0454437818514452,0.0302473583788235,3833.9052742780914,0.4726635856004086,28399749.5,1.578993504854682,0.0248508946322068
35420,2025-11-05,0.0430711610486891,0.0509433962264151,0.0900195694716243,0.0943025540275048,0.0353159851301114,0.0916179337231968,0.0074906367041198,268600.0,259250.0,240691.66666666663,0.0368577810871184,0.0742526518804242,0.1570820205657308,62.764678473719066,0.0900195694716243,0.0943025540275048,6709.830666468624,5267.397561736898,1442.4331047317264,0.0394173453860271,0.029460680531298,12231.726391722648,1.6176794038226552,1888210.65,1.8379660129551751,-0.0538599640933572
35720,2025-11-05,-0.0233644859813083,-0.0738552437223042,0.0295566502463053,0.0449999999999999,-0.0324074074074074,0.0842975206611569,0.0093457943925232,64000.0,61470.0,62146.666666666664,-0.0203124999999999,0.0200097608589555,0.0089036687406136,51.39691315973882,0.0295566502463053,0.0449999999999999,801.9083372181849,442.5884117834943,359.3199254346906,0.0317755315418147,0.0328738992792562,2868.7721974139467,2.108413940028839,3452682.05,1.6345713037781746,0.0175438596491228
660,2025-11-06,0.0241796200345423,0.0440140845070422,0.239289446185998,0.4993678887484196,-0.0149501661129568,0.0411663807890223,0.0397236614853195,587400.0,507425.0,368558.3333333333,0.0095335376234253,0.168645612652116,0.6089718949962692,73.0799141855429,0.239289446185998,0.4993678887484196,60175.48300322943,56183.24710982063,3992.235893408797,0.0620081694173434,0.0435259517982543,28801.756707178745,-0.4071844479782252,4703913.1,1.1312377348127456,0.0320404721753795
5380,2025-11-06,0.0018621973929235,0.0150943396226415,0.0674603174603174,0.2227272727272726,-0.0200364298724954,0.0396975425330812,0.0223463687150837,279000.0,253000.0,229700.0,-0.03584229390681,0.0632411067193676,0.1710927296473661,62.30757179520337,0.0674603174603174,0.2227272727272726,13751.078213199651,12458.564304153928,1292.513909045725,0.0556946443413511,0.0346376997261563,11105.171314462445,-0.5166006349465633,1294180.9,0.5304984797720319,0.0353159851301114
5930,2025-11-06,-0.0139165009940357,-0.0470701248799231,0.0279792746113989,0.1146067415730336,-0.0433944069431051,0.0506072874493928,0.0308151093439363,104660.0,99440.0,83173.33333333333,-0.0521689279571947,-0.0024135156878519,0.1926899647322861,55.21525995384078,0.0279792746113989,0.1146067415730336,5103.261327019631,5759.555978883891,-656.2946518642602,0.0411680700089355,0.0299574529344972,3917.1977546867993,-0.3609777173794272,27338382.55,1.0481852372791527,0.0362903225806452
35420,2025-11-06,-0.052064631956912,0.0332681017612523,0.0886597938144329,0.0434782608695651,-0.0621669626998223,0.0681818181818181,0.0107719928186713,270300.0,259800.0,241283.33333333337,-0.02330743618202,0.0161662817551964,0.0941493403329418,53.83315918728312,0.0886597938144329,0.0434782608695651,6268.771124113264,5467.672274212171,801.0988499010928,0.0445305668046697,0.032048453279068,12643.745935171031,-0.3409947422061642,1892281.05,1.2086238458076828,0.0056818181818181
35720,2025-11-06,-0.0318979266347687,-0.0440944881889764,0.028813559322034,0.0184563758389262,-0.0410742496050553,0.0631229235880399,0.0095693779904306,63440.0,61525.0,62211.666666666664,-0.0431904161412358,-0.0134091832588378,-0.0242987649690572,46.79803208998098,0.028813559322034,0.0184563758389262,561.7701928206297,466.4247679909214,95.34542482970836,0.021902110693593,0.0337258963891325,2935.2884690272363,-0.2317776334662554,3553403.75,1.220120848918449,0.0494233937397035
660,2025-11-07,-0.0219224283305227,0.0375670840787119,0.1372549019607842,0.3551401869158879,0.0051993067590987,0.0601769911504423,-0.026981450252951,591600.0,515025.0,373858.3333333333,-0.0196078431372549,0.1261589243240619,0.5513897866839044,69.20333672456186,0.1372549019607842,0.3551401869158879,58141.37477564142,56574.87264298479,1566.5021326566348,0.0627004333651359,0.0420673297581501,29173.05979952312,-0.0999478693328101,4601590.35,1.0408134222551992,-0.0344827586206896
5380,2025-11-07,-0.0185873605947954,-0.089655172413793,0.0455445544554455,0.2165898617511521,0.0114942528735633,0.0289017341040462,-0.0297397769516728,273800.0,255350.0,230558.33333333337,-0.0357925493060627,0.0338750734286272,0.1450464452235513,58.41136866159463,0.0455445544554455,0.2165898617511521,12649.421713831252,12496.735786089394,152.6859277418589,0.0237297720933641,0.0348376026205622,10990.51622057227,-0.0288233674793645,1288561.45,0.5174545614413655,0.0321969696969697
5930,2025-11-07,-0.0131048387096773,-0.0893023255813953,-0.0091093117408906,0.0370762711864407,0.0155601659751036,0.0415368639667705,-0.0282258064516128,102740.0,99615.0,83630.0,-0.0471092077087794,-0.0172162826883501,0.1706325481286619,53.04301871529718,-0.0091093117408906,0.0370762711864407,4449.657407938954,5497.576264694904,-1047.9188567559504,0.0340937515774041,0.0272756911414263,3923.1122007805993,-0.2005746921667107,26720299.3,0.857328832390736,-0.0071501532175689
35420,2025-11-07,-0.0151515151515151,-0.02803738317757,0.0526315789473683,-0.02803738317757,0.015625,0.04296875,-0.0303030303030302,268800.0,259425.0,241691.66666666663,-0.0327380952380952,0.0022164402042978,0.0757507844016136,51.64965451627468,0.0526315789473683,-0.02803738317757,5532.68434734919,5480.674688839575,52.00965850961529,0.0390470850656309,0.0295373176996278,12526.335511230243,-0.2790473866840165,1800179.3,0.9159415398232832,-0.025
35720,2025-11-07,0.0345963756177924,-0.0353302611367127,0.0608108108108107,0.0112721417069243,0.0194805194805194,0.075657894736842,0.014827018121911,62980.0,61560.0,62198.333333333336,-0.0028580501746586,0.0201429499675114,0.0096733567351749,51.68634520536107,0.0608108108108107,0.0112721417069243,534.7471999983827,480.0892543924137,54.65794560596902,0.0256337104859613,0.0332987583250742,3061.339292668148,1.241739401999547,3890117.8,2.4984449057043983,-0.0222929936305732
660,2025-11-10,0.0448275862068965,-0.0225806451612903,0.1327102803738318,0.4602409638554217,0.0376712328767123,0.0585197934595524,0.0068965517241379,588800.0,524575.0,379683.3333333333,0.029211956521739,0.1552208931039413,0.5960668978534744,72.36114112155575,0.1327102803738318,0.4602409638554217,57959.194542908575,56851.73702296955,1107.4575199390238,0.0392017958124173,0.0410402604137893,29589.2698138429,0.0217664144358882,4628445.9,1.057297655785498,0.0
5380,2025-11-10,0.0246212121212121,-0.072041166380789,0.0628683693516698,0.2379862700228832,0.0150093808630393,0.0339622641509433,0.009469696969697,269600.0,257950.0,231525.0,0.0033382789317506,0.0486528396976158,0.1683403520138213,61.75914470716077,0.0628683693516698,0.2379862700228832,12160.666089382168,12429.52184674795,-268.85575736578176,0.0294582097516094,0.0349687379486629,10919.765061959964,0.0385319119579106,1295967.2,0.5343221649436807,0.0036968576709797
5930,2025-11-10,0.0275791624106231,-0.0945094509450945,-0.0137254901960783,0.0782422293676312,0.0202839756592292,0.0316649642492339,0.0071501532175688,100640.0,99980.0,84110.0,-0.0003974562798092,0.0062012402480495,0.1960527880156937,56.84077961942236,-0.0137254901960783,0.0782422293676312,4102.250834209757,5218.511178597875,-1116.260344388118,0.0318911409271908,0.0276370905696278,3864.318472153414,0.0407822863222557,26718250.25,0.8923610931445632,0.0
35420,2025-11-10,0.0,-0.0528233151183971,0.0358565737051792,-0.0095238095238094,-0.0132827324478178,0.0232558139534884,0.0134615384615384,265900.0,259300.0,242200.0,-0.0221887927792403,0.0026995757809487,0.0734929810074318,51.64965451627468,0.0358565737051792,-0.0095238095238094,4892.927649344871,5363.125280940634,-470.1976315957636,0.035398285803693,0.0292425140425238,12060.168688999513,-0.4089033689357307,1776168.1,0.5487290307713555,-0.0192307692307692
35720,2025-11-10,-0.0079617834394905,-0.0341085271317829,0.0229885057471264,0.0418060200668897,-0.0173501577287066,0.067524115755627,0.0095541401273886,62540.0,61685.0,62173.333333333336,-0.0038375439718579,0.0099700089162682,0.0020373150332404,50.49666721221752,0.0229885057471264,0.0418060200668897,467.59531445390166,477.5904664047113,-9.995151950809657,0.0256115759987255,0.0321621540700651,3142.672200334709,-0.1769094204333773,4159330.8,1.9233428127428576,-0.0256821829855538
660,2025-11-11,0.0214521452145215,0.0563139931740614,0.1880998080614202,0.5042527339003646,-0.0048231511254018,0.0695364238410596,0.0264026402640265,595400.0,534950.0,385550.0,0.0396372186765199,0.1571174876156649,0.6054986383089094,73.80730160562645,0.1880998080614202,0.5042527339003646,58192.99413785682,57119.988445947005,1073.005691909813,0.0275550632472486,0.0404951667824313,30475.75054142555,0.125683820546852,4698817.0,1.1723582765619516,-0.0791599353796446
5380,2025-11-11,-0.0055452865064694,-0.0253623188405797,0.0738522954091815,0.2062780269058295,-0.0128440366972476,0.0242990654205608,0.0073937153419594,268200.0,260250.0,232466.66666666663,0.0029828486204324,0.0336215177713736,0.1571551476914252,60.54786842449631,0.0738522954091815,0.2062780269058295,11519.496684592888,12247.516814316938,-728.020129724051,0.0200068477678036,0.0350912926739569,10604.067557534254,-0.286312357032279,1276387.25,0.387188919350299,-0.0167286245353159
5930,2025-11-11,0.0288270377733599,-0.0133460438512869,0.0402010050251255,0.1299126637554586,-0.0019286403085824,0.0392156862745098,0.0308151093439363,100360.0,100575.0,84651.66666666667,0.0312873654842567,0.0290827740492169,0.2226575574412788,60.53294454757871,0.0402010050251255,0.1299126637554586,4014.6559307557327,4977.7401290294465,-963.0841982737138,0.0300431697869368,0.0276360530800004,3974.010009856742,0.1635836552363365,26328115.6,1.0537230397150033,-0.0550724637681159
35420,2025-11-11,0.0115384615384614,-0.0149812734082397,0.0395256916996047,0.0193798449612403,0.0057361376673039,0.0363984674329502,0.0057692307692307,265100.0,259550.0,242866.66666666663,-0.0079215390418709,0.0132922365632826,0.0828987098545155,53.29734802501304,0.0395256916996047,0.0193798449612403,4575.25014920652,5205.550254593812,-630.3001053872913,0.034988463916164,0.0290639810861733,11948.728068356691,0.3762454662514685,1739631.9,0.7710464495391238,-0.0532319391634981
35720,2025-11-11,0.028892455858748,-0.0015576323987538,0.0062794348508634,0.075503355704698,0.0256,0.0671999999999999,0.0032102728731941,62520.0,61910.0,62171.666666666664,0.0252719129878438,0.0353739298982394,0.0310162721496931,54.552249180376954,0.0062794348508634,0.075503355704698,553.2444603725744,492.721265198284,60.52319517429043,0.0302425037379558,0.0326558469354334,3232.4813288822297,0.5421907670661048,4669245.0,2.6422359503517163,-0.1029641185647426
660,2025-11-12,-0.0032310177705977,0.0656303972366147,0.1057347670250896,0.4603550295857987,0.0198347107438017,0.0316139767054908,-0.0226171243941841,603000.0,544675.0,391350.0,0.023217247097844,0.132785606095378,0.5765938418295644,73.17296704472207,0.1057347670250896,0.4603550295857987,57553.45827477798,57206.682411713206,346.77586306477315,0.0259442726307476,0.0408396983683631,29656.05407418087,-0.4859975053991897,4705990.25,0.6016765546847446,-0.0891410048622366
5380,2025-11-12,0.0241635687732342,0.0260707635009311,0.0678294573643409,0.2326621923937359,0.014732965009208,0.033395176252319,0.0092936802973977,269600.0,262850.0,233508.33333333337,0.0218842729970325,0.0481263077801026,0.179829413654045,63.85601507849088,0.0678294573643409,0.2326621923937359,11404.398185859522,12078.893088625457,-674.4949027659331,0.0189023024125187,0.0351787419807613,10525.20558913895,0.6339965560710883,1283228.05,0.6292926654775042,-0.0417422867513611
5930,2025-11-12,-0.0038647342995169,0.0248508946322068,0.0258706467661691,0.0852631578947369,0.0009708737864078,0.0226377952755905,-0.0048309178743961,100860.0,100980.0,85185.0,0.0222090025778307,0.020994256288374,0.210306978928215,59.773384651014624,0.0258706467661691,0.0852631578947369,3868.367548496812,4755.86561292292,-887.4980644261086,0.0214574864949943,0.0267508228229164,3854.437866295546,-0.3002264536537423,26246284.9,0.7396664737111042,-0.064015518913676
35420,2025-11-12,0.0019011406844107,-0.0538599640933572,-0.0056603773584905,0.0193423597678916,-0.007532956685499,0.0133587786259541,0.0095057034220531,262100.0,259800.0,243541.66666666663,0.0053414727203358,0.0142417244033872,0.0819503849443969,53.58127294280065,-0.0056603773584905,0.0193423597678916,4314.103957939078,5027.260995262865,-713.1570373237873,0.0249933060378481,0.0290639438759183,11345.2474920455,-0.5523227943462381,1697719.35,0.3537015702860428,-0.0569259962049335
35720,2025-11-12,-0.0046801872074883,0.0175438596491228,-0.0576070901033973,0.0777027027027026,-0.0139103554868624,0.0204724409448819,0.0093603744149766,62740.0,62140.0,62173.333333333336,0.0168951227287217,0.0267138719021564,0.0261634141110871,53.761706676610864,-0.0576070901033973,0.0777027027027026,590.112087968424,512.199429752312,77.91265821611205,0.0276705739976828,0.0326234331677339,3094.446948247785,-0.7384147370965337,4747646.25,0.6797562055092037,-0.0877742946708464
660,2025-11-13,-0.0081037277147487,0.0320404721753795,0.0774647887323942,0.3524861878453038,0.0082372322899506,0.0247116968698517,-0.0162074554294975,606800.0,552650.0,396916.6666666667,0.008569545154911,0.1073916583732923,0.5418853663657357,71.51811266636072,0.0774647887323942,0.3524861878453038,55997.657148151775,56964.87735900092,-967.2202108491474,0.0264967540459907,0.0394348278218896,28609.193068882236,0.3687313790224489,4687370.6,0.8268049042249829,-0.0669934640522875
5380,2025-11-13,0.0108892921960073,0.0353159851301114,0.0509433962264151,0.1508264462809918,0.02014652014652,0.0238532110091742,-0.0090744101633394,271500.0,264675.0,234550.0,0.0257826887661141,0.0522338717294794,0.1873800895331485,65.30215196350125,0.0509433962264151,0.1508264462809918,11423.572887013026,11947.82904830297,-524.2561612899444,0.0189226082422413,0.0308784447805158,10237.690904200454,-0.1564940323902883,1211525.5,0.5622275387517638,-0.059245960502693
5930,2025-11-13,-0.002909796314258,0.0362903225806452,-0.0124879923150816,0.052200614124872,0.0029268292682926,0.0185728250244379,-0.005819592628516,101580.0,101235.0,85700.0,0.0120102382358731,0.0154590803575838,0.1995332555425903,59.173669972710755,-0.0124879923150816,0.052200614124872,3685.738558994839,4541.840202137304,-856.101643142465,0.0194929879374511,0.0261840470267945,3714.83516156015,0.0734151090862198,25881168.95,0.805170007593494,-0.0214007782101167
35420,2025-11-13,0.0075901328273244,0.0056818181818181,0.0391389432485322,0.0191938579654511,0.0114285714285713,0.0290135396518376,-0.0037950664136622,262400.0,260050.0,244216.66666666663,0.0118140243902438,0.0209575081715054,0.0871493892035761,54.76587593661117,0.0391389432485322,0.0191938579654511,4219.882822810003,4865.785360772293,-645.9025379622899,0.0102105125295456,0.0290622672503042,11070.586956899391,0.2061113831130117,1626200.1,0.4453652413377664,-0.032015065913371
35720,2025-11-13,-0.0015673981191222,0.0494233937397035,0.0031496062992126,0.0870307167235495,0.0015723270440251,0.0239234449760765,-0.0031347962382445,63340.0,62395.0,62176.666666666664,0.0056836122513419,0.0209151374308838,0.0245000804160189,53.483481987277635,0.0031496062992126,0.0870307167235495,604.294849327358,530.6185136673212,73.67633566003678,0.0202097810918964,0.0324805187580999,2980.5578805158,0.0081921343363775,4795522.8,0.6784828548828921,-0.0722135007849293
660,2025-11-14,-0.0849673202614379,-0.0344827586206896,0.0017889087656528,0.2030075187969924,-0.0328151986183073,0.0446428571428572,-0.053921568627451,602800.0,557375.0,401641.6666666667,-0.0710019907100198,0.0047095761381474,0.3942776521360249,57.06405533943333,0.0017889087656528,0.2030075187969924,49992.42655437742,55570.38719807623,-5577.960643698803,0.0489514920581878,0.0452578789753483,30279.964992533507,0.4909851295599763,4749210.15,1.2167021078231293,-0.0696428571428571
5380,2025-11-14,-0.0215439856373429,0.0321969696969697,-0.0603448275862068,0.1213991769547324,0.0,0.0220588235294116,-0.0215439856373429,273200.0,266150.0,235466.66666666663,-0.0025622254758418,0.0238587262821716,0.1572763306908267,60.12113273124133,-0.0603448275862068,0.1213991769547324,10829.780155586108,11724.219269759598,-894.4391141734905,0.019944914738731,0.0315519684819971,9970.71298247185,-0.1499369451503553,1190767.15,0.4862604750223417,-0.0477064220183486
5930,2025-11-14,-0.0544747081712062,-0.0071501532175689,-0.095813953488372,-0.0071501532175689,-0.0181818181818181,0.0246913580246914,-0.036964980544747,101440.0,101200.0,86126.66666666667,-0.0417981072555204,-0.0395256916996047,0.1285703227804009,49.24196783770048,-0.095813953488372,-0.0071501532175689,3053.926803014722,4244.257522312788,-1190.3307192980665,0.033829773194682,0.0291593401156631,3849.489792877282,0.0464327955321293,25834945.6,0.8440637862229522,-0.0246913580246913
35420,2025-11-14,-0.0451977401129943,-0.025,-0.0523364485981308,-0.0078277886497064,-0.0174418604651163,0.0276679841897233,-0.0282485875706214,261100.0,259950.0,244700.0,-0.0291076216009191,-0.0248124639353721,0.0359624029423784,47.0134495484016,-0.0523364485981308,-0.0078277886497064,3140.7080551412364,4520.769899646081,-1380.0618445048449,0.0230237799051957,0.0305723567749297,11172.687888549435,0.2749840180158038,1598429.05,0.5776990852362199,0.0355029585798816
35720,2025-11-14,-0.0361067503924646,-0.0222929936305732,-0.0568356374807987,0.0586206896551724,-0.016025641025641,0.0360655737704918,-0.0204081632653061,63060.0,62565.0,62126.666666666664,-0.0263241357437361,-0.0186206345400783,-0.0116965339628715,47.406685021114626,-0.0568356374807987,0.0586206896551724,425.0443649296285,509.50368391978265,-84.45931899015415,0.0230999331401359,0.0336015401900648,2960.518031907529,0.0849256841484105,4869378.45,0.7249387239556211,-0.0439739413680781
660,2025-11-17,0.082142857142857,0.0,-0.0225806451612903,0.2481977342945416,0.0306122448979591,0.0376712328767123,0.05,602800.0,563400.0,407283.3333333333,0.0053085600530855,0.0756123535676251,0.4879076809755698,63.99611464188805,-0.0225806451612903,0.2481977342945416,48387.27521675499,54133.76480181198,-5746.489585056988,0.0601925276096086,0.0475389950575818,31402.82463592397,-0.2262620938000897,4806062.35,0.930272367357032,-0.1419141914191419
5380,2025-11-17,-0.0036697247706422,0.0036968576709797,-0.0686106346483704,0.094758064516129,-0.0145190562613429,0.014732965009208,0.0110091743119264,273400.0,267325.0,236383.33333333337,-0.0069495245062179,0.0156176938183858,0.1485581329760981,59.27700647784634,-0.0686106346483704,0.094758064516129,10161.369552267744,11411.649326261228,-1250.279773993483,0.0173718715612177,0.03143650848132,9544.23348372386,-0.3362871595774261,1152211.25,0.3335369273646651,-0.0515653775322283
5930,2025-11-17,0.0349794238683127,0.0,-0.0945094509450945,0.0254841997961263,0.0080160320641282,0.015075376884422,0.0267489711934156,101440.0,101325.0,86636.66666666667,-0.0082807570977917,-0.0071551936836911,0.1611711746373745,54.26138992233226,-0.0945094509450945,0.0254841997961263,2795.340079064321,3954.474033663095,-1159.133954598774,0.0355110800995001,0.0301897373250303,3845.954807671762,-0.211578723290683,25815087.0,0.6659897756687785,-0.0387673956262425
35420,2025-11-17,0.0059171597633136,-0.0192307692307692,-0.0710382513661201,-0.0116279069767442,-0.0058479532163743,0.0118110236220472,0.0118343195266272,260100.0,259800.0,245183.33333333337,-0.0196078431372549,-0.0184757505773671,0.0400380667527699,48.00425886632447,-0.0710382513661201,-0.0116279069767442,2379.067333404848,4092.429386397835,-1713.3620529929872,0.0234818566507746,0.0305197501592451,10624.638753653047,-0.4500628647481999,1547438.9,0.3281667534660011,0.0235294117647058
35720,2025-11-17,-0.011400651465798,-0.0256821829855538,-0.0589147286821705,0.032312925170068,-0.0162074554294975,0.0247933884297519,0.004885993485342,62740.0,62660.0,62055.0,-0.0325151418552757,-0.0312799233961059,-0.0218354685359761,45.70464306506458,-0.0589147286821705,0.032312925170068,223.92168496070371,452.3872841279669,-228.4655991672632,0.0232872179514349,0.0336630513018007,2856.1953153427053,-0.2798911388410371,4914129.0,0.5172808853817228,-0.0313014827018122
660,2025-11-18,-0.0594059405940594,-0.0791599353796446,-0.0273037542662115,0.1899791231732777,-0.0222984562607203,0.0368421052631577,-0.0379537953795379,593000.0,567950.0,412400.0,-0.0387858347386171,0.0036094726648472,0.382153249272551,56.33100923427972,-0.0273037542662115,0.1899791231732777,43706.46120332717,52048.30408211502,-8341.842878787851,0.0642061210346622,0.0498979816709769,31731.194304786542,-0.2072393164132788,4776939.0,0.7419795396173156,-0.0894736842105262
5380,2025-11-18,-0.0257826887661142,-0.0167286245353159,-0.0416666666666666,0.0311890838206627,-0.0167286245353159,0.0303605313092978,-0.009208103130755,272500.0,267725.0,237141.66666666663,-0.0293577981651376,-0.0120459426650481,0.1153670450152861,53.60344602440507,-0.0416666666666666,0.0311890838206627,8963.4823895281,10922.015938914605,-1958.5335493865025,0.0211776574208262,0.0313610384614292,9433.9310920293,0.2378319303678069,1075876.0,0.4421559733649602,-0.0264650283553875
5930,2025-11-18,-0.0278330019880715,-0.0550724637681159,-0.0676835081029552,0.0030769230769229,-0.0200400801603206,0.0348717948717949,-0.0079522862823061,100300.0,101340.0,87100.0,-0.0249252243270189,-0.0349319123741859,0.1228473019517795,49.88623471602785,-0.0676835081029552,0.0030769230769229,2337.5260921622685,3631.0844453629297,-1293.5583532006613,0.0331802277363941,0.0308684246860798,3814.1008928380647,0.0867515901041984,25609098.9,0.7295870921877693,0.0153374233128833
35420,2025-11-18,-0.0235294117647059,-0.0532319391634981,-0.0674157303370787,-0.0216110019646365,-0.0099403578528827,0.0482897384305835,-0.0137254901960783,257300.0,259525.0,245575.0,-0.032258064516129,-0.0405548598400924,0.013946859411585,44.42573642033228,-0.0674157303370787,-0.0216110019646365,1276.5959151395364,3529.2626921461756,-2252.666777006639,0.0230441370555073,0.0308301754849301,10722.87884267783,0.8897419941790168,1529356.45,0.6274828866743264,0.0160642570281124
35720,2025-11-18,-0.0527182866556836,-0.1029641185647426,-0.1043613707165108,-0.0770465489566613,-0.0464344941956882,0.0646853146853145,-0.0065897858319604,61420.0,62420.0,61926.666666666664,-0.0638228590035818,-0.0788208907401474,-0.0714823985359026,38.8396164154152,-0.1043613707165108,-0.0770465489566613,-191.4755336469825,323.61472057297703,-515.0902542199595,0.0221919991571001,0.0329388710522006,2916.467078532512,1.2859407116879131,4855904.75,1.1966517671088996,0.0086956521739129
660,2025-11-19,-0.0140350877192982,-0.0891410048622366,-0.0293609671848014,0.1671858774662513,-0.0017761989342806,0.043956043956044,-0.012280701754386,582000.0,571975.0,417508.3333333333,-0.0343642611683848,-0.0174395734079286,0.3460809165485718,54.761330815714146,-0.0293609671848014,0.1671858774662513,38902.900808723294,49419.22342743668,-10516.322618713384,0.0639041886971138,0.0501780776177636,31178.966140158936,0.2780012137487089,4809912.0,0.941750285660112,-0.0676156583629893
5380,2025-11-19,-0.0018903591682419,-0.0417422867513611,-0.0167597765363128,0.0114942528735633,-0.0294117647058823,0.0401529636711281,0.0283553875236295,270200.0,267875.0,237866.66666666663,-0.0229459659511472,-0.0144657022865142,0.1098654708520179,53.2116743832441,-0.0167597765363128,0.0114942528735633,7882.932818840025,10314.199314899688,-2431.266496059663,0.0150975987065585,0.0311542940714364,9510.078871170066,-0.1308647165785518,1043499.95,0.3962165978062577,-0.009469696969697
5930,2025-11-19,-0.0132924335378322,-0.064015518913676,-0.0407554671968191,-0.0212981744421906,-0.0061791967044284,0.0306553911205074,-0.0071574642126789,98980.0,101235.0,87533.33333333333,-0.0250555667811679,-0.046772361337482,0.1024371667936026,47.952983948932626,-0.0407554671968191,-0.0212981744421906,1848.4977423995588,3274.567104770256,-1426.069362370697,0.0329532256836592,0.0309103362183208,3770.236543349632,0.0165530333115893,25761885.65,0.7372653639583251,0.0652849740932641
35420,2025-11-19,-0.002008032128514,-0.0569259962049335,-0.1077199281867145,-0.0273972602739726,-0.0079840319361277,0.0329218106995885,0.0060240963855422,254300.0,259175.0,246025.0,-0.0228077074321667,-0.0411883862255233,0.0100599532567828,44.130502477635694,-0.1077199281867145,-0.0273972602739726,358.40211547139916,2895.0905768112207,-2536.6884613398215,0.0225727585109263,0.0308124609672851,10528.387496772271,-0.4052446477603697,1504068.8,0.3794733326028703,0.0603621730382293
35720,2025-11-19,0.0121739130434783,-0.0877742946708464,-0.0717703349282297,-0.044334975369458,0.0069204152249136,0.03886925795053,0.0052173913043478,60300.0,62285.0,61808.333333333336,-0.0348258706467661,-0.0655856145139278,-0.0583793986787111,40.92979376921007,-0.0717703349282297,-0.044334975369458,-458.9066817453495,167.11044010931175,-626.0171218546612,0.0262546741854521,0.0327985365730492,2865.290858637333,-0.4928983430413606,4891007.05,0.6024689741553327,0.0481099656357388
660,2025-11-20,0.0160142348754448,-0.0669934640522875,-0.0370994940978077,0.1933124346917449,-0.0403361344537814,0.0473684210526315,0.0587188612099645,573800.0,576600.0,422941.6666666667,-0.0048797490414779,-0.0097121054457162,0.3500679762772642,56.23870506680064,-0.0370994940978077,0.1933124346917449,35414.038382082246,46618.18641836579,-11204.14803628355,0.0656188937968203,0.0500705091043694,31451.897130147583,0.0310174809304559,4864224.2,0.960119601395018,-0.0472854640980735
5380,2025-11-20,-0.0075757575757575,-0.059245960502693,-0.0260223048327137,0.0396825396825397,-0.0187265917602996,0.0209923664122138,0.0113636363636364,266900.0,268375.0,238541.66666666663,-0.0183589359310603,-0.023754075454122,0.0983406113537117,51.58751165353392,-0.0260223048327137,0.0396825396825397,6786.970245579141,9608.75350103558,-2821.7832554564375,0.0108648473464535,0.0301035883463261,9223.64466608649,0.2122229424455559,1023073.75,0.4898923464706234,-0.0019083969465648
5930,2025-11-20,0.0424870466321243,-0.0214007782101167,0.0141129032258064,0.0424870466321243,-0.0029732408325073,0.0341708542713568,0.0455958549222796,98540.0,101440.0,88033.33333333333,0.0209052161558758,-0.0082807570977917,0.1427489587277546,54.006763779704606,0.0141129032258064,0.0424870466321243,1771.3558986549906,2973.924863547203,-1202.5689648922123,0.0414783130814236,0.0319378950141637,3958.07679025323,0.3352273475142295,26105478.35,0.9714602682237384,0.0288270377733599
35420,2025-11-20,0.0342052313883298,-0.032015065913371,-0.0265151515151514,0.0597938144329897,-0.0115384615384614,0.0333988212180746,0.0462776659959758,252600.0,259900.0,246591.66666666663,0.0174188440221694,-0.0111581377452866,0.0422087796965293,50.19056209026291,-0.0265151515151514,0.0597938144329897,312.997832364199,2378.6720279218166,-2065.6741955576176,0.0300752520316388,0.0293948088223808,10812.07410414568,0.7004471278344084,1450910.15,0.6689159904215985,-0.0214007782101167
35720,2025-11-20,0.0154639175257731,-0.0722135007849293,-0.0263591433278418,0.0016949152542373,-0.0016891891891891,0.0170648464163822,0.0171821305841923,59380.0,62290.0,61726.666666666664,-0.0047153923880094,-0.0512120725638144,-0.0425531914893616,43.59868761268254,-0.0263591433278418,0.0016949152542373,-591.4079324577906,15.40676559589128,-606.8146980536819,0.0297759445924619,0.0322487573694835,2760.6272258775234,-0.2299004303147949,4892758.55,0.4637950098722938,0.0101522842639594
660,2025-11-21,-0.0875656742556917,-0.0696428571428571,-0.1017241379310345,0.0215686274509803,0.0057915057915058,0.0330739299610896,-0.0928196147110332,566000.0,577150.0,427441.6666666667,-0.0795053003533569,-0.0972883998960408,0.2188797691692823,47.04649116908537,-0.1017241379310345,0.0215686274509803,28288.416385345627,42952.23241176176,-14663.816026416134,0.066346979512953,0.0527535870734801,33276.76162085133,0.4232065738847943,4983849.7,1.3336501700683308,0.0172744721689059
5380,2025-11-21,-0.0095419847328244,-0.0477064220183486,-0.0170454545454545,0.0277227722772277,0.0176470588235293,0.0255402750491158,-0.0267175572519083,264300.0,268725.0,239200.0,-0.0181611804767309,-0.034328774769746,0.0848662207357859,49.5515276567049,-0.0170454545454545,0.0277227722772277,5651.535520140227,8817.30990485651,-3165.774384716282,0.0094940066634081,0.0302214275687629,9100.527189937457,0.0742583739694651,1011195.3,0.5324530286088157,0.0077071290944124
5930,2025-11-21,-0.0576540755467196,-0.0246913580246913,-0.0316649642492339,-0.0404858299595142,-0.0083682008368201,0.0243386243386243,-0.0497017892644134,98060.0,101240.0,88423.33333333333,-0.033244952070161,-0.0636112208613196,0.0721152033776906,45.87737065127105,-0.0316649642492339,-0.0404858299595142,1228.052677502914,2624.7504263383453,-1396.6977488354314,0.0424653308657944,0.0342001976989668,4111.071305235141,-0.0889914151709148,26320560.8,0.877776661962309,0.0601265822784811
35420,2025-11-21,0.0214007782101166,0.0355029585798816,0.0096153846153845,0.062753036437247,0.045816733067729,0.0621242484969939,-0.0233463035019455,254400.0,260675.0,247266.66666666663,0.0318396226415094,0.0070010549534862,0.0616069021299541,53.690802191161914,0.0096153846153845,0.062753036437247,712.6041879655386,2045.458459930561,-1332.8542719650225,0.0221453994404884,0.0294791613396069,11146.92595384956,0.3175242159752796,1464575.7,0.8730897283083422,-0.0704761904761904
35720,2025-11-21,-0.0067681895093062,-0.0439739413680781,-0.0652866242038217,-0.0084459459459459,0.0190972222222223,0.0385288966725043,-0.0253807106598984,58840.0,62265.0,61645.0,-0.0023793337865397,-0.0572552798522444,-0.0477735420553167,42.675804508731936,-0.0652866242038217,-0.0084459459459459,-720.3885940420951,-131.752306331706,-588.6362877103891,0.0272407670402286,0.0322821471011806,2720.582424029129,0.114129551034114,4964094.4,0.5093021599266927,0.0
660,2025-11-24,-0.0019193857965451,-0.1419141914191419,-0.1419141914191419,-0.02803738317757,-0.0207156308851224,0.0483558994197292,0.0191938579654511,548800.0,576400.0,431783.3333333333,-0.0524781341107871,-0.0978487161693268,0.2043077160612962,46.881446882376146,-0.1419141914191419,-0.02803738317757,22303.51691342541,38822.48931209449,-16518.97239866908,0.0428290730529709,0.0516005527082635,32685.56436221909,-0.0372439786769759,5134746.25,1.24624697861165,0.0346153846153847
5380,2025-11-24,-0.0077071290944122,-0.0515653775322283,-0.0480591497227357,0.0117878192534381,-0.0171755725190839,0.0174757281553397,0.0096339113680155,261500.0,268875.0,239791.66666666663,-0.0152963671128106,-0.0423059042305904,0.0738488271068635,47.92208110234495,-0.0480591497227357,0.0117878192534381,4538.000786304707,7961.448081146149,-3423.4472948414423,0.0090132625226817,0.0302566375076856,8771.918104941922,0.1336796591470503,1003558.7,0.60822451143117,-0.0116504854368931
5930,2025-11-24,0.020042194092827,-0.0387673956262425,-0.0387673956262425,-0.0519607843137255,-0.0112474437627811,0.0291060291060289,0.0316455696202531,97280.0,100975.0,88843.33333333333,-0.0059621710526315,-0.0423372121812329,0.0884328218211834,48.60652588561933,-0.0387673956262425,-0.0519607843137255,939.9598099051072,2287.7923030516977,-1347.8324931465904,0.039431521247891,0.0336634480646246,4117.423354861203,0.291192955687289,26703620.9,1.1171208620625677,0.0423991726990693
35420,2025-11-24,-0.0057142857142856,0.0235294117647058,0.0038461538461538,0.0398406374501991,-0.0242990654205607,0.0405405405405405,0.0190476190476189,255600.0,261175.0,247858.33333333337,0.0211267605633802,-0.0006700488178424,0.0530208788622532,52.60505937807714,0.0038461538461538,0.0398406374501991,897.9071253971488,1815.9481930238787,-918.04106762673,0.0229111514540357,0.0293880280990792,11100.716957146022,0.3088591122587991,1482401.75,1.1290097303244548,-0.0689655172413793
35720,2025-11-24,0.0017035775127767,-0.0313014827018122,-0.0561797752808989,-0.0344827586206896,-0.0084317032040471,0.0329861111111111,0.0102214650766609,58460.0,62160.0,61546.666666666664,0.0058159425248032,-0.054054054054054,-0.0446273830155978,43.000643328974746,-0.0561797752808989,-0.0344827586206896,-805.255054325622,-266.45285593048925,-538.8021983951328,0.0275387009115153,0.0315780471971933,2661.969393741334,-0.1230943144278354,4945304.35,0.448306887320292,0.0119047619047618
660,2025-11-25,-0.0019230769230769,-0.0894736842105262,-0.1615508885298868,-0.0038387715930902,-0.0494505494505495,0.0617760617760618,0.05,538600.0,576300.0,436075.0,-0.0363906424062383,-0.0994273815720978,0.1901622427334748,46.70499703422336,-0.1615508885298868,-0.0038387715930902,17280.54989795026,34514.10142926565,-17233.55153131539,0.0404012999062559,0.0512410105318503,32636.595479203443,-0.4191848870211443,5037632.35,0.7377930229465833,0.0751445086705202
5380,2025-11-25,0.0,-0.0264650283553875,-0.0427509293680297,0.0279441117764471,-0.0134099616858237,0.0214424951267055,0.0135922330097086,260100.0,269225.0,240441.66666666663,-0.009996155324875,-0.0435509332342836,0.070945828856618,47.92208110234495,-0.0427509293680297,0.0279441117764471,3613.8581796095823,7091.930100838836,-3478.0719212292533,0.0041434937931694,0.0300023445734901,8538.209668874642,-0.3604193391427434,989206.0,0.3946528832214928,0.033009708737864
5930,2025-11-25,0.0268872802481903,0.0153374233128833,-0.0405797101449275,-0.0020100502512563,-0.0207100591715976,0.0368098159509202,0.0486039296794209,97580.0,100965.0,89326.66666666667,0.0176265628202501,-0.0164908631704056,0.111650123143518,52.16146109024528,-0.0405797101449275,-0.0020100502512563,910.9416394520669,2012.4221703317717,-1101.480530879705,0.0398817547990029,0.0338257718696332,4159.035972371117,-0.4599590656377832,26509009.5,0.6077199527202252,0.041289023162135
35420,2025-11-25,-0.0306513409961686,0.0160642570281124,-0.0380228136882129,0.0,-0.0361904761904762,0.0479041916167664,0.0057471264367816,256400.0,261175.0,248391.66666666663,-0.0132605304212168,-0.0313008519192112,0.0185526889656792,47.13091380841002,-0.0380228136882129,0.0,394.6782914715295,1531.694212713409,-1137.0159212418794,0.0252229574936469,0.0302564990872531,11164.95146020702,-0.2718537850895589,1497887.1,0.8135853496568599,-0.0395256916996047
35720,2025-11-25,-0.0136054421768707,0.0086956521739129,-0.095163806552262,-0.0894819466248038,-0.0268456375838925,0.0364583333333332,0.0136054421768707,58560.0,61875.0,61430.0,-0.0095628415300546,-0.0626262626262625,-0.0558359107927722,40.99903868340575,-0.095163806552262,-0.0894819466248038,-926.3868388289412,-398.43965251017966,-527.9471863187614,0.0122990987854904,0.029636068767772,2621.8287227598103,-0.1374538004721666,4779690.5,0.4000838548018956,0.0258620689655173
660,2025-11-26,0.0096339113680155,-0.0676156583629893,-0.1507293354943274,-0.060931899641577,0.0214424951267055,0.0538922155688623,-0.0115606936416184,531000.0,574600.0,440475.0,-0.0131826741996233,-0.0880612600069613,0.1896248368238833,47.76363608196713,-0.1507293354943274,-0.060931899641577,13547.107935421867,30320.702730496894,-16773.594795075027,0.0423069801132861,0.0485998156983501,32233.981516403197,0.3795441153917556,5053850.45,1.0145517859555977,0.0534351145038167
5380,2025-11-26,0.0155339805825243,-0.009469696969697,-0.0508166969147005,0.0135658914728682,0.0038387715930903,0.0096339113680155,0.0116504854368932,259600.0,269400.0,241133.33333333337,0.0073189522342065,-0.0293244246473645,0.0844622615427148,51.612815457191424,-0.0508166969147005,0.0135658914728682,3167.71957687565,6307.087996046199,-3139.368419170549,0.0103908834640841,0.029459114713941,8249.766121097882,0.0317321263444785,962453.55,0.4184939626437036,0.0191204588910134
5930,2025-11-26,0.0352467270896272,0.0652849740932641,-0.002909796314258,0.0228855721393035,0.0228855721393035,0.0362537764350452,0.012084592145015,98840.0,101080.0,89863.33333333333,0.0400647511129097,0.0170162247724574,0.1439593456730592,56.521383942869285,-0.002909796314258,0.0228855721393035,1157.027783519312,1841.34329296928,-684.315509449968,0.0406141689319748,0.0346610960984246,4119.104831487466,0.3230852609184302,26529768.85,0.8034361369869228,0.0165369649805446
35420,2025-11-26,0.0415019762845849,0.0603621730382293,0.0,-0.0056603773584905,0.0333333333333334,0.0496031746031746,0.0079051383399209,259400.0,261100.0,249150.0,0.0158057054741711,0.0091918805055535,0.0575958258077462,53.91011396436055,0.0,-0.0056603773584905,833.5197658435209,1392.059323339431,-558.5395574959105,0.0299359154042926,0.0297973778319838,11260.312070192234,-0.2249521810449026,1421793.8,0.664315036399793,-0.0645161290322581
35720,2025-11-26,0.0517241379310344,0.0481099656357388,-0.0438871473354232,-0.0989660265878877,0.0427350427350428,0.0481099656357388,0.0086206896551723,59120.0,61540.0,61378.333333333336,0.0317997293640053,-0.0087747806304842,-0.0061639557933038,50.33519352377908,-0.0438871473354232,-0.0989660265878877,-771.4173043078554,-473.0351828697149,-298.38212143814053,0.0258724685846237,0.0283952315711842,2648.8409568483953,0.7322809404704445,4351463.1,0.7612614249216546,-0.0065573770491803
660,2025-11-27,0.0381679389312976,-0.0472854640980735,-0.1111111111111111,-0.0422535211267606,0.016822429906542,0.0431519699812383,0.0209923664122138,525600.0,573400.0,445066.6666666667,0.035007610350076,-0.0512731077781652,0.2222887956860395,51.881029971399464,-0.1111111111111111,-0.0422535211267606,12063.105167795204,26669.183217956557,-14606.078050161352,0.047022419486661,0.0492436691536583,32217.268550945828,-0.2873391994723244,4992132.0,0.7319702283513336,-0.0036764705882352
5380,2025-11-27,0.0,-0.0019083969465648,-0.0610412926391382,-0.0132075471698113,0.0,0.0115606936416186,0.0,259500.0,269225.0,241791.66666666663,0.0077071290944124,-0.0286934720029714,0.0815095640186112,51.612815457191424,-0.0610412926391382,-0.0132075471698113,2782.081417162495,5602.086680269458,-2820.005263106963,0.0098889525209727,0.0288137428677441,7874.782826733748,-0.2823370516484144,828986.05,0.3486922367390862,0.0841300191204588
5930,2025-11-27,0.0068093385214007,0.0288270377733599,0.0068093385214007,-0.0057636887608069,-0.0057636887608069,0.027263875365141,0.0126459143968871,99420.0,101050.0,90428.33333333331,0.0410380205190101,0.0242454230578921,0.1445527766002543,57.35842888124621,0.0068093385214007,-0.0057636887608069,1392.4852720789058,1751.5716887912051,-359.0864167122993,0.0372188612789919,0.0337535380126899,4024.88305780979,-0.2281011823846849,25623918.2,0.6420955558623349,0.0154589371980675
35420,2025-11-27,-0.0455407969639468,-0.0214007782101167,-0.0527306967984934,-0.0156555772994129,-0.0308285163776492,0.0439121756487026,-0.0151802656546489,258300.0,260900.0,249716.66666666663,-0.0263259775454897,-0.0360291299348409,0.007141426950544,46.561868094622106,-0.0527306967984934,-0.0156555772994129,210.57767578348285,1155.7629938282416,-945.1853180447588,0.0358967317776489,0.0304843279290797,11384.575493749931,1.147706928076619,1453562.35,1.3955713698831012,-0.0178926441351888
35720,2025-11-27,-0.021311475409836,0.0101522842639594,-0.0627943485086341,-0.0598425196850394,-0.0197044334975369,0.0251256281407035,-0.001639344262295,59240.0,61350.0,61315.0,0.0077650236326807,-0.0268948655256723,-0.0263393949278316,46.873837667189825,-0.0627943485086341,-0.0598425196850394,-744.915050146803,-527.4111563251325,-217.50389382167043,0.028878219652079,0.025374950977174,2566.7808885020813,-0.5073203805710377,4173777.3,0.3910249356140779,0.0083752093802345
660,2025-11-28,-0.025735294117647,0.0172744721689059,-0.0535714285714286,-0.0518783542039356,-0.0381125226860253,0.0415094339622641,0.0128676470588235,527400.0,571950.0,449416.6666666667,0.0049298445202881,-0.073345572165399,0.1793065084368625,48.97116626850333,-0.0535714285714286,-0.0518783542039356,9646.144535975996,23264.575481560445,-13618.430945584449,0.0231995038956505,0.0494497344895428,31487.463654449697,-0.2665378977869194,4958548.45,0.5405085837166721,0.0264150943396226
5380,2025-11-28,0.0,0.0077071290944124,-0.0403669724770642,-0.0982758620689655,0.0,0.0250965250965251,0.0,259900.0,267800.0,242483.33333333337,0.0061562139284339,-0.0235250186706497,0.0784246339954635,51.612815457191424,-0.0403669724770642,-0.0982758620689655,2448.238626308448,4971.317069477256,-2523.078443168808,0.0084919442822711,0.018319567777678,7776.584053395623,0.7678067951055314,672949.45,0.7593497550224613,0.2045889101338431
5930,2025-11-28,-0.0289855072463768,0.0601265822784811,0.0339506172839505,-0.0651162790697674,-0.0317919075144508,0.0328358208955223,0.0028985507246377,100560.0,100700.0,90941.66666666669,-0.0005966587112171,-0.0019860973187686,0.1051040043984239,52.6777566283492,0.0339506172839505,-0.0651162790697674,1321.7754950577364,1665.6124500445114,-343.836954986775,0.0251668089466189,0.0334522033538302,3973.1056965376624,-0.070548028797659,23647303.85,0.6466816300497614,0.0786069651741294
35420,2025-11-28,-0.0298210735586481,-0.0704761904761904,-0.0374753451676528,-0.0878504672897196,-0.0374753451676528,0.0431211498973305,0.0079522862823062,254600.0,259725.0,250208.33333333337,-0.0416339355852317,-0.0605448070074117,-0.0248126561199001,42.64906787806357,-0.0374753451676528,-0.0878504672897196,-878.1727101699507,748.9758530286032,-1627.1485631985538,0.0341742141805017,0.0290118525556972,11321.39152991065,-0.2206812748021985,1389511.0,1.137729028413593,0.0225409836065573
35720,2025-11-28,-0.016750418760469,0.0,-0.0439739413680781,-0.098310291858679,-0.020033388981636,0.0221843003412969,0.0033500837520938,59240.0,61030.0,61251.666666666664,-0.0091154625253206,-0.0381779452728165,-0.0416587303746835,44.34753531003955,-0.0439739413680781,-0.098310291858679,-795.4341951756433,-581.0157640952348,-214.41843108040848,0.0299897165865287,0.0246648990078273,2476.2965393233612,-0.0172807099778131,4083328.8,0.3927795381062627,0.0477001703577513
660,2025-12-01,0.0150943396226415,0.0346153846153847,-0.1122112211221122,-0.1322580645161289,-0.007380073800738,0.0380952380952381,0.0226415094339622,531000.0,567850.0,454116.6666666667,0.0131826741996232,-0.0525666989521881,0.1847175835871839,50.67367539684065,-0.1122112211221122,-0.1322580645161289,8280.763476448483,20267.813080538053,-11987.04960408957,0.0234259776286191,0.0423366956802904,30666.93053627472,0.1696054456897369,4825930.75,0.6495542854608927,0.0724907063197026
5380,2025-12-01,-0.0267686424474187,-0.0116504854368931,-0.0626151012891343,-0.1269296740994854,-0.0249042145593869,0.0315581854043391,-0.0019120458891013,259300.0,265950.0,243050.0,-0.0185113767836483,-0.0430532054897536,0.0471096482205306,44.69029170241715,-0.0626151012891343,-0.1269296740994854,1600.3761704961944,4297.128889681044,-2696.7527191848494,0.0152694240704445,0.0187729825317082,7792.542335295936,0.087022802169846,625822.3,0.8875890168822683,0.2396856581532416
5930,2025-12-01,0.0029850746268655,0.0423991726990693,0.0019880715705764,-0.0927092709270926,-0.0117647058823529,0.0290290290290289,0.0149253731343284,101380.0,100185.0,91495.0,-0.0057210495166699,0.0061386435095074,0.1016995464233019,53.090006982131875,0.0019880715705764,-0.0927092709270926,1275.2447524336603,1587.5389105223412,-312.2941580886809,0.0249593481592044,0.0323879155100461,3896.455289642115,-0.2868605505903404,22687076.85,0.4806933071238747,0.0863095238095237
35420,2025-12-01,-0.0040983606557376,-0.0689655172413793,-0.0470588235294118,-0.1147540983606557,-0.0141987829614604,0.0206185567010308,0.0102459016393443,251000.0,258150.0,250666.66666666663,-0.0318725099601593,-0.0586868099941894,-0.0305851063829787,42.140579303338754,-0.0470588235294118,-0.1147540983606557,-1800.9466853736958,238.9913453481434,-2039.9380307218391,0.0342801713353374,0.0281209128703702,10869.86356348846,-0.5782987651868856,1284833.35,0.5188704044769696,0.0246913580246914
35720,2025-12-01,0.0136286201022146,0.0119047619047618,-0.0197693574958813,-0.0775193798449612,0.0101867572156197,0.0237691001697792,0.0034071550255536,59380.0,60780.0,61223.333333333336,0.002020882452004,-0.021059559065482,-0.0281483094680677,46.81699726731126,-0.0197693574958813,-0.0775193798449612,-762.1322809369813,-617.2390674635841,-144.89321347339717,0.0305922014036149,0.0249801020550515,2413.7039293716925,0.129766037679381,4022439.7,0.4504661685792331,0.0420168067226891
660,2025-12-02,0.0371747211895909,0.0751445086705202,-0.0210526315789473,-0.0477815699658703,0.0182481751824816,0.0313653136531364,0.0185873605947954,538800.0,566450.0,459075.0,0.0356347438752784,-0.0149174684438168,0.215487665414148,54.73923548368288,-0.0210526315789473,-0.0477815699658703,8712.09440158843,17956.66934474813,-9244.5749431597,0.0260602732488868,0.0417691519263927,29976.43549796938,-0.1429557623303508,4661771.3,0.5763002573721281,0.0143369175627239
5380,2025-12-02,0.0451866404715126,0.033009708737864,0.0056710775047259,-0.036231884057971,0.033009708737864,0.0408560311284047,0.0117878192534381,261000.0,265450.0,243816.66666666663,0.0191570881226053,0.0020719532868713,0.09098366258801,55.297936313140426,0.0056710775047259,-0.036231884057971,1835.2374809510077,3804.750607935037,-1969.5131269840297,0.0263113562842021,0.0188121529074629,8164.503597060512,0.9531894439513712,609254.8,1.7807721826729963,0.1541353383458645
5930,2025-12-02,0.0257936507936507,0.041289023162135,0.0572597137014314,-0.0142993326978074,0.0217391304347827,0.0247524752475247,0.0039682539682539,102200.0,100110.0,92066.66666666669,0.0117416829745597,0.0328638497652582,0.1230992034757421,56.61735654326099,0.0572597137014314,-0.0142993326978074,1431.6637460765196,1556.363877633177,-124.70013155665742,0.0247629212386478,0.0306581476473948,3810.994197524821,0.25161198093517,21847037.15,0.624775199780351,0.0483558994197292
35420,2025-12-02,0.0,-0.0395256916996047,-0.0240963855421686,-0.0898876404494382,0.0,0.0144927536231884,0.0,249000.0,256950.0,250966.66666666663,-0.0240963855421686,-0.0542907180385289,-0.0317439234958161,42.140579303338754,-0.0240963855421686,-0.0898876404494382,-2503.394139617362,-309.48575164495753,-2193.908387972404,0.0332201196151395,0.0276752718328769,10343.444737525,-0.0723350063450444,1249466.3,0.4949625292014678,0.0205761316872428
35720,2025-12-02,0.0,0.0258620689655173,0.0347826086956521,-0.0732087227414329,-0.0016778523489933,0.0170068027210883,0.0016806722689075,59680.0,60545.0,61226.666666666664,-0.0030160857908847,-0.0172598893385085,-0.0282012195121951,46.81699726731126,0.0347826086956521,-0.0732087227414329,-727.3557694287738,-639.2624078566221,-88.09336157215171,0.0293552507795333,0.0249927228442918,2312.7250772737148,-0.3604821926154529,3989598.85,0.2904525100311776,0.0218487394957982
660,2025-12-03,-0.010752688172043,0.0534351145038167,-0.0177935943060498,-0.0466321243523316,0.0036363636363636,0.0275735294117647,-0.014336917562724,544400.0,565100.0,463900.0,0.0139603232916973,-0.0231817377455317,0.18991161888338,53.3194165793684,-0.0177935943060498,-0.0466321243523316,8472.116130383685,16059.758701875242,-7587.642571491557,0.0285587854951447,0.0417544579518704,28906.690105257283,-0.0372075277862561,4342291.15,0.5956806926684315,0.0634057971014492
5380,2025-12-03,0.0018796992481202,0.0191204588910134,0.009469696969697,-0.0074487895716945,0.0,0.0171102661596957,0.0018796992481202,262000.0,265350.0,244566.66666666663,0.0171755725190838,0.0043338986244583,0.089682431511517,55.695786414018144,0.009469696969697,-0.0074487895716945,2038.217282806494,3451.4439429093286,-1413.2266601028346,0.0258820722795335,0.0178360479648549,7902.753340127619,-0.5538995561061216,562440.65,0.8605245726815798,0.1350844277673546
5930,2025-12-03,0.0106382978723404,0.0165369649805446,0.0829015544041451,0.0387673956262426,-0.0019102196752626,0.0144230769230768,0.0125725338491295,102540.0,100305.0,92645.0,0.0191144919055978,0.0418224415532626,0.1279615737492578,58.054411716551655,0.0829015544041451,0.0387673956262426,1625.6482710551063,1570.220756317563,55.42751473754333,0.0200902574746817,0.0291871841090386,3688.780326273049,0.0768116779773482,20339782.5,0.7226196740304376,0.0334928229665072
35420,2025-12-03,0.0144032921810699,-0.0645161290322581,-0.0080482897384306,-0.1149012567324955,0.0,0.0122199592668024,0.0144032921810699,245600.0,255350.0,251391.66666666663,0.0036644951140065,-0.0346583121206187,-0.0194583485265356,44.81148042661914,-0.0080482897384306,-0.1149012567324955,-2746.013721835421,-796.7913456830503,-1949.222376152371,0.0241921006719175,0.0257675029456901,9997.484399130357,0.0187229459979076,1107443.85,0.5688938540766649,-0.0081135902636917
35720,2025-12-03,0.0184873949579831,-0.0065573770491803,0.0412371134020619,-0.0334928229665071,0.0133779264214046,0.0250836120401338,0.0050420168067226,59600.0,60440.0,61255.0,0.0167785234899329,0.0026472534745201,-0.0106930046526814,50.33155412333666,0.0412371134020619,-0.0334928229665071,-604.0709724416738,-632.2241207736324,28.15314833195862,0.0177144564927892,0.0249938383754107,2276.1018574684495,0.946936845275542,3820220.55,0.5905651180270207,-0.023102310231023
660,2025-12-04,-0.0181159420289854,-0.0036764705882352,-0.0507880910683011,-0.0860033726812816,0.0,0.0206766917293232,-0.0181159420289854,544000.0,562550.0,468508.3333333333,-0.0036764705882352,-0.0365300862145586,0.1568630938617243,50.9475463040472,-0.0507880910683011,-0.0860033726812816,7389.829836643417,14325.772928828876,-6935.94309218546,0.0260519753977182,0.0414530574631442,28270.497954881765,0.1050351829937072,4219144.2,0.6774608462066786,0.0424354243542435
5380,2025-12-04,0.0637898686679174,0.0841300191204588,0.08206106870229,0.0539033457249069,0.0384615384615385,0.0537037037037038,0.024390243902439,266400.0,266075.0,245600.0,0.0641891891891892,0.0654890538382035,0.1543159609120521,66.58500849269325,0.08206106870229,0.0539033457249069,3530.14485083794,3467.184124495051,62.96072634288885,0.0367998966043582,0.0228795658488317,8623.985244404217,3.1201626466443795,627819.3,3.1762865525159865,0.0423280423280423
5930,2025-12-04,0.0057416267942582,0.0154589371980675,0.0447316103379722,0.0594758064516129,0.0115495668912415,0.0184108527131783,-0.0057416267942583,102860.0,100600.0,93228.33333333331,0.0217771728563096,0.0447316103379722,0.1273396857178612,58.85501539944893,0.0447316103379722,0.0594758064516129,1806.9677903852717,1617.570163131105,189.39762725416676,0.0200512360723616,0.0289418830703166,3561.0103029678307,-0.1882430086909534,19503555.3,0.6117420550498298,0.0209324452901997
35420,2025-12-04,0.0020283975659229,-0.0178926441351888,-0.0389105058365758,-0.0643939393939394,0.0061099796334012,0.016359918200409,-0.0040567951318458,244700.0,254500.0,251725.0,0.0093992644053944,-0.0294695481335952,-0.0187704836627271,45.20065614120245,-0.0389105058365758,-0.0643939393939394,-2864.9206455466046,-1210.417205655761,-1654.5034398908433,0.0162519073440791,0.023380379933858,9569.092656335331,-0.2264189277131764,1017459.55,0.4790067575659396,-0.0141700404858299
35720,2025-12-04,-0.0066006600660065,0.0083752093802345,0.0186125211505923,-0.0082372322899505,0.0,0.0168067226890755,-0.0066006600660065,59700.0,60415.0,61283.333333333336,0.0083752093802345,-0.0035587188612099,-0.0176774544465597,49.06187536560768,0.0186125211505923,-0.0082372322899505,-532.5051517544343,-612.2803269697929,79.77517521535856,0.0144594560646725,0.0239893848663457,2192.094581934989,-0.4403926440845197,3666567.65,0.3443340258565801,-0.0166112956810631
660,2025-12-05,0.0036900369003689,0.0264150943396226,0.0441458733205373,-0.0620689655172413,0.0264150943396226,0.0360531309297913,-0.022140221402214,546800.0,560750.0,473016.6666666667,-0.0051207022677395,-0.0298707088720463,0.1500651844543885,51.41306775900246,0.0441458733205373,-0.0620689655172413,6617.214309221366,12784.061204907375,-6166.846895686009,0.0219114372475722,0.0412542776724004,27608.31952953307,0.1212704732350116,4139921.0,0.7741531782852861,0.0496323529411764
5380,2025-12-05,0.1111111111111111,0.2045889101338431,0.2138728323699421,0.1931818181818181,0.1170212765957445,0.1303571428571428,-0.0052910052910053,277100.0,268625.0,247183.33333333337,0.1367737278960663,0.1726384364820847,0.274357764142674,77.58065991595913,0.2138728323699421,0.1931818181818181,7171.62491296127,4208.072282188295,2963.552630772975,0.0537499944589477,0.0327349687161386,10615.129155518202,0.952125082868052,789120.65,4.933084693703048,-0.0428571428571428
5930,2025-12-05,0.0313986679352997,0.0786069651741294,0.1434599156118143,0.1072522982635342,0.0294396961063627,0.0363288718929253,0.0019029495718363,104440.0,101125.0,93876.66666666669,0.0379165070854079,0.0719406674907292,0.1547065298441217,63.03408952242667,0.1434599156118143,0.1072522982635342,2191.6828805683326,1732.3927066185506,459.290173949782,0.0125900209611831,0.0293229410825879,3578.0809956129856,0.6557984166649555,19345929.7,1.0211745471193354,0.0046125461254613
35420,2025-12-05,0.0101214574898784,0.0225409836065573,-0.0495238095238095,-0.0403846153846153,0.0080808080808081,0.0162601626016261,0.0020242914979757,245800.0,253975.0,252066.66666666663,0.0150528885272578,-0.0176198444728812,-0.0101824914043903,47.20532122754317,-0.0495238095238095,-0.0403846153846153,-2726.0024730064033,-1513.5342591258898,-1212.4682138805135,0.0075823181818254,0.0233755120998131,9171.300323739952,0.1804132384020353,963781.5,0.596917454838052,-0.0200400801603206
35720,2025-12-05,0.021594684385382,0.0477001703577513,0.0477001703577513,-0.0207006369426752,0.0249999999999999,0.0249999999999999,-0.0033222591362126,60260.0,60350.0,61333.333333333336,0.0205774975107866,0.0190555095277547,0.0027173913043478,53.19443430219946,0.0477001703577513,-0.0207006369426752,-366.6629258398825,-563.1568467438109,196.49392090392837,0.0121814510954691,0.0231603660417644,2142.6592546539187,0.7143040449132056,3288822.9,0.6580925959862418,-0.0276422764227641
660,2025-12-08,0.0606617647058822,0.0724907063197026,0.1096153846153846,-0.0478547854785478,0.0626151012891345,0.0881801125703565,-0.0018382352941176,554600.0,559300.0,478016.6666666667,0.0403894698882076,0.0316467012336849,0.2070708831630696,58.424200671750306,0.1096153846153846,-0.0478547854785478,8568.957536349655,11941.040471195833,-3372.0829348461775,0.033404340108512,0.0423453828101239,28993.43956313785,0.3380725899730197,4109660.4,1.043500577322642,-0.0398613518197573
5380,2025-12-08,0.0015873015873015,0.2396856581532416,0.2252427184466019,0.1663585951940851,-0.0171339563862927,0.0405186385737439,0.0190476190476189,289300.0,270875.0,248800.0,0.0905634289664707,0.1647438855560683,0.2680868167202572,77.70606365892343,0.2252427184466019,0.1663585951940851,9982.794478294849,5363.016721409605,4619.777756885242,0.0460091781820006,0.0325744911150392,10749.762787266902,-0.5083771342933452,850186.9,2.2510215106819453,-0.0697305863708399
5930,2025-12-08,0.0101476014760146,0.0863095238095237,0.1323681489141674,0.088469184890656,-0.0018231540565177,0.0185185185185186,0.0119926199261992,106180.0,101570.0,94533.33333333331,0.0312676586927858,0.0780742345180662,0.1583215796897039,64.33448398229518,0.1323681489141674,0.088469184890656,2555.870681930348,1897.0883016809105,658.7823802494377,0.0111635540923743,0.0288886062959958,3465.3609244977724,-0.214005912560057,18930201.45,0.8202639597372061,-0.0429223744292237
35420,2025-12-08,-0.002004008016032,0.0246913580246914,-0.0459770114942529,-0.0423076923076922,-0.0059880239520958,0.01417004048583,0.0040080160320641,247000.0,253425.0,252416.66666666663,0.0080971659919029,-0.0174607872151524,-0.0135358204027731,46.8362895651604,-0.0459770114942529,-0.0423076923076922,-2625.983933574549,-1736.0241940156218,-889.9597395589274,0.0070266835151728,0.0233716956409666,8766.207443472813,-0.1893210127620815,938368.85,0.4970135144618238,-0.0341365461847389
35720,2025-12-08,0.0081300813008129,0.0420168067226891,0.054421768707483,-0.0048154093097912,0.0048622366288493,0.0245098039215685,0.0032520325203251,60760.0,60335.0,61380.0,0.0204081632653061,0.0275959227645645,0.0101010101010101,54.71614071857971,0.054421768707483,-0.0048154093097912,-192.6650231907115,-489.058482033191,296.3934588424795,0.0119527999358739,0.0231776192026047,2096.7550221786387,-0.0611375239679349,2990433.3,0.6795092202859031,-0.0387096774193548
660,2025-12-09,-0.0190641247833621,0.0143369175627239,0.0905587668593448,-0.0856219709208401,-0.0052724077328646,0.0195035460992907,-0.0138648180242634,556200.0,556650.0,482650.0,0.0176195613088816,0.0167969100871283,0.172692427224697,55.54685761019601,0.0905587668593448,-0.0856219709208401,9122.956275138538,11377.423631984377,-2254.4673568458365,0.033342156361887,0.0421539376811964,27851.05102291372,-0.4424131145339102,3953784.25,0.6047811030660057,-0.0636042402826855
5380,2025-12-09,-0.0269413629160063,0.1541353383458645,0.1922330097087379,0.1412639405204461,-0.0032467532467532,0.0348258706467661,-0.0237717908082408,297500.0,272775.0,250266.66666666663,0.0319327731092438,0.1254697094675099,0.2266915290356952,70.48776240345661,0.1922330097087379,0.1412639405204461,11393.451038276486,6569.103584782982,4824.347453493504,0.0560372913310013,0.0333909795791015,10981.922588176409,-0.3574991809441897,886957.3,1.386324911018828,-0.0684039087947883
5930,2025-12-09,-0.0100456621004566,0.0483558994197292,0.0916414904330311,0.047342995169082,-0.0045913682277318,0.0195712954333644,-0.0054794520547944,107180.0,101815.0,95148.33333333331,0.0113827206568388,0.0646761282718655,0.1392737655240064,61.98618549628829,0.0916414904330311,0.047342995169082,2724.326985767475,2062.536038498223,661.7909472692518,0.0148104362042456,0.0284810566287226,3374.9780013193604,-0.1195254023084588,18226664.35,0.7500988517408014,-0.051660516605166
35420,2025-12-09,-0.0040160642570281,0.0205761316872428,-0.0197628458498023,-0.0570342205323194,0.0,0.0101626016260163,-0.0040160642570281,248000.0,252675.0,252700.0,0.0,-0.0185020282972196,-0.0185991294024534,46.06072471461586,-0.0197628458498023,-0.0570342205323194,-2597.468166970415,-1908.3129886065808,-689.1551783638345,0.0079031087365845,0.0231588816105801,8354.335483224755,0.0671681154075414,896187.4,0.5553615237170262,-0.0665322580645161
35720,2025-12-09,-0.0193548387096774,0.0218487394957982,0.0482758620689656,-0.0514820592823712,-0.0161812297734628,0.0164473684210526,-0.0032258064516128,61020.0,60170.0,61400.0,-0.0036053752867911,0.010470334053515,-0.009771986970684,50.47479330413476,0.0482758620689656,-0.0514820592823712,-149.87276301610837,-421.2213382297745,271.34857521366615,0.0172722254159205,0.0225151179793877,2032.7010920230216,-0.318311715346302,2442831.4,0.5670505954688482,-0.0476973684210526
660,2025-12-10,0.0371024734982332,0.0634057971014492,0.1202290076335876,-0.0486223662884927,0.0280210157618212,0.0403508771929823,0.0088339222614841,563200.0,555150.0,487366.6666666667,0.0422585227272727,0.0573718814734756,0.2044319813966213,59.63405218609655,0.1202290076335876,-0.0486223662884927,11128.249232592529,11327.588752106009,-199.3395195134799,0.0351263898240409,0.0431266899541138,27790.261664134166,0.6669983029256759,4011514.2,0.9936604487153504,-0.0613287904599659
5380,2025-12-10,-0.014657980456026,0.1350844277673546,0.1567877629063097,0.0980036297640654,-0.0065681444991789,0.0285714285714284,-0.00814332247557,304700.0,274125.0,251633.33333333337,-0.0072202166064981,0.1035111719106247,0.2021459795999469,66.94240768458641,0.1567877629063097,0.0980036297640654,12009.85203497688,7657.253274821762,4352.598760155119,0.0585641404605245,0.03347731047,10876.070974735238,-0.0458193688898358,905244.55,1.2960818156817402,-0.0545454545454545
5930,2025-12-10,-0.0036900369003689,0.0334928229665072,0.0505836575875486,0.0475266731328807,-0.002770083102493,0.0223463687150837,-0.0009225092250922,107880.0,102060.0,95738.33333333331,0.0011123470522802,0.0582010582010581,0.1280747871803353,61.11262615421424,0.0505836575875486,0.0475266731328807,2793.353127112612,2208.699456221101,584.653670891511,0.015899671018461,0.0284789624677353,3305.336715510835,-0.0955768808788893,17874244.1,0.6917826527836217,-0.0009259259259258
35420,2025-12-10,-0.0141129032258064,-0.0081135902636917,-0.0721062618595825,-0.0721062618595825,-0.0141129032258064,0.0163934426229508,0.0,247600.0,251725.0,252883.33333333337,-0.0125201938610662,-0.0287019565001489,-0.033150991893495,43.35474228407231,-0.0721062618595825,-0.0721062618595825,-2824.728256759525,-2091.5960422371695,-733.1322145223553,0.0088477555587423,0.0232688924322755,8043.311520137273,0.3155745939386145,898901.7,0.7284133515377711,-0.0552147239263803
35720,2025-12-10,-0.0263157894736841,-0.023102310231023,-0.0295081967213114,-0.0721003134796238,-0.0279146141215106,0.0287162162162162,0.0016447368421053,60740.0,59940.0,61388.333333333336,-0.0253539677313138,-0.0123456790123457,-0.0356473814242662,45.41941829219758,-0.0295081967213114,-0.0721003134796238,-242.27343936915713,-385.4317584576511,143.15831908849395,0.0196307077695358,0.0231415915317173,2008.9367283070917,0.7173993238565444,2400417.15,0.9910598247475444,-0.0371621621621621
660,2025-12-11,-0.0374787052810903,0.0424354243542435,0.0386029411764705,-0.0767973856209149,-0.0308747855917667,0.0424778761061948,-0.0068143100511073,567800.0,552800.0,491666.6666666667,-0.0049313138429024,0.0220694645441388,0.1491525423728812,54.02948892460286,0.0386029411764705,-0.0767973856209149,10817.54429347429,11225.579860379665,-408.0355669053752,0.0401084350025984,0.0438540828478376,27519.528688124585,0.0089872689555134,4018832.5,1.000765023175263,-0.0230088495575221
5380,2025-12-11,-0.0231404958677685,0.0423280423280423,0.1300191204588909,0.0610412926391381,-0.0279605263157894,0.0372250423011844,0.0049586776859504,307100.0,274975.0,252841.66666666663,-0.0377727124715076,0.0746431493772161,0.1687155993540094,61.74023839500057,0.1300191204588909,0.0610412926391381,11797.518319742405,8485.30628380589,3312.2120359365144,0.0578021832651352,0.0340328356842844,10884.923047968436,0.2490959036744282,944463.3,1.551704550086806,-0.0439932318104906
5930,2025-12-11,-0.0064814814814815,0.0209324452901997,0.0367149758454106,0.0437743190661479,-0.0173992673992674,0.0298229263746505,0.011111111111111,108320.0,102285.0,96303.33333333331,-0.0094165435745937,0.0490296719949161,0.1141878093523935,59.53149809944187,0.0367149758454106,0.0437743190661479,2759.75989737318,2318.911544451517,440.84835292166326,0.0169882713840781,0.028527238828042,3297.812664402918,0.8596308866929578,17982032.4,1.278749058421227,0.0027958993476235
35420,2025-12-11,-0.0040899795501022,-0.0141700404858299,-0.0318091451292246,-0.0828625235404896,-0.0081466395112016,0.0207468879668049,0.0040899795501021,246900.0,250625.0,253058.33333333337,-0.0137707573916565,-0.0284289276807979,-0.0377712648598808,42.58496143392096,-0.0318091451292246,-0.0828625235404896,-3050.3624780272366,-2283.349329395183,-767.0131486320538,0.0086417626307329,0.0231226428536378,7825.932125841754,0.6141771486868712,915534.95,1.154426709761326,-0.0533880903490759
35720,2025-12-11,0.0,-0.0166112956810631,-0.0083752093802345,-0.0706436420722135,-0.0050420168067226,0.0205128205128204,0.0050675675675675,60540.0,59715.0,61376.666666666664,-0.0221341261975552,-0.0086242987524072,-0.0354640742953348,45.41941829219758,-0.0083752093802345,-0.0706436420722135,-311.90618079254637,-370.72664292463014,58.820462132083776,0.019676795131622,0.0231510604779098,1951.1555334280135,0.0553612360374735,2363266.1,1.062368304610302,-0.035472972972973
660,2025-12-12,0.0106194690265486,0.0496323529411764,0.0773584905660378,0.019642857142857,0.0106194690265486,0.0339285714285715,0.0,573200.0,553350.0,495708.3333333333,-0.0038381018841591,0.0318966296195897,0.1518870303437842,55.264339923209334,0.0773584905660378,0.019642857142857,10929.470118456054,11166.357911994945,-236.88779353888825,0.039999422663192,0.0394452865565775,26910.99092468711,-0.3420663381823597,3862221.2,0.6851363148231903,-0.0420315236427319
5380,2025-12-12,0.0203045685279188,-0.0428571428571428,0.152963671128107,0.1064220183486237,0.008361204013378,0.0253807106598984,0.0118443316412859,304400.0,276425.0,254141.66666666663,-0.0095269382391589,0.0907117663018901,0.1863461979866871,64.30104372588669,0.152963671128107,0.1064220183486237,11975.347821256786,9183.31459129607,2792.033229960716,0.0195178207905059,0.0336972759881621,10643.142830256404,-0.4355051558209737,956876.3,0.8645662976499678,-0.0431177446102819
5930,2025-12-12,0.0149114631873252,0.0046125461254613,0.0835820895522387,0.1203703703703704,0.0168067226890755,0.0196629213483146,-0.0018639328984156,108420.0,102870.0,96861.66666666669,0.0044272274488101,0.0586176727909011,0.1242837723901784,61.954459429985704,0.0835820895522387,0.1203703703703704,2829.625487778205,2421.0543331168547,408.5711546613502,0.0109222031108183,0.0252613825984538,3212.254616945567,-0.382012669373603,17602231.0,0.807301869859565,-0.0238751147842056
35420,2025-12-12,0.0041067761806981,-0.0200400801603206,0.0020491803278688,-0.0355029585798816,0.0061728395061728,0.0144927536231884,-0.002053388090349,245900.0,250175.0,253200.0,-0.0056933712891419,-0.0226841211152193,-0.0343601895734597,43.662207710415345,0.0020491803278688,-0.0355029585798816,-3112.6073809802765,-2449.200939712202,-663.4064412680746,0.0065570624248289,0.0210404867452079,7516.936973995915,-0.541069411250447,893617.0,0.5427962986380072,-0.0368098159509202
35720,2025-12-12,0.010135135135135,-0.0276422764227641,0.018739352640545,-0.0260586319218241,0.0067340067340067,0.0170068027210883,0.0033783783783782,60200.0,59635.0,61281.666666666664,-0.0066445182724252,0.0027668315586484,-0.0241779760124016,47.697663941579464,0.018739352640545,-0.0260586319218241,-315.0440131807554,-359.5901169758552,44.54610379509978,0.0164752725672228,0.0219929824081906,1883.2158524688696,-0.5011688166334018,2249385.8,0.5567719863795708,-0.0267558528428093
660,2025-12-15,-0.0297723292469351,-0.0398613518197573,0.0297397769516729,-0.0858085808580858,0.0355140186915887,0.0532710280373831,-0.0630472854640981,568600.0,550750.0,499425.0,-0.0256771016531832,0.0059010440308671,0.1092756670170695,51.07784877228091,0.0297397769516729,-0.0858085808580858,9536.483569727165,10840.383043541387,-1303.8994738142246,0.0310079230915087,0.0351383045377245,27560.205858638034,-0.0619855729913821,3762780.1,0.6596518887723468,0.0469314079422382
5380,2025-12-15,-0.0265339966832504,-0.0697305863708399,0.1532416502946954,0.0810313075506445,-0.0101180438448567,0.0136286201022146,-0.0165837479270315,300000.0,277525.0,255450.0,-0.0216666666666666,0.0575623817674082,0.1489528283421413,58.6630763364062,0.1532416502946954,0.0810313075506445,11340.025090862007,9614.656691209258,1725.3683996527488,0.0199071411558688,0.0344081554080156,10454.34691380952,-0.0341999049901907,977610.55,0.8172886432127804,-0.0153321976149914
5930,2025-12-15,-0.0376492194674012,-0.0429223744292237,0.0396825396825397,0.0417495029821073,-0.0047483380816714,0.0114722753346079,-0.0330578512396694,107480.0,103080.0,97333.33333333331,-0.0249348716040193,0.0166860690725649,0.0767123287671234,53.16948734555477,0.0396825396825397,0.0417495029821073,2525.0515145880927,2441.8537694111023,83.19774517699034,0.0188900201429011,0.0260838112159469,3289.950715735169,0.4492750828729048,17772334.5,1.1588040952076386,0.0543893129770991
35420,2025-12-15,-0.016359918200409,-0.0341365461847389,-0.0102880658436214,-0.0568627450980392,-0.0041407867494823,0.0166666666666666,-0.0122699386503067,244200.0,249450.0,253308.33333333337,-0.0151515151515151,-0.0358789336540389,-0.0505642004145145,40.39719256649324,-0.0102880658436214,-0.0568627450980392,-3444.9917649921263,-2648.359104768187,-796.6326602239392,0.0083498247240508,0.021210838560134,7301.441475853349,0.0781627536841411,894374.35,0.5847271894593131,-0.0103950103950103
35720,2025-12-15,-0.0033444816053511,-0.0387096774193548,0.0016806722689075,-0.0181219110378912,0.0101694915254237,0.0410256410256411,-0.0133779264214046,59720.0,59580.0,61208.333333333336,-0.0020093770931011,0.0003356831151393,-0.0262763784887679,46.99351624941211,0.0016806722689075,-0.0181219110378912,-329.86659965949366,-353.64541351258293,23.778813853089275,0.0148214927782624,0.0218676035711766,1920.1290058639504,0.3160751999169591,2204698.85,0.7476059598797359,-0.0151006711409396
660,2025-12-16,-0.0433212996389891,-0.0636042402826855,-0.050179211469534,-0.0701754385964912,-0.0275229357798164,0.039622641509434,-0.0162454873646209,561400.0,548750.0,502458.3333333333,-0.0559315995724973,-0.0341685649202733,0.0548138319927025,45.80260674680581,-0.050179211469534,-0.0701754385964912,6421.904552122112,9956.687345257533,-3534.7827931354204,0.0348823460253261,0.0339650546249581,27305.90544016389,0.3246705947524801,3749960.45,0.8768087140759044,0.1018867924528301
5380,2025-12-16,-0.0255536626916524,-0.0684039087947883,0.0751879699248121,0.0812854442344046,-0.0354131534569983,0.0597539543057996,0.0102214650766609,295800.0,278600.0,256633.33333333337,-0.033130493576741,0.0265613783201723,0.1144304455124041,53.89231857714107,0.0751879699248121,0.0812854442344046,10114.74346344883,9714.674045657172,400.06941779165754,0.0196935154436529,0.0343976032420815,10921.893562823125,0.5821174232468491,1017030.1,1.2429287982725388,0.0034965034965035
5930,2025-12-16,-0.0190839694656488,-0.051660516605166,-0.0058027079303675,0.0511247443762781,-0.0200190657769303,0.0282375851996106,0.0009541984732823,106360.0,103330.0,97723.33333333331,-0.0334712297856336,-0.0051291977160553,0.0519493809052769,49.483458876472945,-0.0058027079303675,0.0511247443762781,2098.105506936714,2373.104116916225,-274.998609979511,0.01948704594722,0.0256198040073376,3262.0970931826573,-0.0846129777174212,17780735.05,1.0602530742957108,0.0846303501945524
35420,2025-12-16,-0.0374220374220374,-0.0665322580645161,-0.0473251028806583,-0.0702811244979919,-0.0374220374220374,0.0411255411255411,0.0,240900.0,248575.0,253250.0,-0.0390203403902034,-0.0686915417881927,-0.085883514313919,34.200267881929605,-0.0473251028806583,-0.0702811244979919,-4384.096433206636,-2995.506570455877,-1388.589862750759,0.0156471812400443,0.0221358857895139,7458.481370435254,1.9075674280305568,922419.9,1.648442320032341,0.0237580993520518
35720,2025-12-16,-0.0285234899328858,-0.0476973684210526,-0.026890756302521,0.0069565217391305,-0.0203045685279187,0.0347222222222223,-0.0083892617449664,59140.0,59600.0,61125.0,-0.0209671964829218,-0.0285234899328858,-0.052760736196319,41.39902756371645,-0.026890756302521,0.0069565217391305,-473.3331092977096,-377.5829526696083,-95.75015662810132,0.017016776172804,0.0193635127060307,1925.8340768736684,0.3940085399873563,2029040.95,1.1323916355655612,0.0189982728842832
660,2025-12-17,0.039622641509434,-0.0613287904599659,-0.0018115942028985,-0.0195729537366547,0.039622641509434,0.0552380952380953,0.0,554200.0,548200.0,506083.3333333333,-0.0057740887766148,0.0051076249543962,0.0887534990943521,50.60931312828342,-0.0018115942028985,-0.0195729537366547,5583.736893860507,9082.097254978127,-3498.3603611176204,0.0357860294202315,0.0351523106080056,27426.912194437897,-0.1810743193882721,3658104.95,0.7360712819351998,0.0671506352087114
5380,2025-12-17,0.0,-0.0545454545454545,0.0731707317073171,0.0833333333333332,-0.0069444444444444,0.0158450704225352,0.006993006993007,292500.0,279700.0,257800.0,-0.0222222222222222,0.0225241329996424,0.1093871217998447,53.89231857714107,0.0731707317073171,0.0833333333333332,9039.49724865565,9579.638686256869,-540.1414376012181,0.0206245038336324,0.0343818459418825,10463.186879764333,-0.4566852517530314,1030697.6,0.6663467538878523,0.0104895104895104
5930,2025-12-17,0.0496108949416342,-0.0009259259259258,0.0325358851674641,0.1181347150259066,0.042512077294686,0.0454545454545454,0.0068093385214007,106340.0,103900.0,98218.33333333331,0.0146699266503667,0.0384985563041386,0.0985729072983658,57.56267266950999,0.0325358851674641,0.1181347150259066,2146.5312216607126,2327.789537865123,-181.25831620441025,0.0335668059291105,0.0273421453575999,3407.661586526753,0.1827666858387342,17945948.3,1.2424871969568752,0.0296570898980537
35420,2025-12-17,-0.0021598272138229,-0.0552147239263803,-0.0628803245436105,-0.0704225352112676,-0.0085836909871244,0.0152505446623094,0.0064794816414686,238200.0,247700.0,253208.33333333337,-0.0302267002518891,-0.0674202664513524,-0.0877077505348034,33.88924019996095,-0.0628803245436105,-0.0704225352112676,-5109.787025873782,-3418.3626615394583,-1691.424364334324,0.0164377111304436,0.0221354081434227,7175.73270111845,-0.4940409955305822,932349.15,0.8251619042072382,0.0238095238095237
35720,2025-12-17,-0.0155440414507772,-0.0371621621621621,-0.0594059405940594,-0.0206185567010309,-0.0206185567010309,0.0228070175438597,0.005181347150259,58700.0,59540.0,61033.333333333336,-0.0289608177172061,-0.0426603963721867,-0.0660841070453304,38.76772354409255,-0.0594059405940594,-0.0206185567010309,-652.1364076262471,-432.4936436609361,-219.64276396531105,0.0149264873587553,0.0194773514402098,1881.1316428112636,-0.2400754851982596,1969009.7,0.8867681047990774,0.0491228070175437
660,2025-12-18,0.0018148820326677,-0.0230088495575221,0.0184501845018449,-0.0332749562171629,0.0260223048327137,0.0484171322160149,-0.0235934664246824,551600.0,547250.0,509400.0,0.0007251631617113,0.0086797624486065,0.083627797408716,50.83293222690365,0.0184501845018449,-0.0332749562171629,4943.192581617157,8254.316320305934,-3311.123738688777,0.0330175681156009,0.0349462747528434,27324.98989483519,0.0989491299571496,3572546.05,0.8282773569846636,0.0851449275362319
5380,2025-12-18,-0.0122377622377621,-0.0439932318104906,-0.0035273368606701,0.0782442748091603,0.0071301247771835,0.0178571428571427,-0.0192307692307692,289900.0,280725.0,258866.66666666663,-0.0255260434632631,0.0063229138836939,0.0912953901622457,51.62026329354579,-0.0035273368606701,0.0782442748091603,7814.851385229034,9226.681226051303,-1411.829840822269,0.0195672806195488,0.0344840241780764,10144.387816924022,0.0277736523772498,1040931.65,0.6781204126130663,0.0123893805309733
5930,2025-12-18,-0.0027803521779425,0.0027958993476235,0.0237868696479544,0.0695825049701788,0.0112781954887217,0.0236518448438978,-0.0139017608897127,106400.0,104250.0,98670.0,0.0112781954887217,0.0321342925659471,0.0905036991993513,56.98532912144112,0.0237868696479544,0.0695825049701788,2136.078078248902,2289.447245941879,-153.36916769297704,0.033421426349786,0.0259995640532435,3342.8286160605567,-0.0830573284285925,17700208.1,1.1551068148176178,0.0873605947955389
35420,2025-12-18,-0.0021645021645021,-0.0533880903490759,-0.0668016194331984,-0.103112840466926,0.0131868131868131,0.0298013245033113,-0.0151515151515151,235600.0,246375.0,253075.0,-0.0216468590831918,-0.0644342973110096,-0.0892028054924429,33.56055259834065,-0.0668016194331984,-0.103112840466926,-5660.0028802326415,-3866.6907052780953,-1793.3121749545462,0.0166664479688283,0.0203003433031229,7145.323222467132,-0.0329165686387925,921023.05,0.8078136589524008,0.0043383947939261
35720,2025-12-18,0.0017543859649122,-0.035472972972973,-0.0514950166112956,-0.0338409475465313,0.019642857142857,0.0432432432432432,-0.0175438596491228,58280.0,59440.0,60906.666666666664,-0.0202470830473575,-0.0393674293405114,-0.0625,39.229905488070806,-0.0514950166112956,-0.0338409475465313,-776.8154999619874,-501.3580149211464,-275.457485040841,0.0151642804651628,0.0191103086415321,1918.1936683247447,-0.167635040133329,1928215.6,0.7537305475591007,0.0175131348511383
660,2025-12-19,-0.0090579710144927,-0.0420315236427319,0.005514705882353,0.0499040307101728,-0.038664323374341,0.0420475319926874,0.0307971014492753,546800.0,548550.0,512633.3333333333,0.0003657644476957,-0.0028256312095524,0.0670394694063334,49.62316184648711,0.005514705882353,0.0499040307101728,3986.148546878132,7400.682765620374,-3414.534218742242,0.0319644088961999,0.0285463285493044,27016.062045204108,0.1625334270117628,3412210.7,1.0081455403677153,0.170018281535649
5380,2025-12-19,0.0212389380530972,-0.0431177446102819,-0.0841269841269841,0.1117533718689787,0.0105078809106831,0.0359066427289047,0.0106194690265486,287300.0,282175.0,260108.33333333337,0.0041768186564565,0.0224151678922654,0.1091532374331207,55.11385556398862,-0.0841269841269841,0.1117533718689787,7244.945351088769,8830.334051058797,-1585.388699970028,0.0199161301339581,0.0345198719943703,10134.074401429449,0.7153356746288659,1074551.75,1.1268103188143337,0.0173310225303293
5930,2025-12-19,-0.0120817843866171,-0.0238751147842056,-0.0193726937269372,0.121308016877637,-0.0309936189608022,0.0329566854990583,0.0195167286245352,105880.0,104825.0,99113.33333333331,0.0039667548167736,0.0140710708323397,0.0725095849868837,54.43734294829935,-0.0193726937269372,0.121308016877637,1999.8418196983548,2231.5261606931745,-231.68434099481965,0.0327869613901785,0.0220348855440301,3354.0551434848026,0.2676105716668759,17840884.3,1.4526801230362778,0.1241768579492004
35420,2025-12-19,0.0216919739696312,-0.0368098159509202,-0.0561122244488977,-0.1028571428571428,0.0129032258064516,0.0172786177105832,0.0086767895878525,233800.0,245025.0,253100.0,0.0072711719418305,-0.0388735843281298,-0.069537732121691,39.843831543834035,-0.0561122244488977,-0.1028571428571428,-5627.721821622254,-4218.8969285469275,-1408.824893075326,0.0216953166413789,0.0203205427560895,6992.085849433765,0.9996075347943254,931474.65,1.5971857097775015,0.0276008492569002
35720,2025-12-19,0.0192644483362522,-0.0267558528428093,-0.0536585365853659,-0.0085178875638841,0.0034482758620688,0.0156521739130435,0.0157618213660244,57960.0,59415.0,60760.0,0.0041407867494824,-0.0204493814693259,-0.0421329822251481,44.21767682584544,-0.0536585365853659,-0.0085178875638841,-777.8966634733224,-556.6657446315816,-221.23091884174084,0.0180365540177977,0.0196159157383527,1874.0369777301205,-0.0085987250190077,1873847.3,0.7689303178546085,0.0515463917525773
660,2025-12-22,0.0603290676416818,0.0469314079422382,0.0051993067590987,0.1153846153846154,0.0104529616724737,0.0229276895943562,0.0493601462522852,552000.0,551550.0,516450.0,0.0507246376811594,0.0515819055389357,0.1230516022848291,56.91177654220727,0.0051993067590987,0.1153846153846154,5823.38016015233,7085.222244526765,-1261.8420843744352,0.0408772683620437,0.0312660861453102,27443.486184832385,-0.1632384255255442,3236175.8,0.8894646576369554,0.1224137931034483
5380,2025-12-22,0.0017331022530329,-0.0153321976149914,-0.0839936608557845,0.1223300970873786,-0.0051635111876076,0.0192982456140351,0.0069324090121316,286400.0,283750.0,261291.66666666663,0.0090782122905028,0.0185022026431718,0.1060436931908785,55.40286968924074,-0.0839936608557845,0.1223300970873786,6755.760334584687,8415.419307763976,-1659.6589731792883,0.0174135421616837,0.0343889677148095,9803.069087041633,-0.4410810560811882,1077869.7,0.6278569663847124,0.0259515570934256
5930,2025-12-22,0.0395108184383818,0.0543893129770991,0.0091324200913243,0.1427094105480868,0.0072926162260711,0.010978956999085,0.0319849482596426,107020.0,105515.0,99563.33333333331,0.0325172864885068,0.04724446761124,0.109846328969835,60.57125544758654,0.0091324200913243,0.1427094105480868,2205.356525167881,2226.292233588116,-20.935708420234732,0.0313503345439108,0.0230938213473323,3414.479776093031,-0.040819655040082,17592284.25,1.4130723814333548,0.0850678733031673
35420,2025-12-22,0.0106157112526539,-0.0103950103950103,-0.0441767068273092,-0.0881226053639846,-0.0020964360587002,0.0105708245243127,0.0127388535031847,233300.0,243875.0,253200.0,0.0201457351050149,-0.0240902101486417,-0.0600315955766193,42.758735411124825,-0.0441767068273092,-0.0881226053639846,-5338.86661249309,-4442.8908653361605,-895.9757471569292,0.0222214768081606,0.0206252213919344,6742.651145902782,-0.589440479439256,878332.6,0.6954142428506013,0.01890756302521
35720,2025-12-22,0.0085910652920961,-0.0151006711409396,-0.0532258064516129,-0.0017006802721087,-0.0017006802721087,0.0171526586620927,0.0103092783505154,57780.0,59410.0,60631.666666666664,0.0159224645205953,-0.0119508500252483,-0.0318590395557876,46.3722831663159,-0.0532258064516129,-0.0017006802721087,-729.992769774537,-591.3311496601726,-138.66162011436438,0.0191141657014153,0.0197121729413961,1818.7486221779689,0.0093742756052297,1835714.85,0.7922608459587283,0.0238500851788756
660,2025-12-23,0.0068965517241379,0.1018867924528301,0.0318021201413427,0.1252408477842004,-0.0017094017094017,0.0206540447504302,0.0086206896551723,562800.0,554800.0,520166.6666666667,0.0376687988628288,0.0526315789473683,0.1227170778596602,57.71046558248047,0.0318021201413427,0.1252408477842004,7515.531650208752,7171.284125663163,344.24752454558893,0.0289750544886952,0.031211578159552,26411.8086002015,-0.3012981923692636,3150898.7,0.6382902757235578,0.1592465753424656
5380,2025-12-23,-0.0069204152249134,0.0034965034965035,-0.0651465798045602,0.1145631067961165,-0.0120481927710843,0.0245183887915936,0.005190311418685,286600.0,285225.0,262425.0,0.0013956734124214,0.0062231571566306,0.0936458035629228,53.90766060662163,-0.0651465798045602,0.1145631067961165,6135.962839208718,7959.528014052925,-1823.565174844207,0.0127361885444414,0.0344906420316357,9602.849866538658,0.0337437273549385,1093329.25,0.6398658043768609,0.0400696864111498
5930,2025-12-23,0.009049773755656,0.0846303501945524,0.0285977859778596,0.1228600201409868,0.005410279531109,0.0190217391304348,0.0036199095022624,108760.0,106125.0,100010.0,0.0251930856932696,0.050647820965842,0.1148885111488851,61.886898914512614,0.0285977859778596,0.1228600201409868,2421.0121317304147,2265.236213216576,155.77591851383886,0.0267855108654436,0.0226227229085337,3320.5883635149576,-0.1786054732074533,17807740.9,1.1466466810509357,0.1524663677130044
35420,2025-12-23,-0.0042016806722688,0.0237580993520518,-0.0443548387096773,-0.0632411067193675,-0.0042016806722688,0.0127388535031847,0.0,234400.0,243075.0,253300.0,0.0110921501706484,-0.0249922863313791,-0.0643505724437426,41.88447301301275,-0.0443548387096773,-0.0632411067193675,-5131.485846223863,-4580.609861513701,-550.8759847101619,0.0111481555536098,0.0196796000292867,6475.318921195441,0.1287874198803218,851873.1,0.8093564640085478,0.0421940928270041
35720,2025-12-23,0.0051107325383303,0.0189982728842832,-0.0296052631578946,0.0172413793103447,0.0051107325383303,0.020583190394511,0.0,58000.0,59460.0,60560.0,0.0172413793103447,-0.0077362933064244,-0.0257595772787317,47.678124974516464,-0.0296052631578946,0.0172413793103447,-660.2105992723591,-605.1070395826099,-55.1035596897492,0.0126707510466135,0.0194701595701958,1774.5522920223998,-0.0892506351569241,1806329.1,0.7332894099973255,0.0525423728813558
660,2025-12-24,0.0068493150684931,0.0671506352087114,0.0017035775127767,0.1221374045801526,0.0017035775127767,0.0119863013698631,0.0051369863013699,570200.0,558000.0,524008.3333333333,0.0312171168011223,0.053763440860215,0.1221195591673161,58.53812704968947,0.0017035775127767,0.1221374045801526,9074.73259939591,7551.973820409713,1522.7587789861964,0.0270467810814922,0.0312024872620036,25025.25084304425,0.0743386495941702,3002563.9,0.7196173243806735,0.183673469387755
5380,2025-12-24,0.0069686411149825,0.0104895104895104,-0.0446280991735537,0.1051625239005735,0.0,0.0452961672473868,0.0069686411149825,287200.0,286600.0,263616.6666666667,0.0062674094707519,0.0083740404745289,0.0962888031864448,55.209450047010485,-0.0446280991735537,0.1051625239005735,5739.9851680257125,7515.619444847483,-1775.63427682177,0.0130101939376654,0.0344188774022233,9845.503447500185,0.8516261092306285,1137958.6,1.1383261218817626,0.0536332179930796
5930,2025-12-24,-0.0035874439461883,0.0296570898980537,0.0287037037037036,0.0807392996108948,-0.0115658362989323,0.0135256988277727,0.0080717488789237,109400.0,106540.0,100438.33333333331,0.0155393053016452,0.0428008259808523,0.1061513698289167,61.00995733854003,0.0287037037037036,0.0807392996108948,2530.4743632910395,2318.283843231469,212.19052005957064,0.0201757168400916,0.0216298640897478,3190.546337549604,-0.3881764734315818,17366639.1,0.7193642320810363,0.2430243024302429
35420,2025-12-24,-0.0021097046413501,0.0238095238095237,-0.0327198364008179,-0.1024667931688804,-0.0021097046413501,0.0149253731343284,0.0,235500.0,241725.0,253441.66666666663,0.0042462845010615,-0.0216154721274175,-0.0668464143622792,41.4283632061243,-0.0327198364008179,-0.1024667931688804,-4950.415606597264,-4654.571010530413,-295.8445960668505,0.011140401553812,0.0166655624702208,6262.796141110053,-0.0704803261640479,836690.9,0.765963870289494,0.054968287526427
35720,2025-12-24,0.0135593220338983,0.0491228070175437,0.010135135135135,-0.0196721311475409,0.0084317032040472,0.023890784982935,0.0050847457627118,58560.0,59400.0,60510.0,0.0211748633879782,0.0067340067340067,-0.0117335977524376,51.09778703211652,0.010135135135135,-0.0196721311475409,-534.1965272347807,-590.924937113044,56.72840987826339,0.0069243636696821,0.0157567093474878,1747.7985568779427,0.4712969268331719,1738140.25,1.121212169156085,0.0501672240802675
660,2025-12-26,0.0187074829931972,0.0851449275362319,0.0601769911504423,0.1011029411764705,0.0084175084175084,0.0254237288135592,0.0102040816326529,579600.0,560750.0,528050.0,0.033471359558316,0.0682122157824343,0.1343622762995928,60.80964615828894,0.0601769911504423,0.1011029411764705,11070.405906030908,8255.660237533952,2814.745668496957,0.0262875071018189,0.0304486385019561,24452.01863996966,0.9639718109480412,3032036.7,1.3995701305330506,0.2120200333889816
5380,2025-12-26,-0.0103806228373702,0.0123893805309733,-0.0321489001692046,0.0936902485659656,-0.0205479452054794,0.024561403508772,0.0103806228373701,287900.0,287825.0,264766.6666666667,-0.0065995137200416,-0.0063406583861721,0.0801963993453354,52.80050967321749,-0.0321489001692046,0.0936902485659656,5125.017076152726,7037.498971108532,-1912.4818949558055,0.0125135471845662,0.0345848803097546,9642.25320125017,-0.3459426201666244,1165867.8,0.7267076078437024,0.0769230769230768
5930,2025-12-26,0.053105310531053,0.0873605947955389,0.0904007455731594,0.1304347826086955,0.0409252669039146,0.0409252669039146,0.0117011701170117,111280.0,107215.0,100953.33333333331,0.0514018691588784,0.091265214755398,0.158951330647824,68.1736302362457,0.0904007455731594,0.1304347826086955,3058.0533268978907,2466.2377399647535,591.8155869331372,0.028030924226754,0.0242521872713611,3384.0787420103466,1.722992083768279,18244897.6,1.8645308264158191,0.1871794871794871
35420,2025-12-26,-0.0211416490486258,0.0043383947939261,-0.0492813141683777,-0.0795228628230616,-0.0211416490486258,0.0281385281385282,0.0,235700.0,240725.0,253066.66666666663,-0.0178192617734408,-0.0383217364212274,-0.0852212855637513,37.07986601233274,-0.0492813141683777,-0.0795228628230616,-5150.996864934306,-4753.856181411193,-397.1406835231137,0.0161832925554799,0.0142843931370818,6279.739273887907,0.1516411156621806,772166.3,0.9558277795858224,0.1231101511879049
35720,2025-12-26,-0.0284280936454849,0.0175131348511383,-0.018581081081081,-0.0268006700167504,-0.0284280936454849,0.0344827586206897,0.0,58760.0,59320.0,60425.0,-0.0112321307011572,-0.0205664194200944,-0.0384774513860157,44.44949164906399,-0.018581081081081,-0.0268006700167504,-564.9923793166308,-585.7384255537614,20.7460462371306,0.0186919298422644,0.016313060034347,1765.8129456723757,-0.0350308698989749,1750565.45,1.0742557497635978,0.0981067125645438
660,2025-12-29,0.0684474123539231,0.170018281535649,0.1208406304728546,0.2075471698113207,0.0158730158730158,0.024,0.0517529215358931,598200.0,566250.0,533108.3333333334,0.0698762955533267,0.130242825607064,0.2005064636643583,67.87436728088414,0.1208406304728546,0.2075471698113207,15778.464412300147,9760.221072487191,6018.243339812958,0.0298750670322451,0.0326085937983988,25634.017308543254,-0.0158822287387817,3106837.35,1.3441807631159062,0.159375
5380,2025-12-29,0.0262237762237762,0.0173310225303293,-0.0265339966832504,0.1223709369024856,0.031634446397188,0.0407079646017698,-0.0052447552447552,288900.0,289425.0,266083.3333333333,0.0159224645205953,0.0140796406668395,0.1030378953961792,57.762291560778266,-0.0265339966832504,0.1223709369024856,5183.090313845954,6666.617239656017,-1483.5269258100625,0.014428938365172,0.0348798581851382,9774.949401160871,-0.176802459737148,1175190.1,0.5934784508480798,0.1942078364565587
5930,2025-12-29,0.0213675213675212,0.1241768579492004,0.0973370064279155,0.1890547263681592,0.0008375209380233,0.0126903553299493,0.0205128205128204,113920.0,108165.0,101556.66666666669,0.0489817415730338,0.1047936023667543,0.1766829684576754,70.63556408682965,0.0973370064279155,0.1890547263681592,3635.979257622385,2700.1860434962796,935.7932141261048,0.0227988457719324,0.0229619454289407,3335.2159747238934,-0.4216031701172438,18464083.95,1.0656366193569002,0.1799163179916318
35420,2025-12-29,0.0453563714902807,0.0276008492569002,-0.0102249488752556,-0.0081967213114754,0.0453563714902807,0.0475161987041037,0.0,237000.0,240625.0,252825.0,0.021097046413502,0.0057142857142857,-0.0428161771976663,49.15054498736967,-0.0102249488752556,-0.0081967213114754,-4411.839766880032,-4685.452898504961,273.61313162492934,0.024881222009262,0.0168102315170826,6616.900754324485,0.4462169639784408,746491.55,1.4298782082663894,0.0433884297520661
35720,2025-12-29,0.0533562822719448,0.0515463917525773,0.0234113712374581,0.0425894378194207,0.0625,0.0625,-0.0086058519793459,59360.0,59445.0,60456.666666666664,0.0309973045822102,0.0295230885692656,0.0122953079340575,55.754580663805314,0.0234113712374581,0.0425894378194207,-335.38807676745637,-535.6683557965005,200.2802790290441,0.0291293914543415,0.0199331456728548,1896.8263066957772,0.9582405194211284,1854502.0,1.985750891614029,-0.0310457516339869
660,2025-12-30,0.0171874999999999,0.1224137931034483,0.1750902527075812,0.2100371747211895,0.0187793427230047,0.0394321766561513,-0.0015625,612400.0,571900.0,538141.6666666666,0.0630306988896145,0.1383108935128518,0.2097186304721496,69.46478196010187,0.1750902527075812,0.2100371747211895,20164.79555638798,11841.135969267349,8323.659587120632,0.0256706853516448,0.0326292506212207,25588.730357933026,-0.0195270716983174,3154832.3,1.2978829334288229,0.1612903225806452
5380,2025-12-30,0.0102214650766609,0.0259515570934256,0.0102214650766609,0.1650294695481335,0.0189003436426116,0.0276338514680483,-0.0085178875638841,290400.0,291525.0,267441.6666666667,0.0210055096418733,0.0170654317811509,0.1086529772847659,59.592122933420825,0.0102214650766609,0.1650294695481335,5408.838972279744,6415.061586180763,-1006.222613901019,0.0146628791176242,0.034001259785426,9648.167301077954,-0.0993074772385117,1178825.85,0.532892962942745,0.1483979763912311
5930,2025-12-30,0.003347280334728,0.0850678733031673,0.1440839694656488,0.1894841269841269,0.0067170445004198,0.0210614995787699,-0.003347280334728,115800.0,109120.0,102151.66666666669,0.0354058721934369,0.0987903225806452,0.173744921766654,71.02181114095251,0.1440839694656488,0.1894841269841269,4079.243399841027,2975.9975147652294,1103.2458850757976,0.0223356463428105,0.0229571413458493,3275.557690815044,0.0035751669902079,18906125.1,1.0444418883063458,0.1576313594662217
35420,2025-12-30,0.0020661157024792,0.01890756302521,0.0083160083160083,-0.0020576131687243,0.0062240663900414,0.0230125523012552,-0.0041322314049586,237900.0,240600.0,252291.66666666663,0.0193358554014291,0.0078969243557771,-0.0388109000825763,49.645929057587175,0.0083160083160083,-0.0020576131687243,-3742.5646642234938,-4496.8752516486675,754.3105874251742,0.0247527158016602,0.0167929988731093,6537.122129015594,-0.3889133514210336,745771.9,0.8746226560695033,0.0350515463917526
35720,2025-12-30,-0.0179738562091503,0.0238500851788756,0.0083892617449663,0.0100840336134453,-0.0131362889983579,0.0249999999999999,-0.0049019607843137,59640.0,59475.0,60453.333333333336,0.0077129443326626,0.010508617065994,-0.0058447287163653,51.731517582517256,0.0083892617449663,0.0100840336134453,-239.42586734268843,-476.41985810573806,236.9939907630496,0.0318463570624904,0.0202360461195195,1868.4815705032215,-0.6000446969365762,1837546.7,0.8015399009995229,-0.038269550748752
