code,date,m_open,m_high,m_low,m_close,m_volume,d_open,d_high,d_low,d_close,d_volume,r_open,r_high,r_low,r_close,r_volume
000150,2025-09-19,606000,617000,594000,596000,159161,606000,617000,594000,596000,197698,1.0,1.0,1.0,1.0,0.8050713714858015
000150,2025-09-26,565000,567000,541000,551000,123543,565000,567000,541000,551000,129551,1.0,1.0,1.0,1.0,0.953624441339704
000150,2025-10-14,610000,625000,567000,581000,207925,610000,625000,567000,581000,228550,1.0,1.0,1.0,1.0,0.9097571647341939
000150,2025-10-28,865000,917000,855000,875000,161419,865000,917000,855000,875000,166428,1.0,1.0,1.0,1.0,0.9699029009541663
000150,2026-03-20,1170000,1202000,1161000,1186000,74603,1170000,1202000,1161000,1186000,78524,1.0,1.0,1.0,1.0,0.9500662217920636
000150,2026-03-31,1059000,1093000,1015000,1026000,119664,1059000,1093000,1015000,1026000,123003,1.0,1.0,1.0,1.0,0.9728543206263262
000150,2026-04-27,1595000,1618000,1560000,1582000,65605,1595000,1618000,1560000,1582000,69217,1.0,1.0,1.0,1.0,0.9478162879061502
000150,2026-06-09,1688000,1696000,1474000,1566000,153484,1688000,1696000,1474000,1566000,157454,1.0,1.0,1.0,1.0,0.9747862867885224
000150,2026-06-29,1459000,1489000,1380000,1478000,63021,1459000,1489000,1380000,1478000,106821,1.0,1.0,1.0,1.0,0.5899682646670599
000150,2026-07-10,1250000,1445000,1233000,1382000,95419,1250000,1445000,1233000,1382000,103119,1.0,1.0,1.0,1.0,0.9253289888381384
000150,2026-07-14,1244000,1268000,1160000,1217000,80622,1244000,1268000,1160000,1217000,208090,1.0,1.0,1.0,1.0,0.38743812773319236
000150,2026-07-28,1129000,1196000,1023000,1046000,80750,1129000,1196000,1023000,1046000,139994,1.0,1.0,1.0,1.0,0.5768104347329172
000150,2026-08-31,1192000,1300000,1186000,1263000,83555,1192000,1300000,1186000,1263000,114316,1.0,1.0,1.0,1.0,0.7309125581720844
000150,2026-09-10,1268000,1334000,1244000,1322000,98896,1268000,1334000,1244000,1322000,102173,1.0,1.0,1.0,1.0,0.9679269474322962
000150,2026-09-21,1478000,1478000,1422000,1445000,81541,1478000,1478000,1422000,1428000,42844,1.0,1.0,1.0,1.0119047619047619,1.9032069834749323
000270,2025-09-15,104800,105100,101300,101700,1871029,104800,105100,101300,101700,2334779,1.0,1.0,1.0,1.0,0.8013730635747538
000270,2025-09-18,101500,102200,101100,102100,953511,101500,102200,101100,102100,1143276,1.0,1.0,1.0,1.0,0.8340164579681547
000270,2025-09-19,102300,102500,100500,101600,1389007,102300,102500,100500,101600,1545375,1.0,1.0,1.0,1.0,0.8988154978565073
000270,2025-09-24,102900,103600,102500,103000,634619,102900,103600,102500,103000,680285,1.0,1.0,1.0,1.0,0.9328722520708232
000270,2025-09-26,101200,101300,100200,100200,645983,101200,101300,100200,100200,700206,1.0,1.0,1.0,1.0,0.9225613605139059
000270,2025-09-30,100200,101800,100200,100700,811721,100200,101800,100200,100700,885167,1.0,1.0,1.0,1.0,0.917025826764893
000270,2025-10-21,115200,119800,115200,115800,1676479,115200,119800,115200,115800,1725109,1.0,1.0,1.0,1.0,0.9718104769031986
000270,2025-10-22,118400,118600,115300,118100,864654,118400,118600,115300,118100,1259947,1.0,1.0,1.0,1.0,0.686262199917933
000270,2025-10-23,116300,117500,114700,115000,949328,116300,117500,114700,115000,1129493,1.0,1.0,1.0,1.0,0.8404903793117797
000270,2025-10-24,115900,116200,113700,114900,696059,115900,116200,113700,114900,738758,1.0,1.0,1.0,1.0,0.9422016411328202
000270,2025-10-29,115300,116600,113100,115800,891642,115300,116600,113100,115800,1165316,1.0,1.0,1.0,1.0,0.765150396973868
000270,2025-11-17,118100,118900,116800,117400,606010,118100,118900,116800,117400,619912,1.0,1.0,1.0,1.0,0.9775742363432229
000270,2025-11-24,114900,115000,111100,111100,1456722,114900,115000,111100,111100,1566600,1.0,1.0,1.0,1.0,0.9298621217924167
000270,2026-01-26,156800,158600,154100,155200,1364414,156800,158600,154100,155200,1425292,1.0,1.0,1.0,1.0,0.9572873488379925
000270,2026-01-29,154000,156500,149700,154900,2421363,154000,156500,149700,154900,2518535,1.0,1.0,1.0,1.0,0.9614172524900388
000270,2026-02-04,155100,158000,154000,156800,1345307,155100,158000,154000,156800,1387022,1.0,1.0,1.0,1.0,0.9699247740843332
000270,2026-02-06,154600,154900,149000,151900,1240879,154600,154900,149000,151900,1269545,1.0,1.0,1.0,1.0,0.9774202568636795
000270,2026-02-09,153700,155000,152200,153800,1327549,153700,155000,152200,153800,1370996,1.0,1.0,1.0,1.0,0.9683099002477031
000270,2026-03-20,172100,172500,168500,168500,1955755,172100,172500,168500,168500,2000787,1.0,1.0,1.0,1.0,0.9774928565609433
000270,2026-03-24,164000,164200,154500,157900,1445141,164000,164200,154500,157900,1544213,1.0,1.0,1.0,1.0,0.9358430475588536
000270,2026-03-31,145100,151800,143800,145200,1289310,145100,151800,143800,145200,1442003,1.0,1.0,1.0,1.0,0.8941104838200753
000270,2026-04-17,159800,159900,156800,159200,815942,159800,159900,156800,159200,866411,1.0,1.0,1.0,1.0,0.9417493545211222
000270,2026-04-20,158500,160300,156600,157400,590186,158500,160300,156600,157400,602294,1.0,1.0,1.0,1.0,0.9798968610014378
000270,2026-04-27,153800,154700,152100,152600,1367111,153800,154700,152100,152600,1418466,1.0,1.0,1.0,1.0,0.9637953958713145
000270,2026-05-29,165500,172500,164100,169200,2452280,165500,172500,164100,169200,2545048,1.0,1.0,1.0,1.0,0.9635496069229342
000270,2026-06-05,162900,163000,154600,161100,990849,162900,163000,154600,161100,1077583,1.0,1.0,1.0,1.0,0.9195106084635708
000270,2026-06-19,159000,162400,153700,154900,1328726,159000,162400,153700,154900,1605584,1.0,1.0,1.0,1.0,0.8275655462436098
000270,2026-06-22,154500,155700,151100,151400,705771,154500,155700,151100,151400,735085,1.0,1.0,1.0,1.0,0.9601216185883266
000270,2026-07-07,157700,159100,147200,153700,1067281,157700,159100,147200,153700,1180558,1.0,1.0,1.0,1.0,0.9040479163243145
000270,2026-07-09,156700,156900,144400,144800,1333578,156700,156900,144400,144800,1363126,1.0,1.0,1.0,1.0,0.9783233538205566
000270,2026-07-15,141400,146300,141300,145000,1044834,141400,146300,141300,145000,1067661,1.0,1.0,1.0,1.0,0.9786196180248224
000270,2026-07-29,122700,126500,114700,120400,1770525,122700,126500,114700,120400,1833971,1.0,1.0,1.0,1.0,0.965405123636088
000270,2026-08-07,134000,135000,131000,134900,721730,134000,135000,131000,134900,880574,1.0,1.0,1.0,1.0,0.8196131159902518
000270,2026-08-10,133600,136200,132800,135500,553951,133600,136200,132800,135500,703951,1.0,1.0,1.0,1.0,0.7869169871198421
000270,2026-08-11,133800,136800,133800,134300,443051,133800,136800,133800,134300,454123,1.0,1.0,1.0,1.0,0.975618940243062
000270,2026-08-12,135800,137900,134700,135600,564873,135800,137900,134700,135600,851047,1.0,1.0,1.0,1.0,0.6637389004367561
000270,2026-08-24,132100,132200,129600,131500,615087,132100,132200,129600,131500,658492,1.0,1.0,1.0,1.0,0.9340842409626844
000270,2026-09-01,129700,133000,129300,131200,532326,129700,133000,129300,131200,813483,1.0,1.0,1.0,1.0,0.6543787639077892
000270,2026-09-03,124900,128400,123800,127400,814638,124900,128400,123800,127400,841092,1.0,1.0,1.0,1.0,0.9685480304176
000270,2026-09-04,132700,132700,125700,126500,628187,132700,132700,125700,126500,977137,1.0,1.0,1.0,1.0,0.6428852863006927
000270,2026-09-09,123900,127400,123900,126800,727998,123900,127400,123900,126800,836910,1.0,1.0,1.0,1.0,0.8698641430978241
000270,2026-09-15,123400,124100,121700,122300,463092,123400,124100,121700,122300,479923,1.0,1.0,1.0,1.0,0.9649297908206108
000270,2026-09-18,122400,122500,120600,121600,784708,122400,122500,120600,121600,851855,1.0,1.0,1.0,1.0,0.9211755521773072
000270,2026-09-21,121500,121600,119100,120400,800591,121500,121600,119200,119900,303895,1.0,1.0,0.9991610738255033,1.0041701417848208,2.6344329455897597
000660,2025-09-01,259500,261000,255000,256000,1779492,259500,261000,255000,256000,1837054,1.0,1.0,1.0,1.0,0.9686661361070497
000660,2025-09-09,278000,288500,277000,288000,3984407,278000,288500,277000,288000,4158342,1.0,1.0,1.0,1.0,0.958172031064304
000660,2025-09-11,310000,315000,305500,307000,4873233,310000,315000,305500,307000,5148088,1.0,1.0,1.0,1.0,0.946610275504226
000660,2025-09-16,331500,354000,331500,348000,5705429,331500,354000,331500,348000,5841135,1.0,1.0,1.0,1.0,0.9767671865142648
000660,2025-09-17,341000,342500,333500,333500,4353994,341000,342500,333500,333500,4498866,1.0,1.0,1.0,1.0,0.9677981073452733
000660,2025-09-18,338500,357000,336500,353000,4135271,338500,357000,336500,353000,4526286,1.0,1.0,1.0,1.0,0.9136123965653077
000660,2025-09-19,351500,360000,348000,353000,3899314,351500,360000,348000,353000,4385543,1.0,1.0,1.0,1.0,0.8891291226650839
000660,2025-09-23,355500,363000,353000,361000,3170454,355500,363000,353000,361000,3315336,1.0,1.0,1.0,1.0,0.9562994520012451
000660,2025-09-24,359000,364000,348500,357500,3831587,359000,364000,348500,357500,4165199,1.0,1.0,1.0,1.0,0.919904907304549
000660,2025-09-26,347500,349000,333000,336500,3466040,347500,349000,333000,336500,3685324,1.0,1.0,1.0,1.0,0.9404980403351239
000660,2025-09-30,353000,356500,347500,347500,2166600,353000,356500,347500,347500,2238614,1.0,1.0,1.0,1.0,0.9678309882811418
000660,2025-10-10,426000,439250,416500,428000,6513600,426000,439250,416500,428000,6835852,1.0,1.0,1.0,1.0,0.9528585463816361
000660,2025-10-13,405500,415500,403000,415000,4234587,405500,415500,403000,415000,4356534,1.0,1.0,1.0,1.0,0.9720082524318644
000660,2025-10-14,425000,436500,406500,411500,3893975,425000,436500,406500,411500,4101275,1.0,1.0,1.0,1.0,0.949454742732443
000660,2025-10-22,475000,482000,469000,481500,3510687,475000,482000,469000,481500,3870276,1.0,1.0,1.0,1.0,0.9070895719064996
000660,2025-10-23,470000,488500,468000,478500,3320808,470000,488500,468000,478500,3583993,1.0,1.0,1.0,1.0,0.9265665418431341
000660,2025-10-29,538000,559000,523000,558000,4705166,538000,559000,523000,558000,4803031,1.0,1.0,1.0,1.0,0.9796243247232841
000660,2025-11-05,563000,587000,532000,579000,8778967,563000,587000,532000,579000,8976222,1.0,1.0,1.0,1.0,0.978024719085602
000660,2025-11-06,602000,607000,583000,593000,5186289,602000,607000,583000,593000,5321244,1.0,1.0,1.0,1.0,0.9746384492047349
000660,2025-11-13,607000,622000,607000,612000,3739508,607000,622000,607000,612000,3875541,1.0,1.0,1.0,1.0,0.9648996101447515
000660,2025-11-17,588000,606000,584000,606000,4267066,588000,606000,584000,606000,4470947,1.0,1.0,1.0,1.0,0.9543986989780913
000660,2025-11-19,563000,570000,546000,562000,4293179,563000,570000,546000,562000,4529736,1.0,1.0,1.0,1.0,0.9477768682324974
000660,2025-11-24,531000,542000,517000,520000,5368715,531000,542000,517000,520000,6399162,1.0,1.0,1.0,1.0,0.8389715715901551
000660,2025-11-25,546000,550000,518000,519000,3468027,546000,550000,518000,519000,3716730,1.0,1.0,1.0,1.0,0.9330855348653252
000660,2025-12-05,530000,546000,527000,544000,3046481,530000,546000,527000,544000,3204933,1.0,1.0,1.0,1.0,0.9505599649041026
000660,2025-12-11,583000,589000,565000,565000,3896042,583000,589000,565000,565000,4021907,1.0,1.0,1.0,1.0,0.9687051441020391
000660,2025-12-17,530000,554000,525000,551000,2554132,530000,554000,525000,551000,2692626,1.0,1.0,1.0,1.0,0.9485654524616489
000660,2025-12-18,538000,563000,537000,552000,2852429,538000,563000,537000,552000,2959059,1.0,1.0,1.0,1.0,0.9639648955968773
000660,2025-12-19,569000,570000,547000,547000,3311849,569000,570000,547000,547000,3440005,1.0,1.0,1.0,1.0,0.9627454029863328
000660,2025-12-30,639000,659000,634000,651000,3618364,639000,659000,634000,651000,4094603,1.0,1.0,1.0,1.0,0.8836910440401671
000660,2026-01-05,698000,700000,684000,696000,4111822,698000,700000,684000,696000,4337511,1.0,1.0,1.0,1.0,0.9479680858446238
000660,2026-01-09,744000,756000,727000,744000,4033176,744000,756000,727000,744000,4343703,1.0,1.0,1.0,1.0,0.928510996262866
000660,2026-01-14,733000,750000,728000,742000,3134406,733000,750000,728000,742000,4885051,1.0,1.0,1.0,1.0,0.641632195856297
000660,2026-01-16,751000,763000,747000,756000,3572575,751000,763000,747000,756000,3712326,1.0,1.0,1.0,1.0,0.9623548686187582
000660,2026-01-21,729000,756000,728000,740000,3755170,729000,756000,728000,740000,5108442,1.0,1.0,1.0,1.0,0.7350910512441954
000660,2026-01-23,754000,776000,744000,767000,3365041,754000,776000,744000,767000,3508272,1.0,1.0,1.0,1.0,0.9591733480186257
000660,2026-01-26,753000,754000,736000,736000,3024610,753000,754000,736000,736000,3133330,1.0,1.0,1.0,1.0,0.9653020907469051
000660,2026-01-27,738000,800000,733000,800000,5539925,738000,800000,733000,800000,5660198,1.0,1.0,1.0,1.0,0.9787510966930839
000660,2026-01-28,810000,854000,803000,841000,6091399,810000,854000,803000,841000,6708497,1.0,1.0,1.0,1.0,0.9080124802917852
000660,2026-01-29,879000,884000,819000,861000,6544369,879000,884000,819000,861000,6837983,1.0,1.0,1.0,1.0,0.9570613147180974
000660,2026-01-30,854000,931000,853000,909000,7528876,854000,931000,853000,909000,7875195,1.0,1.0,1.0,1.0,0.9560240730546989
000660,2026-02-03,874000,907000,871000,907000,5080280,874000,907000,871000,907000,5272538,1.0,1.0,1.0,1.0,0.9635359669290198
000660,2026-02-10,894000,905000,876000,876000,3302726,894000,905000,876000,876000,3441377,1.0,1.0,1.0,1.0,0.9597106042145339
000660,2026-02-12,882000,894000,878000,888000,4398637,882000,894000,878000,888000,4619344,1.0,1.0,1.0,1.0,0.9522211378931728
000660,2026-02-13,889000,903000,878000,880000,3363369,889000,903000,878000,880000,3534047,1.0,1.0,1.0,1.0,0.9517046604077422
000660,2026-02-19,905000,913000,888000,894000,3151067,905000,913000,888000,894000,3285109,1.0,1.0,1.0,1.0,0.9591970920903994
000660,2026-02-24,952000,1005000,946000,1005000,4000145,952000,1005000,946000,1005000,4102382,1.0,1.0,1.0,1.0,0.9750786250524696
000660,2026-02-25,1012000,1038000,1004000,1018000,3389875,1012000,1038000,1004000,1018000,3462525,1.0,1.0,1.0,1.0,0.9790182020346424
000660,2026-02-27,1050000,1096000,1048000,1061000,6221771,1050000,1096000,1048000,1061000,6453062,1.0,1.0,1.0,1.0,0.9641579454838649
000660,2026-03-11,954000,985000,941000,955000,3785709,954000,985000,941000,955000,3916098,1.0,1.0,1.0,1.0,0.9667043572454009
000660,2026-03-12,938000,963000,928000,930000,3510110,938000,963000,928000,930000,3711742,1.0,1.0,1.0,1.0,0.9456772588180967
000660,2026-03-13,891000,929000,884000,910000,3298018,891000,929000,884000,910000,3645102,1.0,1.0,1.0,1.0,0.904780716698737
000660,2026-03-17,1009000,1010000,969000,970000,3136784,1009000,1010000,969000,970000,3326240,1.0,1.0,1.0,1.0,0.9430419933618741
000660,2026-03-18,1000000,1060000,999000,1056000,3892313,1000000,1060000,999000,1056000,4347884,1.0,1.0,1.0,1.0,0.8952200656687253
000660,2026-03-20,1023000,1026000,1002000,1007000,3208458,1023000,1026000,1002000,1007000,3426646,1.0,1.0,1.0,1.0,0.9363260751183519
000660,2026-03-31,817000,852000,806000,807000,6743915,817000,852000,806000,807000,7194351,1.0,1.0,1.0,1.0,0.9373903219345289
000660,2026-04-01,884000,905000,858000,893000,5290729,884000,905000,858000,893000,6255058,1.0,1.0,1.0,1.0,0.8458321249778978
000660,2026-04-02,912000,914000,818000,830000,5881034,912000,914000,818000,830000,6127534,1.0,1.0,1.0,1.0,0.9597717450445807
000660,2026-04-06,877000,901500,869000,886000,3000967,877000,901500,869000,886000,3100989,1.0,1.0,1.0,1.0,0.9677451290539889
000660,2026-04-07,917000,933000,888000,916000,3301288,917000,933000,888000,916000,3619929,1.0,1.0,1.0,1.0,0.9119758978698201
000660,2026-04-09,1015000,1025000,990000,998000,4340222,1015000,1025000,990000,998000,5026817,1.0,1.0,1.0,1.0,0.8634135676711525
000660,2026-04-10,1030000,1042000,1024000,1027000,3038007,1030000,1042000,1024000,1027000,3134921,1.0,1.0,1.0,1.0,0.9690856643596442
000660,2026-04-16,1141000,1161000,1130000,1155000,2627652,1141000,1161000,1130000,1155000,2901319,1.0,1.0,1.0,1.0,0.9056749705909622
000660,2026-04-17,1149000,1155000,1121000,1128000,2713326,1149000,1155000,1121000,1128000,3578235,1.0,1.0,1.0,1.0,0.7582861382776704
000660,2026-04-20,1148000,1175000,1141000,1166000,3004129,1148000,1175000,1141000,1166000,3748014,1.0,1.0,1.0,1.0,0.801525554600383
000660,2026-04-21,1196000,1228000,1193000,1224000,3135001,1196000,1228000,1193000,1224000,3516960,1.0,1.0,1.0,1.0,0.891395125335517
000660,2026-04-24,1237000,1242000,1193000,1222000,3055505,1237000,1242000,1193000,1222000,3127857,1.0,1.0,1.0,1.0,0.976868507735488
000660,2026-04-27,1253000,1317000,1249000,1292000,4392193,1253000,1317000,1249000,1292000,4563073,1.0,1.0,1.0,1.0,0.9625515524296894
000660,2026-04-28,1313000,1328000,1296000,1300000,2930441,1313000,1328000,1296000,1300000,3002713,1.0,1.0,1.0,1.0,0.9759310996422236
000660,2026-04-29,1284000,1317000,1281000,1293000,2853621,1284000,1317000,1281000,1293000,3001208,1.0,1.0,1.0,1.0,0.9508241348150478
000660,2026-04-30,1312000,1325000,1286000,1286000,3227541,1312000,1325000,1286000,1286000,3342342,1.0,1.0,1.0,1.0,0.9656525274792346
000660,2026-05-04,1339000,1450000,1333000,1447000,5652102,1339000,1450000,1333000,1447000,5776641,1.0,1.0,1.0,1.0,0.9784409313301623
000660,2026-05-06,1590000,1614000,1557000,1601000,6402925,1590000,1614000,1557000,1601000,6631934,1.0,1.0,1.0,1.0,0.9654687456177942
000660,2026-05-07,1622000,1665000,1567000,1654000,5689790,1622000,1665000,1567000,1654000,5860618,1.0,1.0,1.0,1.0,0.970851538182492
000660,2026-05-08,1591000,1689000,1591000,1686000,4007571,1591000,1689000,1591000,1686000,4278087,1.0,1.0,1.0,1.0,0.9367670643444137
000660,2026-05-11,1833000,1949000,1826000,1880000,7007744,1833000,1949000,1826000,1880000,7433039,1.0,1.0,1.0,1.0,0.9427831604273837
000660,2026-05-13,1781000,1990000,1781000,1976000,6801184,1781000,1990000,1781000,1976000,7126921,1.0,1.0,1.0,1.0,0.9542948490659571
000660,2026-05-14,1976000,1994000,1937000,1970000,5602346,1976000,1994000,1937000,1970000,6040068,1.0,1.0,1.0,1.0,0.9275302860828719
000660,2026-05-15,1950000,1995000,1789000,1819000,6921061,1950000,1995000,1789000,1819000,7485233,1.0,1.0,1.0,1.0,0.9246286655338585
000660,2026-05-18,1780000,1897000,1731000,1840000,6038462,1780000,1897000,1731000,1840000,6481608,1.0,1.0,1.0,1.0,0.9316302374349081
000660,2026-05-20,1743000,1778000,1690000,1745000,5408599,1743000,1778000,1690000,1745000,5535123,1.0,1.0,1.0,1.0,0.9771416100419087
000660,2026-05-22,1942000,1952000,1912000,1941000,2992389,1942000,1952000,1912000,1941000,3135190,1.0,1.0,1.0,1.0,0.9544522022588743
000660,2026-05-26,2008000,2087000,2006000,2052000,4390459,2008000,2087000,2006000,2052000,4903591,1.0,1.0,1.0,1.0,0.895355872869495
000660,2026-05-27,2279000,2358000,2200000,2243000,7248311,2279000,2358000,2200000,2243000,7545783,1.0,1.0,1.0,1.0,0.9605777160567697
000660,2026-05-28,2189000,2305000,2151000,2289000,5855659,2189000,2305000,2151000,2289000,6229499,1.0,1.0,1.0,1.0,0.9399887535097124
000660,2026-05-29,2352000,2379000,2290500,2333000,7066199,2352000,2379000,2290500,2333000,8518013,1.0,1.0,1.0,1.0,0.8295595463402087
000660,2026-06-01,2299000,2398000,2296000,2363000,5134818,2299000,2398000,2296000,2363000,5602897,1.0,1.0,1.0,1.0,0.9164576825167409
000660,2026-06-02,2376000,2407000,2259000,2360000,5538224,2376000,2407000,2259000,2360000,5837216,1.0,1.0,1.0,1.0,0.9487783217204914
000660,2026-06-04,2284000,2327000,2262000,2298000,3584013,2284000,2327000,2262000,2298000,3941067,1.0,1.0,1.0,1.0,0.9094016924858167
000660,2026-06-05,2142000,2188000,2070000,2070000,5358992,2142000,2188000,2070000,2070000,5778751,1.0,1.0,1.0,1.0,0.9273616392192707
000660,2026-06-11,1975000,2163000,1960000,2101000,6363607,1975000,2163000,1960000,2101000,6625775,1.0,1.0,1.0,1.0,0.9604321003958027
000660,2026-06-12,2281000,2304000,2150000,2150000,4864602,2281000,2304000,2150000,2150000,5286416,1.0,1.0,1.0,1.0,0.9202079442858829
000660,2026-06-15,2283000,2322000,2265000,2288000,3568674,2283000,2322000,2265000,2288000,3872910,1.0,1.0,1.0,1.0,0.9214451149135922
000660,2026-06-16,2381000,2400000,2286000,2382000,3364021,2381000,2400000,2286000,2382000,3644469,1.0,1.0,1.0,1.0,0.923048323363431
000660,2026-06-17,2335000,2523000,2334000,2521000,3753037,2335000,2523000,2334000,2521000,3980010,1.0,1.0,1.0,1.0,0.942971751327258
000660,2026-06-18,2556000,2738000,2556000,2685000,5642484,2556000,2738000,2556000,2685000,5808765,1.0,1.0,1.0,1.0,0.9713741216936819
000660,2026-06-19,2824000,2891000,2688000,2764000,7037265,2824000,2891000,2688000,2764000,7478195,1.0,1.0,1.0,1.0,0.94103791088625
000660,2026-06-22,2728000,2945000,2728000,2919000,5065723,2728000,2945000,2728000,2919000,5179795,1.0,1.0,1.0,1.0,0.977977506831834
000660,2026-06-23,2898000,2943000,2536000,2555000,7716106,2898000,2943000,2536000,2555000,8050335,1.0,1.0,1.0,1.0,0.9584825973080623
000660,2026-06-24,2598000,2703000,2453000,2580000,7096246,2598000,2703000,2453000,2580000,7487916,1.0,1.0,1.0,1.0,0.947693056385782
000660,2026-06-25,2865000,2987000,2749000,2917000,6522096,2865000,2987000,2749000,2917000,6790853,1.0,1.0,1.0,1.0,0.9604236757885939
000660,2026-06-26,2850000,2880000,2600000,2673000,7178295,2850000,2880000,2600000,2673000,7467492,1.0,1.0,1.0,1.0,0.9612725396960586
000660,2026-06-30,2608000,2742000,2541000,2650000,4936895,2608000,2742000,2541000,2650000,5109213,1.0,1.0,1.0,1.0,0.9662730835453522
000660,2026-07-02,2351000,2448000,2187000,2187000,7452518,2351000,2448000,2187000,2187000,7685914,1.0,1.0,1.0,1.0,0.9696332797894954
000660,2026-07-07,2289000,2343000,2080000,2201000,6013551,2289000,2343000,2080000,2201000,6351195,1.0,1.0,1.0,1.0,0.946837721090283
000660,2026-07-08,2118000,2329000,2076000,2076000,6681885,2118000,2329000,2076000,2076000,6975631,1.0,1.0,1.0,1.0,0.9578896876856015
000660,2026-07-09,2228000,2270000,2091000,2186000,5615825,2228000,2270000,2091000,2186000,6261504,1.0,1.0,1.0,1.0,0.896881164653093
000660,2026-07-27,1814000,1821000,1707000,1816000,3832584,1814000,1821000,1707000,1816000,4030933,1.0,1.0,1.0,1.0,0.9507932778838051
000660,2026-07-28,1662000,1674000,1550000,1550000,7376708,1662000,1674000,1550000,1550000,8120587,1.0,1.0,1.0,1.0,0.9083959078327712
000660,2026-07-30,1361000,1459000,1287000,1322000,9203693,1361000,1459000,1287000,1322000,9543189,1.0,1.0,1.0,1.0,0.9644253089821442
000660,2026-08-05,1693000,1701000,1647000,1668000,3740703,1693000,1701000,1647000,1668000,3945674,1.0,1.0,1.0,1.0,0.9480517143585608
000660,2026-08-06,1600000,1606000,1481000,1495000,5295731,1600000,1606000,1481000,1495000,5498295,1.0,1.0,1.0,1.0,0.9631587610341024
000660,2026-08-07,1521000,1542000,1409000,1422000,4796936,1521000,1542000,1409000,1422000,5002539,1.0,1.0,1.0,1.0,0.9589002704426692
000660,2026-08-11,1405000,1455000,1373000,1425000,3682647,1405000,1455000,1373000,1425000,3817655,1.0,1.0,1.0,1.0,0.9646358824985495
000660,2026-08-12,1456000,1549000,1440000,1504000,4204300,1456000,1549000,1440000,1504000,4566672,1.0,1.0,1.0,1.0,0.9206485598264995
000660,2026-08-14,1695000,1697000,1626000,1645000,4295983,1695000,1697000,1626000,1645000,4520990,1.0,1.0,1.0,1.0,0.9502305910873503
000660,2026-08-27,1776000,1788000,1708000,1730000,3157859,1776000,1788000,1708000,1730000,3264042,1.0,1.0,1.0,1.0,0.9674688622266503
000660,2026-08-28,1704000,1725000,1653000,1653000,2796935,1704000,1725000,1653000,1653000,3531892,1.0,1.0,1.0,1.0,0.7919084162256377
000660,2026-08-31,1596000,1674000,1577000,1674000,3738182,1596000,1674000,1577000,1674000,3980661,1.0,1.0,1.0,1.0,0.9390857448046945
000660,2026-09-01,1666000,1713000,1652000,1693000,2481937,1666000,1713000,1652000,1693000,2727724,1.0,1.0,1.0,1.0,0.9098930097033278
000660,2026-09-10,1879000,1890000,1811000,1853000,4375584,1879000,1890000,1811000,1853000,4483585,1.0,1.0,1.0,1.0,0.9759119097775553
000660,2026-09-15,1690000,1729000,1671000,1712000,2651084,1690000,1729000,1671000,1712000,2732031,1.0,1.0,1.0,1.0,0.9703711268283559
000660,2026-09-17,1770000,1785000,1735000,1766000,2673861,1770000,1785000,1735000,1766000,2803398,1.0,1.0,1.0,1.0,0.953792861377514
000660,2026-09-18,1810000,1857000,1805000,1849000,4444838,1810000,1857000,1805000,1849000,4764077,1.0,1.0,1.0,1.0,0.9329903777793684
000660,2026-09-21,1872000,1888000,1847000,1879000,2716408,1872000,1888000,1847000,1873000,1188535,1.0,1.0,1.0,1.0032034169781099,2.2855094717446267
000810,2025-09-01,447500,457500,444000,454000,69214,447500,457500,444000,454000,75806,1.0,1.0,1.0,1.0,0.9130411840751391
000810,2025-09-02,453500,461000,453000,459500,69207,453500,461000,453000,459500,114746,1.0,1.0,1.0,1.0,0.6031321353249787
000810,2025-09-03,465500,467500,454000,457000,114431,465500,467500,454000,457000,141127,1.0,1.0,1.0,1.0,0.8108370474820552
000810,2025-09-08,465000,465000,456500,460000,50244,465000,465000,456500,460000,93912,1.0,1.0,1.0,1.0,0.5350115001277792
000810,2025-09-09,462500,468000,458500,465500,75569,462500,468000,458500,465500,112792,1.0,1.0,1.0,1.0,0.6699854599616994
000810,2025-09-10,461500,476000,461000,472000,141215,461500,476000,461000,472000,151215,1.0,1.0,1.0,1.0,0.933868994478061
000810,2025-09-11,467500,473000,463000,473000,138765,467500,473000,463000,473000,150946,1.0,1.0,1.0,1.0,0.9193022670358937
000810,2025-09-19,450000,455000,450000,454500,83075,450000,455000,450000,454500,146641,1.0,1.0,1.0,1.0,0.5665195954746626
000810,2025-09-23,453000,459000,453000,458500,44610,453000,459000,453000,458500,63530,1.0,1.0,1.0,1.0,0.7021879427042342
000810,2025-09-24,459500,459500,450000,453000,73200,459500,459500,450000,453000,81245,1.0,1.0,1.0,1.0,0.9009785217551849
000810,2025-09-26,450000,456500,449000,451000,72073,450000,456500,449000,451000,75425,1.0,1.0,1.0,1.0,0.955558501823003
000810,2025-09-30,457500,459500,451500,451500,71368,457500,459500,451500,451500,76604,1.0,1.0,1.0,1.0,0.9316484778862723
000810,2025-10-02,454500,455500,450000,450000,112495,454500,455500,450000,450000,123500,1.0,1.0,1.0,1.0,0.9108906882591093
000810,2025-10-10,448000,460000,441000,451500,103483,448000,460000,441000,451500,114568,1.0,1.0,1.0,1.0,0.9032452342713497
000810,2025-10-14,444000,451000,439500,445000,71944,444000,451000,439500,445000,78237,1.0,1.0,1.0,1.0,0.919564911742526
000810,2025-10-15,444500,449000,442000,447500,47743,444500,449000,442000,447500,48876,1.0,1.0,1.0,1.0,0.9768188886160897
000810,2025-10-20,437000,447000,436500,444500,68300,437000,447000,436500,444500,109493,1.0,1.0,1.0,1.0,0.6237841688509768
000810,2025-10-23,455500,463000,450500,454500,71083,455500,463000,450500,454500,127076,1.0,1.0,1.0,1.0,0.5593739179703484
000810,2025-10-28,452500,452500,445000,449000,72680,452500,452500,445000,449000,79941,1.0,1.0,1.0,1.0,0.9091705132535245
000810,2025-11-17,490000,498500,474500,476500,87702,490000,498500,474500,476500,112538,1.0,1.0,1.0,1.0,0.779310099699657
000810,2025-11-26,485500,487500,472000,486000,48298,485500,487500,472000,486000,51648,1.0,1.0,1.0,1.0,0.9351378562577447
000810,2025-11-28,489500,492500,481000,481500,50039,489500,492500,481000,481500,57129,1.0,1.0,1.0,1.0,0.8758949045143447
000810,2025-12-01,486000,502000,482500,502000,88155,486000,502000,482500,502000,94284,1.0,1.0,1.0,1.0,0.9349942726231386
000810,2025-12-02,517000,517000,491000,497000,100322,517000,517000,491000,497000,107587,1.0,1.0,1.0,1.0,0.9324732542035747
000810,2025-12-04,490000,499000,489500,497000,53922,490000,499000,489500,497000,61011,1.0,1.0,1.0,1.0,0.8838078379308649
000810,2025-12-05,497500,522000,494000,522000,109987,497500,522000,494000,522000,114863,1.0,1.0,1.0,1.0,0.9575494284495443
000810,2025-12-11,495500,630000,483500,630000,188015,495500,630000,483500,630000,194188,1.0,1.0,1.0,1.0,0.9682112179949327
000810,2025-12-18,493000,495000,482000,482000,56293,493000,495000,482000,482000,69612,1.0,1.0,1.0,1.0,0.8086680457392403
000810,2025-12-29,484000,496000,483000,496000,42067,484000,496000,483000,496000,42941,1.0,1.0,1.0,1.0,0.9796464916979111
000810,2026-01-09,469000,473000,466000,470000,67925,469000,473000,466000,470000,103425,1.0,1.0,1.0,1.0,0.6567561034566111
000810,2026-01-15,477000,483000,471000,475500,95364,477000,483000,471000,475500,115364,1.0,1.0,1.0,1.0,0.8266356922436808
000810,2026-01-16,480000,513000,478500,486500,156904,480000,513000,478500,486500,165316,1.0,1.0,1.0,1.0,0.9491156330905659
000810,2026-01-21,502000,502000,489500,498500,79836,502000,502000,489500,498500,94558,1.0,1.0,1.0,1.0,0.8443071976987669
000810,2026-01-28,502000,507000,491000,491000,108409,502000,507000,491000,491000,114888,1.0,1.0,1.0,1.0,0.943605946661096
000810,2026-01-29,487500,501000,480000,499000,118706,487500,501000,480000,499000,122215,1.0,1.0,1.0,1.0,0.9712883033997464
000810,2026-02-13,598000,598000,550000,559000,246505,598000,598000,550000,559000,258081,1.0,1.0,1.0,1.0,0.9551458650578695
000810,2026-02-27,553000,555000,530000,530000,223915,553000,555000,530000,530000,230440,1.0,1.0,1.0,1.0,0.971684603367471
000810,2026-03-04,517000,517000,459500,468000,145462,517000,517000,459500,468000,149202,1.0,1.0,1.0,1.0,0.9749333118858996
000810,2026-03-13,473000,481500,471000,474000,109794,473000,481500,471000,474000,120794,1.0,1.0,1.0,1.0,0.9089358742983923
000810,2026-03-20,478000,482000,474500,474500,164398,478000,482000,474500,474500,181062,1.0,1.0,1.0,1.0,0.9079652273806762
000810,2026-03-25,500000,500000,486000,490000,124173,500000,500000,486000,490000,146184,1.0,1.0,1.0,1.0,0.8494294861270727
000810,2026-03-27,443000,445500,432500,443000,160124,443000,445500,432500,443000,192027,1.0,1.0,1.0,1.0,0.8338619048362991
000810,2026-03-31,434500,455000,434000,440500,125859,434500,455000,434000,440500,141613,1.0,1.0,1.0,1.0,0.8887531511937463
000810,2026-04-13,467000,471500,460500,471500,82694,467000,471500,460500,471500,91284,1.0,1.0,1.0,1.0,0.9058980763332019
000810,2026-04-15,502000,515000,482500,486000,232198,502000,515000,482500,486000,243531,1.0,1.0,1.0,1.0,0.9534638300668088
000810,2026-04-16,488500,497500,485000,490000,168471,488500,497500,485000,490000,213852,1.0,1.0,1.0,1.0,0.7877924920038157
000810,2026-04-22,470000,472500,460000,461500,93264,470000,472500,460000,461500,113264,1.0,1.0,1.0,1.0,0.8234213872015821
000810,2026-04-23,469500,470500,455000,463000,157632,469500,470500,455000,463000,218843,1.0,1.0,1.0,1.0,0.7202971993620998
000810,2026-04-24,454500,459000,451000,456000,129755,454500,459000,451000,456000,166309,1.0,1.0,1.0,1.0,0.7802043184674311
000810,2026-04-27,458500,464500,452500,461000,108381,458500,464500,452500,461000,114583,1.0,1.0,1.0,1.0,0.9458732970859551
000810,2026-04-29,483000,483500,461000,464000,127836,483000,483500,461000,464000,138790,1.0,1.0,1.0,1.0,0.9210750054038476
000810,2026-04-30,460000,466000,457500,461000,145614,460000,466000,457500,461000,166163,1.0,1.0,1.0,1.0,0.8763322761384905
000810,2026-05-04,468500,476500,459000,473500,116921,468500,476500,459000,473500,146921,1.0,1.0,1.0,1.0,0.7958086318497696
000810,2026-05-06,494000,494000,473500,480500,224412,494000,494000,473500,480500,473305,1.0,1.0,1.0,1.0,0.47413824066933585
000810,2026-05-07,488500,495500,475500,490000,255614,488500,495500,475500,490000,387911,1.0,1.0,1.0,1.0,0.658950120001753
000810,2026-05-08,490000,505000,472000,499000,175066,490000,505000,472000,499000,189706,1.0,1.0,1.0,1.0,0.9228279548353768
000810,2026-05-12,510000,522000,495500,505000,198610,510000,522000,495500,505000,228675,1.0,1.0,1.0,1.0,0.868525199518968
000810,2026-05-14,503000,538000,502000,538000,247566,503000,538000,502000,538000,269848,1.0,1.0,1.0,1.0,0.9174275888648424
000810,2026-05-15,550000,570000,542000,554000,239227,550000,570000,542000,554000,254102,1.0,1.0,1.0,1.0,0.9414605158558375
000810,2026-05-21,555000,570000,550000,566000,148935,555000,570000,550000,566000,164707,1.0,1.0,1.0,1.0,0.9042420783573254
000810,2026-05-29,565000,575000,545000,569000,226006,565000,575000,545000,569000,231070,1.0,1.0,1.0,1.0,0.9780845631194011
000810,2026-06-01,579000,632000,570000,604000,174446,579000,632000,570000,604000,282425,1.0,1.0,1.0,1.0,0.6176719483048597
000810,2026-06-05,705000,728000,682000,695000,309534,705000,728000,682000,695000,343227,1.0,1.0,1.0,1.0,0.9018346458757616
000810,2026-06-17,677000,687000,668000,679000,75621,677000,687000,668000,679000,228044,1.0,1.0,1.0,1.0,0.33160705828699727
000810,2026-06-23,664000,706000,638000,646000,144594,664000,706000,638000,646000,210975,1.0,1.0,1.0,1.0,0.685360824742268
000810,2026-06-24,639000,652000,616000,636000,170897,639000,652000,616000,636000,240897,1.0,1.0,1.0,1.0,0.7094193784065389
000810,2026-06-25,653000,665000,642000,651000,117813,653000,665000,642000,651000,136058,1.0,1.0,1.0,1.0,0.8659027767569712
000810,2026-06-26,640000,644000,612000,636000,120272,640000,644000,612000,636000,181254,1.0,1.0,1.0,1.0,0.6635550111997528
000810,2026-06-29,640000,640000,600000,625000,129748,640000,640000,600000,625000,145259,1.0,1.0,1.0,1.0,0.8932183203794601
000810,2026-07-09,658000,677000,599000,622000,189086,658000,677000,599000,622000,253924,1.0,1.0,1.0,1.0,0.7446558812873143
000810,2026-07-29,617000,633000,571000,587000,255819,617000,633000,571000,587000,272269,1.0,1.0,1.0,1.0,0.939581810635805
000810,2026-08-04,603000,629000,600000,620000,81687,603000,629000,600000,620000,91459,1.0,1.0,1.0,1.0,0.8931543095813425
000810,2026-08-06,642000,651000,629000,648000,75145,642000,651000,629000,648000,111206,1.0,1.0,1.0,1.0,0.6757279283491898
000810,2026-08-10,632000,640000,621000,630000,72101,632000,640000,621000,630000,83942,1.0,1.0,1.0,1.0,0.8589383145505229
000810,2026-08-11,633000,655000,625000,641000,84448,633000,655000,625000,641000,86934,1.0,1.0,1.0,1.0,0.9714035935307245
000810,2026-08-13,629000,639000,606000,611000,190872,629000,639000,606000,611000,207098,1.0,1.0,1.0,1.0,0.921650619513467
000810,2026-08-14,609000,632000,609000,615000,180136,609000,632000,609000,615000,188284,1.0,1.0,1.0,1.0,0.9567249474198551
000810,2026-08-20,608000,626000,603000,622000,65840,608000,626000,603000,622000,71163,1.0,1.0,1.0,1.0,0.9251998932029285
000810,2026-08-25,636000,650000,623000,648000,38136,636000,650000,623000,648000,106618,1.0,1.0,1.0,1.0,0.35768819523907786
000810,2026-08-28,674000,688000,658000,687000,78689,674000,688000,658000,687000,139193,1.0,1.0,1.0,1.0,0.5653229688274554
000810,2026-08-31,686000,686000,657000,665000,108443,686000,686000,657000,665000,113026,1.0,1.0,1.0,1.0,0.9594518075487056
000810,2026-09-01,658000,682000,657000,677000,61618,658000,682000,657000,677000,68112,1.0,1.0,1.0,1.0,0.904657035470989
000810,2026-09-02,660000,667000,651000,657000,67142,660000,667000,651000,657000,70224,1.0,1.0,1.0,1.0,0.9561118705855548
000810,2026-09-03,660000,705000,657000,702000,168948,660000,705000,657000,702000,238820,1.0,1.0,1.0,1.0,0.7074281885939201
000810,2026-09-07,662000,672000,653000,656000,96111,662000,672000,653000,656000,98683,1.0,1.0,1.0,1.0,0.9739367469574294
000810,2026-09-15,663000,684000,654000,661000,96123,663000,684000,654000,661000,107123,1.0,1.0,1.0,1.0,0.8973143022506838
000810,2026-09-18,666000,667000,648000,655000,145464,666000,667000,648000,655000,164820,1.0,1.0,1.0,1.0,0.8825627957772115
000810,2026-09-21,652000,658000,642000,654000,46916,652000,658000,642000,651000,14375,1.0,1.0,1.0,1.0046082949308757,3.263721739130435
003550,2025-09-18,76000,77000,75600,77000,239095,76000,77000,75600,77000,256689,1.0,1.0,1.0,1.0,0.9314579121037521
003550,2025-09-23,75300,76200,75200,75500,114884,75300,76200,75200,75500,134884,1.0,1.0,1.0,1.0,0.8517244447080454
003550,2025-09-26,73900,74100,72300,72700,259207,73900,74100,72300,72700,266559,1.0,1.0,1.0,1.0,0.972418864116387
003550,2025-09-30,72500,72900,71700,72000,227328,72500,72900,71700,72000,312788,1.0,1.0,1.0,1.0,0.7267797997365628
003550,2025-10-17,73500,75000,73400,73600,294232,73500,75000,73400,73600,439155,1.0,1.0,1.0,1.0,0.6699957873643703
003550,2025-10-20,74100,77500,73100,76900,322271,74100,77500,73100,76900,456114,1.0,1.0,1.0,1.0,0.7065580096204019
003550,2025-10-22,77500,80500,76900,80100,318938,77500,80500,76900,80100,356813,1.0,1.0,1.0,1.0,0.8938519616718
003550,2025-10-28,82900,83300,81500,83100,323022,82900,83300,81500,83100,362138,1.0,1.0,1.0,1.0,0.8919859280163915
003550,2025-10-31,82000,82000,79900,80300,372224,82000,82000,79900,80300,445058,1.0,1.0,1.0,1.0,0.836349419626206
003550,2025-11-28,79500,80000,78300,78800,347653,79500,80000,78300,78800,455585,1.0,1.0,1.0,1.0,0.7630914099454548
003550,2025-12-03,80000,82400,79800,81400,244767,80000,82400,79800,81400,249951,1.0,1.0,1.0,1.0,0.9792599349472496
003550,2025-12-30,79900,81200,79800,80700,127952,79900,81200,79800,80700,152542,1.0,1.0,1.0,1.0,0.8387984948407652
003550,2026-01-20,89700,90400,87200,89200,255515,89700,90400,87200,89200,261248,1.0,1.0,1.0,1.0,0.9780553343949044
003550,2026-01-30,91700,92900,90000,91700,482274,91700,92900,90000,91700,545987,1.0,1.0,1.0,1.0,0.8833067453987
003550,2026-02-04,91400,93800,90800,93500,334998,91400,93800,90800,93500,344998,1.0,1.0,1.0,1.0,0.971014324720723
003550,2026-02-12,98900,99000,95000,96200,418567,98900,99000,95000,96200,437684,1.0,1.0,1.0,1.0,0.9563223695634293
003550,2026-02-26,100400,104200,100300,103400,716768,100400,104200,100300,103400,816768,1.0,1.0,1.0,1.0,0.8775662121924463
003550,2026-02-27,103300,107700,102000,107700,869509,103300,107700,102000,107700,991696,1.0,1.0,1.0,1.0,0.8767898630225391
003550,2026-03-05,96800,98600,93900,96800,526142,96800,98600,93900,96800,538142,1.0,1.0,1.0,1.0,0.9777010528819531
003550,2026-03-11,95400,96500,92500,93300,349693,95400,96500,92500,93300,399693,1.0,1.0,1.0,1.0,0.8749039888114127
003550,2026-03-20,91400,95500,91200,95500,326555,91400,95500,91200,95500,336146,1.0,1.0,1.0,1.0,0.971467755082613
003550,2026-03-31,83200,84500,81800,82800,321221,83200,84500,81800,82800,424383,1.0,1.0,1.0,1.0,0.7569129771927716
003550,2026-04-15,92600,94000,92500,93300,248598,92600,94000,92500,93300,263955,1.0,1.0,1.0,1.0,0.9418196283457407
003550,2026-04-16,93600,94500,93400,93800,188338,93600,94500,93400,93800,207370,1.0,1.0,1.0,1.0,0.9082220186140715
003550,2026-06-30,103500,103500,97300,97300,428570,103500,103500,97300,97300,494549,1.0,1.0,1.0,1.0,0.8665875373319933
003550,2026-07-14,100000,100000,94600,96400,480324,100000,100000,94600,96400,505310,1.0,1.0,1.0,1.0,0.9505531258039619
003550,2026-07-31,98800,102800,94000,101100,592066,98800,102800,94000,101100,615019,1.0,1.0,1.0,1.0,0.9626792017807579
003550,2026-08-13,110000,113700,109800,113700,423979,110000,113700,109800,113700,437979,1.0,1.0,1.0,1.0,0.9680349971117337
003550,2026-08-31,115700,120300,113400,119400,597975,115700,120300,113400,119400,970410,1.0,1.0,1.0,1.0,0.6162086128543606
003550,2026-09-04,119900,121700,118100,121100,261059,119900,121700,118100,121100,355436,1.0,1.0,1.0,1.0,0.7344754048548825
003550,2026-09-07,123000,125700,123000,124500,291121,123000,125700,123000,124500,366121,1.0,1.0,1.0,1.0,0.7951496909491671
003550,2026-09-14,111400,115000,109900,111500,200663,111400,115000,109900,111500,205514,1.0,1.0,1.0,1.0,0.9763957686580963
003550,2026-09-18,114000,114200,111500,112100,281520,114000,114200,111500,112100,293611,1.0,1.0,1.0,1.0,0.958819662751055
003550,2026-09-21,111400,112900,110200,112100,136873,111400,112100,110200,111400,41443,1.0,1.0071364852809992,1.0,1.0062836624775584,3.3026807904833144
003670,2025-12-02,211000,211000,205000,207500,181698,211000,211000,205000,207500,227278,1.0,1.0,1.0,1.0,0.7994526526984574
003670,2026-01-02,183300,183500,176600,176900,557242,183300,183500,176600,176900,599853,1.0,1.0,1.0,1.0,0.9289642629110799
003670,2026-05-29,237500,249500,231500,245500,611902,237500,249500,231500,245500,630103,1.0,1.0,1.0,1.0,0.9711142464009852
003670,2026-09-21,184000,184000,177600,179400,225045,184000,184000,177600,178400,104128,1.0,1.0,1.0,1.0056053811659194,2.161234250153657
005380,2025-09-12,222500,224000,220500,223500,588263,222500,224000,220500,223500,666184,1.0,1.0,1.0,1.0,0.8830338164831338
005380,2025-09-15,221500,221500,215000,215000,1467478,221500,221500,215000,215000,1712249,1.0,1.0,1.0,1.0,0.8570470766810201
005380,2025-09-19,218000,218500,212000,214000,1268728,218000,218500,212000,214000,1301527,1.0,1.0,1.0,1.0,0.9747996007766262
005380,2025-09-24,218000,219500,216500,217500,374067,218000,219500,216500,217500,383310,1.0,1.0,1.0,1.0,0.9758863583000704
005380,2025-09-26,215000,215500,213000,214500,416769,215000,215500,213000,214500,448652,1.0,1.0,1.0,1.0,0.9289360127671336
005380,2025-09-30,214000,216000,214000,215000,315148,214000,216000,214000,215000,339691,1.0,1.0,1.0,1.0,0.9277490425121655
005380,2025-10-15,223000,224000,220000,223500,655118,223000,224000,220000,223500,670710,1.0,1.0,1.0,1.0,0.9767529930968675
005380,2025-10-20,251500,252000,241500,248000,1122696,251500,252000,241500,248000,1155423,1.0,1.0,1.0,1.0,0.9716753085233719
005380,2025-11-28,261500,265500,259000,261500,497231,261500,265500,259000,261500,511004,1.0,1.0,1.0,1.0,0.9730471777128946
005380,2025-12-02,257500,267500,257000,266000,1055288,257500,267500,257000,266000,1084944,1.0,1.0,1.0,1.0,0.9726658703122004
005380,2025-12-08,321000,321000,308500,315500,1867207,321000,321000,308500,315500,1913789,1.0,1.0,1.0,1.0,0.9756598036669665
005380,2026-01-02,299500,302000,293000,298500,922421,299500,302000,293000,298500,955205,1.0,1.0,1.0,1.0,0.9656785716155171
005380,2026-02-10,499000,505000,479000,480500,1702124,499000,505000,479000,480500,1738747,1.0,1.0,1.0,1.0,0.9789371311639934
005380,2026-02-12,512000,512000,498000,506000,1667703,512000,512000,498000,506000,1733637,1.0,1.0,1.0,1.0,0.9619678167920966
005380,2026-03-20,527000,528000,517000,517000,977994,527000,528000,517000,517000,1049264,1.0,1.0,1.0,1.0,0.9320761981731956
005380,2026-03-27,472500,498500,467000,495000,1124889,472500,498500,467000,495000,1151726,1.0,1.0,1.0,1.0,0.976698450846816
005380,2026-03-31,459500,464000,445000,445500,1203368,459500,464000,445000,445500,1271113,1.0,1.0,1.0,1.0,0.946704187589931
005380,2026-04-07,477000,481500,465500,473000,676744,477000,481500,465500,473000,704114,1.0,1.0,1.0,1.0,0.9611284536310881
005380,2026-04-17,547000,548000,531000,538000,693316,547000,548000,531000,538000,724452,1.0,1.0,1.0,1.0,0.9570213071397415
005380,2026-06-15,638000,659000,633000,647000,1054692,638000,659000,633000,647000,1099804,1.0,1.0,1.0,1.0,0.9589817822084662
005380,2026-07-16,423000,431000,412000,425000,714483,423000,431000,412000,425000,791287,1.0,1.0,1.0,1.0,0.9029378720995037
005380,2026-07-21,393000,404000,381000,399000,992198,393000,404000,381000,399000,1118030,1.0,1.0,1.0,1.0,0.8874520361707646
005380,2026-07-22,413500,433000,411500,418000,799854,413500,433000,411500,418000,877549,1.0,1.0,1.0,1.0,0.9114636333697606
005380,2026-07-27,410000,411000,393500,403000,546629,410000,411000,393500,403000,563634,1.0,1.0,1.0,1.0,0.9698297121891156
005380,2026-07-29,369500,382000,338500,353500,1496493,369500,382000,338500,353500,1566493,1.0,1.0,1.0,1.0,0.9553141954671996
005380,2026-08-19,416000,422500,406500,414000,533273,416000,422500,406500,414000,552901,1.0,1.0,1.0,1.0,0.9644999737746902
005380,2026-08-31,391500,405500,387000,403500,605506,391500,405500,387000,403500,626542,1.0,1.0,1.0,1.0,0.9664252356585832
005380,2026-09-11,381000,384000,378000,382500,460573,381000,384000,378000,382500,524899,1.0,1.0,1.0,1.0,0.8774507095650782
005380,2026-09-18,369000,372000,365000,366500,515997,369000,372000,365000,366500,527407,1.0,1.0,1.0,1.0,0.9783658540747469
005380,2026-09-21,365500,365500,358500,361500,459412,365500,365500,359000,360500,174643,1.0,1.0,0.9986072423398329,1.0027739251040222,2.6305778072983172
005490,2025-12-05,305000,311500,304000,311000,220888,305000,311500,304000,311000,227109,1.0,1.0,1.0,1.0,0.9726078667071758
005490,2026-03-31,342000,343000,332000,332500,354989,342000,343000,332000,332500,390060,1.0,1.0,1.0,1.0,0.9100881915602728
005490,2026-04-15,367000,372000,365500,368000,269301,367000,372000,365500,368000,276230,1.0,1.0,1.0,1.0,0.9749158310103899
005490,2026-05-29,424000,424000,407500,423500,704621,424000,424000,407500,423500,775543,1.0,1.0,1.0,1.0,0.9085518146640483
005490,2026-06-09,366000,370500,356000,364500,383045,366000,370500,356000,364500,503818,1.0,1.0,1.0,1.0,0.7602844678038498
005490,2026-09-18,329500,331000,323000,325500,286766,329500,331000,323000,325500,294834,1.0,1.0,1.0,1.0,0.9726354491001716
005490,2026-09-21,325500,327500,316000,319500,189800,325500,327500,319000,319500,70252,1.0,1.0,0.9905956112852664,1.0,2.701702442635085
005930,2025-09-04,69500,70100,69300,70100,11761701,69500,70100,69300,70100,12284414,1.0,1.0,1.0,1.0,0.9574490895536409
005930,2025-09-09,70100,71500,70000,71500,14037324,70100,71500,70000,71500,14870245,1.0,1.0,1.0,1.0,0.9439874057219636
005930,2025-09-17,79100,79100,77100,78200,20307109,79100,79100,77100,78200,20856317,1.0,1.0,1.0,1.0,0.9736670669131083
005930,2025-09-18,79100,80500,78600,80500,24974737,79100,80500,78600,80500,25619035,1.0,1.0,1.0,1.0,0.9748508091737257
005930,2025-09-19,81100,81200,79600,79700,19709410,81100,81200,79600,79700,20898386,1.0,1.0,1.0,1.0,0.9431068026018852
005930,2025-09-23,85800,85900,83600,84700,22654705,85800,85900,83600,84700,23610263,1.0,1.0,1.0,1.0,0.9595278544758269
005930,2025-09-24,84200,85500,83700,85400,17241537,84200,85500,83700,85400,18300997,1.0,1.0,1.0,1.0,0.9421091648722745
005930,2025-09-26,85000,85300,82400,83300,23038187,85000,85300,82400,83300,24071193,1.0,1.0,1.0,1.0,0.9570853841768457
005930,2025-09-30,84600,84900,83400,83900,15092838,84600,84900,83400,83900,16319061,1.0,1.0,1.0,1.0,0.9248594634213329
005930,2025-10-16,95300,97700,95000,97700,26447698,95300,97700,95000,97700,28141060,1.0,1.0,1.0,1.0,0.9398259340621853
005930,2025-10-17,97200,99100,96700,97900,22189997,97200,99100,96700,97900,22730809,1.0,1.0,1.0,1.0,0.9762079739440862
005930,2025-10-22,97100,98600,95500,98600,15533654,97100,98600,95500,98600,15937611,1.0,1.0,1.0,1.0,0.974653854959818
005930,2025-10-31,105000,108600,103300,107500,36685399,105000,108600,103300,107500,54824564,1.0,1.0,1.0,1.0,0.6691416460694516
005930,2025-11-19,97100,97500,94600,96500,17445819,97100,97500,94600,96500,18993346,1.0,1.0,1.0,1.0,0.9185226763099035
005930,2025-11-24,97800,99000,96200,96700,28497741,97800,99000,96200,96700,29831172,1.0,1.0,1.0,1.0,0.9553007505035337
005930,2025-11-28,103800,103800,100500,100500,14541561,103800,103800,100500,100500,15292277,1.0,1.0,1.0,1.0,0.9509088149528027
005930,2025-12-09,108900,109400,107300,108400,13323229,108900,109400,107300,108400,13671800,1.0,1.0,1.0,1.0,0.9745043812811773
005930,2025-12-12,107100,108900,106800,108900,13450367,107100,108900,106800,108900,14210314,1.0,1.0,1.0,1.0,0.9465214491389845
005930,2025-12-18,106400,108200,105700,107600,20010537,106400,108200,105700,107600,20445631,1.0,1.0,1.0,1.0,0.9787194633415814
005930,2025-12-19,109700,109700,106200,106300,22670884,109700,109700,106200,106300,25917098,1.0,1.0,1.0,1.0,0.8747462389500553
005930,2025-12-30,119100,121200,118700,119900,18865993,119100,121200,118700,119900,19746349,1.0,1.0,1.0,1.0,0.9554167709686484
005930,2026-01-02,120200,128500,120200,128500,29423028,120200,128500,120200,128500,30463279,1.0,1.0,1.0,1.0,0.9658522971213965
005930,2026-01-07,143500,144400,137600,141000,44861442,143500,144400,137600,141000,46317413,1.0,1.0,1.0,1.0,0.9685653643911416
005930,2026-01-12,141000,142000,136900,138800,25105908,141000,142000,136900,138800,26271134,1.0,1.0,1.0,1.0,0.9556461475930198
005930,2026-01-21,141900,149800,141800,149500,31020872,141900,149800,141800,149500,31703610,1.0,1.0,1.0,1.0,0.9784649760705484
005930,2026-01-22,155000,157000,150800,152300,31014724,155000,157000,150800,152300,32073624,1.0,1.0,1.0,1.0,0.9669853334939638
005930,2026-01-27,150500,159500,149200,159500,28798828,150500,159500,149200,159500,29423670,1.0,1.0,1.0,1.0,0.9787639679210649
005930,2026-01-30,160100,166500,160100,160500,39012695,160100,166500,160100,160500,40557267,1.0,1.0,1.0,1.0,0.9619162701470985
005930,2026-02-03,157900,167500,157200,167500,35228437,157900,167500,157200,167500,36529813,1.0,1.0,1.0,1.0,0.9643749613500622
005930,2026-02-11,164000,168600,162000,167800,22246052,164000,168600,162000,167800,22760242,1.0,1.0,1.0,1.0,0.9774084124413088
005930,2026-02-13,179500,184400,178900,181200,33450094,179500,184400,178900,181200,34454192,1.0,1.0,1.0,1.0,0.970857015018666
005930,2026-02-20,190000,190300,188600,190100,23231554,190000,190300,188600,190100,24213880,1.0,1.0,1.0,1.0,0.9594312848663659
005930,2026-02-23,194400,197600,190500,193000,24699366,194400,197600,190500,193000,26364684,1.0,1.0,1.0,1.0,0.9368352755527053
005930,2026-02-24,193000,200000,192000,200000,26236274,193000,200000,192000,200000,28060617,1.0,1.0,1.0,1.0,0.9349856419764397
005930,2026-02-25,202500,206000,201000,203500,26060383,202500,206000,201000,203500,26987996,1.0,1.0,1.0,1.0,0.9656286817294623
005930,2026-02-27,210000,223000,210000,216500,50128338,210000,223000,210000,216500,51774768,1.0,1.0,1.0,1.0,0.9682001472222918
005930,2026-03-13,180000,186200,179900,183500,18347407,180000,186200,179900,183500,19566331,1.0,1.0,1.0,1.0,0.93770298580761
005930,2026-03-17,198000,198000,193100,193900,19358704,198000,198000,193100,193900,20300082,1.0,1.0,1.0,1.0,0.9536268868273537
005930,2026-03-19,199900,205000,199600,200500,18922683,199900,205000,199600,200500,19884483,1.0,1.0,1.0,1.0,0.9516306257497367
005930,2026-03-20,202000,202500,199000,199400,25527209,202000,202500,199000,199400,35279762,1.0,1.0,1.0,1.0,0.7235652269989803
005930,2026-03-24,195500,196000,185500,189700,24792429,195500,196000,185500,189700,25458914,1.0,1.0,1.0,1.0,0.9738211535653092
005930,2026-03-31,170000,174700,167000,167200,35416873,170000,174700,167000,167200,38659593,1.0,1.0,1.0,1.0,0.9161212069666641
005930,2026-04-01,179000,190800,178000,189600,31315473,179000,190800,178000,189600,32390251,1.0,1.0,1.0,1.0,0.9668178551626537
005930,2026-04-07,202000,202500,192400,196500,29794519,202000,202500,192400,196500,30848053,1.0,1.0,1.0,1.0,0.9658476338847057
005930,2026-04-09,207000,207500,202000,204000,26430323,207000,207500,202000,204000,42320839,1.0,1.0,1.0,1.0,0.6245226612827784
005930,2026-04-13,198200,203000,198200,201000,18850704,198200,203000,198200,201000,19603415,1.0,1.0,1.0,1.0,0.9616030676287779
005930,2026-04-14,208000,210000,205500,206500,22682657,208000,210000,205500,206500,23672078,1.0,1.0,1.0,1.0,0.9582030356608321
005930,2026-04-17,217000,218000,215000,216000,15537857,217000,218000,215000,216000,18079322,1.0,1.0,1.0,1.0,0.8594269740867495
005930,2026-04-20,214500,219000,213000,214500,16444219,214500,219000,213000,214500,17107741,1.0,1.0,1.0,1.0,0.9612151013976655
005930,2026-04-24,224000,225000,216500,219500,19164219,224000,225000,216500,219500,19626666,1.0,1.0,1.0,1.0,0.9764378218898717
005930,2026-04-30,229000,230000,220500,220500,20519456,229000,230000,220500,220500,22161975,1.0,1.0,1.0,1.0,0.9258857119006767
005930,2026-05-04,228000,232500,224000,232500,31909146,228000,232500,224000,232500,32920816,1.0,1.0,1.0,1.0,0.9692695952615512
005930,2026-05-06,254000,270000,251000,266000,50111455,254000,270000,251000,266000,53097996,1.0,1.0,1.0,1.0,0.9437541672947506
005930,2026-05-07,272000,277000,260000,271500,40551546,272000,277000,260000,271500,41404687,1.0,1.0,1.0,1.0,0.9793950622063633
005930,2026-05-11,284500,288500,280000,285500,34321435,284500,288500,280000,285500,36031094,1.0,1.0,1.0,1.0,0.9525504554482859
005930,2026-05-20,278000,282500,263500,276000,34108744,278000,282500,263500,276000,35662077,1.0,1.0,1.0,1.0,0.9564430024644947
005930,2026-05-26,298000,302000,297500,299000,21773105,298000,302000,297500,299000,23441371,1.0,1.0,1.0,1.0,0.9288324048964542
005930,2026-05-29,309500,319000,305500,317000,32804196,309500,319000,305500,317000,37241537,1.0,1.0,1.0,1.0,0.8808496813651918
005930,2026-06-01,319500,354500,319500,349000,39372036,319500,354500,319500,349000,45052488,1.0,1.0,1.0,1.0,0.8739147991116495
005930,2026-06-02,360500,370000,342000,360500,43101899,360500,370000,342000,360500,44720282,1.0,1.0,1.0,1.0,0.9638109840183924
005930,2026-06-05,333500,343000,325000,329000,31298953,333500,343000,325000,329000,33725012,1.0,1.0,1.0,1.0,0.9280635096586474
005930,2026-06-09,310000,324000,300000,322000,28988676,310000,324000,300000,322000,30124249,1.0,1.0,1.0,1.0,0.9623036909567438
005930,2026-06-10,311000,314500,295250,302500,26154760,311000,314500,295250,302500,27050362,1.0,1.0,1.0,1.0,0.9668913118427028
005930,2026-06-11,290500,306500,287500,299000,30074774,290500,306500,287500,299000,31420307,1.0,1.0,1.0,1.0,0.9571763254891176
005930,2026-06-15,342500,344500,334000,337000,20180274,342500,344500,334000,337000,21500067,1.0,1.0,1.0,1.0,0.9386144703642086
005930,2026-06-16,343000,345500,332500,343000,16694828,343000,345500,332500,343000,17548685,1.0,1.0,1.0,1.0,0.9513435337177686
005930,2026-06-23,347500,353000,310000,310000,40144299,347500,353000,310000,310000,41266630,1.0,1.0,1.0,1.0,0.9728029402934041
005930,2026-06-24,314000,341000,314000,340500,46319020,314000,341000,314000,340500,47809959,1.0,1.0,1.0,1.0,0.9688153047778184
005930,2026-06-25,359500,362500,352000,358500,34552467,359500,362500,352000,358500,36157158,1.0,1.0,1.0,1.0,0.955618995276122
005930,2026-06-26,354000,356500,321500,339500,35233001,354000,356500,321500,339500,39735951,1.0,1.0,1.0,1.0,0.8866781872164077
005930,2026-06-30,323500,343000,321000,334000,28359761,323500,343000,321000,334000,29237216,1.0,1.0,1.0,1.0,0.9699884216062159
005930,2026-07-02,290000,304000,281500,286000,37658055,290000,304000,281500,286000,38905074,1.0,1.0,1.0,1.0,0.9679471371780453
005930,2026-07-09,288500,291500,267500,278000,28796042,288500,291500,267500,278000,29703616,1.0,1.0,1.0,1.0,0.9694456728769992
005930,2026-07-15,283500,284500,273000,279500,24247830,283500,284500,273000,279500,24873414,1.0,1.0,1.0,1.0,0.9748492908934817
005930,2026-07-20,241000,257500,240000,244000,24305394,241000,257500,240000,244000,26804038,1.0,1.0,1.0,1.0,0.9067810603760523
005930,2026-07-22,276000,276000,260000,260500,21248998,276000,276000,260000,260500,22292003,1.0,1.0,1.0,1.0,0.9532116965891311
005930,2026-07-27,257000,258500,246000,254000,22701316,257000,258500,246000,254000,23296044,1.0,1.0,1.0,1.0,0.9744708586573755
005930,2026-07-28,238500,240000,218500,220000,40359410,238500,240000,218500,220000,41639623,1.0,1.0,1.0,1.0,0.9692549329757381
005930,2026-07-29,226500,234000,189200,208500,61716779,226500,234000,189200,208500,65555523,1.0,1.0,1.0,1.0,0.9414428590555215
005930,2026-08-28,262500,266000,256000,257000,14698803,262500,266000,256000,257000,15106746,1.0,1.0,1.0,1.0,0.9729959714686406
005930,2026-08-31,249000,260000,246000,260000,17009468,249000,260000,246000,260000,18270969,1.0,1.0,1.0,1.0,0.9309559881580446
005930,2026-09-01,256500,262500,254000,261000,12765801,256500,262500,254000,261000,15319615,1.0,1.0,1.0,1.0,0.8332977689060724
005930,2026-09-10,269000,270500,263500,269000,21010800,269000,270500,263500,269000,22517075,1.0,1.0,1.0,1.0,0.9331052101571807
005930,2026-09-16,248000,254000,247500,253500,11437952,248000,254000,247500,253500,11757106,1.0,1.0,1.0,1.0,0.9728543741971877
005930,2026-09-17,257000,259000,251500,256000,11308613,257000,259000,251500,256000,11827514,1.0,1.0,1.0,1.0,0.9561276359512235
005930,2026-09-18,261000,262000,257500,260000,15042569,261000,262000,257500,260000,17489615,1.0,1.0,1.0,1.0,0.860085770898902
005930,2026-09-21,264000,275000,263500,275000,22223575,264000,272500,263500,271500,9673750,1.0,1.0091743119266054,1.0,1.0128913443830572,2.29730714562605
006400,2025-09-05,202500,203500,199300,199500,297161,202500,203500,199300,199500,303237,1.0,1.0,1.0,1.0,0.9799628673281955
006400,2025-09-11,199700,201000,198000,198300,475443,199700,201000,198000,198300,488743,1.0,1.0,1.0,1.0,0.9727873340385438
006400,2025-09-19,207500,209000,203000,203000,819231,207500,209000,203000,203000,858121,1.0,1.0,1.0,1.0,0.9546800509485259
006400,2025-09-30,205000,209000,204500,205000,235551,205000,209000,204500,205000,247788,1.0,1.0,1.0,1.0,0.9506150418906485
006400,2025-12-02,300500,306500,297500,305000,289380,300500,306500,297500,305000,317336,1.0,1.0,1.0,1.0,0.9119041016462046
006400,2026-01-02,268000,268000,259000,262500,590904,268000,268000,259000,262500,616243,1.0,1.0,1.0,1.0,0.9588814801953126
006400,2026-03-31,419500,429500,404000,408000,1079019,419500,429500,404000,408000,1110671,1.0,1.0,1.0,1.0,0.9715019119073065
006400,2026-05-29,680000,707000,657000,688000,1983715,680000,707000,657000,688000,2040080,1.0,1.0,1.0,1.0,0.9723711815222933
006400,2026-09-21,546000,546000,528000,536000,290033,546000,546000,528000,533000,129605,1.0,1.0,1.0,1.0056285178236397,2.2378226148682536
006800,2025-09-24,21059,21308,19964,20412,2845720,21059,21308,19964,20412,2906771,1.0,1.0,1.0,1.0,0.9789969694895125
006800,2025-09-30,21955,22005,21208,21258,1903061,21955,22005,21208,21258,1964409,1.0,1.0,1.0,1.0,0.9687702510017008
006800,2025-10-15,20611,21408,20462,21358,2046383,20611,21408,20462,21358,2106319,1.0,1.0,1.0,1.0,0.9715446710588472
006800,2025-11-27,22403,22503,21905,22105,2269225,22403,22503,21905,22105,2322440,1.0,1.0,1.0,1.0,0.9770865985773582
006800,2025-12-05,21706,21856,21358,21756,2324500,21706,21856,21358,21756,2378318,1.0,1.0,1.0,1.0,0.9773714028149305
006800,2025-12-29,22553,23847,22453,23598,4352836,22553,23847,22453,23598,4473299,1.0,1.0,1.0,1.0,0.9730706576958079
006800,2026-02-27,72288,76968,71392,71690,6712259,72288,76968,71392,71690,6874940,1.0,1.0,1.0,1.0,0.9763371025783498
006800,2026-03-20,67700,69400,67500,67700,3051231,67700,69400,67500,67700,3126897,1.0,1.0,1.0,1.0,0.9758015694153022
006800,2026-03-31,60900,63500,60700,61600,2516355,60900,63500,60700,61600,2624633,1.0,1.0,1.0,1.0,0.9587454703190884
006800,2026-07-14,39500,40100,37200,38750,2416975,39500,40100,37200,38750,2473315,1.0,1.0,1.0,1.0,0.9772208554106533
006800,2026-08-31,35050,35150,34100,34700,1390386,35050,35150,34100,34700,1421810,1.0,1.0,1.0,1.0,0.977898594045618
006800,2026-09-01,34700,35000,34000,34900,842581,34700,35000,34000,34900,891922,1.0,1.0,1.0,1.0,0.9446801401916312
006800,2026-09-18,32400,32550,31450,31600,936872,32400,32550,31450,31600,961650,1.0,1.0,1.0,1.0,0.9742338688712109
006800,2026-09-21,31700,32200,31400,32000,674934,31700,31850,31400,31700,264898,1.0,1.010989010989011,1.0,1.0094637223974763,2.5479014564096367
009150,2025-09-15,191300,191700,187000,189000,481680,191300,191700,187000,189000,504841,1.0,1.0,1.0,1.0,0.9541221889664271
009150,2025-09-17,191800,195900,190600,192100,431400,191800,195900,190600,192100,462395,1.0,1.0,1.0,1.0,0.9329685658365683
009150,2025-09-22,198300,208000,197800,207000,698392,198300,208000,197800,207000,719169,1.0,1.0,1.0,1.0,0.9711097113474023
009150,2025-09-30,197100,198100,193300,193500,304937,197100,198100,193300,193500,312982,1.0,1.0,1.0,1.0,0.9742956463950003
009150,2025-10-17,200000,208000,199000,207000,560952,200000,208000,199000,207000,572650,1.0,1.0,1.0,1.0,0.9795721644983847
009150,2025-12-11,272000,282500,269500,269500,816132,272000,282500,269500,269500,842236,1.0,1.0,1.0,1.0,0.9690063117700977
009150,2026-02-27,455500,466000,444000,448500,1050555,455500,466000,444000,448500,1072933,1.0,1.0,1.0,1.0,0.9791431524615237
009150,2026-03-10,403000,409000,390000,402000,858770,403000,409000,390000,402000,979618,1.0,1.0,1.0,1.0,0.8766376281366819
009150,2026-03-11,415000,427500,400500,406000,588940,415000,427500,400500,406000,603440,1.0,1.0,1.0,1.0,0.9759710990322154
009150,2026-03-20,487500,488500,455500,464500,641974,487500,488500,455500,464500,659890,1.0,1.0,1.0,1.0,0.9728500204579551
009150,2026-03-31,412500,426000,396500,407500,742859,412500,426000,396500,407500,774995,1.0,1.0,1.0,1.0,0.9585339260253292
009150,2026-04-24,782000,789000,767000,788000,531018,782000,789000,767000,788000,548023,1.0,1.0,1.0,1.0,0.9689702804444339
009150,2026-05-29,1945000,2192000,1912000,2127000,2879085,1945000,2192000,1912000,2127000,2960769,1.0,1.0,1.0,1.0,0.9724112215441326
009150,2026-06-01,2021000,2086000,1989000,2005000,1602992,2021000,2086000,1989000,2005000,1639739,1.0,1.0,1.0,1.0,0.9775897261698355
009150,2026-06-24,1980000,2090000,1901000,1964000,1055855,1980000,2090000,1901000,1964000,1093489,1.0,1.0,1.0,1.0,0.9655835586823461
009150,2026-06-30,2075000,2237000,2056000,2184000,1293037,2075000,2237000,2056000,2184000,1322616,1.0,1.0,1.0,1.0,0.9776359880721237
009150,2026-07-06,1989000,1997000,1778000,1828000,796523,1989000,1997000,1778000,1828000,820561,1.0,1.0,1.0,1.0,0.970705407641845
009150,2026-07-14,1270000,1330000,1163000,1260000,1345031,1270000,1330000,1163000,1260000,1471004,1.0,1.0,1.0,1.0,0.9143625714138098
009150,2026-07-16,1316000,1326000,1257000,1277000,610486,1316000,1326000,1257000,1277000,635308,1.0,1.0,1.0,1.0,0.9609291871029485
009150,2026-07-20,1206000,1362000,1203000,1275000,703337,1206000,1362000,1203000,1275000,965749,1.0,1.0,1.0,1.0,0.7282813650337717
009150,2026-07-22,1420000,1479000,1340000,1345000,787083,1420000,1479000,1340000,1345000,808253,1.0,1.0,1.0,1.0,0.9738077062503944
009150,2026-07-27,1399000,1399000,1272000,1325000,470650,1399000,1399000,1272000,1325000,611650,1.0,1.0,1.0,1.0,0.7694760075206409
009150,2026-07-28,1211000,1226000,1085000,1114000,929794,1211000,1226000,1085000,1114000,1198287,1.0,1.0,1.0,1.0,0.7759359819475635
009150,2026-07-29,1146000,1167000,926000,1029000,1356235,1146000,1167000,926000,1029000,1436271,1.0,1.0,1.0,1.0,0.944275140276452
009150,2026-08-27,1391000,1398000,1336000,1385000,596051,1391000,1398000,1336000,1385000,696537,1.0,1.0,1.0,1.0,0.8557348712272285
009150,2026-08-28,1398000,1460000,1393000,1421000,742664,1398000,1460000,1393000,1421000,800641,1.0,1.0,1.0,1.0,0.9275867710996564
009150,2026-09-01,1440000,1475000,1408000,1430000,576344,1440000,1475000,1408000,1430000,595818,1.0,1.0,1.0,1.0,0.9673155225253349
009150,2026-09-02,1381000,1438000,1369000,1400000,426136,1381000,1438000,1369000,1400000,474646,1.0,1.0,1.0,1.0,0.8977975164649022
009150,2026-09-03,1432000,1449000,1312000,1348000,590687,1432000,1449000,1312000,1348000,615807,1.0,1.0,1.0,1.0,0.9592079986099541
009150,2026-09-04,1367000,1418000,1351000,1401000,572762,1367000,1418000,1351000,1401000,622762,1.0,1.0,1.0,1.0,0.9197125065434307
009150,2026-09-07,1450000,1464000,1410000,1454000,523217,1450000,1464000,1410000,1454000,548317,1.0,1.0,1.0,1.0,0.9542235604586398
009150,2026-09-08,1456000,1464000,1369000,1370000,662079,1456000,1464000,1369000,1370000,681519,1.0,1.0,1.0,1.0,0.9714754834421344
009150,2026-09-11,1360000,1427000,1356000,1400000,599182,1360000,1427000,1356000,1400000,619225,1.0,1.0,1.0,1.0,0.9676321207961565
009150,2026-09-18,1394000,1420000,1384000,1388000,855518,1394000,1420000,1384000,1388000,877450,1.0,1.0,1.0,1.0,0.9750048435808308
009150,2026-09-21,1432000,1443000,1396000,1432000,571885,1432000,1443000,1396000,1418000,283769,1.0,1.0,1.0,1.0098730606488011,2.015318798036431
009540,2025-09-02,412500,420000,410500,414500,232498,412500,420000,410500,414500,257092,1.0,1.0,1.0,1.0,0.9043377467988113
009540,2025-09-04,407000,429500,403000,422000,315639,407000,429500,403000,422000,330948,1.0,1.0,1.0,1.0,0.9537419775916458
009540,2025-09-05,423000,438000,417000,428500,364425,423000,438000,417000,428500,384775,1.0,1.0,1.0,1.0,0.9471119485413554
009540,2025-09-16,414500,421500,414000,416000,147511,414500,421500,414000,416000,180011,1.0,1.0,1.0,1.0,0.819455477720806
009540,2025-09-18,415000,420500,409500,412000,127696,415000,420500,409500,412000,131087,1.0,1.0,1.0,1.0,0.9741316835384134
009540,2025-09-22,408000,413000,399000,403000,139074,408000,413000,399000,403000,142307,1.0,1.0,1.0,1.0,0.9772815110992432
009540,2025-09-24,400000,408500,400000,407500,151154,400000,408500,400000,407500,171194,1.0,1.0,1.0,1.0,0.8829398226573362
009540,2025-09-25,409500,417000,402000,403000,189363,409500,417000,402000,403000,214462,1.0,1.0,1.0,1.0,0.8829676119778795
009540,2025-09-26,405000,408000,390000,397500,159033,405000,408000,390000,397500,166078,1.0,1.0,1.0,1.0,0.9575801731716422
009540,2025-09-30,397000,414000,395500,411000,224153,397000,414000,395500,411000,228987,1.0,1.0,1.0,1.0,0.9788896312891124
009540,2025-10-20,418500,427500,416000,423500,126354,418500,427500,416000,423500,129041,1.0,1.0,1.0,1.0,0.9791771607473594
009540,2025-10-24,447500,452000,438000,447000,264689,447500,452000,438000,447000,282974,1.0,1.0,1.0,1.0,0.9353827560129199
009540,2025-11-10,419000,430000,416000,424500,184954,419000,430000,416000,424500,189373,1.0,1.0,1.0,1.0,0.9766651000934663
009540,2025-11-11,428000,434500,413500,418000,225827,428000,434500,413500,418000,232341,1.0,1.0,1.0,1.0,0.9719636224342669
009540,2025-11-13,421500,442500,417000,439000,297113,421500,442500,417000,439000,308805,1.0,1.0,1.0,1.0,0.9621379187513156
009540,2025-12-16,436000,438500,421500,422500,140666,436000,438500,421500,422500,166814,1.0,1.0,1.0,1.0,0.8432505664992147
009540,2025-12-23,423000,432000,417000,432000,150625,423000,432000,417000,432000,158783,1.0,1.0,1.0,1.0,0.9486217038347934
009540,2025-12-30,406000,408000,404000,407000,113304,406000,408000,404000,407000,123304,1.0,1.0,1.0,1.0,0.9188996301823136
009540,2026-01-23,428000,436500,426500,436000,217493,428000,436500,426500,436000,266054,1.0,1.0,1.0,1.0,0.8174769031850677
009540,2026-01-29,420000,422000,410000,421000,264843,420000,422000,410000,421000,276565,1.0,1.0,1.0,1.0,0.9576157503660984
009540,2026-02-03,413500,417500,406500,417500,150422,413500,417500,406500,417500,154311,1.0,1.0,1.0,1.0,0.974797648903837
009540,2026-02-27,452500,457000,445000,450000,339261,452500,457000,445000,450000,346778,1.0,1.0,1.0,1.0,0.978323307706948
009540,2026-03-19,416500,422500,412000,413500,116075,416500,422500,412000,413500,120128,1.0,1.0,1.0,1.0,0.9662609882791688
009540,2026-03-20,416000,422500,404000,404500,247773,416000,422500,404000,404500,271901,1.0,1.0,1.0,1.0,0.911261819559325
009540,2026-04-22,429000,463500,426000,463000,497670,429000,463500,426000,463000,524180,1.0,1.0,1.0,1.0,0.9494257697737418
009540,2026-05-29,426000,426000,405000,423000,415075,426000,426000,405000,423000,436889,1.0,1.0,1.0,1.0,0.95006969733731
009540,2026-06-10,359000,385500,356000,385500,290393,359000,385500,356000,385500,310424,1.0,1.0,1.0,1.0,0.935472128443677
009540,2026-07-06,366500,374500,349000,365000,156069,366500,374500,349000,365000,199647,1.0,1.0,1.0,1.0,0.7817247441734662
009540,2026-07-31,372000,387000,362500,384500,268507,372000,387000,362500,384500,283507,1.0,1.0,1.0,1.0,0.9470912534787501
009540,2026-08-11,405500,412500,398000,398000,129039,405500,412500,398000,398000,142351,1.0,1.0,1.0,1.0,0.9064846752042487
009540,2026-08-19,364500,367000,350000,367000,143436,364500,367000,350000,367000,148664,1.0,1.0,1.0,1.0,0.964833449927353
009540,2026-08-21,355000,355000,345000,348500,147090,355000,355000,345000,348500,152716,1.0,1.0,1.0,1.0,0.9631603761229995
009540,2026-08-26,363000,364000,355500,360500,99328,363000,364000,355500,360500,108249,1.0,1.0,1.0,1.0,0.9175881532392909
009540,2026-08-31,348000,352000,342500,348500,150061,348000,352000,342500,348500,156907,1.0,1.0,1.0,1.0,0.9563690593791226
009540,2026-09-11,341500,370500,341500,365500,224592,341500,370500,341500,365500,264003,1.0,1.0,1.0,1.0,0.8507176054817559
009540,2026-09-17,338000,354500,336000,348500,182573,338000,354500,336000,348500,201990,1.0,1.0,1.0,1.0,0.9038714787860785
009540,2026-09-18,350500,351000,337500,340000,165787,350500,351000,337500,340000,174690,1.0,1.0,1.0,1.0,0.9490354341977216
009540,2026-09-21,338500,344750,334000,338500,133465,338500,344750,335500,339000,41788,1.0,1.0,0.9955290611028316,0.9985250737463127,3.1938594811907723
010120,2025-09-01,56100,56100,54400,54800,101019,56100,56100,54400,54800,505095,1.0,1.0,1.0,1.0,0.2
010120,2025-09-02,55800,56500,54800,54800,85724,55800,56500,54800,54800,428620,1.0,1.0,1.0,1.0,0.2
010120,2025-09-03,56500,58800,56400,58500,279653,56500,58800,56400,58500,1398265,1.0,1.0,1.0,1.0,0.2
010120,2025-09-04,58200,58900,57500,58200,105672,58200,58900,57500,58200,563375,1.0,1.0,1.0,1.0,0.1875695584646106
010120,2025-09-05,58900,59700,58400,58600,113913,58900,59700,58400,58600,569565,1.0,1.0,1.0,1.0,0.2
010120,2025-09-08,58100,58200,56900,57500,73223,58100,58200,56900,57500,366115,1.0,1.0,1.0,1.0,0.2
010120,2025-09-09,58000,58700,56800,58500,88651,58000,58700,56800,58500,443255,1.0,1.0,1.0,1.0,0.2
010120,2025-09-10,59200,62200,59200,61700,257031,59200,62200,59200,61700,1285155,1.0,1.0,1.0,1.0,0.2
010120,2025-09-11,63300,63800,61100,63200,247306,63300,63800,61100,63200,1236530,1.0,1.0,1.0,1.0,0.2
010120,2025-09-12,62800,64000,62100,63200,154607,62800,64000,62100,63200,773135,1.0,1.0,1.0,1.0,0.19997413129660407
010120,2025-09-15,62400,62700,61800,62500,98504,62400,62700,61800,62500,492525,1.0,1.0,1.0,1.0,0.19999796964621086
010120,2025-09-16,62700,62900,61300,61800,106351,62700,62900,61300,61800,531755,1.0,1.0,1.0,1.0,0.2
010120,2025-09-17,62300,62300,60000,60700,113723,62300,62300,60000,60700,568615,1.0,1.0,1.0,1.0,0.2
010120,2025-09-18,61300,61700,60500,60700,137198,61300,61700,60500,60700,685990,1.0,1.0,1.0,1.0,0.2
010120,2025-09-19,60400,60800,59200,59200,160179,60400,60800,59200,59200,810145,1.0,1.0,1.0,1.0,0.1977164581648964
010120,2025-09-22,59900,60300,58400,58600,105427,59900,60300,58400,58600,527135,1.0,1.0,1.0,1.0,0.2
010120,2025-09-23,60000,62000,58300,58600,220767,60000,62000,58300,58600,1103835,1.0,1.0,1.0,1.0,0.2
010120,2025-09-24,60000,60100,57200,57300,149249,60000,60100,57200,57300,746585,1.0,1.0,1.0,1.0,0.19990891860940146
010120,2025-09-25,57700,57800,55600,55700,188113,57700,57800,55600,55700,940565,1.0,1.0,1.0,1.0,0.2
010120,2025-09-26,55900,56100,53800,54600,133892,55900,56100,53800,54600,669460,1.0,1.0,1.0,1.0,0.2
010120,2025-09-29,55300,55700,54600,54900,63575,55300,55700,54600,54900,317875,1.0,1.0,1.0,1.0,0.2
010120,2025-09-30,55000,57400,55000,56900,143034,55000,57400,55000,56900,731240,1.0,1.0,1.0,1.0,0.19560472621847821
010120,2025-10-01,57400,58200,57000,57800,102013,57400,58200,57000,57800,510065,1.0,1.0,1.0,1.0,0.2
010120,2025-10-02,58500,59100,57800,58000,151654,58500,59100,57800,58000,1337875,1.0,1.0,1.0,1.0,0.11335438662057368
010120,2025-10-10,59000,60800,58800,60400,258656,59000,60800,58800,60400,1293280,1.0,1.0,1.0,1.0,0.2
010120,2025-10-13,58500,59600,58100,59200,114987,58500,59600,58100,59200,574935,1.0,1.0,1.0,1.0,0.2
010120,2025-10-14,60100,61900,58300,58900,258618,60100,61900,58300,58900,1293090,1.0,1.0,1.0,1.0,0.2
010120,2025-10-15,59700,61600,59100,61100,264311,59700,61600,59100,61100,1321555,1.0,1.0,1.0,1.0,0.2
010120,2025-10-16,62300,62400,60700,61000,250032,62300,62400,60700,61000,1250160,1.0,1.0,1.0,1.0,0.2
010120,2025-10-17,61400,61800,59900,60400,224365,61400,61800,59900,60400,1321825,1.0,1.0,1.0,1.0,0.16973880808730354
010120,2025-10-20,61400,65650,60600,63900,432430,61400,65650,60600,63900,2162150,1.0,1.0,1.0,1.0,0.2
010120,2025-10-21,64600,65400,61400,62200,358570,64600,65400,61400,62200,1792850,1.0,1.0,1.0,1.0,0.2
010120,2025-10-22,62800,65300,61600,63900,384530,62800,65300,61600,63900,1922695,1.0,1.0,1.0,1.0,0.19999531907036738
010120,2025-10-23,67100,73800,66100,73400,1287804,67100,73800,66100,73400,6439020,1.0,1.0,1.0,1.0,0.2
010120,2025-10-24,73100,74400,71600,73700,449662,73100,74400,71600,73700,2248355,1.0,1.0,1.0,1.0,0.1999959970734159
010120,2025-10-27,76200,79000,74000,75000,325950,76200,79000,74000,75000,1629750,1.0,1.0,1.0,1.0,0.2
010120,2025-10-28,75700,77700,74400,76900,223720,75700,77700,74400,76900,1118600,1.0,1.0,1.0,1.0,0.2
010120,2025-10-29,78400,84200,77600,84000,367209,78400,84200,77600,84000,1836045,1.0,1.0,1.0,1.0,0.2
010120,2025-10-30,86200,90000,85000,87900,320830,86200,90000,85000,87900,1604150,1.0,1.0,1.0,1.0,0.2
010120,2025-10-31,89800,90800,86200,87000,237350,89800,90800,86200,87000,1186750,1.0,1.0,1.0,1.0,0.2
010120,2025-11-03,89800,102000,89600,97700,493553,89800,102000,89600,97700,2467815,1.0,1.0,1.0,1.0,0.19999594783239424
010120,2025-11-04,100600,101400,94700,96000,317754,100600,101400,94700,96000,1598880,1.0,1.0,1.0,1.0,0.19873536475532874
010120,2025-11-05,92200,93700,84100,90300,742991,92200,93700,84100,90300,3714955,1.0,1.0,1.0,1.0,0.2
010120,2025-11-06,95000,95500,90200,92500,306213,95000,95500,90200,92500,1531065,1.0,1.0,1.0,1.0,0.2
010120,2025-11-07,87800,93800,86000,88000,289243,87800,93800,86000,88000,1446215,1.0,1.0,1.0,1.0,0.2
010120,2025-11-10,87400,96900,86700,95600,355184,87400,96900,86700,95600,1775920,1.0,1.0,1.0,1.0,0.2
010120,2025-11-11,99400,101800,96400,98300,312390,99400,101800,96400,98300,1561950,1.0,1.0,1.0,1.0,0.2
010120,2025-11-12,99000,102600,96100,97800,249518,99000,102600,96100,97800,1247590,1.0,1.0,1.0,1.0,0.2
010120,2025-11-13,97700,99000,96100,96700,186579,97700,99000,96100,96700,932965,1.0,1.0,1.0,1.0,0.1999849940780201
010120,2025-11-14,92200,92400,90000,90600,217592,92200,92400,90000,90600,1087970,1.0,1.0,1.0,1.0,0.19999816171401785
010120,2025-11-17,93900,95200,92000,94000,141316,93900,95200,92000,94000,706580,1.0,1.0,1.0,1.0,0.2
010120,2025-11-18,91400,96600,91200,91800,185359,91400,96600,91200,91800,926795,1.0,1.0,1.0,1.0,0.2
010120,2025-11-19,92300,96100,89000,95000,253964,92300,96100,89000,95000,1269885,1.0,1.0,1.0,1.0,0.19998976285254177
010120,2025-11-20,102000,107800,99400,101200,397196,102000,107800,99400,101200,1985980,1.0,1.0,1.0,1.0,0.2
010120,2025-11-21,94400,94500,87700,88200,468232,94400,94500,87700,88200,2341190,1.0,1.0,1.0,1.0,0.19999743720073979
010120,2025-11-24,90400,90500,86300,87200,193530,90400,90500,86300,87200,967650,1.0,1.0,1.0,1.0,0.2
010120,2025-11-25,90800,91600,87500,88000,170664,90800,91600,87500,88000,853320,1.0,1.0,1.0,1.0,0.2
010120,2025-11-26,89700,91700,85600,89700,181758,89700,91700,85600,89700,908790,1.0,1.0,1.0,1.0,0.2
010120,2025-11-27,91400,95900,91400,93400,197775,91400,95900,91400,93400,988875,1.0,1.0,1.0,1.0,0.2
010120,2025-11-28,93900,94100,91000,92000,115189,93900,94100,91000,92000,575945,1.0,1.0,1.0,1.0,0.2
010120,2025-12-01,94000,94300,87500,88600,157852,94000,94300,87500,88600,789260,1.0,1.0,1.0,1.0,0.2
010120,2025-12-02,89300,94600,88800,94500,184764,89300,94600,88800,94500,923820,1.0,1.0,1.0,1.0,0.2
010120,2025-12-03,96000,96600,92900,95700,129518,96000,96600,92900,95700,647590,1.0,1.0,1.0,1.0,0.2
010120,2025-12-04,95800,99800,95600,97300,172033,95800,99800,95600,97300,860165,1.0,1.0,1.0,1.0,0.2
010120,2025-12-05,99000,103200,98500,103000,251620,99000,103200,98500,103000,1258100,1.0,1.0,1.0,1.0,0.2
010120,2025-12-08,101600,106000,101000,103600,163652,101600,106000,101000,103600,818260,1.0,1.0,1.0,1.0,0.2
010120,2025-12-09,100600,100800,97700,98400,155707,100600,100800,97700,98400,778580,1.0,1.0,1.0,1.0,0.1999884404942331
010120,2025-12-10,99300,100800,97800,100200,107108,99300,100800,97800,100200,535540,1.0,1.0,1.0,1.0,0.2
010120,2025-12-11,102200,104400,99400,99400,181249,102200,104400,99400,99400,906260,1.0,1.0,1.0,1.0,0.19999668969169995
010120,2025-12-12,100800,102400,99500,101200,114733,100800,102400,99500,101200,573665,1.0,1.0,1.0,1.0,0.2
010120,2025-12-15,97200,97500,94800,96600,187000,97200,97500,94800,96600,935000,1.0,1.0,1.0,1.0,0.2
010120,2025-12-16,96800,100800,94900,95800,241025,96800,100800,94900,95800,1205125,1.0,1.0,1.0,1.0,0.2
010120,2025-12-17,97400,97500,94300,94800,127776,97400,97500,94300,94800,638880,1.0,1.0,1.0,1.0,0.2
010120,2025-12-18,90800,93800,90500,92300,132319,90800,93800,90500,92300,661595,1.0,1.0,1.0,1.0,0.2
010120,2025-12-19,94300,94800,92000,94200,122829,94300,94800,92000,94200,624405,1.0,1.0,1.0,1.0,0.19671367141518725
010120,2025-12-22,96500,98000,94000,95000,92306,96500,98000,94000,95000,461530,1.0,1.0,1.0,1.0,0.2
010120,2025-12-23,95800,95800,92400,92800,114607,95800,95800,92400,92800,573035,1.0,1.0,1.0,1.0,0.2
010120,2025-12-24,93500,94000,92000,92900,62373,93500,94000,92000,92900,311865,1.0,1.0,1.0,1.0,0.2
010120,2025-12-26,92900,93000,90200,91000,93223,92900,93000,90200,91000,466115,1.0,1.0,1.0,1.0,0.2
010120,2025-12-29,90100,95000,90000,94900,130093,90100,95000,90000,94900,650465,1.0,1.0,1.0,1.0,0.2
010120,2025-12-30,94200,95200,92000,92000,95410,94200,95200,92000,92000,477050,1.0,1.0,1.0,1.0,0.2
010120,2026-01-02,93100,99800,90300,98500,201980,93100,99800,90300,98500,1009975,1.0,1.0,1.0,1.0,0.19998514814723137
010120,2026-01-05,98300,102000,97200,101600,182361,98300,102000,97200,101600,911810,1.0,1.0,1.0,1.0,0.19999890328028866
010120,2026-01-06,101200,101400,93600,98400,300762,101200,101400,93600,98400,1503810,1.0,1.0,1.0,1.0,0.2
010120,2026-01-07,97600,98300,94400,95100,180652,97600,98300,94400,95100,903260,1.0,1.0,1.0,1.0,0.2
010120,2026-01-08,95100,97300,94400,96500,185631,95100,97300,94400,96500,928155,1.0,1.0,1.0,1.0,0.2
010120,2026-01-09,96700,96700,94700,95200,112362,96700,96700,94700,95200,561810,1.0,1.0,1.0,1.0,0.2
010120,2026-01-12,98200,102600,97400,99200,286379,98200,102600,97400,99200,1439935,1.0,1.0,1.0,1.0,0.1988832829259654
010120,2026-01-13,101400,101600,96500,99300,190195,101400,101600,96500,99300,950975,1.0,1.0,1.0,1.0,0.2
010120,2026-01-14,100400,110800,99500,107800,603440,100400,110800,99500,107800,3027420,1.0,1.0,1.0,1.0,0.19932483765054074
010120,2026-01-15,107200,110400,103400,105200,296571,107200,110400,103400,105200,1482870,1.0,1.0,1.0,1.0,0.1999979768961541
010120,2026-01-16,107200,107800,103600,106600,184329,107200,107800,103600,106600,921645,1.0,1.0,1.0,1.0,0.2
010120,2026-01-19,106600,109000,105400,106600,159736,106600,109000,105400,106600,798710,1.0,1.0,1.0,1.0,0.19999248788671734
010120,2026-01-20,105600,106400,101200,105000,230566,105600,106400,101200,105000,1152835,1.0,1.0,1.0,1.0,0.1999991325731783
010120,2026-01-21,101400,103200,99100,101200,215022,101400,103200,99100,101200,1075140,1.0,1.0,1.0,1.0,0.1999944193314359
010120,2026-01-22,104400,107600,102600,103400,211156,104400,107600,102600,103400,1055780,1.0,1.0,1.0,1.0,0.2
010120,2026-01-23,103800,104800,100400,101800,167092,103800,104800,100400,101800,835500,1.0,1.0,1.0,1.0,0.1999904248952723
010120,2026-01-26,101200,102200,98400,100200,186993,101200,102200,98400,100200,934965,1.0,1.0,1.0,1.0,0.2
010120,2026-01-27,100600,111400,97100,107400,651204,100600,111400,97100,107400,3256075,1.0,1.0,1.0,1.0,0.19999662169943874
010120,2026-01-28,112000,116400,107400,114400,482333,112000,116400,107400,114400,2411665,1.0,1.0,1.0,1.0,0.2
010120,2026-01-29,113800,114800,108200,111400,236435,113800,114800,108200,111400,1184420,1.0,1.0,1.0,1.0,0.19962091150098782
010120,2026-01-30,111000,115600,109200,113200,214902,111000,115600,109200,113200,1074510,1.0,1.0,1.0,1.0,0.2
010120,2026-02-02,110000,115600,104200,105200,247327,110000,115600,104200,105200,1236665,1.0,1.0,1.0,1.0,0.19999514824143969
010120,2026-02-03,109200,123000,108800,122400,444911,109200,123000,108800,122400,2224555,1.0,1.0,1.0,1.0,0.2
010120,2026-02-04,122200,131600,121000,127800,304501,122200,131600,121000,127800,1522510,1.0,1.0,1.0,1.0,0.1999993431898641
010120,2026-02-05,124200,127600,119000,123800,232296,124200,127600,119000,123800,1161495,1.0,1.0,1.0,1.0,0.19999741712189892
010120,2026-02-06,118600,119600,111600,119000,220679,118600,119600,111600,119000,1103395,1.0,1.0,1.0,1.0,0.2
010120,2026-02-09,126200,132800,124200,129200,253374,126200,132800,124200,129200,1266880,1.0,1.0,1.0,1.0,0.19999842131851478
010120,2026-02-10,129800,133800,126600,127400,169854,129800,133800,126600,127400,849270,1.0,1.0,1.0,1.0,0.2
010120,2026-02-11,129000,135000,126200,133400,171771,129000,135000,126200,133400,858855,1.0,1.0,1.0,1.0,0.2
010120,2026-02-12,136600,137000,132600,134200,166299,136600,137000,132600,134200,831495,1.0,1.0,1.0,1.0,0.2
010120,2026-02-13,131400,134000,130000,132200,149311,131400,134000,130000,132200,746555,1.0,1.0,1.0,1.0,0.2
010120,2026-02-19,135000,136000,133200,135200,90033,135000,136000,133200,135200,451775,1.0,1.0,1.0,1.0,0.1992872558242488
010120,2026-02-20,134200,138800,133800,138200,110447,134200,138800,133800,138200,552270,1.0,1.0,1.0,1.0,0.19998732504028827
010120,2026-02-23,140200,146800,138400,144400,165374,140200,146800,138400,144400,826870,1.0,1.0,1.0,1.0,0.2
010120,2026-02-24,144200,154800,143800,149200,183380,144200,154800,143800,149200,916955,1.0,1.0,1.0,1.0,0.19998800377335857
010120,2026-02-25,154600,155600,149600,150600,196647,154600,155600,149600,150600,983235,1.0,1.0,1.0,1.0,0.2
010120,2026-02-26,152600,164800,150800,160600,244103,152600,164800,150800,160600,1220515,1.0,1.0,1.0,1.0,0.2
010120,2026-02-27,159600,162400,156200,157400,233260,159600,162400,156200,157400,1186280,1.0,1.0,1.0,1.0,0.19663148666419394
010120,2026-03-03,155400,155600,142200,142800,260829,155400,155600,142200,142800,1318025,1.0,1.0,1.0,1.0,0.1978938184025341
010120,2026-03-04,136800,140800,120000,125200,303713,136800,140800,120000,125200,1518565,1.0,1.0,1.0,1.0,0.2
010120,2026-03-05,142800,146600,138200,140200,197106,142800,146600,138200,140200,985530,1.0,1.0,1.0,1.0,0.2
010120,2026-03-06,136800,143200,133400,140800,139470,136800,143200,133400,140800,697350,1.0,1.0,1.0,1.0,0.2
010120,2026-03-09,129600,140200,127000,136200,130533,129600,140200,127000,136200,652665,1.0,1.0,1.0,1.0,0.2
010120,2026-03-10,144800,149000,141200,144800,154240,144800,149000,141200,144800,771200,1.0,1.0,1.0,1.0,0.2
010120,2026-03-11,149400,151000,141600,144400,102620,149400,151000,141600,144400,513100,1.0,1.0,1.0,1.0,0.2
010120,2026-03-12,144200,150000,143600,148000,105910,144200,150000,143600,148000,529550,1.0,1.0,1.0,1.0,0.2
010120,2026-03-13,143400,151200,142400,149400,121234,143400,151200,142400,149400,606170,1.0,1.0,1.0,1.0,0.2
010120,2026-03-16,149000,149600,143600,146600,85763,149000,149600,143600,146600,428815,1.0,1.0,1.0,1.0,0.2
010120,2026-03-17,151400,156400,150000,152400,101645,151400,156400,150000,152400,508225,1.0,1.0,1.0,1.0,0.2
010120,2026-03-18,157400,167800,156800,166600,178348,157400,167800,156800,166600,891740,1.0,1.0,1.0,1.0,0.2
010120,2026-03-19,163800,179600,163600,174600,172833,163800,179600,163600,174600,864205,1.0,1.0,1.0,1.0,0.19999074293715033
010120,2026-03-20,180200,181400,173200,177200,146887,180200,181400,173200,177200,777725,1.0,1.0,1.0,1.0,0.1888675302966987
010120,2026-03-23,170800,173000,164600,164600,139430,170800,173000,164600,164600,697175,1.0,1.0,1.0,1.0,0.1999928281995195
010120,2026-03-24,172400,173800,160200,162600,196602,172400,173800,160200,162600,983010,1.0,1.0,1.0,1.0,0.2
010120,2026-03-25,169600,176000,166600,168800,138160,169600,176000,166600,168800,690845,1.0,1.0,1.0,1.0,0.19998697247573624
010120,2026-03-26,170800,172200,165400,166800,94578,170800,172200,165400,166800,472890,1.0,1.0,1.0,1.0,0.2
010120,2026-03-27,160600,162600,152400,160200,171991,160600,162600,152400,160200,859955,1.0,1.0,1.0,1.0,0.2
010120,2026-03-30,149800,157400,149400,155000,126607,149800,157400,149400,155000,633035,1.0,1.0,1.0,1.0,0.2
010120,2026-03-31,150400,153200,143000,143600,205647,150400,153200,143000,143600,1065840,1.0,1.0,1.0,1.0,0.19294359378518353
010120,2026-04-01,154000,162000,151600,158800,162460,154000,162000,151600,158800,812300,1.0,1.0,1.0,1.0,0.2
010120,2026-04-02,165200,165200,149800,151800,191631,165200,165200,149800,151800,958155,1.0,1.0,1.0,1.0,0.2
010120,2026-04-03,158200,158200,147600,153800,98960,158200,158200,147600,153800,494800,1.0,1.0,1.0,1.0,0.2
010120,2026-04-06,159800,165800,158000,159800,117941,159800,165800,158000,159800,589705,1.0,1.0,1.0,1.0,0.2
010120,2026-04-07,164000,164200,153400,157600,122309,164000,164200,153400,157600,611545,1.0,1.0,1.0,1.0,0.2
010120,2026-05-08,309500,319500,302500,313000,1151572,309500,319500,302500,313000,1313193,1.0,1.0,1.0,1.0,0.8769251739843268
010120,2026-05-18,247500,255500,232500,253500,1735272,247500,255500,232500,253500,2200388,1.0,1.0,1.0,1.0,0.788620915947551
010120,2026-09-01,207000,208000,199500,204500,360249,207000,208000,199500,204500,371147,1.0,1.0,1.0,1.0,0.9706369713348081
010120,2026-09-21,209500,211500,204500,211000,274284,209500,211500,204500,207500,149176,1.0,1.0,1.0,1.0168674698795181,1.8386603743229475
010130,2025-09-30,913000,935000,913000,921000,15064,913000,935000,913000,921000,16084,1.0,1.0,1.0,1.0,0.9365829395672718
010130,2025-10-31,1083000,1095000,1033000,1033000,65386,1083000,1095000,1033000,1033000,67226,1.0,1.0,1.0,1.0,0.9726296373426948
010130,2025-11-13,1147000,1200000,1080000,1200000,57290,1147000,1200000,1080000,1200000,58754,1.0,1.0,1.0,1.0,0.9750825475712291
010130,2025-11-21,1118000,1142000,1090000,1128000,20958,1118000,1142000,1090000,1128000,22254,1.0,1.0,1.0,1.0,0.9417632785117283
010130,2025-12-05,1300000,1372000,1299000,1359000,26444,1300000,1372000,1299000,1359000,27145,1.0,1.0,1.0,1.0,0.9741757229692393
010130,2026-01-09,1173000,1190000,1131000,1142000,365007,1173000,1190000,1131000,1142000,424569,1.0,1.0,1.0,1.0,0.8597118489574133
010130,2026-04-08,1548000,1596000,1525000,1585000,29374,1548000,1596000,1525000,1585000,448456,1.0,1.0,1.0,1.0,0.06550029434325776
010130,2026-04-28,1645000,1657000,1619000,1627000,25336,1645000,1657000,1619000,1627000,35736,1.0,1.0,1.0,1.0,0.7089769420192523
010130,2026-04-30,1587000,1605000,1537000,1579000,123969,1587000,1605000,1537000,1579000,140026,1.0,1.0,1.0,1.0,0.8853284390041849
010130,2026-05-22,1446000,1446000,1405000,1430000,21294,1446000,1446000,1405000,1430000,22460,1.0,1.0,1.0,1.0,0.9480854853072128
010130,2026-06-19,1220000,1230000,1169000,1192000,43994,1220000,1230000,1169000,1192000,45909,1.0,1.0,1.0,1.0,0.9582870461129626
010130,2026-09-18,1159000,1159000,1124000,1132000,24368,1159000,1159000,1124000,1132000,25195,1.0,1.0,1.0,1.0,0.967176026989482
010130,2026-09-21,1132000,1136000,1116000,1136000,8922,1132000,1132000,1116000,1128000,3994,1.0,1.0035335689045937,1.0,1.0070921985815602,2.2338507761642465
010140,2025-09-11,22700,22800,22150,22350,8309763,22700,22800,22150,22350,8745363,1.0,1.0,1.0,1.0,0.9501907467991895
010140,2025-09-19,21350,21500,21200,21450,3852820,21350,21500,21200,21450,3944709,1.0,1.0,1.0,1.0,0.976705759537649
010140,2025-09-25,22000,22400,21800,21950,4268312,22000,22400,21800,21950,4568312,1.0,1.0,1.0,1.0,0.934330229634053
010140,2025-11-13,26200,26750,25800,26500,4444783,26200,26750,25800,26500,4577984,1.0,1.0,1.0,1.0,0.9709040049069634
010140,2025-12-02,24350,24900,24200,24500,2536013,24350,24900,24200,24500,2592148,1.0,1.0,1.0,1.0,0.9783442149136546
010140,2025-12-11,26600,26650,25750,25800,3501911,26600,26650,25750,25800,3676341,1.0,1.0,1.0,1.0,0.9525533676011012
010140,2026-02-27,28950,29500,28850,28950,5766458,28950,29500,28850,28950,5960960,1.0,1.0,1.0,1.0,0.9673706919690788
010140,2026-03-20,28750,29950,28150,28550,5827657,28750,29950,28150,28550,5947337,1.0,1.0,1.0,1.0,0.9798767078441999
010140,2026-05-29,28850,28900,27350,27950,6896894,28850,28900,27350,27950,7575227,1.0,1.0,1.0,1.0,0.9104537725404136
010140,2026-09-18,21550,21650,20700,21050,3274049,21550,21650,20700,21050,3388016,1.0,1.0,1.0,1.0,0.9663617291063561
010140,2026-09-21,20950,20950,20400,20750,2155430,20950,20950,20400,20550,877243,1.0,1.0,1.0,1.0097323600973236,2.457050099003355
010950,2025-11-06,75600,79000,75300,76300,454533,75600,79000,75300,76300,464945,1.0,1.0,1.0,1.0,0.9776059533923367
010950,2025-12-19,81700,81900,80300,81500,163135,81700,81900,80300,81500,167095,1.0,1.0,1.0,1.0,0.9763009066698585
010950,2026-01-20,89100,90900,89000,90600,206847,89100,90900,89000,90600,212359,1.0,1.0,1.0,1.0,0.9740439538705682
010950,2026-05-29,107100,108700,102100,107400,836724,107100,108700,102100,107400,908028,1.0,1.0,1.0,1.0,0.9214737871519381
010950,2026-06-02,102900,110900,102500,108300,574006,102900,110900,102500,108300,593523,1.0,1.0,1.0,1.0,0.9671166913497876
010950,2026-06-09,108500,113000,105700,110900,398524,108500,113000,105700,110900,407011,1.0,1.0,1.0,1.0,0.9791479837154279
010950,2026-06-11,111200,113500,109400,113100,334807,111200,113500,109400,113100,345816,1.0,1.0,1.0,1.0,0.9681651514099984
010950,2026-07-06,109200,116900,109200,116900,468077,109200,116900,109200,116900,484720,1.0,1.0,1.0,1.0,0.965664713649117
010950,2026-07-08,127400,134700,124200,131600,780937,127400,134700,124200,131600,820161,1.0,1.0,1.0,1.0,0.9521752436411876
010950,2026-07-09,130100,134300,128000,133500,443812,130100,134300,128000,133500,457699,1.0,1.0,1.0,1.0,0.9696590991022485
010950,2026-07-14,143500,143500,130100,131400,457497,143500,143500,130100,131400,471618,1.0,1.0,1.0,1.0,0.9700583947177589
010950,2026-09-21,149700,155500,149000,153900,336267,149700,153500,149000,153300,115782,1.0,1.013029315960912,1.0,1.0039138943248533,2.904311551018293
011200,2025-09-09,23150,23250,22900,23050,1543795,23150,23250,22900,23050,1737477,1.0,1.0,1.0,1.0,0.8885268697082034
011200,2025-09-18,23550,23550,22900,23000,2249341,23550,23550,22900,23000,2435127,1.0,1.0,1.0,1.0,0.9237058272525417
011200,2025-12-19,20700,20700,20200,20550,2622548,20700,20700,20200,20550,2678229,1.0,1.0,1.0,1.0,0.9792097688435156
011200,2026-02-27,22500,22600,21350,21350,3774104,22500,22600,21350,21350,4005360,1.0,1.0,1.0,1.0,0.942263367088102
011200,2026-03-05,21200,21650,20700,21250,4167419,21200,21650,20700,21250,5207570,1.0,1.0,1.0,1.0,0.8002617343597878
011200,2026-03-20,20850,21400,20800,21250,1666853,20850,21400,20800,21250,1715802,1.0,1.0,1.0,1.0,0.9714716499922486
011200,2026-03-31,19220,19670,19150,19570,1642738,19220,19670,19150,19570,1754901,1.0,1.0,1.0,1.0,0.9360858532760538
011200,2026-05-29,19650,19710,19170,19560,4653326,19650,19710,19170,19560,4878532,1.0,1.0,1.0,1.0,0.953837342872815
011200,2026-07-14,19600,20400,19460,19760,2347652,19600,20400,19460,19760,2415311,1.0,1.0,1.0,1.0,0.9719874583438737
011200,2026-08-31,21550,21700,21100,21450,1276061,21550,21700,21100,21450,1675191,1.0,1.0,1.0,1.0,0.7617406015194685
011200,2026-09-21,21000,21150,20750,21050,472293,21000,21000,20750,20950,158723,1.0,1.0071428571428571,1.0,1.0047732696897376,2.9755800986624497
012330,2025-09-04,321500,325500,317500,320500,187287,321500,325500,317500,320500,210607,1.0,1.0,1.0,1.0,0.8892724363387732
012330,2025-09-16,308500,310000,304500,309000,125740,308500,310000,304500,309000,150505,1.0,1.0,1.0,1.0,0.8354539716288495
012330,2025-09-19,313500,314000,303000,308000,367904,313500,314000,303000,308000,383684,1.0,1.0,1.0,1.0,0.9588724054169577
012330,2025-09-24,312000,313500,308000,308000,77737,312000,313500,308000,308000,81257,1.0,1.0,1.0,1.0,0.95668065520509
012330,2025-09-25,307000,308500,300500,301000,239363,307000,308500,300500,301000,247888,1.0,1.0,1.0,1.0,0.9656094687923579
012330,2025-09-26,299000,300000,292500,295000,220597,299000,300000,292500,295000,231752,1.0,1.0,1.0,1.0,0.9518666505574925
012330,2025-09-30,295500,300500,295000,298500,160766,295500,300500,295000,298500,164694,1.0,1.0,1.0,1.0,0.9761497079432159
012330,2025-11-13,297000,301500,296000,300000,162932,297000,301500,296000,300000,167662,1.0,1.0,1.0,1.0,0.9717884792022045
012330,2025-11-14,298500,303500,296500,298000,134033,298500,303500,296500,298000,156922,1.0,1.0,1.0,1.0,0.8541377244745797
012330,2025-11-17,298500,298500,292000,294000,126523,298500,298500,292000,294000,132443,1.0,1.0,1.0,1.0,0.9553015259394607
012330,2025-11-28,304500,315000,302000,309500,263436,304500,315000,302000,309500,273800,1.0,1.0,1.0,1.0,0.9621475529583637
012330,2025-12-01,307500,310000,302000,303500,140222,307500,310000,302000,303500,158359,1.0,1.0,1.0,1.0,0.8854690923787092
012330,2025-12-15,368000,374000,364500,364500,300148,368000,374000,364500,364500,371575,1.0,1.0,1.0,1.0,0.8077723205274844
012330,2025-12-16,366000,370000,354500,357000,307208,366000,370000,354500,357000,316642,1.0,1.0,1.0,1.0,0.9702061002646521
012330,2025-12-19,355500,372000,347000,366500,464764,355500,372000,347000,366500,474382,1.0,1.0,1.0,1.0,0.9797252003659498
012330,2026-01-07,368000,403500,367000,392500,942557,368000,403500,367000,392500,983557,1.0,1.0,1.0,1.0,0.9583145664155712
012330,2026-01-09,399500,402500,382500,399500,505194,399500,402500,382500,399500,517573,1.0,1.0,1.0,1.0,0.9760826009084709
012330,2026-02-12,443000,446000,436000,446000,281423,443000,446000,436000,446000,314889,1.0,1.0,1.0,1.0,0.8937212795620044
012330,2026-03-20,414500,415000,400500,400500,334857,414500,415000,400500,400500,357334,1.0,1.0,1.0,1.0,0.9370980651155502
012330,2026-03-25,400000,403000,395500,402000,183324,400000,403000,395500,402000,226151,1.0,1.0,1.0,1.0,0.8106265282930432
012330,2026-03-31,387500,391500,376500,378000,304298,387500,391500,376500,378000,334294,1.0,1.0,1.0,1.0,0.9102706001304242
012330,2026-04-01,397000,410000,389500,409000,279593,397000,410000,389500,409000,305094,1.0,1.0,1.0,1.0,0.9164159242725193
012330,2026-04-13,391500,392500,386500,391500,199169,391500,392500,386500,391500,222824,1.0,1.0,1.0,1.0,0.8938399813305569
012330,2026-04-15,422000,424000,410500,415500,265529,422000,424000,410500,415500,284353,1.0,1.0,1.0,1.0,0.9338005929249911
012330,2026-04-20,426500,428000,418500,420000,163968,426500,428000,418500,420000,198799,1.0,1.0,1.0,1.0,0.8247928812519177
012330,2026-04-22,447500,457500,443000,456500,290295,447500,457500,443000,456500,300701,1.0,1.0,1.0,1.0,0.9653941955630344
012330,2026-06-01,770000,822000,742000,761000,1629894,770000,822000,742000,761000,1822258,1.0,1.0,1.0,1.0,0.8944364628938383
012330,2026-07-24,509000,510000,474000,482000,350370,509000,510000,474000,482000,413538,1.0,1.0,1.0,1.0,0.847249829519899
012330,2026-09-01,455500,460000,438500,443500,249859,455500,460000,438500,443500,287607,1.0,1.0,1.0,1.0,0.8687514559798614
012330,2026-09-11,407000,418500,404000,415500,183563,407000,418500,404000,415500,227443,1.0,1.0,1.0,1.0,0.8070725412520939
012330,2026-09-15,393000,404000,392000,398000,226048,393000,404000,392000,398000,245508,1.0,1.0,1.0,1.0,0.9207357805040977
012330,2026-09-21,380500,380500,370500,374500,211851,380500,380500,371500,373000,86873,1.0,1.0,0.9973082099596231,1.0040214477211795,2.438628802965248
012450,2025-09-04,932000,946000,926000,931000,112529,932000,946000,926000,931000,147466,1.0,1.0,1.0,1.0,0.7630843719908318
012450,2025-09-05,938000,946000,910000,920000,180932,938000,946000,910000,920000,193204,1.0,1.0,1.0,1.0,0.9364816463427258
012450,2025-09-09,954000,955000,937000,945000,128646,954000,955000,937000,945000,164915,1.0,1.0,1.0,1.0,0.7800745838765425
012450,2025-09-10,945000,978000,945000,967000,216597,945000,978000,945000,967000,229210,1.0,1.0,1.0,1.0,0.944971859866498
012450,2025-09-12,1000000,1011000,993000,1002000,154567,1000000,1011000,993000,1002000,169241,1.0,1.0,1.0,1.0,0.9132952416967519
012450,2025-09-15,998000,1008000,980000,986000,135445,998000,1008000,980000,986000,143445,1.0,1.0,1.0,1.0,0.9442294956255011
012450,2025-09-17,1027000,1038000,1015000,1030000,176939,1027000,1038000,1015000,1030000,202933,1.0,1.0,1.0,1.0,0.8719084623989198
012450,2025-09-18,1043000,1052000,999000,1023000,184456,1043000,1052000,999000,1023000,209665,1.0,1.0,1.0,1.0,0.8797653399470584
012450,2025-09-19,1010000,1041000,1005000,1022000,280589,1010000,1041000,1005000,1022000,363904,1.0,1.0,1.0,1.0,0.7710522555399226
012450,2025-09-22,1028000,1034000,1001000,1022000,132450,1028000,1034000,1001000,1022000,137450,1.0,1.0,1.0,1.0,0.9636231356857039
012450,2025-09-24,1020000,1063000,1005000,1058000,283257,1020000,1063000,1005000,1058000,295040,1.0,1.0,1.0,1.0,0.9600630422993492
012450,2025-09-25,1062000,1094000,1043000,1048000,194496,1062000,1094000,1043000,1048000,209497,1.0,1.0,1.0,1.0,0.928395156016554
012450,2025-09-26,1052000,1070000,1025000,1044000,164913,1052000,1070000,1025000,1044000,192038,1.0,1.0,1.0,1.0,0.8587519136837501
012450,2025-09-29,1058000,1065000,1044000,1059000,107326,1058000,1065000,1044000,1059000,124076,1.0,1.0,1.0,1.0,0.8650020954898611
012450,2025-09-30,1059000,1127000,1057000,1107000,279658,1059000,1127000,1057000,1107000,291287,1.0,1.0,1.0,1.0,0.9600771747451826
012450,2025-10-31,976000,1007000,976000,979000,119945,976000,1007000,976000,979000,123048,1.0,1.0,1.0,1.0,0.9747821988167219
012450,2025-11-07,950000,962000,902000,923000,246989,950000,962000,902000,923000,255527,1.0,1.0,1.0,1.0,0.966586701209657
012450,2025-11-12,959000,979000,951000,960000,101857,959000,979000,951000,960000,167363,1.0,1.0,1.0,1.0,0.6085992722405789
012450,2025-11-17,965000,980000,950000,979000,122755,965000,980000,950000,979000,151162,1.0,1.0,1.0,1.0,0.8120757862425741
012450,2025-11-20,910000,944000,907000,916000,174483,910000,944000,907000,916000,183622,1.0,1.0,1.0,1.0,0.9502292753591618
012450,2025-11-21,889000,896000,861000,869000,244177,889000,896000,861000,869000,256581,1.0,1.0,1.0,1.0,0.9516565918754701
012450,2025-12-01,842000,843000,805000,813000,270803,842000,843000,805000,813000,318566,1.0,1.0,1.0,1.0,0.8500687455660679
012450,2025-12-02,796000,827000,791000,824000,255497,796000,827000,791000,824000,300231,1.0,1.0,1.0,1.0,0.8510013955920608
012450,2025-12-03,836000,879000,834000,866000,263660,836000,879000,834000,866000,315675,1.0,1.0,1.0,1.0,0.8352261027955967
012450,2025-12-05,855000,895000,852000,895000,179035,855000,895000,852000,895000,192198,1.0,1.0,1.0,1.0,0.9315133352064018
012450,2025-12-10,945000,955000,919000,923000,150629,945000,955000,919000,923000,155708,1.0,1.0,1.0,1.0,0.9673812520872402
012450,2025-12-24,900000,903000,870000,878000,97539,900000,903000,870000,878000,103248,1.0,1.0,1.0,1.0,0.944705950720595
012450,2026-01-07,1033000,1049000,988000,1010000,259662,1033000,1049000,988000,1010000,269662,1.0,1.0,1.0,1.0,0.9629165399648448
012450,2026-01-09,1101000,1219000,1099000,1214000,562262,1101000,1219000,1099000,1214000,575132,1.0,1.0,1.0,1.0,0.9776225283934818
012450,2026-01-14,1279000,1281000,1249000,1269000,176742,1279000,1281000,1249000,1269000,182382,1.0,1.0,1.0,1.0,0.9690758956475968
012450,2026-01-15,1312000,1329000,1269000,1294000,215454,1312000,1329000,1269000,1294000,220568,1.0,1.0,1.0,1.0,0.9768144064415509
012450,2026-01-16,1308000,1319000,1279000,1299000,222932,1308000,1319000,1279000,1299000,291401,1.0,1.0,1.0,1.0,0.7650351234209903
012450,2026-01-19,1316000,1339000,1292000,1330000,163887,1316000,1339000,1292000,1330000,194888,1.0,1.0,1.0,1.0,0.8409291490497106
012450,2026-01-23,1281000,1289000,1234000,1255000,242013,1281000,1289000,1234000,1255000,260134,1.0,1.0,1.0,1.0,0.9303397479760431
012450,2026-02-11,1153000,1163000,1125000,1130000,239010,1153000,1163000,1125000,1130000,248096,1.0,1.0,1.0,1.0,0.9633770798400619
012450,2026-02-24,1243000,1246000,1201000,1241000,165005,1243000,1246000,1201000,1241000,172787,1.0,1.0,1.0,1.0,0.9549618894940013
012450,2026-03-06,1414000,1540000,1368000,1481000,808347,1414000,1540000,1368000,1481000,836707,1.0,1.0,1.0,1.0,0.9661052196288545
012450,2026-03-20,1347000,1360000,1306000,1320000,263863,1347000,1360000,1306000,1320000,270214,1.0,1.0,1.0,1.0,0.9764964065518441
012450,2026-03-27,1349000,1349000,1287000,1335000,168658,1349000,1349000,1287000,1335000,205178,1.0,1.0,1.0,1.0,0.8220082075076275
012450,2026-03-31,1263000,1289000,1217000,1249000,261059,1263000,1289000,1217000,1249000,277570,1.0,1.0,1.0,1.0,0.9405159058976114
012450,2026-04-13,1526000,1559000,1495000,1530000,165048,1526000,1559000,1495000,1530000,259390,1.0,1.0,1.0,1.0,0.6362928408959482
012450,2026-04-14,1515000,1531000,1484000,1523000,126823,1515000,1531000,1484000,1523000,168602,1.0,1.0,1.0,1.0,0.7522034139571299
012450,2026-04-28,1449000,1450000,1395000,1395000,244787,1449000,1450000,1395000,1395000,259276,1.0,1.0,1.0,1.0,0.9441174655579383
012450,2026-05-04,1440000,1482000,1436000,1465000,195389,1440000,1482000,1436000,1465000,450389,1.0,1.0,1.0,1.0,0.43382276210120585
012450,2026-05-07,1412000,1413000,1316000,1317000,302393,1412000,1413000,1316000,1317000,314456,1.0,1.0,1.0,1.0,0.9616385122242858
012450,2026-05-08,1335000,1338000,1275000,1307000,240532,1335000,1338000,1275000,1307000,249051,1.0,1.0,1.0,1.0,0.965794154610903
012450,2026-05-11,1349000,1370000,1314000,1315000,228633,1349000,1370000,1314000,1315000,251134,1.0,1.0,1.0,1.0,0.9104024146471604
012450,2026-05-15,1300000,1304000,1210000,1216000,169786,1300000,1304000,1210000,1216000,208586,1.0,1.0,1.0,1.0,0.8139855982664225
012450,2026-05-18,1243000,1257000,1200000,1227000,160959,1243000,1257000,1200000,1227000,174679,1.0,1.0,1.0,1.0,0.9214559277302938
012450,2026-05-22,1252000,1276000,1226000,1261000,181618,1252000,1276000,1226000,1261000,224282,1.0,1.0,1.0,1.0,0.8097751937293229
012450,2026-06-01,1173000,1243000,1116000,1138000,312830,1173000,1243000,1116000,1138000,338833,1.0,1.0,1.0,1.0,0.9232571797906344
012450,2026-06-02,1111000,1115000,1044000,1070000,318844,1111000,1115000,1044000,1070000,361504,1.0,1.0,1.0,1.0,0.881993006993007
012450,2026-06-04,1060000,1106000,1032000,1068000,286748,1060000,1106000,1032000,1068000,351981,1.0,1.0,1.0,1.0,0.814668973609371
012450,2026-06-05,1060000,1069000,1021000,1049000,155271,1060000,1069000,1021000,1049000,185271,1.0,1.0,1.0,1.0,0.8380750360283045
012450,2026-06-08,955000,1018000,955000,1006000,162007,955000,1018000,955000,1006000,223231,1.0,1.0,1.0,1.0,0.7257370168121811
012450,2026-06-15,1123000,1123000,1066000,1084000,140557,1123000,1123000,1066000,1084000,164769,1.0,1.0,1.0,1.0,0.8530548828966614
012450,2026-06-18,1235000,1242000,1183000,1189000,217422,1235000,1242000,1183000,1189000,255178,1.0,1.0,1.0,1.0,0.8520405364098786
012450,2026-06-25,1105000,1112000,1053000,1069000,184576,1105000,1112000,1053000,1069000,270632,1.0,1.0,1.0,1.0,0.6820183865913861
012450,2026-06-26,1058000,1058000,984000,1011000,234385,1058000,1058000,984000,1011000,293385,1.0,1.0,1.0,1.0,0.7988990575523629
012450,2026-06-29,1013000,1033000,990000,1020000,207089,1013000,1033000,990000,1020000,253150,1.0,1.0,1.0,1.0,0.8180485877937982
012450,2026-07-10,949000,976000,920000,967000,186546,949000,976000,920000,967000,292728,1.0,1.0,1.0,1.0,0.6372673608264328
012450,2026-07-13,991000,1008000,926000,936000,140138,991000,1008000,926000,936000,179138,1.0,1.0,1.0,1.0,0.7822907479150153
012450,2026-07-14,941000,943000,862000,872000,232570,941000,943000,862000,872000,267263,1.0,1.0,1.0,1.0,0.8701915341816862
012450,2026-07-15,915000,956000,899000,929000,205219,915000,956000,899000,929000,249391,1.0,1.0,1.0,1.0,0.822880536988103
012450,2026-07-20,920000,929000,870000,875000,239510,920000,929000,870000,875000,415673,1.0,1.0,1.0,1.0,0.5761981172700656
012450,2026-07-22,909000,929000,891000,891000,171320,909000,929000,891000,891000,201320,1.0,1.0,1.0,1.0,0.8509835088416451
012450,2026-08-03,925000,936000,906000,919000,141612,925000,936000,906000,919000,177064,1.0,1.0,1.0,1.0,0.7997786111236616
012450,2026-08-04,919000,1014000,905000,1004000,225172,919000,1014000,905000,1004000,292632,1.0,1.0,1.0,1.0,0.7694715547171874
012450,2026-08-06,1007000,1073000,1007000,1054000,163552,1007000,1073000,1007000,1054000,271003,1.0,1.0,1.0,1.0,0.6035062342483294
012450,2026-08-07,1044000,1100000,1042000,1097000,146033,1044000,1100000,1042000,1097000,162033,1.0,1.0,1.0,1.0,0.9012546826880944
012450,2026-08-10,1118000,1169000,1112000,1152000,191624,1118000,1169000,1112000,1152000,237101,1.0,1.0,1.0,1.0,0.8081956634514406
012450,2026-08-12,1116000,1191000,1083000,1156000,172999,1116000,1191000,1083000,1156000,300729,1.0,1.0,1.0,1.0,0.5752654383182201
012450,2026-08-13,1167000,1213000,1164000,1185000,199928,1167000,1213000,1164000,1185000,259007,1.0,1.0,1.0,1.0,0.7719019177087878
012450,2026-08-14,1163000,1178000,1130000,1160000,157318,1163000,1178000,1130000,1160000,172790,1.0,1.0,1.0,1.0,0.9104577811215927
012450,2026-08-18,1124000,1167000,1121000,1146000,175863,1124000,1167000,1121000,1146000,207676,1.0,1.0,1.0,1.0,0.8468142683795913
012450,2026-09-01,1111000,1123000,1050000,1058000,111173,1111000,1123000,1050000,1058000,113852,1.0,1.0,1.0,1.0,0.9764694515687032
012450,2026-09-09,1032000,1061000,1021000,1047000,87945,1032000,1061000,1021000,1047000,98175,1.0,1.0,1.0,1.0,0.8957983193277311
012450,2026-09-10,1048000,1072000,1035000,1067000,181425,1048000,1072000,1035000,1067000,210165,1.0,1.0,1.0,1.0,0.8632503033330954
012450,2026-09-11,1067000,1089000,1046000,1081000,94088,1067000,1089000,1046000,1081000,98030,1.0,1.0,1.0,1.0,0.9597878200550852
012450,2026-09-16,1068000,1079000,1040000,1057000,98608,1068000,1079000,1040000,1057000,116401,1.0,1.0,1.0,1.0,0.8471404884837759
012450,2026-09-17,1066000,1112000,1058000,1098000,142759,1066000,1112000,1058000,1098000,169232,1.0,1.0,1.0,1.0,0.843569774038007
012450,2026-09-18,1116000,1130000,1078000,1092000,131229,1116000,1130000,1078000,1092000,252365,1.0,1.0,1.0,1.0,0.5199968299883105
012450,2026-09-21,1112000,1129000,1059000,1074000,114679,1112000,1129000,1068000,1074000,49625,1.0,1.0,0.9915730337078652,1.0,2.310911838790932
015760,2025-09-24,36800,37200,36550,36950,1370792,36800,37200,36550,36950,1457035,1.0,1.0,1.0,1.0,0.9408092461745943
015760,2025-09-26,36100,36700,35850,36200,1364276,36100,36700,35850,36200,1472003,1.0,1.0,1.0,1.0,0.9268160458912108
015760,2025-10-10,35200,35850,34700,35750,2379282,35200,35850,34700,35750,2438237,1.0,1.0,1.0,1.0,0.9758206441785602
015760,2025-10-13,35500,36100,35100,35700,2568070,35500,36100,35100,35700,2668070,1.0,1.0,1.0,1.0,0.9625197239952475
015760,2026-02-19,61100,63400,60800,62100,3287125,61100,63400,60800,62100,3404380,1.0,1.0,1.0,1.0,0.9655576052027095
015760,2026-06-04,38250,39350,37750,38700,2039979,38250,39350,37750,38700,2192650,1.0,1.0,1.0,1.0,0.9303714683145965
015760,2026-06-22,37850,38700,37500,38000,2039203,37850,38700,37500,38000,2084988,1.0,1.0,1.0,1.0,0.9780406410012912
015760,2026-09-21,30900,31050,30600,30950,814274,30900,31050,30600,30950,276157,1.0,1.0,1.0,1.0,2.948590837820515
017670,2025-09-19,55500,55600,55200,55500,597645,55500,55600,55200,55500,997145,1.0,1.0,1.0,1.0,0.5993561618420591
017670,2025-09-26,55000,55100,54700,54900,543991,55000,55100,54700,54900,576165,1.0,1.0,1.0,1.0,0.9441583574149767
017670,2025-09-30,54300,54700,54200,54300,715280,54300,54700,54200,54300,821758,1.0,1.0,1.0,1.0,0.8704265732733968
017670,2025-10-10,54100,54800,54000,54600,860857,54100,54800,54000,54600,2379791,1.0,1.0,1.0,1.0,0.361736387775229
017670,2025-10-14,54000,54100,53600,53600,1230221,54000,54100,53600,53600,1280221,1.0,1.0,1.0,1.0,0.9609442432205064
017670,2025-10-31,52100,52300,51400,52300,1436642,52100,52300,51400,52300,1485546,1.0,1.0,1.0,1.0,0.9670801173440607
017670,2025-11-06,52900,53700,52800,53500,994595,52900,53700,52800,53500,1015403,1.0,1.0,1.0,1.0,0.9795076437631167
017670,2025-11-07,53200,53600,52800,53400,902399,53200,53600,52800,53400,1164417,1.0,1.0,1.0,1.0,0.7749792385373968
017670,2025-11-11,54000,54400,53800,54200,657758,54000,54400,53800,54200,682758,1.0,1.0,1.0,1.0,0.9633838050963884
017670,2025-11-21,53300,53600,52900,53400,801870,53300,53600,52900,53400,841029,1.0,1.0,1.0,1.0,0.9534391798618121
017670,2025-11-24,53600,54100,53100,54100,5350020,53600,54100,53100,54100,5597624,1.0,1.0,1.0,1.0,0.9557662322442522
017670,2025-11-28,53500,53700,53300,53500,324232,53500,53700,53300,53500,343883,1.0,1.0,1.0,1.0,0.9428555642471422
017670,2025-12-02,53500,53700,53300,53400,410815,53500,53700,53300,53400,520645,1.0,1.0,1.0,1.0,0.7890501205235814
017670,2025-12-18,52900,53100,52700,53000,339386,52900,53100,52700,53000,415364,1.0,1.0,1.0,1.0,0.8170809217938965
017670,2026-01-06,53100,53300,53000,53200,554122,53100,53300,53000,53200,610336,1.0,1.0,1.0,1.0,0.9078966339852147
017670,2026-01-12,52900,53100,52600,53000,478726,52900,53100,52600,53000,510996,1.0,1.0,1.0,1.0,0.9368488207344089
017670,2026-01-13,53500,54400,53400,54300,1730102,53500,54400,53400,54300,1785740,1.0,1.0,1.0,1.0,0.9688431686583713
017670,2026-01-20,59500,63000,59300,62200,3364804,59500,63000,59300,62200,3784804,1.0,1.0,1.0,1.0,0.8890299207039519
017670,2026-01-21,61300,61500,60000,61000,1408834,61300,61500,60000,61000,1528834,1.0,1.0,1.0,1.0,0.9215088099819863
017670,2026-01-26,62600,62800,60900,61800,1066525,62600,62800,60900,61800,1169977,1.0,1.0,1.0,1.0,0.9115777489642959
017670,2026-01-27,63300,71600,63200,69400,5681997,63300,71600,63200,69400,5938623,1.0,1.0,1.0,1.0,0.9567869521267809
017670,2026-01-28,70000,70000,67600,69000,2159641,70000,70000,67600,69000,2381065,1.0,1.0,1.0,1.0,0.9070063186011301
017670,2026-01-30,70400,75100,70400,72500,2410957,70400,75100,70400,72500,3149692,1.0,1.0,1.0,1.0,0.7654580193872925
017670,2026-02-02,71500,71900,68200,69100,1565550,71500,71900,68200,69100,1715655,1.0,1.0,1.0,1.0,0.9125086337288091
017670,2026-02-09,73100,74400,72000,73400,1479730,73100,74400,72000,73400,1641780,1.0,1.0,1.0,1.0,0.9012961541741281
017670,2026-02-13,81200,88600,79500,86500,4004823,81200,88600,79500,86500,4134911,1.0,1.0,1.0,1.0,0.9685391051947672
017670,2026-02-27,80800,80900,77900,79800,1942579,80800,80900,77900,79800,2108292,1.0,1.0,1.0,1.0,0.921399407672182
017670,2026-03-11,78200,79900,77300,77900,733442,78200,79900,77300,77900,1080443,1.0,1.0,1.0,1.0,0.6788345151016759
017670,2026-03-19,79000,80200,78100,78200,959929,79000,80200,78100,78200,1009929,1.0,1.0,1.0,1.0,0.9504915692093207
017670,2026-03-20,78300,79000,77100,78800,1282542,78300,79000,77100,78800,1316759,1.0,1.0,1.0,1.0,0.9740142273567145
017670,2026-03-31,76400,77700,75800,76400,749789,76400,77700,75800,76400,855608,1.0,1.0,1.0,1.0,0.8763230357827416
017670,2026-04-16,100000,100100,95600,95900,897231,100000,100100,95600,95900,933706,1.0,1.0,1.0,1.0,0.9609352408574006
017670,2026-04-17,98200,99800,97100,98300,843507,98200,99800,97100,98300,890641,1.0,1.0,1.0,1.0,0.9470785647640295
017670,2026-05-07,96000,96100,91400,93200,1194476,96000,96100,91400,93200,1223892,1.0,1.0,1.0,1.0,0.9759651995437506
017670,2026-05-11,95200,99900,95200,98200,987804,95200,99900,95200,98200,1045624,1.0,1.0,1.0,1.0,0.9447028759860141
017670,2026-05-19,99000,99100,95900,97700,844942,99000,99100,95900,97700,963282,1.0,1.0,1.0,1.0,0.8771491629657774
017670,2026-05-20,99600,100800,97000,98100,1151338,99600,100800,97000,98100,1189952,1.0,1.0,1.0,1.0,0.9675499515946862
017670,2026-05-29,99300,102000,96900,100600,1920948,99300,102000,96900,100600,1964174,1.0,1.0,1.0,1.0,0.9779927847532857
017670,2026-07-27,100500,105600,95400,97900,3619695,100500,105600,95400,97900,3699697,1.0,1.0,1.0,1.0,0.9783760670130554
017670,2026-07-29,82500,83200,76000,78600,1734604,82500,83200,76000,78600,1950861,1.0,1.0,1.0,1.0,0.8891479198159172
017670,2026-07-30,76900,81500,76900,78200,1060062,76900,81500,76900,78200,1170101,1.0,1.0,1.0,1.0,0.9059576908318171
017670,2026-08-27,101800,103600,97000,99100,901404,101800,103600,97000,99100,922927,1.0,1.0,1.0,1.0,0.9766796290497515
017670,2026-09-15,89000,90000,87600,88600,738025,89000,90000,87600,88600,803025,1.0,1.0,1.0,1.0,0.919056069238193
017670,2026-09-16,88000,88600,86900,88400,593702,88000,88600,86900,88400,666685,1.0,1.0,1.0,1.0,0.8905285104659622
017670,2026-09-18,89000,89500,87600,89100,1720840,89000,89500,87600,89100,1768193,1.0,1.0,1.0,1.0,0.9732195523904913
017670,2026-09-21,88500,88500,86800,87400,766116,88500,88500,87100,87700,262748,1.0,1.0,0.9965556831228473,0.9965792474344356,2.9157824227016
018260,2025-09-09,155600,161800,154600,161300,348950,155600,161800,154600,161300,369091,1.0,1.0,1.0,1.0,0.9454308016180292
018260,2025-09-11,163200,165500,160800,163500,287064,163200,165500,160800,163500,312481,1.0,1.0,1.0,1.0,0.9186606545677978
018260,2025-09-18,163800,166300,163000,166000,107133,163800,166300,163000,166000,113613,1.0,1.0,1.0,1.0,0.9429642734546223
018260,2025-09-24,168700,168700,163400,164300,133006,168700,168700,163400,164300,137722,1.0,1.0,1.0,1.0,0.9657571048924646
018260,2025-09-30,166000,168000,163800,164200,116750,166000,168000,163800,164200,121075,1.0,1.0,1.0,1.0,0.9642783398719802
018260,2025-11-05,185800,185800,174400,177800,377772,185800,185800,174400,177800,394334,1.0,1.0,1.0,1.0,0.9580000710057971
018260,2025-12-01,169600,171100,168500,169700,82717,169600,171100,168500,169700,84800,1.0,1.0,1.0,1.0,0.975436320754717
018260,2025-12-16,174300,175200,172000,172700,104239,174300,175200,172000,172700,107024,1.0,1.0,1.0,1.0,0.9739777993721035
018260,2026-01-09,175500,175700,171300,172700,120911,175500,175700,171300,172700,124349,1.0,1.0,1.0,1.0,0.9723520092642483
018260,2026-01-29,176500,177650,171900,177000,249664,176500,177650,171900,177000,274938,1.0,1.0,1.0,1.0,0.9080738202794812
018260,2026-03-12,163500,165000,161600,162000,305886,163500,165000,161600,162000,312158,1.0,1.0,1.0,1.0,0.9799076108893573
018260,2026-03-20,162700,164400,161600,162600,175509,162700,164400,161600,162600,181224,1.0,1.0,1.0,1.0,0.9684644417957886
018260,2026-03-31,151800,153800,149300,150100,180790,151800,153800,149300,150100,201404,1.0,1.0,1.0,1.0,0.8976485074775079
018260,2026-06-01,323000,388500,314000,362000,2876979,323000,388500,314000,362000,2957725,1.0,1.0,1.0,1.0,0.972699963654498
018260,2026-08-31,236000,241500,230000,240000,447339,236000,241500,230000,240000,462119,1.0,1.0,1.0,1.0,0.9680168960808796
018260,2026-09-21,219500,226500,216500,225000,118291,219500,226500,216500,224500,58054,1.0,1.0,1.0,1.0022271714922049,2.03760292141799
024110,2025-09-19,19850,20050,19740,19760,2355260,19850,20050,19740,19760,2692714,1.0,1.0,1.0,1.0,0.8746788556081336
024110,2025-09-26,19490,19490,19240,19320,788927,19490,19490,19240,19320,823695,1.0,1.0,1.0,1.0,0.9577902014702044
024110,2025-09-30,19420,19650,19400,19460,849818,19420,19650,19400,19460,948720,1.0,1.0,1.0,1.0,0.8957521713466565
024110,2025-11-24,20400,20450,20100,20100,2023864,20400,20450,20100,20100,2262613,1.0,1.0,1.0,1.0,0.894480850238198
024110,2025-12-04,20800,21100,20700,21100,940550,20800,21100,20700,21100,1049357,1.0,1.0,1.0,1.0,0.8963107884161443
024110,2025-12-10,21050,21050,20700,20700,715165,21050,21050,20700,20700,753468,1.0,1.0,1.0,1.0,0.9491643971608615
024110,2025-12-19,20900,21000,20750,20950,644005,20900,21000,20750,20950,726177,1.0,1.0,1.0,1.0,0.8868430148572594
024110,2026-01-22,20600,21050,20400,21000,1554953,20600,21050,20400,21000,1646209,1.0,1.0,1.0,1.0,0.9445659694485937
024110,2026-02-12,25650,26400,25150,26150,1997114,25650,26400,25150,26150,2163022,1.0,1.0,1.0,1.0,0.9232980524469931
024110,2026-03-20,23800,24350,23800,24100,3495943,23800,24350,23800,24100,4062685,1.0,1.0,1.0,1.0,0.8605006295097947
024110,2026-03-30,22200,22300,21800,22000,1548857,22200,22300,21800,22000,1733970,1.0,1.0,1.0,1.0,0.8932432510366385
024110,2026-03-31,21700,21750,21100,21350,1463253,21700,21750,21100,21350,1609249,1.0,1.0,1.0,1.0,0.909276936011767
024110,2026-04-10,21900,22550,21850,22350,1072632,21900,22550,21850,22350,1198714,1.0,1.0,1.0,1.0,0.8948189476388864
024110,2026-04-13,22100,22250,21900,22250,657205,22100,22250,21900,22250,699041,1.0,1.0,1.0,1.0,0.9401522943575555
024110,2026-04-22,22450,22500,22200,22350,1113319,22450,22500,22200,22350,1216614,1.0,1.0,1.0,1.0,0.9150963247176179
024110,2026-04-29,22500,22600,22300,22550,831990,22500,22600,22300,22550,891309,1.0,1.0,1.0,1.0,0.9334473229822654
024110,2026-05-14,20750,21400,20600,21300,1674414,20750,21400,20600,21300,1743753,1.0,1.0,1.0,1.0,0.9602357673363142
024110,2026-05-29,20600,20600,20000,20200,4689421,20600,20600,20000,20200,4867498,1.0,1.0,1.0,1.0,0.9634150851217607
024110,2026-07-16,21350,22150,21100,21600,1222545,21350,22150,21100,21600,1278452,1.0,1.0,1.0,1.0,0.9562697700030975
024110,2026-08-31,20850,20950,20450,20700,1189346,20850,20950,20450,20700,1253862,1.0,1.0,1.0,1.0,0.9485461717477681
024110,2026-09-01,20550,20950,20450,20900,815872,20550,20950,20450,20900,912251,1.0,1.0,1.0,1.0,0.8943503487527007
024110,2026-09-18,20350,20350,20050,20150,1021872,20350,20350,20050,20150,1063112,1.0,1.0,1.0,1.0,0.9612082264145264
024110,2026-09-21,20100,20200,20000,20150,748071,20100,20200,20000,20150,177022,1.0,1.0,1.0,1.0,4.225864581803392
028260,2025-09-03,167500,172000,167200,171300,246331,167500,172000,167200,171300,251919,1.0,1.0,1.0,1.0,0.9778182669826413
028260,2025-09-09,176600,181000,175500,178500,420449,176600,181000,175500,178500,478063,1.0,1.0,1.0,1.0,0.8794845030885051
028260,2025-09-11,183000,186500,182100,186500,601278,183000,186500,182100,186500,614829,1.0,1.0,1.0,1.0,0.9779597253870589
028260,2025-09-18,193700,197700,193100,196700,371086,193700,197700,193100,196700,460586,1.0,1.0,1.0,1.0,0.8056823264276378
028260,2025-09-26,188400,189300,185900,187900,276132,188400,189300,185900,187900,286185,1.0,1.0,1.0,1.0,0.9648723727658682
028260,2025-09-30,187000,187900,183000,184600,333188,187000,187900,183000,184600,372202,1.0,1.0,1.0,1.0,0.8951805739893929
028260,2025-10-28,215500,216000,205000,207000,382687,215500,216000,205000,207000,400693,1.0,1.0,1.0,1.0,0.9550628536061274
028260,2025-11-11,226000,231500,224500,225500,303909,226000,231500,224500,225500,356253,1.0,1.0,1.0,1.0,0.8530707109834864
028260,2025-11-28,232500,232500,224000,225000,237929,232500,232500,224000,225000,252125,1.0,1.0,1.0,1.0,0.9436945959345563
028260,2025-12-01,226500,228500,222000,226500,189135,226500,228500,222000,226500,236905,1.0,1.0,1.0,1.0,0.7983579916000084
028260,2025-12-02,228000,228500,222500,224500,227072,228000,228500,222500,224500,235117,1.0,1.0,1.0,1.0,0.9657829931480922
028260,2025-12-15,251000,252000,246000,246500,296320,251000,252000,246000,246500,305207,1.0,1.0,1.0,1.0,0.9708820570956761
028260,2025-12-16,245500,248500,241500,243000,194462,245500,248500,241500,243000,294052,1.0,1.0,1.0,1.0,0.6613184062682791
028260,2025-12-17,245000,245000,239500,243000,202971,245000,245000,239500,243000,221910,1.0,1.0,1.0,1.0,0.9146545896985264
028260,2025-12-19,243000,249000,240000,249000,354328,243000,249000,240000,249000,377353,1.0,1.0,1.0,1.0,0.938982862200645
028260,2025-12-29,237500,242000,236500,241500,204379,237500,242000,236500,241500,227840,1.0,1.0,1.0,1.0,0.8970286165730337
028260,2025-12-30,239000,240500,237500,239500,189586,239000,240500,237500,239500,205216,1.0,1.0,1.0,1.0,0.9238363480430376
028260,2026-01-02,237000,246500,234000,245000,342708,237000,246500,234000,245000,360079,1.0,1.0,1.0,1.0,0.9517578087030901
028260,2026-01-08,262500,272500,259500,270500,559455,262500,272500,259500,270500,613747,1.0,1.0,1.0,1.0,0.9115400971410044
028260,2026-01-13,271000,274000,269000,273500,383512,271000,274000,269000,273500,517012,1.0,1.0,1.0,1.0,0.7417854904721747
028260,2026-01-14,275500,287000,273500,283500,392750,275500,287000,273500,283500,452750,1.0,1.0,1.0,1.0,0.8674765323025952
028260,2026-01-15,280000,286000,278000,286000,374078,280000,286000,278000,286000,429794,1.0,1.0,1.0,1.0,0.8703658031522078
028260,2026-01-20,288500,307500,287000,296000,501005,288500,307500,287000,296000,668593,1.0,1.0,1.0,1.0,0.7493422754949574
028260,2026-01-27,299000,301000,292000,298000,450473,299000,301000,292000,298000,462695,1.0,1.0,1.0,1.0,0.9735851911086136
028260,2026-01-28,298500,306500,296000,302000,328121,298500,306500,296000,302000,370055,1.0,1.0,1.0,1.0,0.8866817094756185
028260,2026-01-29,304500,309000,293500,303000,417084,304500,309000,293500,303000,435669,1.0,1.0,1.0,1.0,0.9573414679492918
028260,2026-01-30,297500,306500,292500,301500,493809,297500,306500,292500,301500,514418,1.0,1.0,1.0,1.0,0.959937249474163
028260,2026-02-09,310000,314500,302000,312500,561474,310000,314500,302000,312500,576983,1.0,1.0,1.0,1.0,0.973120525214781
028260,2026-02-10,320000,320000,310000,317000,292532,320000,320000,310000,317000,336750,1.0,1.0,1.0,1.0,0.8686919079435783
028260,2026-02-11,319000,319000,312000,316500,269479,319000,319000,312000,316500,331350,1.0,1.0,1.0,1.0,0.8132759921533123
028260,2026-02-13,328500,333000,316000,318000,524513,328500,333000,316000,318000,564408,1.0,1.0,1.0,1.0,0.92931531799691
028260,2026-02-23,340000,344500,327000,332000,381738,340000,344500,327000,332000,426850,1.0,1.0,1.0,1.0,0.8943141618835656
028260,2026-02-25,342000,351000,336000,347000,451277,342000,351000,336000,347000,550441,1.0,1.0,1.0,1.0,0.8198462687190816
028260,2026-02-26,347500,364000,347500,360000,611864,347500,364000,347500,360000,626910,1.0,1.0,1.0,1.0,0.9759997447799524
028260,2026-02-27,352500,354500,345000,350500,647581,352500,354500,345000,350500,677648,1.0,1.0,1.0,1.0,0.9556303567633934
028260,2026-03-05,294500,299000,287000,293000,631747,294500,299000,287000,293000,644944,1.0,1.0,1.0,1.0,0.9795377583170012
028260,2026-03-12,283000,287500,277000,280500,264526,283000,287500,277000,280500,271092,1.0,1.0,1.0,1.0,0.9757794401900461
028260,2026-03-20,297000,305000,294000,297500,609728,297000,305000,294000,297500,626346,1.0,1.0,1.0,1.0,0.9734683385860211
028260,2026-03-24,288000,289000,270500,281500,304353,288000,289000,270500,281500,340184,1.0,1.0,1.0,1.0,0.8946717070761705
028260,2026-03-31,251000,260000,245500,253500,574597,251000,260000,245500,253500,616965,1.0,1.0,1.0,1.0,0.9313283573622491
028260,2026-04-21,302000,306000,300000,304000,303609,302000,306000,300000,304000,311495,1.0,1.0,1.0,1.0,0.9746833817557264
028260,2026-04-22,301000,303000,298500,301000,246044,301000,303000,298500,301000,393769,1.0,1.0,1.0,1.0,0.6248434996152566
028260,2026-05-06,348000,386000,340000,375500,1696741,348000,386000,340000,375500,1745292,1.0,1.0,1.0,1.0,0.9721817323404909
028260,2026-05-08,405000,432000,395000,422500,939509,405000,432000,395000,422500,959566,1.0,1.0,1.0,1.0,0.9790978421494717
028260,2026-05-19,393500,393500,362500,380500,688846,393500,393500,362500,380500,707368,1.0,1.0,1.0,1.0,0.9738156094140532
028260,2026-05-20,382000,383500,359000,370500,587505,382000,383500,359000,370500,600431,1.0,1.0,1.0,1.0,0.9784721308526708
028260,2026-05-29,424000,443000,410500,432500,967719,424000,443000,410500,432500,1049549,1.0,1.0,1.0,1.0,0.9220331780602906
028260,2026-06-09,425000,438000,396500,429000,625414,425000,438000,396500,429000,644486,1.0,1.0,1.0,1.0,0.9704074254522208
028260,2026-06-19,519000,559000,480500,491500,1374021,519000,559000,480500,491500,1429057,1.0,1.0,1.0,1.0,0.9614878902660986
028260,2026-06-30,472500,487500,444000,468500,712780,472500,487500,444000,468500,734101,1.0,1.0,1.0,1.0,0.9709563125509978
028260,2026-07-09,400500,414500,373500,378500,885778,400500,414500,373500,378500,980567,1.0,1.0,1.0,1.0,0.903332459689139
028260,2026-07-13,388000,394000,357000,361000,560265,388000,394000,357000,361000,572948,1.0,1.0,1.0,1.0,0.9778636106592571
028260,2026-07-21,316000,347500,307500,343500,632034,316000,347500,307500,343500,654894,1.0,1.0,1.0,1.0,0.9650935876645687
028260,2026-07-28,320500,320500,295500,305000,520908,320500,320500,295500,305000,639206,1.0,1.0,1.0,1.0,0.814929772248696
028260,2026-07-29,305500,312000,262000,285500,833136,305500,312000,262000,285500,880125,1.0,1.0,1.0,1.0,0.9466109927567107
028260,2026-07-31,335000,357500,321000,351500,1203507,335000,357500,321000,351500,1241836,1.0,1.0,1.0,1.0,0.9691352159222313
028260,2026-08-12,347500,361500,347000,357500,321305,347500,361500,347000,357500,461264,1.0,1.0,1.0,1.0,0.6965750633043116
028260,2026-08-28,370000,380000,368000,375000,227518,370000,380000,368000,375000,234364,1.0,1.0,1.0,1.0,0.9707890290317626
028260,2026-09-09,381500,385000,375000,376000,362185,381500,385000,375000,376000,378286,1.0,1.0,1.0,1.0,0.9574369656820501
028260,2026-09-17,357000,363000,352000,357500,177746,357000,363000,352000,357500,183986,1.0,1.0,1.0,1.0,0.9660843759851293
028260,2026-09-18,365000,365000,351000,353500,298946,365000,365000,351000,353500,322121,1.0,1.0,1.0,1.0,0.9280549855489086
028260,2026-09-21,353000,369000,352500,368500,312546,353000,369000,352500,366500,124673,1.0,1.0,1.0,1.005457025920873,2.5069261187265885
032830,2025-09-01,143200,145700,141500,143800,219199,143200,145700,141500,143800,224013,1.0,1.0,1.0,1.0,0.9785101757487289
032830,2025-09-02,142600,153400,142600,151700,461176,142600,153400,142600,151700,481176,1.0,1.0,1.0,1.0,0.9584351671737577
032830,2025-09-05,148500,150500,148000,149900,215180,148500,150500,148000,149900,235180,1.0,1.0,1.0,1.0,0.9149587549961732
032830,2025-09-08,150200,151600,149000,150400,142994,150200,151600,149000,150400,156076,1.0,1.0,1.0,1.0,0.916181860119429
032830,2025-09-10,157600,160600,157500,158600,293293,157600,160600,157500,158600,332293,1.0,1.0,1.0,1.0,0.882633699777004
032830,2025-09-11,158100,160900,157900,160900,315861,158100,160900,157900,160900,346442,1.0,1.0,1.0,1.0,0.9117283701167872
032830,2025-09-17,158800,160100,154000,155200,307595,158800,160100,154000,155200,329091,1.0,1.0,1.0,1.0,0.9346806810274362
032830,2025-09-18,154900,155800,151400,154900,265156,154900,155800,151400,154900,271319,1.0,1.0,1.0,1.0,0.9772850408559666
032830,2025-09-19,153600,154800,152800,153400,235021,153600,154800,152800,153400,287863,1.0,1.0,1.0,1.0,0.8164335117746984
032830,2025-09-24,158200,158200,152200,152800,224931,158200,158200,152200,152800,231594,1.0,1.0,1.0,1.0,0.9712298246068551
032830,2025-09-26,150300,152700,149100,152000,343517,150300,152700,149100,152000,353127,1.0,1.0,1.0,1.0,0.9727859948403832
032830,2025-09-30,153800,156600,152300,156600,305878,153800,156600,152300,156600,320723,1.0,1.0,1.0,1.0,0.9537139525384833
032830,2025-10-10,159700,161000,156500,160000,428406,159700,161000,156500,160000,439164,1.0,1.0,1.0,1.0,0.9755034565674782
032830,2025-10-20,157700,160000,155100,159700,184891,157700,160000,155100,159700,200202,1.0,1.0,1.0,1.0,0.9235222425350396
032830,2025-10-29,161900,162800,158000,159600,226740,161900,162800,158000,159600,311936,1.0,1.0,1.0,1.0,0.7268798727944193
032830,2025-10-30,158100,161600,156500,157400,307369,158100,161600,156500,157400,403743,1.0,1.0,1.0,1.0,0.7612986479022547
032830,2025-10-31,154000,154600,151200,154300,512865,154000,154600,151200,154300,1670865,1.0,1.0,1.0,1.0,0.30694580352093076
032830,2025-11-03,154300,154900,150700,152100,492547,154300,154900,150700,152100,683947,1.0,1.0,1.0,1.0,0.7201537546037924
032830,2025-11-07,158900,159400,150200,152000,290725,158900,159400,150200,152000,379418,1.0,1.0,1.0,1.0,0.766239345523934
032830,2025-11-28,154000,154000,151200,152900,247669,154000,154000,151200,152900,303120,1.0,1.0,1.0,1.0,0.8170658485088413
032830,2025-12-01,153500,154900,150600,153800,146660,153500,154900,150600,153800,160474,1.0,1.0,1.0,1.0,0.9139175193489288
032830,2025-12-02,156000,157800,153100,155400,230807,156000,157800,153100,155400,242263,1.0,1.0,1.0,1.0,0.9527125479334443
032830,2025-12-03,155100,157000,153300,156500,230981,155100,157000,153300,156500,294615,1.0,1.0,1.0,1.0,0.7840096396992685
032830,2025-12-04,155400,157300,154800,157000,186143,155400,157300,154800,157000,338924,1.0,1.0,1.0,1.0,0.5492175236926272
032830,2025-12-09,156000,157500,154300,157500,186095,156000,157500,154300,157500,204974,1.0,1.0,1.0,1.0,0.9078956355440202
032830,2025-12-11,156600,156600,153100,153100,360859,156600,156600,153100,153100,401147,1.0,1.0,1.0,1.0,0.8995679887921385
032830,2025-12-12,155000,158300,152900,155500,410871,155000,158300,152900,155500,440181,1.0,1.0,1.0,1.0,0.9334137547963224
032830,2025-12-16,152300,153900,150700,151700,157682,152300,153900,150700,151700,164556,1.0,1.0,1.0,1.0,0.9582269865577676
032830,2025-12-18,152500,152800,150600,151800,165509,152500,152800,150600,151800,188677,1.0,1.0,1.0,1.0,0.8772081387768514
032830,2025-12-19,153400,155900,152700,155000,167859,153400,155900,152700,155000,183439,1.0,1.0,1.0,1.0,0.9150671340336569
032830,2025-12-24,164000,165000,161100,163700,199499,164000,165000,161100,163700,225245,1.0,1.0,1.0,1.0,0.8856977957335346
032830,2025-12-30,156600,157900,156000,157600,242227,156600,157900,156000,157600,251135,1.0,1.0,1.0,1.0,0.9645290381667231
032830,2026-01-09,160300,160300,157000,159500,224931,160300,160300,157000,159500,237528,1.0,1.0,1.0,1.0,0.9469662523997171
032830,2026-01-16,162800,176900,162600,170600,594764,162800,176900,162600,170600,625850,1.0,1.0,1.0,1.0,0.9503299512662778
032830,2026-01-26,186500,189000,181700,182200,281580,186500,189000,181700,182200,304082,1.0,1.0,1.0,1.0,0.9260002236238909
032830,2026-02-05,195400,203000,191000,191700,330506,195400,203000,191000,191700,347872,1.0,1.0,1.0,1.0,0.9500793395271824
032830,2026-02-06,185100,187000,180800,184300,336808,185100,187000,180800,184300,344188,1.0,1.0,1.0,1.0,0.9785582298046417
032830,2026-02-12,205500,207000,201000,205000,266081,205500,207000,201000,205000,319058,1.0,1.0,1.0,1.0,0.8339580891248614
032830,2026-02-19,218000,221000,206000,209000,268379,218000,221000,206000,209000,394865,1.0,1.0,1.0,1.0,0.6796727995644081
032830,2026-03-05,212000,219500,205500,214000,517038,212000,219500,205500,214000,542592,1.0,1.0,1.0,1.0,0.952903839348903
032830,2026-03-12,226500,226500,216500,218500,347393,226500,226500,216500,218500,526197,1.0,1.0,1.0,1.0,0.6601957061708827
032830,2026-03-13,209000,219000,208500,216000,315013,209000,219000,208500,216000,436847,1.0,1.0,1.0,1.0,0.7211060165229474
032830,2026-03-16,213500,217500,209500,212000,166819,213500,217500,209500,212000,236922,1.0,1.0,1.0,1.0,0.7041093693283021
032830,2026-03-17,217500,221000,214000,217000,153981,217500,221000,214000,217000,208804,1.0,1.0,1.0,1.0,0.7374427692956074
032830,2026-03-18,228500,245500,225000,235000,540790,228500,245500,225000,235000,598488,1.0,1.0,1.0,1.0,0.9035937228482442
032830,2026-03-23,225500,225500,214000,217500,469203,225500,225500,214000,217500,481137,1.0,1.0,1.0,1.0,0.9751962538736368
032830,2026-03-25,233000,235500,226000,227500,437076,233000,235500,226000,227500,493421,1.0,1.0,1.0,1.0,0.8858074544861285
032830,2026-03-30,209500,221000,209000,219500,246890,209500,221000,209000,219500,286890,1.0,1.0,1.0,1.0,0.8605737390637527
032830,2026-03-31,213000,217500,208000,210500,308656,213000,217500,208000,210500,347780,1.0,1.0,1.0,1.0,0.8875035942262349
032830,2026-04-01,228000,229500,220000,227000,357797,228000,229500,220000,227000,381511,1.0,1.0,1.0,1.0,0.9378418970881574
032830,2026-04-08,240500,243000,230500,238500,382600,240500,243000,230500,238500,402137,1.0,1.0,1.0,1.0,0.9514170543869378
032830,2026-04-14,238500,250000,238500,246000,303423,238500,250000,238500,246000,431551,1.0,1.0,1.0,1.0,0.7030988226188793
032830,2026-04-15,252000,262500,251500,258000,382785,252000,262500,251500,258000,423868,1.0,1.0,1.0,1.0,0.9030759576094445
032830,2026-04-16,258000,262000,255000,258000,239403,258000,262000,255000,258000,280130,1.0,1.0,1.0,1.0,0.8546139292471353
032830,2026-04-20,256500,257500,251000,253500,148309,256500,257500,251000,253500,173309,1.0,1.0,1.0,1.0,0.8557489801452897
032830,2026-04-21,254000,259000,252750,256000,173078,254000,259000,252750,256000,208078,1.0,1.0,1.0,1.0,0.8317938465383173
032830,2026-04-29,252000,255000,248500,252000,182531,252000,255000,248500,252000,191784,1.0,1.0,1.0,1.0,0.9517530138071998
032830,2026-04-30,249500,252500,246500,249500,247037,249500,252500,246500,249500,1573209,1.0,1.0,1.0,1.0,0.15702745153377587
032830,2026-05-04,256000,270000,251500,265000,339366,256000,270000,251500,265000,694674,1.0,1.0,1.0,1.0,0.48852555299320255
032830,2026-05-14,310000,334500,308000,330000,573546,310000,334500,308000,330000,622246,1.0,1.0,1.0,1.0,0.9217351336931053
032830,2026-05-20,316500,323000,293500,312000,444520,316500,323000,293500,312000,479750,1.0,1.0,1.0,1.0,0.9265659197498697
032830,2026-06-05,397000,420000,395500,412500,493393,397000,420000,395500,412500,509906,1.0,1.0,1.0,1.0,0.9676155997379909
032830,2026-06-09,383000,394500,375000,393000,474412,383000,394500,375000,393000,492974,1.0,1.0,1.0,1.0,0.9623468986193998
032830,2026-06-12,392500,406500,381500,385500,336359,392500,406500,381500,385500,398960,1.0,1.0,1.0,1.0,0.8430895327852417
032830,2026-06-25,446500,467500,441000,447000,555692,446500,467500,441000,447000,575517,1.0,1.0,1.0,1.0,0.9655527117357089
032830,2026-07-15,335500,343500,330500,337500,405888,335500,343500,330500,337500,515532,1.0,1.0,1.0,1.0,0.7873187309420172
032830,2026-07-20,312500,325500,296500,301500,512612,312500,325500,296500,301500,567164,1.0,1.0,1.0,1.0,0.9038161801524779
032830,2026-07-21,299500,317000,294500,316000,459066,299500,317000,294500,316000,638066,1.0,1.0,1.0,1.0,0.7194647575642645
032830,2026-07-23,320500,333500,319500,329500,267062,320500,333500,319500,329500,367666,1.0,1.0,1.0,1.0,0.7263712173548819
032830,2026-07-28,296000,296000,276000,285000,422594,296000,296000,276000,285000,442214,1.0,1.0,1.0,1.0,0.9556323409028208
032830,2026-07-30,264000,280000,257000,264000,576498,264000,280000,257000,264000,617177,1.0,1.0,1.0,1.0,0.934088600190869
032830,2026-08-06,288000,291500,274000,287500,242933,288000,291500,274000,287500,305933,1.0,1.0,1.0,1.0,0.7940725583706236
032830,2026-08-10,275000,283000,274000,280500,232958,275000,283000,274000,280500,330280,1.0,1.0,1.0,1.0,0.7053348673852489
032830,2026-08-11,278000,291000,271500,289500,273808,278000,291000,271500,289500,287247,1.0,1.0,1.0,1.0,0.9532144809171201
032830,2026-08-14,297000,309500,293500,301000,317503,297000,309500,293500,301000,393407,1.0,1.0,1.0,1.0,0.8070598642118721
032830,2026-08-19,295500,295500,275000,276000,464840,295500,295500,275000,276000,490065,1.0,1.0,1.0,1.0,0.9485272361829553
032830,2026-08-26,293000,316500,286500,309500,548963,293000,316500,286500,309500,1073963,1.0,1.0,1.0,1.0,0.511156343374958
032830,2026-08-28,302500,311000,299500,310000,258815,302500,311000,299500,310000,273414,1.0,1.0,1.0,1.0,0.946604782491021
032830,2026-08-31,300500,311000,297000,306000,368458,300500,311000,297000,306000,440735,1.0,1.0,1.0,1.0,0.836008032037392
032830,2026-09-01,300000,310500,296000,309500,283397,300000,310500,296000,309500,306643,1.0,1.0,1.0,1.0,0.92419197568508
032830,2026-09-02,299000,302500,290000,294000,258855,299000,302500,290000,294000,269923,1.0,1.0,1.0,1.0,0.9589957135923949
032830,2026-09-10,301500,311500,300500,309500,430627,301500,311500,300500,309500,444571,1.0,1.0,1.0,1.0,0.9686349312033399
032830,2026-09-11,298000,309500,296500,307500,216966,298000,309500,296500,307500,296564,1.0,1.0,1.0,1.0,0.7315992500775549
032830,2026-09-18,288500,291000,280500,283500,284385,288500,291000,280500,283500,302633,1.0,1.0,1.0,1.0,0.9397025440054455
032830,2026-09-21,287500,294500,284500,293500,322470,287500,293500,284500,291000,148876,1.0,1.0034071550255537,1.0,1.0085910652920962,2.1660307907251672
033780,2025-09-04,134400,137700,134400,136200,325026,134400,137700,134400,136200,333047,1.0,1.0,1.0,1.0,0.9759163121121043
033780,2025-09-19,138600,141300,137900,140400,309554,138600,141300,137900,140400,357012,1.0,1.0,1.0,1.0,0.8670688940427773
033780,2025-09-25,139900,140200,134100,134300,587427,139900,140200,134100,134300,832342,1.0,1.0,1.0,1.0,0.7057519625346312
033780,2025-11-18,141800,143200,141100,141100,210862,141800,143200,141100,141100,228703,1.0,1.0,1.0,1.0,0.9219905292016283
033780,2025-11-19,142600,146100,141300,144800,475737,142600,146100,141300,144800,525737,1.0,1.0,1.0,1.0,0.9048954134862108
033780,2025-11-26,141000,142700,140300,142600,260344,141000,142700,140300,142600,479813,1.0,1.0,1.0,1.0,0.5425947191926855
033780,2025-11-28,144000,146300,143400,145500,213449,144000,146300,143400,145500,236465,1.0,1.0,1.0,1.0,0.9026663565432517
033780,2025-12-02,143700,145200,143100,144800,185950,143700,145200,143100,144800,241958,1.0,1.0,1.0,1.0,0.768521809570256
033780,2025-12-04,143700,144500,142200,143300,146072,143700,144500,142200,143300,213311,1.0,1.0,1.0,1.0,0.6847841883447173
033780,2025-12-18,146700,146700,143600,143600,142723,146700,146700,143600,143600,168291,1.0,1.0,1.0,1.0,0.848072683625387
033780,2025-12-19,145800,146700,143500,146700,287951,145800,146700,143500,146700,300065,1.0,1.0,1.0,1.0,0.959628747104794
033780,2025-12-23,144900,145700,144200,145500,144346,144900,145700,144200,145500,149341,1.0,1.0,1.0,1.0,0.9665530564279066
033780,2025-12-29,142000,144000,141500,143400,153830,142000,144000,141500,143400,164694,1.0,1.0,1.0,1.0,0.9340352411138232
033780,2026-01-02,142100,142400,139500,140400,249112,142100,142400,139500,140400,289112,1.0,1.0,1.0,1.0,0.8616453139267827
033780,2026-01-09,142500,143500,141600,142200,232971,142500,143500,141600,142200,260196,1.0,1.0,1.0,1.0,0.8953673384679242
033780,2026-01-12,143000,143700,141700,143700,169400,143000,143700,141700,143700,183983,1.0,1.0,1.0,1.0,0.920737242027796
033780,2026-01-13,143800,144200,141200,142300,269835,143800,144200,141200,142300,406633,1.0,1.0,1.0,1.0,0.6635836245459665
033780,2026-01-22,143100,146100,143100,144000,314313,143100,146100,143100,144000,348412,1.0,1.0,1.0,1.0,0.9021302366164197
033780,2026-01-26,143800,145400,141700,142000,314105,143800,145400,141700,142000,562810,1.0,1.0,1.0,1.0,0.558101313054139
033780,2026-01-30,145100,153900,145100,153900,657152,145100,153900,145100,153900,934467,1.0,1.0,1.0,1.0,0.7032372464731231
033780,2026-02-06,163000,166000,155000,163300,379130,163000,166000,155000,163300,464036,1.0,1.0,1.0,1.0,0.8170271272056479
033780,2026-02-09,167600,170800,164600,168500,266230,167600,170800,164600,168500,334073,1.0,1.0,1.0,1.0,0.7969216309010306
033780,2026-02-10,171200,173500,169200,172000,255810,171200,173500,169200,172000,331305,1.0,1.0,1.0,1.0,0.7721284013220446
033780,2026-02-12,172100,173600,170000,172200,374519,172100,173600,170000,172200,414317,1.0,1.0,1.0,1.0,0.9039431160198592
033780,2026-02-13,173300,175800,170100,173800,238724,173300,175800,170100,173800,271724,1.0,1.0,1.0,1.0,0.8785532378442832
033780,2026-02-20,175200,180800,175100,177100,341401,175200,180800,175100,177100,391647,1.0,1.0,1.0,1.0,0.8717058984238357
033780,2026-02-23,177100,178900,174700,176500,376212,177100,178900,174700,176500,428220,1.0,1.0,1.0,1.0,0.8785484096959507
033780,2026-02-24,177200,177900,173000,173400,360123,177200,177900,173000,173400,400123,1.0,1.0,1.0,1.0,0.9000307405472817
033780,2026-02-25,172800,181500,171000,179700,486213,172800,181500,171000,179700,536213,1.0,1.0,1.0,1.0,0.9067534729668993
033780,2026-02-26,177700,177700,168600,169700,524932,177700,177700,168600,169700,585083,1.0,1.0,1.0,1.0,0.8971923641602986
033780,2026-02-27,170600,171300,162700,163100,671208,170600,171300,162700,163100,753342,1.0,1.0,1.0,1.0,0.8909738206551606
033780,2026-03-20,156200,159200,156200,157500,572170,156200,159200,156200,157500,634794,1.0,1.0,1.0,1.0,0.9013475237636146
033780,2026-04-03,155500,158800,155300,156300,114412,155500,158800,155300,156300,306643,1.0,1.0,1.0,1.0,0.37311140316263536
033780,2026-04-09,157700,164800,157700,163200,355070,157700,164800,157700,163200,363496,1.0,1.0,1.0,1.0,0.976819552347206
033780,2026-04-13,162300,167000,162300,165600,202736,162300,167000,162300,165600,237808,1.0,1.0,1.0,1.0,0.8525196797416403
033780,2026-04-14,166000,169300,165900,168100,279931,166000,169300,165900,168100,286053,1.0,1.0,1.0,1.0,0.9785983716304322
033780,2026-04-22,171500,173000,168000,171000,340674,171500,173000,168000,171000,349101,1.0,1.0,1.0,1.0,0.9758608540221885
033780,2026-04-23,175000,175900,170000,171000,383974,175000,175900,170000,171000,403614,1.0,1.0,1.0,1.0,0.9513396462957182
033780,2026-04-28,177300,178600,176000,178000,163494,177300,178600,176000,178000,200115,1.0,1.0,1.0,1.0,0.8170002248706993
033780,2026-04-29,178300,179500,175200,176500,110931,178300,179500,175200,176500,151392,1.0,1.0,1.0,1.0,0.7327401712111604
033780,2026-05-04,179700,181800,178500,179600,270753,179700,181800,178500,179600,290753,1.0,1.0,1.0,1.0,0.9312130915244211
033780,2026-05-06,179600,179700,175200,175400,404488,179600,179700,175200,175400,417035,1.0,1.0,1.0,1.0,0.9699137962041555
033780,2026-05-11,180200,184000,179300,180300,280765,180200,184000,179300,180300,356102,1.0,1.0,1.0,1.0,0.7884398290377476
033780,2026-05-13,185400,186000,176200,178000,402520,185400,186000,176200,178000,412520,1.0,1.0,1.0,1.0,0.9757587510908562
033780,2026-05-14,179500,189500,179200,189000,703539,179500,189500,179200,189000,790963,1.0,1.0,1.0,1.0,0.8894714417741412
033780,2026-05-15,187200,188700,178100,179800,303097,187200,188700,178100,179800,358267,1.0,1.0,1.0,1.0,0.846008703006417
033780,2026-05-20,180900,181000,176100,178200,367105,180900,181000,176100,178200,620469,1.0,1.0,1.0,1.0,0.5916572786069892
033780,2026-05-27,181300,184200,177700,179700,219584,181300,184200,177700,179700,227834,1.0,1.0,1.0,1.0,0.9637894256344531
033780,2026-05-29,184000,186000,180000,184700,609404,184000,186000,180000,184700,634103,1.0,1.0,1.0,1.0,0.961048914766213
033780,2026-06-04,189900,189900,175600,175800,475523,189900,189900,175600,175800,505523,1.0,1.0,1.0,1.0,0.9406555191356278
033780,2026-06-08,176700,178000,173200,177200,247941,176700,178000,173200,177200,499333,1.0,1.0,1.0,1.0,0.4965443902165489
033780,2026-06-17,186300,189100,181300,187200,251158,186300,189100,181300,187200,311158,1.0,1.0,1.0,1.0,0.8071719190893373
033780,2026-07-14,178600,178700,170300,171000,315388,178600,178700,170300,171000,378257,1.0,1.0,1.0,1.0,0.8337928974215943
033780,2026-07-15,174600,177800,171500,172500,248039,174600,177800,171500,172500,274091,1.0,1.0,1.0,1.0,0.9049512753063763
033780,2026-07-16,173200,180600,171700,179900,272181,173200,180600,171700,179900,278033,1.0,1.0,1.0,1.0,0.9789521387748936
033780,2026-07-20,181600,181900,173900,179400,225925,181600,181900,173900,179400,238641,1.0,1.0,1.0,1.0,0.9467149400144987
033780,2026-08-04,173800,178000,173700,175600,218157,173800,178000,173700,175600,223294,1.0,1.0,1.0,1.0,0.9769944557399661
033780,2026-08-05,174500,177000,173600,176000,258684,174500,177000,173600,176000,268437,1.0,1.0,1.0,1.0,0.9636674526983985
033780,2026-08-07,180800,189000,173100,188800,342514,180800,189000,173100,188800,363224,1.0,1.0,1.0,1.0,0.9429828425434442
033780,2026-08-13,177500,179400,173800,173800,570680,177500,179400,173800,173800,587903,1.0,1.0,1.0,1.0,0.9707043508878165
033780,2026-08-31,175700,178100,174200,178100,371699,175700,178100,174200,178100,452767,1.0,1.0,1.0,1.0,0.8209498483767589
033780,2026-09-02,173700,175200,172000,174400,230521,173700,175200,172000,174400,249254,1.0,1.0,1.0,1.0,0.9248437337013649
033780,2026-09-15,171100,172700,169500,170400,103855,171100,172700,169500,170400,153855,1.0,1.0,1.0,1.0,0.6750186864255305
033780,2026-09-16,170800,172400,169000,171700,130637,170800,172400,169000,171700,254316,1.0,1.0,1.0,1.0,0.513679831390868
033780,2026-09-18,173500,173700,171000,172800,266754,173500,173700,171000,172800,273323,1.0,1.0,1.0,1.0,0.9759661645745143
033780,2026-09-21,171900,174400,171800,173600,172525,171900,174000,171800,173300,59740,1.0,1.0022988505747126,1.0,1.001731102135026,2.8879310344827585
034020,2025-12-17,78100,78500,74800,75500,3867002,78100,78500,74800,75500,3971897,1.0,1.0,1.0,1.0,0.9735907048949155
034020,2025-12-26,75900,75900,73500,73600,4613945,75900,75900,73500,73600,5247445,1.0,1.0,1.0,1.0,0.8792745802957439
034020,2025-12-29,74400,76500,73800,76500,3016982,74400,76500,73800,76500,3657688,1.0,1.0,1.0,1.0,0.8248330639464055
034020,2026-03-10,100300,104900,99900,102500,10480010,100300,104900,99900,102500,10814168,1.0,1.0,1.0,1.0,0.9690999806919959
034020,2026-05-11,130700,130700,126800,128000,3389073,130700,130700,126800,128000,3619903,1.0,1.0,1.0,1.0,0.9362330979587022
034020,2026-05-29,107400,107500,102500,105600,4493813,107400,107500,102500,105600,4626529,1.0,1.0,1.0,1.0,0.9713141320415369
034020,2026-06-01,109300,114200,106900,106900,4321740,109300,114200,106900,106900,4623394,1.0,1.0,1.0,1.0,0.9347548575786533
034020,2026-06-05,100000,100100,92600,95600,3573951,100000,100100,92600,95600,3954422,1.0,1.0,1.0,1.0,0.9037859388805747
034020,2026-06-11,88500,89200,85300,88600,2837213,88500,89200,85300,88600,3002950,1.0,1.0,1.0,1.0,0.944808604871876
034020,2026-07-10,74700,79900,74300,78100,2775529,74700,79900,74300,78100,3005529,1.0,1.0,1.0,1.0,0.9234743700692957
034020,2026-08-18,82300,83000,76800,77900,2228589,82300,83000,76800,77900,2281893,1.0,1.0,1.0,1.0,0.9766404472076473
034020,2026-09-11,88700,91100,88000,90800,2458087,88700,91100,88000,90800,2545969,1.0,1.0,1.0,1.0,0.9654819049250011
034020,2026-09-21,86800,86900,84900,86500,1724152,86800,86900,85100,85400,810744,1.0,1.0,0.9976498237367802,1.0128805620608898,2.126629367593223
034730,2025-09-19,231500,232000,224000,227000,666301,231500,232000,224000,227000,680127,1.0,1.0,1.0,1.0,0.979671443715659
034730,2025-09-26,213000,214000,203500,206500,161626,213000,214000,203500,206500,171476,1.0,1.0,1.0,1.0,0.9425575590753225
034730,2025-09-30,207000,213000,205500,210000,128782,207000,213000,205500,210000,133239,1.0,1.0,1.0,1.0,0.9665488332995594
034730,2025-11-24,253000,258000,248000,249500,338270,253000,258000,248000,249500,346034,1.0,1.0,1.0,1.0,0.9775628984435055
034730,2025-12-03,257000,271500,256500,267000,240946,257000,271500,256500,267000,271732,1.0,1.0,1.0,1.0,0.8867045471273166
034730,2025-12-09,269000,273000,266500,272000,169569,269000,273000,266500,272000,200024,1.0,1.0,1.0,1.0,0.8477432708075031
034730,2026-01-13,281500,281500,276000,281000,165499,281500,281500,276000,281000,180146,1.0,1.0,1.0,1.0,0.9186937261998601
034730,2026-01-14,281000,297500,278500,295500,378759,281000,297500,278500,295500,401608,1.0,1.0,1.0,1.0,0.943106213023645
034730,2026-01-20,292500,303000,284500,295000,261825,292500,303000,284500,295000,268326,1.0,1.0,1.0,1.0,0.9757720086760135
034730,2026-02-06,320500,320500,305000,315000,286624,320500,320500,305000,315000,297159,1.0,1.0,1.0,1.0,0.9645475990967798
034730,2026-02-26,415500,424000,393500,422500,414396,415500,424000,393500,422500,423246,1.0,1.0,1.0,1.0,0.9790901745084419
034730,2026-02-27,413500,416500,400000,401000,354799,413500,416500,400000,401000,368184,1.0,1.0,1.0,1.0,0.9636458944440823
034730,2026-03-05,359000,374500,353500,359500,356279,359000,374500,353500,359500,374226,1.0,1.0,1.0,1.0,0.952042348741135
034730,2026-03-19,342500,352500,342000,346000,120406,342500,352500,342000,346000,129027,1.0,1.0,1.0,1.0,0.9331845272694862
034730,2026-04-10,345500,362000,344500,354000,187887,345500,362000,344500,354000,192073,1.0,1.0,1.0,1.0,0.9782062028499581
034730,2026-05-29,692000,698000,670000,676000,379183,692000,698000,670000,676000,414448,1.0,1.0,1.0,1.0,0.9149109176543258
034730,2026-06-02,657000,670000,633000,668000,213743,657000,670000,633000,668000,218615,1.0,1.0,1.0,1.0,0.9777142465064154
034730,2026-06-11,555000,583000,535000,575000,217983,555000,583000,535000,575000,268483,1.0,1.0,1.0,1.0,0.8119061542071565
034730,2026-07-14,575000,585000,543000,562000,350430,575000,585000,543000,562000,364873,1.0,1.0,1.0,1.0,0.9604163640499571
034730,2026-08-11,505000,528000,496000,524000,113792,505000,528000,496000,524000,116923,1.0,1.0,1.0,1.0,0.9732216929090085
034730,2026-09-03,551000,554000,531000,545000,104451,551000,554000,531000,545000,107077,1.0,1.0,1.0,1.0,0.9754755923307526
034730,2026-09-18,555000,557000,536000,550000,252945,555000,557000,536000,550000,260558,1.0,1.0,1.0,1.0,0.9707819372270281
034730,2026-09-21,557000,580000,554000,578000,98222,557000,580000,554000,569000,40428,1.0,1.0,1.0,1.015817223198594,2.429553774611655
035420,2025-09-09,228500,233000,226000,231000,894968,228500,233000,226000,231000,929473,1.0,1.0,1.0,1.0,0.9628768129897264
035420,2025-09-17,233500,235000,229500,233500,672546,233500,235000,229500,233500,2083776,1.0,1.0,1.0,1.0,0.32275350133603614
035420,2025-09-19,239000,240000,233500,234000,1529945,239000,240000,233500,234000,1585243,1.0,1.0,1.0,1.0,0.9651170199142971
035420,2025-10-10,256500,275000,255500,267500,3291251,256500,275000,255500,267500,3490894,1.0,1.0,1.0,1.0,0.9428103517322497
035420,2025-10-15,260500,261000,255000,258500,1038737,260500,261000,255000,258500,1438737,1.0,1.0,1.0,1.0,0.7219783740878284
035420,2025-10-16,257500,270000,255500,260500,2073782,257500,270000,255500,260500,2154638,1.0,1.0,1.0,1.0,0.9624735106314842
035420,2025-12-11,245500,246000,241000,243500,952791,245500,246000,241000,243500,1056918,1.0,1.0,1.0,1.0,0.9014805311291888
035420,2025-12-18,227500,233250,226500,230500,672223,227500,233250,226500,230500,744015,1.0,1.0,1.0,1.0,0.903507321760986
035420,2025-12-19,232500,235500,231500,235500,1342875,232500,235500,231500,235500,1487738,1.0,1.0,1.0,1.0,0.9026286886535129
035420,2026-02-05,262500,264500,255500,257000,1483606,262500,264500,255500,257000,1551427,1.0,1.0,1.0,1.0,0.9562847623510484
035420,2026-03-09,209500,218500,207000,218500,893457,209500,218500,207000,218500,940462,1.0,1.0,1.0,1.0,0.9500192458600135
035420,2026-03-31,202500,205500,200000,201500,822757,202500,205500,200000,201500,890860,1.0,1.0,1.0,1.0,0.9235536447926722
035420,2026-04-15,206000,214500,205000,211000,957865,206000,214500,205000,211000,992297,1.0,1.0,1.0,1.0,0.9653007113797583
035420,2026-04-17,218500,219000,214500,216500,636792,218500,219000,214500,216500,1121630,1.0,1.0,1.0,1.0,0.5677380241256029
035420,2026-05-26,205500,207000,199900,200000,565661,205500,207000,199900,200000,580181,1.0,1.0,1.0,1.0,0.9749733272892425
035420,2026-08-11,214000,215500,209500,214000,632710,214000,215500,209500,214000,649296,1.0,1.0,1.0,1.0,0.9744554101673197
035420,2026-09-01,217000,218500,213500,215000,359312,217000,218500,213500,215000,382061,1.0,1.0,1.0,1.0,0.9404571521301572
035420,2026-09-21,198400,198700,196100,198400,616967,198400,198700,196100,197100,205712,1.0,1.0,1.0,1.006595636732623,2.9991784630940344
042660,2025-09-05,115000,115000,110100,112500,5328535,115000,115000,110100,112500,19178685,1.0,1.0,1.0,1.0,0.2778363062952439
042660,2025-11-24,120800,121100,115500,118800,2960917,120800,121100,115500,118800,3089480,1.0,1.0,1.0,1.0,0.9583868482722011
042660,2025-12-02,106200,110600,105500,106100,1510304,106200,110600,105500,106100,1578148,1.0,1.0,1.0,1.0,0.9570103691162045
042660,2026-02-27,143300,143600,140000,141200,1665994,143300,143600,140000,141200,1708661,1.0,1.0,1.0,1.0,0.9750289846844986
042660,2026-04-06,126800,128400,121500,122000,939880,126800,128400,121500,122000,14221161,1.0,1.0,1.0,1.0,0.06609024396812609
042660,2026-05-29,126700,126800,120200,123300,1737876,126700,126800,120200,123300,1816929,1.0,1.0,1.0,1.0,0.9564908700339969
042660,2026-06-19,125400,128400,120400,128400,3277047,125400,128400,120400,128400,3363271,1.0,1.0,1.0,1.0,0.9743630531110934
042660,2026-09-21,83600,83700,81700,82500,509520,83600,83700,81700,82000,234089,1.0,1.0,1.0,1.0060975609756098,2.1766080422403444
042700,2025-09-24,95400,96700,93700,96200,757465,95400,96700,93700,96200,779048,1.0,1.0,1.0,1.0,0.9722956736940471
042700,2025-11-06,136900,136900,126700,129000,1863558,136900,136900,126700,129000,1920651,1.0,1.0,1.0,1.0,0.9702741414239234
042700,2026-01-14,177800,185900,175200,177800,3179022,177800,185900,175200,177800,3285414,1.0,1.0,1.0,1.0,0.9676168665501517
042700,2026-05-29,301000,301000,277500,282000,1560782,301000,301000,277500,282000,1603208,1.0,1.0,1.0,1.0,0.9735368086985594
042700,2026-06-01,289500,299000,285500,293000,1166465,289500,299000,285500,293000,1225560,1.0,1.0,1.0,1.0,0.9517812265413362
042700,2026-07-31,195600,217000,193200,214500,2174359,195600,217000,193200,214500,2222655,1.0,1.0,1.0,1.0,0.9782710317165731
042700,2026-09-21,237500,239000,232500,239000,349101,237500,238500,232500,236500,158082,1.0,1.0020964360587001,1.0,1.0105708245243128,2.2083538922837516
051910,2025-09-09,280500,296000,275500,293000,477890,280500,296000,275500,293000,510456,1.0,1.0,1.0,1.0,0.9362021408309433
051910,2025-09-19,299500,303000,291000,291000,325156,299500,303000,291000,291000,343090,1.0,1.0,1.0,1.0,0.9477280013990498
051910,2025-09-26,289500,291000,280500,282500,187228,289500,291000,280500,282500,227238,1.0,1.0,1.0,1.0,0.8239290963659247
051910,2025-09-30,278500,284500,277500,278000,156098,278500,284500,277500,278000,165726,1.0,1.0,1.0,1.0,0.9419041067786588
051910,2025-10-23,406500,408000,387000,389500,867890,406500,408000,387000,389500,892900,1.0,1.0,1.0,1.0,0.9719901444730653
051910,2025-10-24,386000,410000,383000,401000,793696,386000,410000,383000,401000,811185,1.0,1.0,1.0,1.0,0.9784401831887917
051910,2025-10-28,399000,414500,395500,413500,482354,399000,414500,395500,413500,503165,1.0,1.0,1.0,1.0,0.9586398100026831
051910,2025-10-30,412000,423500,400000,405000,421262,412000,423500,400000,405000,439474,1.0,1.0,1.0,1.0,0.9585595507356521
051910,2025-11-11,401500,405000,392500,399500,345550,401500,405000,392500,399500,396621,1.0,1.0,1.0,1.0,0.8712347555979134
051910,2025-11-12,402500,404000,390000,393500,336946,402500,404000,390000,393500,401469,1.0,1.0,1.0,1.0,0.8392827341588018
051910,2025-11-18,398000,405500,386500,388000,297941,398000,405500,386500,388000,333994,1.0,1.0,1.0,1.0,0.892054947094858
051910,2025-12-19,335000,338500,324500,338500,337051,335000,338500,324500,338500,344256,1.0,1.0,1.0,1.0,0.9790708077709611
051910,2026-01-22,332000,357000,331000,350500,584229,332000,357000,331000,350500,664481,1.0,1.0,1.0,1.0,0.8792260425806006
051910,2026-01-23,359500,369000,350500,358000,522716,359500,369000,350500,358000,541858,1.0,1.0,1.0,1.0,0.964673401518479
051910,2026-01-26,356000,358000,344500,349500,367124,356000,358000,344500,349500,400048,1.0,1.0,1.0,1.0,0.9176998760148782
051910,2026-02-10,312000,324500,310500,321000,328782,312000,324500,310500,321000,413203,1.0,1.0,1.0,1.0,0.7956912219901598
051910,2026-02-11,324000,327000,318000,322500,287777,324000,327000,318000,322500,393723,1.0,1.0,1.0,1.0,0.7309123419256686
051910,2026-02-13,331000,336000,324000,324500,337699,331000,336000,324000,324500,386073,1.0,1.0,1.0,1.0,0.8747024526449662
051910,2026-03-05,334500,338500,321000,324500,520806,334500,338500,321000,324500,550806,1.0,1.0,1.0,1.0,0.9455343623707803
051910,2026-03-24,305000,315000,303000,314000,306694,305000,315000,303000,314000,337381,1.0,1.0,1.0,1.0,0.9090434849621052
051910,2026-03-25,319500,323000,311500,318000,193406,319500,323000,311500,318000,218075,1.0,1.0,1.0,1.0,0.8868783675341052
051910,2026-03-31,319000,321000,297500,299000,448733,319000,321000,297500,299000,473765,1.0,1.0,1.0,1.0,0.9471636781948857
051910,2026-04-23,400500,403500,384500,391500,344802,400500,403500,384500,391500,373795,1.0,1.0,1.0,1.0,0.9224360946508112
051910,2026-05-12,419000,420500,377000,388500,768726,419000,420500,377000,388500,1047094,1.0,1.0,1.0,1.0,0.7341518526512424
051910,2026-05-29,345000,372000,339500,367000,852872,345000,372000,339500,367000,935945,1.0,1.0,1.0,1.0,0.9112415793663089
051910,2026-06-01,364500,379500,358500,363500,535724,364500,379500,358500,363500,556724,1.0,1.0,1.0,1.0,0.9622793341045114
051910,2026-06-04,351500,358500,340500,352000,360227,351500,358500,340500,352000,437034,1.0,1.0,1.0,1.0,0.8242539482054028
051910,2026-06-10,321500,333000,312000,323000,392887,321500,333000,312000,323000,460889,1.0,1.0,1.0,1.0,0.8524547125229719
051910,2026-06-11,313000,318500,304000,316500,389844,313000,318500,304000,316500,439844,1.0,1.0,1.0,1.0,0.8863233328179991
051910,2026-06-30,301000,303500,278500,280000,361213,301000,303500,278500,280000,409549,1.0,1.0,1.0,1.0,0.8819774923147169
051910,2026-08-28,272500,281500,271000,277000,115282,272500,281500,271000,277000,127519,1.0,1.0,1.0,1.0,0.904037829656757
051910,2026-09-18,271000,273500,265500,268000,161749,271000,273500,265500,268000,169755,1.0,1.0,1.0,1.0,0.952837913463521
051910,2026-09-21,265500,266500,257000,261500,175819,265500,266500,259500,262500,56247,1.0,1.0,0.9903660886319846,0.9961904761904762,3.1258378224616425
055550,2025-09-16,70000,71400,69600,70900,1349697,70000,71400,69600,70900,1419816,1.0,1.0,1.0,1.0,0.9506140232255447
055550,2025-09-18,69200,69800,68200,69000,1278261,69200,69800,68200,69000,1305008,1.0,1.0,1.0,1.0,0.9795043402032785
055550,2025-09-19,68400,69800,68100,69800,2611385,68400,69800,68100,69800,2749337,1.0,1.0,1.0,1.0,0.9498235392751052
055550,2025-09-23,69300,70400,69100,69900,954215,69300,70400,69100,69900,977953,1.0,1.0,1.0,1.0,0.9757268498588378
055550,2025-09-24,70000,70200,68700,69100,927908,70000,70200,68700,69100,981893,1.0,1.0,1.0,1.0,0.945019467497986
055550,2025-09-26,69200,69900,68800,69200,1542364,69200,69900,68800,69200,1613570,1.0,1.0,1.0,1.0,0.9558705231257398
055550,2025-09-30,71000,71500,70500,70800,1520016,71000,71500,70500,70800,1592794,1.0,1.0,1.0,1.0,0.9543079644950948
055550,2025-10-13,72100,72300,69600,70400,1773406,72100,72300,69600,70400,1857406,1.0,1.0,1.0,1.0,0.9547756387133454
055550,2025-10-22,73600,74300,72600,74100,827299,73600,74300,72600,74100,879014,1.0,1.0,1.0,1.0,0.9411670348822658
055550,2025-10-30,72600,75600,72500,73300,1515382,72600,75600,72500,73300,1580004,1.0,1.0,1.0,1.0,0.9591001035440416
055550,2025-10-31,73400,74300,72500,73300,1296300,73400,74300,72500,73300,1355094,1.0,1.0,1.0,1.0,0.9566126039964755
055550,2025-11-04,73700,77500,73400,76400,1527032,73700,77500,73400,76400,1572032,1.0,1.0,1.0,1.0,0.97137462850629
055550,2025-11-07,80700,81000,77000,77400,1539326,80700,81000,77000,77400,1769624,1.0,1.0,1.0,1.0,0.869860490138018
055550,2025-11-12,77900,81500,77900,81400,1828821,77900,81500,77900,81400,1993050,1.0,1.0,1.0,1.0,0.9175991570708211
055550,2025-11-28,78100,78500,77100,78000,1007627,78100,78500,77100,78000,1035489,1.0,1.0,1.0,1.0,0.9730929058637996
055550,2025-12-02,79700,82300,79300,81400,1708662,79700,82300,79300,81400,2024541,1.0,1.0,1.0,1.0,0.8439750047047702
055550,2025-12-17,76600,77200,75900,76400,981315,76600,77200,75900,76400,1054815,1.0,1.0,1.0,1.0,0.9303195347051378
055550,2025-12-19,77000,77900,76500,77300,1619278,77000,77900,76500,77300,1703877,1.0,1.0,1.0,1.0,0.9503491155758309
055550,2026-01-08,78900,78900,76900,77500,1024206,78900,78900,76900,77500,1076940,1.0,1.0,1.0,1.0,0.9510334837595409
055550,2026-01-12,78500,78600,77200,78200,837253,78500,78600,77200,78200,1099821,1.0,1.0,1.0,1.0,0.7612629691558899
055550,2026-01-29,85800,85800,83400,85100,1345413,85800,85800,83400,85100,1386473,1.0,1.0,1.0,1.0,0.9703852869835907
055550,2026-02-03,85500,88000,85000,88000,1429870,85500,88000,85000,88000,1479759,1.0,1.0,1.0,1.0,0.9662857262567756
055550,2026-02-04,92000,92500,87000,90300,1783024,92000,92500,87000,90300,1845534,1.0,1.0,1.0,1.0,0.9661290444933553
055550,2026-02-06,90100,93600,87800,93600,2497383,90100,93600,87800,93600,2556081,1.0,1.0,1.0,1.0,0.9770359390019331
055550,2026-02-09,96000,97000,93000,93400,1517801,96000,97000,93000,93400,1997017,1.0,1.0,1.0,1.0,0.7600340908464975
055550,2026-02-26,99500,100400,98300,99900,1541827,99500,100400,98300,99900,2054336,1.0,1.0,1.0,1.0,0.750523283435621
055550,2026-02-27,99500,99500,96400,96900,2396564,99500,99500,96400,96900,3007690,1.0,1.0,1.0,1.0,0.7968121714671392
055550,2026-03-04,94500,94600,85000,88800,3156620,94500,94600,85000,88800,3419674,1.0,1.0,1.0,1.0,0.9230762932373086
055550,2026-03-05,95000,96200,92100,92900,2496019,95000,96200,92100,92900,2972109,1.0,1.0,1.0,1.0,0.839814084880467
055550,2026-03-06,89000,91800,89000,91800,1871214,89000,91800,89000,91800,2033531,1.0,1.0,1.0,1.0,0.920179726790494
055550,2026-03-09,85700,89700,83700,88500,1656487,85700,89700,83700,88500,1991947,1.0,1.0,1.0,1.0,0.8315919048046961
055550,2026-03-10,90800,92700,88000,89200,1440610,90800,92700,88000,89200,1967408,1.0,1.0,1.0,1.0,0.7322375430007401
055550,2026-03-11,90900,94200,90300,91100,1191923,90900,94200,90300,91100,2055895,1.0,1.0,1.0,1.0,0.5797586939021692
055550,2026-03-13,87300,92700,87300,90800,2202390,87300,92700,87300,90800,2446601,1.0,1.0,1.0,1.0,0.900183560784942
055550,2026-03-17,91200,93300,90300,91200,1067636,91200,93300,90300,91200,1304315,1.0,1.0,1.0,1.0,0.8185415332952546
055550,2026-03-18,93800,95500,92100,95000,1336519,93800,95500,92100,95000,2543008,1.0,1.0,1.0,1.0,0.5255661798940467
055550,2026-03-20,95900,98800,95800,97900,2760810,95900,98800,95800,97900,3167172,1.0,1.0,1.0,1.0,0.871695632570634
055550,2026-03-24,91600,93600,88200,90000,1513544,91600,93600,88200,90000,1633427,1.0,1.0,1.0,1.0,0.92660645379316
055550,2026-03-26,93100,94600,92200,93400,1065802,93100,94600,92200,93400,1111630,1.0,1.0,1.0,1.0,0.9587740525174744
055550,2026-03-31,89000,89600,87300,87700,1564833,89000,89600,87300,87700,1790364,1.0,1.0,1.0,1.0,0.8740306440478026
055550,2026-04-23,98700,100000,97000,99900,1148446,98700,100000,97000,99900,1173646,1.0,1.0,1.0,1.0,0.9785284489530914
055550,2026-04-27,101300,101300,99200,99700,1120912,101300,101300,99200,99700,1224148,1.0,1.0,1.0,1.0,0.9156670598653104
055550,2026-04-28,100000,100200,99100,99900,926966,100000,100200,99100,99900,1078329,1.0,1.0,1.0,1.0,0.8596318934202827
055550,2026-04-29,100000,100000,98500,100000,1163992,100000,100000,98500,100000,1568495,1.0,1.0,1.0,1.0,0.7421075617072417
055550,2026-04-30,99000,101000,99000,99900,1518212,99000,101000,99000,99900,1660803,1.0,1.0,1.0,1.0,0.9141433390956062
055550,2026-05-04,101100,101300,97800,98000,1020203,101100,101300,97800,98000,1775875,1.0,1.0,1.0,1.0,0.5744790596184979
055550,2026-05-07,98000,99700,96100,98900,1558797,98000,99700,96100,98900,1592277,1.0,1.0,1.0,1.0,0.9789735077502218
055550,2026-05-15,96600,97300,93100,95100,1473275,96600,97300,93100,95100,1544275,1.0,1.0,1.0,1.0,0.954023732819608
055550,2026-05-18,95900,96000,91100,93100,1144734,95900,96000,91100,93100,1200095,1.0,1.0,1.0,1.0,0.9538694853324112
055550,2026-05-29,94400,94800,91700,93600,2546906,94400,94800,91700,93600,2778385,1.0,1.0,1.0,1.0,0.9166857724901336
055550,2026-06-01,93200,96200,92600,92600,961601,93200,96200,92600,92600,1612094,1.0,1.0,1.0,1.0,0.5964918919120101
055550,2026-06-05,106200,109800,102500,107500,2861760,106200,109800,102500,107500,3611830,1.0,1.0,1.0,1.0,0.7923296500665867
055550,2026-06-15,102900,110800,102000,105600,1962194,102900,110800,102000,105600,2048362,1.0,1.0,1.0,1.0,0.9579332168825627
055550,2026-06-30,98300,98600,95700,95800,1376939,98300,98600,95700,95800,1406235,1.0,1.0,1.0,1.0,0.9791670666709333
055550,2026-07-22,105500,107200,103600,104500,1082087,105500,107200,103600,104500,1108336,1.0,1.0,1.0,1.0,0.976316748711582
055550,2026-08-12,105500,107900,103700,103800,1059125,105500,107900,103700,103800,1209125,1.0,1.0,1.0,1.0,0.8759433474620076
055550,2026-08-13,105300,108300,104600,106600,1240333,105300,108300,104600,106600,1362582,1.0,1.0,1.0,1.0,0.9102813628831146
055550,2026-08-19,105000,105500,102100,105000,956462,105000,105500,102100,105000,1122893,1.0,1.0,1.0,1.0,0.851783740748228
055550,2026-08-20,104400,105200,101100,101100,930300,104400,105200,101100,101100,1252468,1.0,1.0,1.0,1.0,0.7427734680646532
055550,2026-08-21,102000,104700,101000,104100,1059195,102000,104700,101000,104100,1345887,1.0,1.0,1.0,1.0,0.7869865746529984
055550,2026-08-25,104100,107800,102800,106500,876066,104100,107800,102800,106500,904902,1.0,1.0,1.0,1.0,0.9681335658446992
055550,2026-08-31,110000,110700,108000,108900,1693838,110000,110700,108000,108900,1838687,1.0,1.0,1.0,1.0,0.9212215020827362
055550,2026-09-01,108000,112000,108000,111100,1175266,108000,112000,108000,111100,1856782,1.0,1.0,1.0,1.0,0.6329585271722797
055550,2026-09-11,110700,113200,108900,112900,965833,110700,113200,108900,112900,1026137,1.0,1.0,1.0,1.0,0.9412320187265443
055550,2026-09-18,114200,114400,110100,111100,1561365,114200,114400,110100,111100,1629137,1.0,1.0,1.0,1.0,0.9584000608911344
055550,2026-09-21,111100,114000,110000,113200,1009788,111100,113500,110000,113200,353210,1.0,1.0044052863436124,1.0,1.0,2.8588884799411116
066570,2025-09-30,76500,76500,75000,75600,819565,76500,76500,75000,75600,846132,1.0,1.0,1.0,1.0,0.9686018257198641
066570,2026-02-03,98700,100700,98100,100300,1011220,98700,100700,98100,100300,1037039,1.0,1.0,1.0,1.0,0.9751031542690294
066570,2026-03-20,117000,120300,116500,117900,778400,117000,120300,116500,117900,797591,1.0,1.0,1.0,1.0,0.9759387956985472
066570,2026-03-25,116100,117300,114200,114700,689510,116100,117300,114200,114700,757815,1.0,1.0,1.0,1.0,0.9098658643600351
066570,2026-03-27,109100,112200,107700,112000,513360,109100,112200,107700,112000,552035,1.0,1.0,1.0,1.0,0.929941036347333
066570,2026-03-31,105300,107900,103600,105600,709575,105300,107900,103600,105600,759539,1.0,1.0,1.0,1.0,0.9342179927561324
066570,2026-06-01,375000,380500,358500,380500,4962091,375000,380500,358500,380500,5176636,1.0,1.0,1.0,1.0,0.9585551311701267
066570,2026-06-19,229000,229500,205500,211500,2863883,229000,229500,205500,211500,2963743,1.0,1.0,1.0,1.0,0.9663061203349953
066570,2026-08-06,176700,181200,171600,175200,870250,176700,181200,171600,175200,910158,1.0,1.0,1.0,1.0,0.9561526679983036
066570,2026-09-01,212500,212500,203000,206500,664355,212500,212500,203000,206500,716877,1.0,1.0,1.0,1.0,0.9267349908003744
066570,2026-09-18,202000,203000,197700,198700,797508,202000,203000,197700,198700,844243,1.0,1.0,1.0,1.0,0.9446427154267195
066570,2026-09-21,199600,203500,198000,203000,497341,199600,201000,198000,200500,165575,1.0,1.0124378109452736,1.0,1.0124688279301746,3.0037203684131057
068270,2025-09-01,160328,162139,159184,161853,284322,160328,162139,159184,161853,298282,1.0,1.0,1.0,1.0,0.9531986509410558
068270,2025-09-02,160519,163950,160519,163188,283755,160519,163950,160519,163188,297689,1.0,1.0,1.0,1.0,0.9531927615733198
068270,2025-09-03,162139,163855,162139,163474,197103,162139,163855,162139,163474,206780,1.0,1.0,1.0,1.0,0.9532014701615243
068270,2025-09-04,162521,163569,161472,162235,231914,162521,163569,161472,162235,243300,1.0,1.0,1.0,1.0,0.9532018084669133
068270,2025-09-05,161663,162235,160614,161091,203397,161663,162235,160614,161091,213384,1.0,1.0,1.0,1.0,0.953197053199865
068270,2025-09-08,161949,163188,161281,162044,244172,161949,163188,161281,162044,256187,1.0,1.0,1.0,1.0,0.9531006647487967
068270,2025-09-09,162807,163188,160519,161567,246571,162807,163188,160519,161567,269178,1.0,1.0,1.0,1.0,0.9160146817347629
068270,2025-09-10,160328,162711,160328,161758,251627,160328,162711,160328,161758,263981,1.0,1.0,1.0,1.0,0.9532011773574613
068270,2025-09-11,162044,163950,161281,163950,413135,162044,163950,161281,163950,435047,1.0,1.0,1.0,1.0,0.9496330281555786
068270,2025-09-12,163950,164427,162425,163664,292997,163950,164427,162425,163664,307384,1.0,1.0,1.0,1.0,0.953195351742446
068270,2025-09-15,163474,163855,161853,162044,276179,163474,163855,161853,162044,289739,1.0,1.0,1.0,1.0,0.9531992586431236
068270,2025-09-16,162044,162139,160805,160805,302389,162044,162139,160805,160805,317237,1.0,1.0,1.0,1.0,0.9531958756387181
068270,2025-09-17,161567,161663,159756,160519,241463,161567,161663,159756,160519,253318,1.0,1.0,1.0,1.0,0.9532011148043171
068270,2025-09-18,161091,161853,160138,160614,274407,161091,161853,160138,160614,287880,1.0,1.0,1.0,1.0,0.9531992496873697
068270,2025-09-19,160138,162807,160138,162807,447113,160138,162807,160138,162807,480325,1.0,1.0,1.0,1.0,0.9308551501587466
068270,2025-09-22,162521,162616,161091,161186,278594,162521,162616,161091,161186,292272,1.0,1.0,1.0,1.0,0.9532011277166476
068270,2025-09-23,160805,176723,160710,175579,2543427,160805,176723,160710,175579,2668304,1.0,1.0,1.0,1.0,0.9531998602857845
068270,2025-09-24,175579,175579,166047,168621,1060856,175579,175579,166047,168621,1113402,1.0,1.0,1.0,1.0,0.9528059047855132
068270,2025-09-25,168716,171004,168144,169574,540442,168716,171004,168144,169574,566978,1.0,1.0,1.0,1.0,0.9531974785617784
068270,2025-09-26,172243,173006,167763,169670,887074,172243,173006,167763,169670,930669,1.0,1.0,1.0,1.0,0.9531573523991881
068270,2025-09-29,171576,173101,169717,170242,440827,171576,173101,169717,170242,462471,1.0,1.0,1.0,1.0,0.9531992276272458
068270,2025-09-30,169193,169193,164999,165285,546880,169193,169193,164999,165285,593186,1.0,1.0,1.0,1.0,0.9219367955413648
068270,2025-10-01,166810,168430,165952,166905,327878,166810,168430,165952,166905,343976,1.0,1.0,1.0,1.0,0.953200223271391
068270,2025-10-02,167191,168716,166143,167191,558322,167191,168716,166143,167191,585747,1.0,1.0,1.0,1.0,0.9531794443676195
068270,2025-10-10,167573,169479,164904,165476,645084,167573,169479,164904,165476,676756,1.0,1.0,1.0,1.0,0.9532002671568482
068270,2025-10-13,163378,163950,162044,162902,461175,163378,163950,162044,162902,483818,1.0,1.0,1.0,1.0,0.9531993435548078
068270,2025-10-14,162139,164046,160614,161758,570287,162139,164046,160614,161758,598287,1.0,1.0,1.0,1.0,0.9531997185297357
068270,2025-10-15,161853,164427,161758,163188,391761,161853,164427,161758,163188,410997,1.0,1.0,1.0,1.0,0.953196738662326
068270,2025-10-16,163093,167954,162902,167763,645188,163093,167954,162902,167763,676898,1.0,1.0,1.0,1.0,0.953153946384832
068270,2025-10-17,166047,168240,164951,166810,463695,166047,168240,164951,166810,486461,1.0,1.0,1.0,1.0,0.9532007704625859
068270,2025-10-20,167477,169002,165952,168812,466950,167477,169002,165952,168812,490388,1.0,1.0,1.0,1.0,0.9522051926229842
068270,2025-10-21,172243,173101,168812,170337,723295,172243,173101,168812,170337,758812,1.0,1.0,1.0,1.0,0.9531939400009488
068270,2025-10-22,170432,171767,168907,169956,426240,170432,171767,168907,169956,447199,1.0,1.0,1.0,1.0,0.9531327216742435
068270,2025-10-23,168812,169002,164522,164522,578246,168812,169002,164522,164522,606637,1.0,1.0,1.0,1.0,0.9531993597489108
068270,2025-10-24,165380,165761,163474,164808,560476,165380,165761,163474,164808,587994,1.0,1.0,1.0,1.0,0.9532002027231571
068270,2025-10-27,165094,170337,164046,170051,778940,165094,170337,164046,170051,817185,1.0,1.0,1.0,1.0,0.9531990920048704
068270,2025-10-28,173673,174436,170051,170909,675451,173673,174436,170051,170909,708614,1.0,1.0,1.0,1.0,0.9532001907949885
068270,2025-10-29,172529,172529,167859,168335,589487,172529,172529,167859,168335,618430,1.0,1.0,1.0,1.0,0.9531992303090083
068270,2025-10-30,171385,173864,166905,166905,730842,171385,173864,166905,166905,766755,1.0,1.0,1.0,1.0,0.9531623530332375
068270,2025-10-31,168240,169002,166810,167382,509694,168240,169002,166810,167382,535273,1.0,1.0,1.0,1.0,0.9522131697283442
068270,2025-11-03,167763,167859,165571,166429,545196,167763,167859,165571,166429,571967,1.0,1.0,1.0,1.0,0.9531948521505611
068270,2025-11-04,165857,170051,165094,168049,885422,165857,170051,165094,168049,929014,1.0,1.0,1.0,1.0,0.9530771333908854
068270,2025-11-05,171576,171576,164427,166715,992016,171576,171576,164427,166715,1040880,1.0,1.0,1.0,1.0,0.9530551072169703
068270,2025-11-06,167859,170432,165666,166524,690961,167859,170432,165666,166524,726992,1.0,1.0,1.0,1.0,0.9504382441622466
068270,2025-11-07,166524,166524,163093,164808,525559,166524,166524,163093,164808,551365,1.0,1.0,1.0,1.0,0.9531961586245047
068270,2025-11-10,165857,167287,164999,165476,385612,165857,167287,164999,165476,404546,1.0,1.0,1.0,1.0,0.9531969170378647
068270,2025-11-11,165666,167573,164618,164713,391585,165666,167573,164618,164713,410811,1.0,1.0,1.0,1.0,0.9531998899737348
068270,2025-11-12,166143,175675,165952,174340,2426134,166143,175675,165952,174340,2545252,1.0,1.0,1.0,1.0,0.9531999189078331
068270,2025-11-13,175008,188829,173006,185969,3385509,175008,188829,173006,185969,3551761,1.0,1.0,1.0,1.0,0.953191670272859
068270,2025-11-14,184825,193976,183491,186923,2152876,184825,193976,183491,186923,2258583,1.0,1.0,1.0,1.0,0.9531976464889712
068270,2025-11-17,189782,189782,179964,181013,1219423,189782,189782,179964,181013,1279316,1.0,1.0,1.0,1.0,0.9531835762235444
068270,2025-11-18,182061,182633,174722,175198,881020,182061,182633,174722,175198,924276,1.0,1.0,1.0,1.0,0.9532001263691797
068270,2025-11-19,177105,177391,171576,176437,830493,177105,177391,171576,176437,871793,1.0,1.0,1.0,1.0,0.9526263688742626
068270,2025-11-20,178344,180631,175961,178058,620451,178344,180631,175961,178058,650914,1.0,1.0,1.0,1.0,0.9531996546394762
068270,2025-11-21,174531,181871,174436,178630,634943,174531,181871,174436,178630,668254,1.0,1.0,1.0,1.0,0.9501521876412262
068270,2025-11-24,180441,180631,173578,173578,1925846,180441,180631,173578,173578,2055663,1.0,1.0,1.0,1.0,0.9368490846991944
068270,2025-11-25,175008,178820,173768,173959,466065,175008,178820,173768,173959,489676,1.0,1.0,1.0,1.0,0.9517824030583488
068270,2025-11-26,176437,180631,176056,178630,687332,176437,180631,176056,178630,721078,1.0,1.0,1.0,1.0,0.95320062462036
068270,2025-11-27,179392,179964,176342,176533,379089,179392,179964,176342,176533,397701,1.0,1.0,1.0,1.0,0.953201022878997
068270,2025-11-28,177581,178439,175579,176914,462815,177581,178439,175579,176914,485538,1.0,1.0,1.0,1.0,0.9532003674274722
068270,2025-12-01,178153,180488,175865,177105,399279,178153,180488,175865,177105,418884,1.0,1.0,1.0,1.0,0.9531970664909617
068270,2025-12-02,177200,177486,174912,175579,376417,177200,177486,174912,175579,394898,1.0,1.0,1.0,1.0,0.9532005733126022
068270,2025-12-03,175961,176342,174531,174722,393779,175961,176342,174531,174722,413118,1.0,1.0,1.0,1.0,0.9531877090806985
068270,2025-12-04,175198,176247,172910,174054,467290,175198,176247,172910,174054,490233,1.0,1.0,1.0,1.0,0.9531998049906881
068270,2025-12-05,173864,176151,172529,174722,476038,173864,176151,172529,174722,499410,1.0,1.0,1.0,1.0,0.9532007769167617
068270,2025-12-08,176247,179964,175293,178344,630756,176247,179964,175293,178344,661725,1.0,1.0,1.0,1.0,0.9531995919755185
068270,2025-12-09,177867,178534,176723,178534,348991,177867,178534,176723,178534,366127,1.0,1.0,1.0,1.0,0.9531965684038599
068270,2025-12-10,178153,179106,177009,177009,307749,178153,179106,177009,177009,322859,1.0,1.0,1.0,1.0,0.9531993842513296
068270,2025-12-11,178534,183110,177009,177962,940315,178534,183110,177009,177962,986482,1.0,1.0,1.0,1.0,0.9532003625002787
068270,2025-12-12,178916,178916,175484,178058,462458,178916,178916,175484,178058,485164,1.0,1.0,1.0,1.0,0.953199330535654
068270,2025-12-15,176819,180059,175770,179011,517350,176819,180059,175770,179011,542766,1.0,1.0,1.0,1.0,0.9531731906567471
068270,2025-12-16,179488,179964,176056,176914,416828,179488,179964,176056,176914,437293,1.0,1.0,1.0,1.0,0.9532007143951539
068270,2025-12-17,178058,178344,175865,176342,401917,178058,178344,175865,176342,421651,1.0,1.0,1.0,1.0,0.9531982611211642
068270,2025-12-18,173864,175484,173006,173578,349265,173864,175484,173006,173578,366413,1.0,1.0,1.0,1.0,0.953200350424248
068270,2025-12-19,174722,175961,172529,175865,459902,174722,175961,172529,175865,484830,1.0,1.0,1.0,1.0,0.9485840397665161
068270,2025-12-22,177105,177200,174531,175961,375622,177105,177200,174531,175961,394064,1.0,1.0,1.0,1.0,0.9532004953510089
068270,2025-12-23,175484,176342,173578,174245,327509,175484,176342,173578,174245,343590,1.0,1.0,1.0,1.0,0.9531971244797578
068270,2025-12-24,173864,174150,173101,173482,303584,173864,174150,173101,173482,318489,1.0,1.0,1.0,1.0,0.9532008954783368
068270,2025-12-26,173196,173768,171576,171576,462609,173196,173768,171576,171576,485322,1.0,1.0,1.0,1.0,0.9532001434099423
068270,2025-12-29,170432,172815,169860,172815,380873,170432,172815,169860,172815,399578,1.0,1.0,1.0,1.0,0.9531881134597
068270,2025-12-30,172053,172910,170909,172529,329041,172053,172910,170909,172529,345197,1.0,1.0,1.0,1.0,0.9531977392619287
068270,2026-01-02,179964,194929,179774,193023,3440513,179964,194929,179774,193023,3609436,1.0,1.0,1.0,1.0,0.953199613457615
068270,2026-01-05,193023,202078,191117,199695,1821433,193023,202078,191117,199695,1910869,1.0,1.0,1.0,1.0,0.9531961636302646
068270,2026-01-06,198266,205415,197312,203032,1353736,198266,205415,197312,203032,1420212,1.0,1.0,1.0,1.0,0.9531929035946746
068270,2026-01-07,201125,203508,193023,201125,1298234,201125,203508,193023,201125,1367221,1.0,1.0,1.0,1.0,0.9495421735037716
068270,2026-01-08,204938,205415,197789,203032,967281,204938,205415,197789,203032,1014835,1.0,1.0,1.0,1.0,0.9531411510245508
068270,2026-01-09,202078,206844,199695,206844,775688,202078,206844,199695,206844,813774,1.0,1.0,1.0,1.0,0.9531983081297756
068270,2026-01-12,209704,209704,202317,203985,692701,209704,209704,202317,203985,726711,1.0,1.0,1.0,1.0,0.9532001029295002
068270,2026-01-13,206844,210657,204461,210657,959413,206844,210657,204461,210657,1006518,1.0,1.0,1.0,1.0,0.9532000421254264
068270,2026-01-14,212087,212087,199219,201602,970511,212087,212087,199219,201602,1018164,1.0,1.0,1.0,1.0,0.9531971273783005
068270,2026-01-15,200649,202078,198266,200649,608016,200649,202078,198266,200649,637869,1.0,1.0,1.0,1.0,0.953198854310211
068270,2026-01-16,200172,202793,195883,199219,666672,200172,202793,195883,199219,700775,1.0,1.0,1.0,1.0,0.9513353073383041
068270,2026-01-19,197789,199219,195883,196836,541863,197789,199219,195883,196836,568572,1.0,1.0,1.0,1.0,0.9530244190709356
068270,2026-01-20,198742,200649,197312,197312,501880,198742,200649,197312,197312,529068,1.0,1.0,1.0,1.0,0.9486115206362887
068270,2026-01-21,193023,195406,191117,194453,653811,193023,195406,191117,194453,685912,1.0,1.0,1.0,1.0,0.9531995358005109
068270,2026-01-22,195883,200172,193023,198266,836396,195883,200172,193023,198266,877461,1.0,1.0,1.0,1.0,0.9532001992111331
068270,2026-01-23,199219,203508,196836,202078,697691,199219,203508,196836,202078,733249,1.0,1.0,1.0,1.0,0.9515062413995792
068270,2026-01-26,203508,206844,202078,204938,632229,203508,206844,202078,204938,663271,1.0,1.0,1.0,1.0,0.9531986171564866
068270,2026-01-27,200172,202555,198742,201602,633306,200172,202555,198742,201602,664427,1.0,1.0,1.0,1.0,0.953161144866178
068270,2026-01-28,202078,212087,200649,208274,1296726,202078,212087,200649,208274,1360400,1.0,1.0,1.0,1.0,0.953194648632755
068270,2026-01-29,206368,206844,201602,204461,798971,206368,206844,201602,204461,840745,1.0,1.0,1.0,1.0,0.9503131151538219
068270,2026-01-30,203032,204938,200172,200172,712854,203032,204938,200172,200172,747855,1.0,1.0,1.0,1.0,0.9531981466995607
068270,2026-02-02,197789,200172,192070,193500,671793,197789,200172,192070,193500,704777,1.0,1.0,1.0,1.0,0.9531993807970465
068270,2026-02-03,197789,198742,194453,197789,444478,197789,198742,194453,197789,466301,1.0,1.0,1.0,1.0,0.9531997572383504
068270,2026-02-04,196836,207321,196836,204461,796131,196836,207321,196836,204461,835231,1.0,1.0,1.0,1.0,0.9531866034665859
068270,2026-02-05,213993,215423,204938,207321,1376407,213993,215423,204938,207321,1444014,1.0,1.0,1.0,1.0,0.9531812018443034
068270,2026-02-06,202078,209704,198266,209704,986081,202078,209704,198266,209704,1038102,1.0,1.0,1.0,1.0,0.949888353938245
068270,2026-02-09,214470,223525,213993,219236,1603024,214470,223525,213993,219236,1681729,1.0,1.0,1.0,1.0,0.9531999507649568
068270,2026-02-10,217330,220666,214470,216853,621633,217330,220666,214470,216853,652209,1.0,1.0,1.0,1.0,0.9531193221804667
068270,2026-02-11,221142,232104,220189,228291,1723592,221142,232104,220189,228291,1808221,1.0,1.0,1.0,1.0,0.9531976456417661
068270,2026-02-12,227338,228291,220666,227338,949712,227338,228291,220666,227338,999225,1.0,1.0,1.0,1.0,0.950448597663189
068270,2026-02-13,230674,231151,223049,226862,672151,230674,231151,223049,226862,705154,1.0,1.0,1.0,1.0,0.9531974575766429
068270,2026-02-19,229245,234487,228291,233057,554373,229245,234487,228291,233057,589864,1.0,1.0,1.0,1.0,0.9398318934534062
068270,2026-02-20,231151,233534,229245,230674,466933,231151,233534,229245,230674,491288,1.0,1.0,1.0,1.0,0.9504262265717868
068270,2026-02-23,231628,232581,229245,231628,492926,231628,232581,229245,231628,517128,1.0,1.0,1.0,1.0,0.9531992079330456
068270,2026-02-24,234964,239253,234011,236870,654474,234964,239253,234011,236870,686607,1.0,1.0,1.0,1.0,0.9532003023563698
068270,2026-02-25,237823,237823,231151,233057,543337,237823,237823,231151,233057,570668,1.0,1.0,1.0,1.0,0.9521070044228869
068270,2026-02-26,231151,232581,227338,230674,625900,231151,232581,227338,230674,656651,1.0,1.0,1.0,1.0,0.953169948724665
068270,2026-02-27,230198,232581,224002,227338,801720,230198,232581,224002,227338,874076,1.0,1.0,1.0,1.0,0.9172200129050563
068270,2026-03-03,220666,224479,213040,214470,867565,220666,224479,213040,214470,910176,1.0,1.0,1.0,1.0,0.9531837798403825
068270,2026-03-04,203985,208274,186732,188162,1535829,203985,208274,186732,188162,1611245,1.0,1.0,1.0,1.0,0.9531939587089486
068270,2026-03-05,203985,205891,195883,201602,914208,203985,205891,195883,201602,962453,1.0,1.0,1.0,1.0,0.949872876909314
068270,2026-03-06,204461,206368,196836,202555,572821,204461,206368,196836,202555,601193,1.0,1.0,1.0,1.0,0.9528071684134712
068270,2026-03-09,190545,194453,189782,194453,701443,190545,194453,189782,194453,735890,1.0,1.0,1.0,1.0,0.9531900148119964
068270,2026-03-10,202555,203508,194453,196359,487698,202555,203508,194453,196359,513126,1.0,1.0,1.0,1.0,0.9504449199611791
068270,2026-03-11,199695,203985,197312,199219,430337,199695,203985,197312,199219,452110,1.0,1.0,1.0,1.0,0.9518413660392382
068270,2026-03-12,197312,198266,193500,196359,498794,197312,198266,193500,196359,525804,1.0,1.0,1.0,1.0,0.9486310488318841
068270,2026-03-13,191117,198266,190640,195883,516104,191117,198266,190640,195883,541444,1.0,1.0,1.0,1.0,0.9531992228189804
068270,2026-03-16,193976,194453,190163,190640,432257,193976,194453,190163,190640,453480,1.0,1.0,1.0,1.0,0.9531997000970275
068270,2026-03-17,195883,198742,194453,196359,359729,195883,198742,194453,196359,377391,1.0,1.0,1.0,1.0,0.9531997318431017
068270,2026-03-18,200649,202078,198266,199695,413983,200649,202078,198266,199695,434309,1.0,1.0,1.0,1.0,0.9531992199102483
068270,2026-03-19,193500,195406,192070,192546,325198,193500,195406,192070,192546,559163,1.0,1.0,1.0,1.0,0.581579968631687
068270,2026-03-20,193500,194929,191117,192546,448434,193500,194929,191117,192546,474956,1.0,1.0,1.0,1.0,0.9441590378898256
068270,2026-03-23,185874,185969,178916,179488,741755,185874,185969,178916,179488,778174,1.0,1.0,1.0,1.0,0.9531994129847566
068270,2026-03-24,185969,193976,180441,190259,685570,185969,193976,180441,190259,723849,1.0,1.0,1.0,1.0,0.9471174236615648
068270,2026-03-25,192546,196359,190640,193976,471009,192546,196359,190640,193976,495936,1.0,1.0,1.0,1.0,0.9497374661246613
068270,2026-03-26,194929,198027,192070,193500,441294,194929,198027,192070,193500,462964,1.0,1.0,1.0,1.0,0.9531929048478931
068270,2026-03-27,191117,197312,189782,196359,466923,191117,197312,189782,196359,489848,1.0,1.0,1.0,1.0,0.9531997680913263
068270,2026-03-30,188448,193976,187780,192070,415341,188448,193976,187780,192070,447687,1.0,1.0,1.0,1.0,0.9277486279476509
068270,2026-03-31,190163,192546,186923,187971,493138,190163,192546,186923,187971,597960,1.0,1.0,1.0,1.0,0.8247006488728343
068270,2026-04-01,194453,197312,190640,196359,500305,194453,197312,190640,196359,528160,1.0,1.0,1.0,1.0,0.9472602999091184
068270,2026-04-02,197312,198266,184825,187494,640424,197312,198266,184825,187494,671871,1.0,1.0,1.0,1.0,0.9531948841369846
068270,2026-04-03,190640,191117,186160,186160,289560,190640,191117,186160,186160,303777,1.0,1.0,1.0,1.0,0.9531992217975687
068270,2026-04-06,186065,189210,185493,186637,332661,186065,189210,185493,186637,348994,1.0,1.0,1.0,1.0,0.9531997684773951
068270,2026-04-07,185779,188543,182633,184635,509125,185779,188543,182633,184635,534122,1.0,1.0,1.0,1.0,0.953199830750278
068270,2026-04-08,192546,195406,186827,192546,579000,192546,195406,186827,192546,607428,1.0,1.0,1.0,1.0,0.9531993915328236
068270,2026-04-09,193023,193500,189591,192070,555509,193023,193500,189591,192070,582783,1.0,1.0,1.0,1.0,0.9532004193670714
068270,2026-04-10,193500,193500,190354,190354,350178,193500,193500,190354,190354,368932,1.0,1.0,1.0,1.0,0.9491667841228194
068270,2026-04-13,186637,187685,184540,186065,431311,186637,187685,184540,186065,452487,1.0,1.0,1.0,1.0,0.9532008654392281
068270,2026-04-14,189687,193023,188448,189782,424233,189687,193023,188448,189782,445062,1.0,1.0,1.0,1.0,0.9531997789072084
068270,2026-04-15,193023,194929,191593,192546,464521,193023,194929,191593,192546,487328,1.0,1.0,1.0,1.0,0.9531998982205003
068270,2026-04-16,194929,201125,194453,199219,559274,194929,201125,194453,199219,589320,1.0,1.0,1.0,1.0,0.9490158148374398
068270,2026-04-17,199219,199219,196359,197789,267363,199219,199219,196359,197789,281313,1.0,1.0,1.0,1.0,0.9504111079118277
068270,2026-04-20,197789,198742,195406,195883,275704,197789,198742,195406,195883,289256,1.0,1.0,1.0,1.0,0.9531487678734408
068270,2026-04-21,196836,198266,192546,193500,446662,196836,198266,192546,193500,468592,1.0,1.0,1.0,1.0,0.9532002253559599
068270,2026-04-22,193500,195406,191593,194453,325046,193500,195406,191593,194453,341005,1.0,1.0,1.0,1.0,0.953200099705283
068270,2026-04-23,197789,197789,193500,196359,475778,197789,197789,193500,196359,499138,1.0,1.0,1.0,1.0,0.953199315620129
068270,2026-04-24,196836,202078,195883,199219,448107,196836,202078,195883,199219,470119,1.0,1.0,1.0,1.0,0.9531778124262155
068270,2026-04-27,199695,200172,193500,194453,518893,199695,200172,193500,194453,544369,1.0,1.0,1.0,1.0,0.9532008619153552
068270,2026-04-28,193500,197789,192546,197312,452357,193500,197789,192546,197312,474567,1.0,1.0,1.0,1.0,0.9531994428605445
068270,2026-04-29,196836,198266,194453,194453,363423,196836,198266,194453,194453,398714,1.0,1.0,1.0,1.0,0.9114879337068675
068270,2026-04-30,193976,194453,190640,191117,468819,193976,194453,190640,191117,491837,1.0,1.0,1.0,1.0,0.9531999422572925
068270,2026-05-04,193023,193500,188448,188543,616505,193023,193500,188448,188543,646774,1.0,1.0,1.0,1.0,0.953200035870335
068270,2026-05-06,192546,193023,185588,185588,932495,192546,193023,185588,185588,980582,1.0,1.0,1.0,1.0,0.950960755959216
068270,2026-05-07,190259,196836,189496,193023,1074108,190259,196836,189496,193023,1127159,1.0,1.0,1.0,1.0,0.9529338806681222
068270,2026-05-08,194453,194453,187876,189115,617588,194453,194453,187876,189115,651182,1.0,1.0,1.0,1.0,0.9484107361689973
068270,2026-05-11,188162,188162,181775,182347,864109,188162,188162,181775,182347,906543,1.0,1.0,1.0,1.0,0.9531914095635838
068270,2026-05-12,181871,188543,178630,184254,1168310,181871,188543,178630,184254,1225674,1.0,1.0,1.0,1.0,0.9531979955518352
068270,2026-05-13,187780,188543,179106,181585,785326,187780,188543,179106,181585,823884,1.0,1.0,1.0,1.0,0.9531997222910021
068270,2026-05-14,181489,185969,181299,185969,701801,181489,185969,181299,185969,736259,1.0,1.0,1.0,1.0,0.9531985347547535
068270,2026-05-15,186351,186351,177962,179964,769091,186351,186351,177962,179964,806852,1.0,1.0,1.0,1.0,0.9531995954648436
068270,2026-05-18,179297,179869,171195,174626,630556,179297,179869,171195,174626,661520,1.0,1.0,1.0,1.0,0.9531926472366671
068270,2026-05-19,174054,177391,171195,173959,570915,174054,177391,171195,173959,598946,1.0,1.0,1.0,1.0,0.953199453707012
068270,2026-05-20,176914,176914,169670,171004,633770,176914,176914,169670,171004,664887,1.0,1.0,1.0,1.0,0.9531995662420832
068270,2026-05-21,173482,182442,173482,180727,772865,173482,182442,173482,180727,810859,1.0,1.0,1.0,1.0,0.9531435181702368
068270,2026-05-22,184825,192546,184158,189401,844657,184825,192546,184158,189401,886128,1.0,1.0,1.0,1.0,0.9531997634653233
068270,2026-05-26,192546,192546,185874,185874,581950,192546,192546,185874,185874,610522,1.0,1.0,1.0,1.0,0.9532007036601465
068270,2026-05-27,184635,188543,182824,185397,638711,184635,188543,182824,185397,670081,1.0,1.0,1.0,1.0,0.9531847642299961
068270,2026-05-28,184921,185779,176294,181108,682718,184921,185779,176294,181108,716238,1.0,1.0,1.0,1.0,0.9531999139950686
068270,2026-05-29,182633,185397,180536,183872,1016209,182633,185397,180536,183872,1188937,1.0,1.0,1.0,1.0,0.8547206454168724
068270,2026-06-01,182442,185397,180250,182728,858959,182442,185397,180250,182728,901132,1.0,1.0,1.0,1.0,0.9531999751423765
068270,2026-06-02,181585,182728,177009,179106,707092,181585,182728,177009,179106,742090,1.0,1.0,1.0,1.0,0.9528386044819361
068270,2026-06-19,173000,174100,166500,170300,1136023,173000,174100,166500,170300,1160752,1.0,1.0,1.0,1.0,0.9786957076102388
068270,2026-07-06,183400,185000,174300,175900,494689,183400,185000,174300,175900,527031,1.0,1.0,1.0,1.0,0.9386335908134437
068270,2026-08-07,193200,199300,193200,199300,752482,193200,199300,193200,199300,776632,1.0,1.0,1.0,1.0,0.9689041914317206
068270,2026-08-31,188000,191300,185000,188900,606202,188000,191300,185000,188900,643636,1.0,1.0,1.0,1.0,0.9418397976496032
068270,2026-09-01,188000,190500,187300,188000,254739,188000,190500,187300,188000,268440,1.0,1.0,1.0,1.0,0.9489606616003576
068270,2026-09-18,182000,182800,179400,180100,640709,182000,182800,179400,180100,718200,1.0,1.0,1.0,1.0,0.8921038707880813
068270,2026-09-21,179500,181900,178200,181700,244567,179500,181500,178200,181200,81573,1.0,1.0022038567493112,1.0,1.0027593818984548,2.9981366383484733
079550,2025-09-19,512000,520000,508000,513000,206074,512000,520000,508000,513000,262876,1.0,1.0,1.0,1.0,0.7839209361067575
079550,2025-09-30,514000,527000,510000,513000,145293,514000,527000,510000,513000,149566,1.0,1.0,1.0,1.0,0.9714306727464798
079550,2025-10-31,515000,534000,511000,519000,127662,515000,534000,511000,519000,131306,1.0,1.0,1.0,1.0,0.9722480313161622
079550,2025-11-03,517000,534000,517000,533000,151753,517000,534000,517000,533000,155397,1.0,1.0,1.0,1.0,0.9765503838555442
079550,2025-11-06,491500,498500,469500,481000,149648,491500,498500,469500,481000,153086,1.0,1.0,1.0,1.0,0.977542035195903
079550,2025-12-19,389500,418000,384000,416000,359983,389500,418000,384000,416000,369833,1.0,1.0,1.0,1.0,0.9733663572477307
079550,2026-05-06,966000,998000,948000,979000,256518,966000,998000,948000,979000,301524,1.0,1.0,1.0,1.0,0.8507382496915669
079550,2026-05-29,857000,872000,801000,801000,253196,857000,872000,801000,801000,262004,1.0,1.0,1.0,1.0,0.9663821926382803
079550,2026-06-16,943000,1098000,936000,1002000,953463,943000,1098000,936000,1002000,998463,1.0,1.0,1.0,1.0,0.9549307285297503
079550,2026-06-18,936000,937000,873000,884000,241826,936000,937000,873000,884000,246830,1.0,1.0,1.0,1.0,0.9797269375683669
079550,2026-07-16,743000,763000,727000,749000,130322,743000,763000,727000,749000,140322,1.0,1.0,1.0,1.0,0.9287353372956486
079550,2026-07-20,778000,779000,687000,695000,131787,778000,779000,687000,695000,139855,1.0,1.0,1.0,1.0,0.9423116799542384
079550,2026-08-12,766000,808000,738000,788000,104259,766000,808000,738000,788000,121897,1.0,1.0,1.0,1.0,0.8553040681887167
079550,2026-08-13,787000,837000,780000,837000,181063,787000,837000,780000,837000,193192,1.0,1.0,1.0,1.0,0.937217897221417
079550,2026-08-25,700000,719000,684000,718000,138751,700000,719000,684000,718000,142609,1.0,1.0,1.0,1.0,0.9729470089545541
079550,2026-09-04,670000,673000,650000,652000,55559,670000,673000,650000,652000,59051,1.0,1.0,1.0,1.0,0.9408646762967604
079550,2026-09-11,677000,685000,665000,678000,40477,677000,685000,665000,678000,50443,1.0,1.0,1.0,1.0,0.8024304660706144
079550,2026-09-21,765000,780000,723000,733000,131176,765000,780000,730000,749000,82714,1.0,1.0,0.9904109589041096,0.9786381842456608,1.5858983968856541
086280,2025-09-03,190200,191700,186000,187400,198023,190200,191700,186000,187400,209364,1.0,1.0,1.0,1.0,0.9458311839666801
086280,2025-09-11,187600,188700,183700,186600,325386,187600,188700,183700,186600,343886,1.0,1.0,1.0,1.0,0.9462031021908424
086280,2025-09-12,186500,188900,184100,188100,188607,186500,188900,184100,188100,209707,1.0,1.0,1.0,1.0,0.8993834254459794
086280,2025-09-15,186400,187100,182100,183300,286007,186400,187100,182100,183300,305607,1.0,1.0,1.0,1.0,0.9358653433985478
086280,2025-09-17,184700,185800,182100,184500,217438,184700,185800,182100,184500,224856,1.0,1.0,1.0,1.0,0.9670099975095172
086280,2025-09-18,183800,188300,183300,187600,199154,183800,188300,183300,187600,206572,1.0,1.0,1.0,1.0,0.9640900025172822
086280,2025-09-19,186300,187900,172900,178000,814926,186300,187900,172900,178000,911265,1.0,1.0,1.0,1.0,0.8942799295484848
086280,2025-09-26,168000,169000,166600,168500,178390,168000,169000,166600,168500,189798,1.0,1.0,1.0,1.0,0.9398939925605116
086280,2025-10-22,165600,173700,165500,173400,247165,165600,173700,165500,173400,267465,1.0,1.0,1.0,1.0,0.9241022189819229
086280,2025-10-23,172000,174000,167900,168400,148247,172000,174000,167900,168400,163247,1.0,1.0,1.0,1.0,0.9081146973604416
086280,2026-01-15,257500,268750,254500,266000,575253,257500,268750,254500,266000,595355,1.0,1.0,1.0,1.0,0.9662352713926985
086280,2026-03-20,233000,235000,229000,230500,186440,233000,235000,229000,230500,238133,1.0,1.0,1.0,1.0,0.7829238282808346
086280,2026-03-31,208500,213500,204000,207500,224693,208500,213500,204000,207500,242380,1.0,1.0,1.0,1.0,0.9270278075748825
086280,2026-05-07,227000,234500,225500,230500,337760,227000,234500,225500,230500,345930,1.0,1.0,1.0,1.0,0.9763825051310959
086280,2026-05-21,218000,236000,215000,233500,482186,218000,236000,215000,233500,532186,1.0,1.0,1.0,1.0,0.9060478855137114
086280,2026-06-01,245000,247000,232000,232500,506690,245000,247000,232000,232500,627995,1.0,1.0,1.0,1.0,0.806837634057596
086280,2026-06-19,213000,222500,209000,222500,580521,213000,222500,209000,222500,631803,1.0,1.0,1.0,1.0,0.9188322942436171
086280,2026-09-01,205500,213000,205000,209500,130978,205500,213000,205000,209500,233220,1.0,1.0,1.0,1.0,0.5616070662893405
086280,2026-09-03,196600,206000,192600,202000,214691,196600,206000,192600,202000,230810,1.0,1.0,1.0,1.0,0.9301633378103201
086280,2026-09-09,202000,204500,200500,202500,149126,202000,204500,200500,202500,157042,1.0,1.0,1.0,1.0,0.9495931024821386
086280,2026-09-10,201500,207500,200500,204000,219435,201500,207500,200500,204000,255217,1.0,1.0,1.0,1.0,0.8597977407461102
086280,2026-09-11,200000,208500,198400,208500,137310,200000,208500,198400,208500,146741,1.0,1.0,1.0,1.0,0.9357303003250625
086280,2026-09-14,203000,209500,201500,206000,82900,203000,209500,201500,206000,102900,1.0,1.0,1.0,1.0,0.8056365403304179
086280,2026-09-18,208500,209000,202500,204000,149837,208500,209000,202500,204000,153158,1.0,1.0,1.0,1.0,0.9783165097481032
086280,2026-09-21,203000,204000,198900,204000,157521,203000,203000,198900,199700,57545,1.0,1.0049261083743843,1.0,1.0215322984476716,2.737353375619081
086790,2025-09-02,81200,82200,81100,82200,325603,81200,82200,81100,82200,372473,1.0,1.0,1.0,1.0,0.874165375745356
086790,2025-09-03,82000,83300,81900,83100,540688,82000,83300,81900,83100,684753,1.0,1.0,1.0,1.0,0.7896102682281056
086790,2025-09-09,82000,83600,81400,83300,594479,82000,83600,81400,83300,683273,1.0,1.0,1.0,1.0,0.8700460869959737
086790,2025-09-11,88700,88700,86300,87700,1157356,88700,88700,86300,87700,1806435,1.0,1.0,1.0,1.0,0.6406851063005311
086790,2025-09-15,88000,91900,88000,90900,976677,88000,91900,88000,90900,1455570,1.0,1.0,1.0,1.0,0.6709928069416105
086790,2025-09-18,89700,90600,88700,90600,680674,89700,90600,88700,90600,753242,1.0,1.0,1.0,1.0,0.9036591161937332
086790,2025-09-24,90300,90700,89100,89100,498758,90300,90700,89100,89100,516017,1.0,1.0,1.0,1.0,0.9665534275033575
086790,2025-09-25,89500,91500,88600,88900,805075,89500,91500,88600,88900,1032168,1.0,1.0,1.0,1.0,0.7799844598941258
086790,2025-09-26,89100,89100,87000,87100,615307,89100,89100,87000,87100,664147,1.0,1.0,1.0,1.0,0.9264620633685012
086790,2025-09-30,88600,88800,87200,87200,767574,88600,88800,87200,87200,817598,1.0,1.0,1.0,1.0,0.9388158972991617
086790,2025-10-20,86500,88900,85200,88400,684348,86500,88900,85200,88400,717705,1.0,1.0,1.0,1.0,0.9535226868978202
086790,2025-10-23,87100,89000,86300,87700,636057,87100,89000,86300,87700,652063,1.0,1.0,1.0,1.0,0.9754532920898747
086790,2025-10-24,87800,89000,87500,88000,571288,87800,89000,87500,88000,950790,1.0,1.0,1.0,1.0,0.6008561301654414
086790,2025-10-27,88000,90400,87600,87800,1100469,88000,90400,87600,87800,1213396,1.0,1.0,1.0,1.0,0.9069331034550963
086790,2025-10-28,87300,88300,85600,87900,834870,87300,88300,85600,87900,890280,1.0,1.0,1.0,1.0,0.9377611537943119
086790,2025-10-29,88800,88900,85200,85800,1516526,88800,88900,85200,85800,1715855,1.0,1.0,1.0,1.0,0.8838310929536587
086790,2025-11-03,85100,86200,84900,85600,950021,85100,86200,84900,85600,1083406,1.0,1.0,1.0,1.0,0.8768836428818005
086790,2025-11-27,92900,94900,92800,93300,431508,92900,94900,92800,93300,444042,1.0,1.0,1.0,1.0,0.9717729403975299
086790,2026-01-27,102500,105800,99500,105000,755931,102500,105800,99500,105000,782743,1.0,1.0,1.0,1.0,0.965746100571963
086790,2026-02-03,105800,110700,105600,110200,1015213,105800,110700,105600,110200,1046446,1.0,1.0,1.0,1.0,0.970153261611206
086790,2026-02-04,111900,114400,110000,112500,840547,111900,114400,110000,112500,954897,1.0,1.0,1.0,1.0,0.8802488645372223
086790,2026-02-20,127400,131400,127100,131300,1128102,127400,131400,127100,131300,1186291,1.0,1.0,1.0,1.0,0.9509487975547315
086790,2026-02-27,123000,123200,120200,121800,2013434,123000,123200,120200,121800,2118851,1.0,1.0,1.0,1.0,0.9502480353738889
086790,2026-03-05,114800,116400,109500,111200,1492122,114800,116400,109500,111200,1611752,1.0,1.0,1.0,1.0,0.9257764221790945
086790,2026-03-20,112000,115400,111900,113200,1912943,112000,115400,111900,113200,2141242,1.0,1.0,1.0,1.0,0.8933801036968264
086790,2026-03-25,109800,110700,108000,108700,824446,109800,110700,108000,108700,977916,1.0,1.0,1.0,1.0,0.8430642304656024
086790,2026-03-26,109700,110500,108000,108800,781607,109700,110500,108000,108800,884501,1.0,1.0,1.0,1.0,0.8836700015036727
086790,2026-03-27,105300,110600,104200,110400,728161,105300,110600,104200,110400,853865,1.0,1.0,1.0,1.0,0.8527823484977134
086790,2026-03-31,105500,108300,104100,106600,1066563,105500,108300,104100,106600,1213383,1.0,1.0,1.0,1.0,0.8789994585386477
086790,2026-04-15,122900,124800,120800,121100,738448,122900,124800,120800,121100,797204,1.0,1.0,1.0,1.0,0.9262974094460138
086790,2026-04-21,127400,127400,122700,123000,530110,127400,127400,122700,123000,542994,1.0,1.0,1.0,1.0,0.9762722976681142
086790,2026-04-22,121600,122000,118300,119500,711514,121600,122000,118300,119500,800476,1.0,1.0,1.0,1.0,0.8888636261424453
086790,2026-04-24,121500,123800,120700,123300,694362,121500,123800,120700,123300,796290,1.0,1.0,1.0,1.0,0.8719963832272162
086790,2026-05-19,114300,118800,114000,115300,1001560,114300,118800,114000,115300,1043981,1.0,1.0,1.0,1.0,0.9593661187320459
086790,2026-05-27,119500,121500,117100,118400,648792,119500,121500,117100,118400,705594,1.0,1.0,1.0,1.0,0.9194976147756359
086790,2026-05-29,117500,117500,113100,115100,1481779,117500,117500,113100,115100,1532538,1.0,1.0,1.0,1.0,0.9668791246938085
086790,2026-06-01,114400,118100,113600,113900,811961,114400,118100,113600,113900,1160822,1.0,1.0,1.0,1.0,0.6994707198864253
086790,2026-07-07,124200,126900,123000,126900,920291,124200,126900,123000,126900,940711,1.0,1.0,1.0,1.0,0.978293014539003
086790,2026-07-10,124800,131000,122900,128500,1164368,124800,131000,122900,128500,1189878,1.0,1.0,1.0,1.0,0.9785608272444738
086790,2026-07-14,134800,137600,129200,134000,1388091,134800,137600,129200,134000,1416821,1.0,1.0,1.0,1.0,0.9797222090863984
086790,2026-07-28,126900,129500,121100,123000,1127195,126900,129500,121100,123000,1214425,1.0,1.0,1.0,1.0,0.928171768532433
086790,2026-08-11,130500,130800,127700,127700,563305,130500,130800,127700,127700,616305,1.0,1.0,1.0,1.0,0.9140036183383228
086790,2026-08-18,133100,133100,129200,130700,649925,133100,133100,129200,130700,664537,1.0,1.0,1.0,1.0,0.9780117585627286
086790,2026-08-20,127300,128700,123400,123400,801132,127300,128700,123400,123400,931998,1.0,1.0,1.0,1.0,0.859585535591278
086790,2026-08-28,132400,136100,131700,136000,467329,132400,136100,131700,136000,512718,1.0,1.0,1.0,1.0,0.9114737536033453
086790,2026-09-01,134100,138600,134100,137400,803172,134100,138600,134100,137400,1124738,1.0,1.0,1.0,1.0,0.7140969719170154
086790,2026-09-09,137800,137800,133200,134000,710324,137800,137800,133200,134000,788931,1.0,1.0,1.0,1.0,0.9003626426138661
086790,2026-09-15,138700,139900,136400,137500,517306,138700,139900,136400,137500,567306,1.0,1.0,1.0,1.0,0.9118641438659207
086790,2026-09-18,140200,140200,133000,133700,1040121,140200,140200,133000,133700,1144421,1.0,1.0,1.0,1.0,0.9088622106724711
086790,2026-09-21,134400,136300,133000,135700,420041,134400,135600,133000,135600,184884,1.0,1.0051622418879056,1.0,1.0007374631268438,2.271916444905995
096770,2025-09-30,100700,101600,100300,100500,220479,100700,101600,100300,100500,232533,1.0,1.0,1.0,1.0,0.9481621963334237
096770,2025-12-19,106000,106300,102500,105800,558001,106000,106300,102500,105800,572216,1.0,1.0,1.0,1.0,0.9751579823003901
096770,2026-05-29,117400,119400,113000,119200,806022,117400,119400,113000,119200,959568,1.0,1.0,1.0,1.0,0.8399842429093092
096770,2026-09-18,139900,141500,135300,137000,620079,139900,141500,135300,137000,644322,1.0,1.0,1.0,1.0,0.9623744028606814
096770,2026-09-21,142400,145000,138000,140200,574085,142400,145000,138000,138900,280588,1.0,1.0,1.0,1.0093592512598992,2.046006956819251
105560,2025-09-04,108800,109900,108000,108500,528847,108800,109900,108000,108500,579726,1.0,1.0,1.0,1.0,0.9122361253419718
105560,2025-09-12,119400,119800,117300,119300,974126,119400,119800,117300,119300,1088302,1.0,1.0,1.0,1.0,0.8950879443389794
105560,2025-09-22,117400,118100,115600,116900,614314,117400,118100,115600,116900,629902,1.0,1.0,1.0,1.0,0.9752532933694448
105560,2025-09-25,114900,116500,113800,114300,601748,114900,116500,113800,114300,621748,1.0,1.0,1.0,1.0,0.967832626723367
105560,2025-09-26,113400,113950,111900,112700,789308,113400,113950,111900,112700,852956,1.0,1.0,1.0,1.0,0.9253795037493141
105560,2025-09-29,113800,116100,113500,115700,564125,113800,116100,113500,115700,582740,1.0,1.0,1.0,1.0,0.9680560798984109
105560,2025-09-30,114600,115500,114100,115500,657311,114600,115500,114100,115500,960038,1.0,1.0,1.0,1.0,0.6846718567390041
105560,2025-10-01,114900,116300,114600,116300,639505,114900,116300,114600,116300,714154,1.0,1.0,1.0,1.0,0.8954721250598611
105560,2025-10-02,117000,119300,115300,116800,1277385,117000,119300,115300,116800,1308296,1.0,1.0,1.0,1.0,0.9763730837669763
105560,2025-10-10,113500,115000,111500,112800,1692487,113500,115000,111500,112800,1938571,1.0,1.0,1.0,1.0,0.8730590728944155
105560,2025-10-13,112800,113100,110500,111600,761197,112800,113100,110500,111600,796197,1.0,1.0,1.0,1.0,0.9560410300465839
105560,2025-11-07,128000,128800,122100,123700,1465935,128000,128800,122100,123700,1513815,1.0,1.0,1.0,1.0,0.9683713003240159
105560,2025-11-10,129000,132500,126100,129000,1775323,129000,132500,126100,129000,1910240,1.0,1.0,1.0,1.0,0.9293717019850909
105560,2025-11-11,130000,133500,128600,130700,1455375,130000,133500,128600,130700,1515015,1.0,1.0,1.0,1.0,0.9606340531281868
105560,2025-11-12,129300,135700,129100,134700,1118508,129300,135700,129100,134700,1202883,1.0,1.0,1.0,1.0,0.9298560209097643
105560,2025-11-24,122900,123700,120300,120300,1509730,122900,123700,120300,120300,1596964,1.0,1.0,1.0,1.0,0.9453750992508284
105560,2025-11-25,122500,124300,120400,121700,854744,122500,124300,120400,121700,878115,1.0,1.0,1.0,1.0,0.9733850349897223
105560,2025-12-18,124500,124500,122800,124000,614346,124500,124500,122800,124000,685456,1.0,1.0,1.0,1.0,0.896258840830046
105560,2025-12-19,125200,125800,123200,125200,704770,125200,125800,123200,125200,726248,1.0,1.0,1.0,1.0,0.9704260803472092
105560,2026-01-06,127700,127800,125700,126400,834622,127700,127800,125700,126400,928918,1.0,1.0,1.0,1.0,0.8984883488101211
105560,2026-01-28,141700,143000,136900,137900,1453935,141700,143000,136900,137900,1591428,1.0,1.0,1.0,1.0,0.913604008475407
105560,2026-02-06,143900,154200,140000,149300,3824998,143900,154200,140000,149300,3931844,1.0,1.0,1.0,1.0,0.972825473238511
105560,2026-02-11,155500,165000,155400,164500,1962325,155500,165000,155400,164500,2186027,1.0,1.0,1.0,1.0,0.8976673206689579
105560,2026-02-13,166800,170500,164000,167900,1663556,166800,170500,164000,167900,1772951,1.0,1.0,1.0,1.0,0.9382977871356851
105560,2026-02-27,161100,164200,159000,159000,2626859,161100,164200,159000,159000,2686751,1.0,1.0,1.0,1.0,0.977708392031863
105560,2026-03-18,152400,156300,152300,154700,1261099,152400,156300,152300,154700,1289740,1.0,1.0,1.0,1.0,0.9777931986291811
105560,2026-03-20,154200,158200,153500,155200,1075572,154200,158200,153500,155200,1114958,1.0,1.0,1.0,1.0,0.9646749025523831
105560,2026-03-31,143900,145000,141400,141900,1922601,143900,145000,141400,141900,2259948,1.0,1.0,1.0,1.0,0.8507279813517833
105560,2026-04-01,148000,150000,146600,148300,1527197,148000,150000,146600,148300,1752434,1.0,1.0,1.0,1.0,0.8714719070732478
105560,2026-04-13,156800,158100,155300,156600,861811,156800,158100,155300,156600,889890,1.0,1.0,1.0,1.0,0.9684466619469823
105560,2026-04-15,157400,161000,157400,158200,1480361,157400,161000,157400,158200,1706000,1.0,1.0,1.0,1.0,0.8677379835873388
105560,2026-04-20,166500,166500,160900,160900,677641,166500,166500,160900,160900,747973,1.0,1.0,1.0,1.0,0.9059698678963011
105560,2026-04-29,159300,161100,158000,160600,753275,159300,161100,158000,160600,1014447,1.0,1.0,1.0,1.0,0.742547417459956
105560,2026-04-30,162200,163900,159400,160500,1396269,162200,163900,159400,160500,1640619,1.0,1.0,1.0,1.0,0.851062312456457
105560,2026-05-04,161500,163000,157700,157800,1219686,161500,163000,157700,157800,1452794,1.0,1.0,1.0,1.0,0.8395450421739077
105560,2026-05-07,162300,162300,157900,161200,1259167,162300,162300,157900,161200,1342933,1.0,1.0,1.0,1.0,0.9376245873770322
105560,2026-05-11,161000,163200,158200,158800,1469365,161000,163200,158200,158800,1775411,1.0,1.0,1.0,1.0,0.8276196328624752
105560,2026-05-28,155100,155100,146700,149700,1417757,155100,155100,146700,149700,1497632,1.0,1.0,1.0,1.0,0.9466658030811308
105560,2026-05-29,150100,153500,148200,150600,1907114,150100,153500,148200,150600,2006731,1.0,1.0,1.0,1.0,0.950358568238593
105560,2026-06-01,149100,155500,149100,152100,1248031,149100,155500,149100,152100,1706556,1.0,1.0,1.0,1.0,0.7313155853074848
105560,2026-06-09,157200,157200,151000,154800,1615435,157200,157200,151000,154800,1775435,1.0,1.0,1.0,1.0,0.9098812403720778
105560,2026-07-03,165200,172600,165000,170100,1503222,165200,172600,165000,170100,1562948,1.0,1.0,1.0,1.0,0.9617863166272966
105560,2026-07-08,176200,176600,169200,171000,2085253,176200,176600,169200,171000,2208396,1.0,1.0,1.0,1.0,0.9442387144334621
105560,2026-08-19,165900,166600,159900,166400,890638,165900,166600,159900,166400,912179,1.0,1.0,1.0,1.0,0.9763851173947219
105560,2026-08-20,163600,165300,159800,160000,1282300,163600,165300,159800,160000,1332300,1.0,1.0,1.0,1.0,0.9624709149590933
105560,2026-08-28,166000,171700,164600,171600,822997,166000,171700,164600,171600,880809,1.0,1.0,1.0,1.0,0.9343648850091223
105560,2026-09-01,169100,173200,168900,171200,1293126,169100,173200,168900,171200,1949667,1.0,1.0,1.0,1.0,0.6632548019738755
105560,2026-09-08,177500,179400,173400,173700,582946,177500,179400,173400,173700,599249,1.0,1.0,1.0,1.0,0.97279428084152
105560,2026-09-09,174000,174900,171600,172000,797358,174000,174900,171600,172000,1016424,1.0,1.0,1.0,1.0,0.784473802271493
105560,2026-09-10,173100,174700,171100,173400,1305951,173100,174700,171100,173400,1373825,1.0,1.0,1.0,1.0,0.9505948719815115
105560,2026-09-11,173500,178800,172200,177900,963730,173500,178800,172200,177900,1031770,1.0,1.0,1.0,1.0,0.9340550704129796
105560,2026-09-14,175700,181700,174700,181200,1078469,175700,181700,174700,181200,1105336,1.0,1.0,1.0,1.0,0.9756933638278316
105560,2026-09-18,181500,181600,174900,175700,1085571,181500,181600,174900,175700,1128814,1.0,1.0,1.0,1.0,0.9616916515918478
105560,2026-09-21,175000,178900,174900,177900,676174,175000,178000,174900,177800,289111,1.0,1.0050561797752808,1.0,1.000562429696288,2.3388041271345608
138040,2025-09-09,123200,126100,122000,125900,212250,123200,126100,122000,125900,236285,1.0,1.0,1.0,1.0,0.8982796199504836
138040,2025-09-30,115200,115900,113100,113500,166504,115200,115900,113100,113500,173013,1.0,1.0,1.0,1.0,0.9623785495887592
138040,2025-12-24,109600,110100,108800,109300,180514,109600,110100,108800,109300,199014,1.0,1.0,1.0,1.0,0.9070417156581949
138040,2026-01-14,104000,104100,102200,104100,215422,104000,104100,102200,104100,233922,1.0,1.0,1.0,1.0,0.9209138088764631
138040,2026-02-27,130000,130600,126800,127100,481744,130000,130600,126800,127100,513553,1.0,1.0,1.0,1.0,0.9380609206839411
138040,2026-03-20,111400,114700,110100,110100,413500,111400,114700,110100,110100,443070,1.0,1.0,1.0,1.0,0.9332611099826212
138040,2026-05-29,104100,105100,100200,102900,1032406,104100,105100,100200,102900,1165075,1.0,1.0,1.0,1.0,0.8861283608351394
138040,2026-06-02,107000,107000,103500,106100,277922,107000,107000,103500,106100,314461,1.0,1.0,1.0,1.0,0.8838043509370002
138040,2026-06-18,113100,114700,111500,112200,235064,113100,114700,111500,112200,254920,1.0,1.0,1.0,1.0,0.9221088969088341
138040,2026-07-14,117500,117500,112500,113600,353772,117500,117500,112500,113600,364608,1.0,1.0,1.0,1.0,0.970280410742496
138040,2026-08-31,120100,123800,118000,122200,343055,120100,123800,118000,122200,463575,1.0,1.0,1.0,1.0,0.7400204929083751
138040,2026-09-18,127300,127700,124900,126700,235852,127300,127700,124900,126700,245688,1.0,1.0,1.0,1.0,0.9599654846797564
138040,2026-09-21,125200,129900,125200,129700,168539,125200,129200,125200,129200,52266,1.0,1.0054179566563468,1.0,1.0038699690402477,3.2246393448896034
207940,2025-09-01,1474643,1480530,1464342,1465813,60337,1474643,1480530,1464342,1465813,40998,1.0,1.0,1.0,1.0,1.4717059368749694
207940,2025-09-02,1477587,1482002,1461398,1467285,49992,1477587,1482002,1461398,1467285,33969,1.0,1.0,1.0,1.0,1.4716947805351939
207940,2025-09-03,1464342,1493776,1464342,1489360,46702,1464342,1493776,1464342,1489360,31733,1.0,1.0,1.0,1.0,1.4717171398859232
207940,2025-09-04,1480530,1496719,1480530,1496719,52191,1480530,1496719,1480530,1496719,35463,1.0,1.0,1.0,1.0,1.4717029016157686
207940,2025-09-05,1493776,1517323,1493776,1515851,52479,1493776,1517323,1493776,1515851,35659,1.0,1.0,1.0,1.0,1.4716901763930565
207940,2025-09-08,1518794,1529096,1509964,1517323,32522,1518794,1529096,1509964,1517323,22240,1.0,1.0,1.0,1.0,1.462320143884892
207940,2025-09-09,1549700,1564417,1515851,1532040,73827,1549700,1564417,1515851,1532040,50883,1.0,1.0,1.0,1.0,1.4509168091504039
207940,2025-09-10,1532040,1534983,1517323,1521738,54889,1532040,1534983,1517323,1521738,37296,1.0,1.0,1.0,1.0,1.4717127842127842
207940,2025-09-11,1527625,1546757,1517323,1524681,85557,1527625,1546757,1517323,1524681,70997,1.0,1.0,1.0,1.0,1.2050790878487823
207940,2025-09-12,1526153,1529096,1509964,1527625,78527,1526153,1529096,1509964,1527625,53358,1.0,1.0,1.0,1.0,1.471700588477829
207940,2025-09-15,1518794,1533511,1511436,1530568,64283,1518794,1533511,1511436,1530568,43679,1.0,1.0,1.0,1.0,1.4717140960186816
207940,2025-09-16,1521738,1530568,1518794,1524681,49282,1521738,1530568,1518794,1524681,33486,1.0,1.0,1.0,1.0,1.4717195245774353
207940,2025-09-17,1514379,1521738,1499662,1501134,72067,1514379,1521738,1499662,1501134,48969,1.0,1.0,1.0,1.0,1.4716861688006697
207940,2025-09-18,1505549,1515851,1498191,1514379,51259,1505549,1515851,1498191,1514379,34837,1.0,1.0,1.0,1.0,1.4713953555128167
207940,2025-09-19,1505549,1515851,1501134,1507021,78829,1505549,1515851,1501134,1507021,61970,1.0,1.0,1.0,1.0,1.272050992415685
207940,2025-09-22,1509964,1517323,1496719,1509964,51478,1509964,1517323,1496719,1509964,34985,1.0,1.0,1.0,1.0,1.4714306131199086
207940,2025-09-23,1502606,1540870,1502606,1524681,77378,1502606,1540870,1502606,1524681,56355,1.0,1.0,1.0,1.0,1.373045869931683
207940,2025-09-24,1529096,1539398,1521738,1539398,66255,1529096,1539398,1521738,1539398,48461,1.0,1.0,1.0,1.0,1.3671818575761954
207940,2025-09-25,1537927,1539398,1502606,1504077,78410,1537927,1539398,1502606,1504077,53279,1.0,1.0,1.0,1.0,1.47168678090805
207940,2025-09-26,1486417,1493776,1445209,1471700,94561,1486417,1493776,1445209,1471700,64508,1.0,1.0,1.0,1.0,1.465880200905314
207940,2025-09-29,1477587,1486417,1470228,1476115,58919,1477587,1486417,1470228,1476115,40733,1.0,1.0,1.0,1.0,1.446468465372057
207940,2025-09-30,1471700,1477587,1464342,1467285,82387,1471700,1477587,1464342,1467285,57387,1.0,1.0,1.0,1.0,1.4356387335110739
207940,2025-10-01,1470228,1489360,1470228,1479059,64286,1470228,1489360,1470228,1479059,43681,1.0,1.0,1.0,1.0,1.4717153911311553
207940,2025-10-02,1490832,1498191,1479059,1484945,81957,1490832,1498191,1479059,1484945,56645,1.0,1.0,1.0,1.0,1.446853208579751
207940,2025-10-10,1495247,1504077,1484945,1492304,73825,1495247,1504077,1484945,1492304,50163,1.0,1.0,1.0,1.0,1.4717022506628392
207940,2025-10-13,1492304,1505549,1482002,1501134,83289,1492304,1505549,1482002,1501134,59914,1.0,1.0,1.0,1.0,1.39014253763728
207940,2025-10-14,1486417,1526153,1476115,1511436,92176,1486417,1526153,1476115,1511436,68635,1.0,1.0,1.0,1.0,1.3429882712901582
207940,2025-10-15,1530568,1664493,1526153,1658606,340524,1530568,1664493,1526153,1658606,231777,1.0,1.0,1.0,1.0,1.469188055760494
207940,2025-10-16,1643889,1668908,1640946,1667436,78400,1643889,1668908,1640946,1667436,53272,1.0,1.0,1.0,1.0,1.4716924463132603
207940,2025-10-17,1658606,1667436,1633587,1643889,77545,1658606,1667436,1633587,1643889,52691,1.0,1.0,1.0,1.0,1.4716934580858212
207940,2025-10-20,1649776,1695398,1645361,1670380,102225,1649776,1695398,1645361,1670380,69460,1.0,1.0,1.0,1.0,1.471710336884538
207940,2025-10-21,1673323,1692455,1660078,1683625,85856,1673323,1692455,1660078,1683625,58445,1.0,1.0,1.0,1.0,1.4690050474805372
207940,2025-10-22,1682153,1745436,1674795,1726304,91327,1682153,1745436,1674795,1726304,62055,1.0,1.0,1.0,1.0,1.4717105793247924
207940,2025-10-23,1710115,1732191,1693927,1710115,69507,1710115,1732191,1693927,1710115,47229,1.0,1.0,1.0,1.0,1.4717017086959283
207940,2025-10-24,1733663,1757210,1723361,1733663,60619,1733663,1757210,1723361,1733663,41190,1.0,1.0,1.0,1.0,1.4716921582908473
207940,2025-10-27,1745436,1782229,1743965,1777814,109054,1745436,1782229,1743965,1777814,74101,1.0,1.0,1.0,1.0,1.4716940392167448
207940,2025-10-28,1829323,1861701,1779285,1813134,162619,1829323,1861701,1779285,1813134,110857,1.0,1.0,1.0,1.0,1.4669258594405405
207940,2025-10-29,1835210,1848455,1780757,1796946,281666,1835210,1848455,1780757,1796946,191388,1.0,1.0,1.0,1.0,1.4717014650866302
207940,2025-11-24,1797000,1841000,1650000,1789000,533491,1797000,1841000,1650000,1789000,560815,1.0,1.0,1.0,1.0,0.9512780506940791
207940,2025-11-26,1640000,1681000,1600000,1651000,112416,1640000,1681000,1600000,1651000,115530,1.0,1.0,1.0,1.0,0.9730459620877694
207940,2025-11-27,1662000,1687000,1640000,1646000,62049,1662000,1687000,1640000,1646000,70847,1.0,1.0,1.0,1.0,0.875816901209649
207940,2025-12-10,1657000,1674000,1637000,1665000,31930,1657000,1674000,1637000,1665000,34891,1.0,1.0,1.0,1.0,0.9151357083488578
207940,2025-12-11,1666000,1693000,1661000,1669000,55438,1666000,1693000,1661000,1669000,60950,1.0,1.0,1.0,1.0,0.9095652173913044
207940,2026-01-09,1875000,1879000,1834000,1878000,64900,1875000,1879000,1834000,1878000,70385,1.0,1.0,1.0,1.0,0.9220714640903601
207940,2026-01-14,1924000,1948000,1912000,1927000,76904,1924000,1948000,1912000,1927000,86681,1.0,1.0,1.0,1.0,0.887207115746242
207940,2026-01-19,1927000,1940000,1900000,1921000,37849,1927000,1940000,1900000,1921000,44904,1.0,1.0,1.0,1.0,0.8428870479244611
207940,2026-01-23,1794000,1808000,1790000,1802000,59529,1794000,1808000,1790000,1802000,62438,1.0,1.0,1.0,1.0,0.9534097825042442
207940,2026-02-04,1755000,1778000,1745000,1759000,54087,1755000,1778000,1745000,1759000,55355,1.0,1.0,1.0,1.0,0.977093306837684
207940,2026-02-23,1741000,1757000,1713000,1717000,64301,1741000,1757000,1713000,1717000,67316,1.0,1.0,1.0,1.0,0.9552112424980688
207940,2026-02-26,1728000,1775000,1728000,1766000,81537,1728000,1775000,1728000,1766000,88413,1.0,1.0,1.0,1.0,0.9222286315360864
207940,2026-02-27,1760000,1778000,1741000,1778000,94720,1760000,1778000,1741000,1778000,97725,1.0,1.0,1.0,1.0,0.9692504476848299
207940,2026-03-12,1650000,1650000,1610000,1625000,61536,1650000,1650000,1610000,1625000,63692,1.0,1.0,1.0,1.0,0.9661495949255794
207940,2026-03-13,1589000,1599000,1575000,1592000,38355,1589000,1599000,1575000,1592000,42424,1.0,1.0,1.0,1.0,0.9040873090703375
207940,2026-03-30,1537000,1550000,1522000,1530000,29413,1537000,1550000,1522000,1530000,34318,1.0,1.0,1.0,1.0,0.8570720904481614
207940,2026-03-31,1515000,1588000,1480000,1504000,77214,1515000,1588000,1480000,1504000,82617,1.0,1.0,1.0,1.0,0.9346018373942409
207940,2026-04-24,1525000,1533000,1514000,1528000,50720,1525000,1533000,1514000,1528000,59422,1.0,1.0,1.0,1.0,0.8535559220490727
207940,2026-04-27,1528000,1529000,1509000,1509000,83021,1528000,1529000,1509000,1509000,88430,1.0,1.0,1.0,1.0,0.9388329752346489
207940,2026-05-19,1375000,1382000,1336000,1346000,65416,1375000,1382000,1336000,1346000,68759,1.0,1.0,1.0,1.0,0.9513809101354005
207940,2026-05-29,1379000,1386000,1336000,1363000,125269,1379000,1386000,1336000,1363000,128284,1.0,1.0,1.0,1.0,0.9764974587633688
207940,2026-06-19,1442000,1443000,1346000,1374000,96783,1442000,1443000,1346000,1374000,99207,1.0,1.0,1.0,1.0,0.9755662402854637
207940,2026-07-10,1350000,1415000,1333000,1395000,42800,1350000,1415000,1333000,1395000,43685,1.0,1.0,1.0,1.0,0.9797413299759643
207940,2026-08-11,1571000,1623000,1567000,1609000,61758,1571000,1623000,1567000,1609000,69856,1.0,1.0,1.0,1.0,0.8840758131012368
207940,2026-08-28,1507000,1540000,1480000,1486000,107486,1507000,1540000,1480000,1486000,111160,1.0,1.0,1.0,1.0,0.9669485426412379
207940,2026-08-31,1481000,1518000,1448000,1518000,71847,1481000,1518000,1448000,1518000,86767,1.0,1.0,1.0,1.0,0.8280452245669436
207940,2026-09-18,1407000,1414000,1386000,1399000,32905,1407000,1414000,1386000,1399000,34673,1.0,1.0,1.0,1.0,0.9490093156058028
207940,2026-09-21,1398000,1410000,1389000,1403000,30134,1398000,1407000,1393000,1403000,6557,1.0,1.0021321961620469,0.9971284996410624,1.0,4.595699252707031
267250,2025-09-24,159000,159200,153000,154600,130048,159000,159200,153000,154600,132772,1.0,1.0,1.0,1.0,0.9794836260657368
267250,2025-09-26,151200,153900,148100,150600,154096,151200,153900,148100,150600,162813,1.0,1.0,1.0,1.0,0.9464600492589658
267250,2025-09-30,155200,156500,153000,155400,149607,155200,156500,153000,155400,154789,1.0,1.0,1.0,1.0,0.96652216888797
267250,2025-10-13,158400,158400,152700,156600,182218,158400,158400,152700,156600,196106,1.0,1.0,1.0,1.0,0.9291811571293076
267250,2025-10-16,157000,161600,156900,160000,202255,157000,161600,156900,160000,222255,1.0,1.0,1.0,1.0,0.9100132730422262
267250,2025-12-19,191200,198800,189400,198800,348787,191200,198800,189400,198800,380303,1.0,1.0,1.0,1.0,0.9171292364246404
267250,2026-01-09,199300,206000,197100,205000,196250,199300,206000,197100,205000,200441,1.0,1.0,1.0,1.0,0.9790911041154254
267250,2026-02-27,291500,297500,287500,292500,278026,291500,297500,287500,292500,285668,1.0,1.0,1.0,1.0,0.973248666283938
267250,2026-03-20,264000,269500,261500,265500,207240,264000,269500,261500,265500,212777,1.0,1.0,1.0,1.0,0.9739774505703154
267250,2026-04-10,258000,261500,250500,252000,79597,258000,261500,250500,252000,84217,1.0,1.0,1.0,1.0,0.9451417172304879
267250,2026-05-29,281000,282000,266500,277500,305523,281000,282000,266500,277500,358725,1.0,1.0,1.0,1.0,0.8516914070666946
267250,2026-06-17,272500,279000,262000,262500,133998,272500,279000,262000,262500,142344,1.0,1.0,1.0,1.0,0.9413673916708818
267250,2026-06-19,240500,242000,228000,230500,387019,240500,242000,228000,230500,405986,1.0,1.0,1.0,1.0,0.9532816402536048
267250,2026-07-01,205500,210000,198800,210000,162123,205500,210000,198800,210000,166890,1.0,1.0,1.0,1.0,0.9714362753909761
267250,2026-07-24,225000,231500,221000,222500,200239,225000,231500,221000,222500,207530,1.0,1.0,1.0,1.0,0.9648677299667517
267250,2026-08-28,214000,223000,213500,218000,87891,214000,223000,213500,218000,89729,1.0,1.0,1.0,1.0,0.9795160984742948
267250,2026-09-08,248000,252500,243500,246500,129805,248000,252500,243500,246500,137390,1.0,1.0,1.0,1.0,0.9447921973942791
267250,2026-09-15,239500,244500,224000,226000,157358,239500,244500,224000,226000,162139,1.0,1.0,1.0,1.0,0.9705129549337297
267250,2026-09-21,213000,215500,205000,211000,128619,213000,215500,205000,211500,62314,1.0,1.0,1.0,0.9976359338061466,2.0640466026896043
267260,2025-09-15,585000,606000,583000,594000,114118,585000,606000,583000,594000,117675,1.0,1.0,1.0,1.0,0.9697726789887402
267260,2025-09-19,591000,593000,576000,582000,177227,591000,593000,576000,582000,183897,1.0,1.0,1.0,1.0,0.9637296965148969
267260,2025-09-24,600000,607000,587000,588000,110001,600000,607000,587000,588000,128270,1.0,1.0,1.0,1.0,0.8575738676229828
267260,2025-09-30,577000,590000,574000,582000,108624,577000,590000,574000,582000,118742,1.0,1.0,1.0,1.0,0.9147900490138283
267260,2025-10-13,649000,675000,646000,666000,159347,649000,675000,646000,666000,166970,1.0,1.0,1.0,1.0,0.9543450919326825
267260,2025-10-28,833000,845500,820000,839000,191039,833000,845500,820000,839000,198413,1.0,1.0,1.0,1.0,0.9628350964906534
267260,2025-10-29,841000,873000,832000,852000,176782,841000,873000,832000,852000,187101,1.0,1.0,1.0,1.0,0.9448479698130956
267260,2025-11-06,896000,907000,854000,875000,263595,896000,907000,854000,875000,269245,1.0,1.0,1.0,1.0,0.9790153949005552
267260,2025-11-11,880000,893000,846000,860000,217681,880000,893000,846000,860000,223542,1.0,1.0,1.0,1.0,0.9737812133737732
267260,2025-11-28,802000,802000,764000,775000,117717,802000,802000,764000,775000,120269,1.0,1.0,1.0,1.0,0.9787808994836574
267260,2025-12-15,839000,851000,824000,830000,119624,839000,851000,824000,830000,123407,1.0,1.0,1.0,1.0,0.9693453369744017
267260,2025-12-17,834000,837000,818000,822000,80327,834000,837000,818000,822000,83310,1.0,1.0,1.0,1.0,0.9641939743128076
267260,2025-12-29,755000,793000,755000,788000,90684,755000,793000,755000,788000,95408,1.0,1.0,1.0,1.0,0.9504863323830287
267260,2026-01-07,825000,830000,814000,821000,198602,825000,830000,814000,821000,233958,1.0,1.0,1.0,1.0,0.8488788585985518
267260,2026-01-08,812000,868000,812000,862000,214004,812000,868000,812000,862000,219304,1.0,1.0,1.0,1.0,0.9758326341516799
267260,2026-01-19,909000,934000,906000,918000,152533,909000,934000,906000,918000,168381,1.0,1.0,1.0,1.0,0.9058801171153515
267260,2026-02-20,967000,1012000,966000,1011000,163223,967000,1012000,966000,1011000,167876,1.0,1.0,1.0,1.0,0.9722831137267983
267260,2026-02-27,1088000,1109000,1041000,1050000,330900,1088000,1109000,1041000,1050000,340891,1.0,1.0,1.0,1.0,0.9706915113628697
267260,2026-03-05,985000,1007000,962000,984000,214716,985000,1007000,962000,984000,220416,1.0,1.0,1.0,1.0,0.9741398083623694
267260,2026-03-31,853000,870000,830000,832000,156485,853000,870000,830000,832000,194755,1.0,1.0,1.0,1.0,0.8034967009832867
267260,2026-04-22,1066000,1090000,1034000,1090000,145221,1066000,1090000,1034000,1090000,157761,1.0,1.0,1.0,1.0,0.9205126742350771
267260,2026-05-21,1119000,1150000,1090000,1136000,180756,1119000,1150000,1090000,1136000,187394,1.0,1.0,1.0,1.0,0.9645773077046224
267260,2026-05-29,1089000,1090000,1010000,1053000,256860,1089000,1090000,1010000,1053000,275081,1.0,1.0,1.0,1.0,0.9337613284814291
267260,2026-06-01,1054000,1112000,1037000,1066000,178531,1054000,1112000,1037000,1066000,223784,1.0,1.0,1.0,1.0,0.7977826833017553
267260,2026-06-04,1017000,1031000,996000,999000,256067,1017000,1031000,996000,999000,301379,1.0,1.0,1.0,1.0,0.8496511037597179
267260,2026-06-16,1212000,1213000,1107000,1114000,178965,1212000,1213000,1107000,1114000,183143,1.0,1.0,1.0,1.0,0.9771872252829756
267260,2026-06-17,1139000,1150000,1092000,1120000,132964,1139000,1150000,1092000,1120000,161117,1.0,1.0,1.0,1.0,0.8252636282949658
267260,2026-06-22,1070000,1082000,1033000,1033000,142725,1070000,1082000,1033000,1033000,145696,1.0,1.0,1.0,1.0,0.9796082253459257
267260,2026-06-23,1055000,1103000,949000,949000,189398,1055000,1103000,949000,949000,227332,1.0,1.0,1.0,1.0,0.8331339186740098
267260,2026-06-30,972000,990000,924000,972000,180057,972000,990000,924000,972000,186740,1.0,1.0,1.0,1.0,0.9642122737495984
267260,2026-07-30,591000,621000,568000,583000,373108,591000,621000,568000,583000,393134,1.0,1.0,1.0,1.0,0.9490606256390951
267260,2026-08-11,759000,759000,731000,739000,73171,759000,759000,731000,739000,86122,1.0,1.0,1.0,1.0,0.849620306077425
267260,2026-08-12,765000,784000,749000,782000,98312,765000,784000,749000,782000,109295,1.0,1.0,1.0,1.0,0.8995104991079189
267260,2026-08-25,707000,719000,673000,719000,138655,707000,719000,673000,719000,141749,1.0,1.0,1.0,1.0,0.978172685521591
267260,2026-08-28,815000,854000,801000,814000,175926,815000,854000,801000,814000,211318,1.0,1.0,1.0,1.0,0.8325178167501112
267260,2026-08-31,799000,799000,767000,781000,132563,799000,799000,767000,781000,143310,1.0,1.0,1.0,1.0,0.92500872235015
267260,2026-09-01,776000,779000,739000,769000,108758,776000,779000,739000,769000,133074,1.0,1.0,1.0,1.0,0.8172745990952403
267260,2026-09-03,723000,725000,691000,706000,155053,723000,725000,691000,706000,209571,1.0,1.0,1.0,1.0,0.7398590453831876
267260,2026-09-16,711000,719000,700000,709000,97381,711000,719000,700000,709000,100599,1.0,1.0,1.0,1.0,0.9680116104533842
267260,2026-09-21,725000,732000,712000,722000,54950,725000,732000,715000,717000,21677,1.0,1.0,0.9958041958041958,1.0069735006973501,2.534944872445449
298040,2025-09-19,1390000,1424000,1374000,1424000,118862,1390000,1424000,1374000,1424000,144336,1.0,1.0,1.0,1.0,0.8235090344751136
298040,2025-09-30,1337000,1353000,1326000,1340000,38291,1337000,1353000,1326000,1340000,39367,1.0,1.0,1.0,1.0,0.972667462595575
298040,2025-10-01,1361000,1403000,1354000,1375000,50423,1361000,1403000,1354000,1375000,51494,1.0,1.0,1.0,1.0,0.9792014603643143
298040,2025-12-09,1969000,1981000,1922000,1948000,32154,1969000,1981000,1922000,1948000,33374,1.0,1.0,1.0,1.0,0.963444597590939
298040,2025-12-29,1740000,1847000,1736000,1840000,64661,1740000,1847000,1736000,1840000,69161,1.0,1.0,1.0,1.0,0.9349344283628056
298040,2026-01-26,2356000,2429000,2311000,2344000,66115,2356000,2429000,2311000,2344000,68867,1.0,1.0,1.0,1.0,0.9600389155909216
298040,2026-01-27,2299000,2400000,2200000,2387000,84885,2299000,2400000,2200000,2387000,88584,1.0,1.0,1.0,1.0,0.958243023570848
298040,2026-02-26,2773000,2941000,2751000,2898000,57682,2773000,2941000,2751000,2898000,63250,1.0,1.0,1.0,1.0,0.9119683794466403
298040,2026-03-20,2764000,2777000,2701000,2735000,33291,2764000,2777000,2701000,2735000,34145,1.0,1.0,1.0,1.0,0.9749890174256846
298040,2026-03-31,2442000,2591000,2400000,2456000,41898,2442000,2591000,2400000,2456000,44474,1.0,1.0,1.0,1.0,0.9420785177856725
298040,2026-05-06,4247000,4640000,4231000,4597000,99956,4247000,4640000,4231000,4597000,107956,1.0,1.0,1.0,1.0,0.9258957352995665
298040,2026-05-07,4598000,4742000,4393000,4601000,78488,4598000,4742000,4393000,4601000,82388,1.0,1.0,1.0,1.0,0.9526630091760936
298040,2026-05-11,4438000,4480000,4300000,4333000,54480,4438000,4480000,4300000,4333000,61480,1.0,1.0,1.0,1.0,0.8861418347430059
298040,2026-05-18,3718000,3850000,3511000,3730000,54945,3718000,3850000,3511000,3730000,56866,1.0,1.0,1.0,1.0,0.9662188302324763
298040,2026-05-26,4080000,4085000,3831000,3834000,58777,4080000,4085000,3831000,3834000,62487,1.0,1.0,1.0,1.0,0.9406276505513147
298040,2026-05-29,3699000,3740000,3565000,3685000,77915,3699000,3740000,3565000,3685000,85185,1.0,1.0,1.0,1.0,0.9146563362094265
298040,2026-06-23,3939000,4169000,3569000,3616000,75142,3939000,4169000,3569000,3616000,83052,1.0,1.0,1.0,1.0,0.90475846457641
298040,2026-07-08,2733000,2795000,2640000,2689000,90375,2733000,2795000,2640000,2689000,100722,1.0,1.0,1.0,1.0,0.8972716983379997
298040,2026-07-10,2934000,2989000,2821000,2924000,32056,2934000,2989000,2821000,2924000,47056,1.0,1.0,1.0,1.0,0.6812308738524312
298040,2026-07-24,2866000,2886000,2641000,2681000,42289,2866000,2886000,2641000,2681000,44292,1.0,1.0,1.0,1.0,0.9547773864354737
298040,2026-07-30,1956000,2082000,1834000,1894000,110627,1956000,2082000,1834000,1894000,116554,1.0,1.0,1.0,1.0,0.9491480343874942
298040,2026-09-01,2964000,2964000,2876000,2916000,26878,2964000,2964000,2876000,2916000,28437,1.0,1.0,1.0,1.0,0.9451770580581637
298040,2026-09-02,2782000,2900000,2765000,2765000,36254,2782000,2900000,2765000,2765000,37015,1.0,1.0,1.0,1.0,0.9794407672565176
298040,2026-09-18,2926000,2949000,2879000,2888000,50247,2926000,2949000,2879000,2888000,51461,1.0,1.0,1.0,1.0,0.9764093196789801
298040,2026-09-21,2905000,2967000,2890000,2918000,28410,2905000,2967000,2897000,2906000,11957,1.0,1.0,0.9975837072833966,1.0041293874741912,2.3760140503470772
316140,2025-09-16,26600,26950,26350,26750,2058279,26600,26950,26350,26750,2606875,1.0,1.0,1.0,1.0,0.7895579956844881
316140,2025-09-19,26100,26850,26000,26850,3349257,26100,26850,26000,26850,3726019,1.0,1.0,1.0,1.0,0.8988835000572998
316140,2025-09-24,26550,26650,26300,26650,1292731,26550,26650,26300,26650,1457574,1.0,1.0,1.0,1.0,0.8869059135248022
316140,2025-09-25,26450,26850,26400,26750,2014422,26450,26850,26400,26750,2066869,1.0,1.0,1.0,1.0,0.9746249036586256
316140,2025-09-26,26500,26550,26000,26200,2068697,26500,26550,26000,26200,2175325,1.0,1.0,1.0,1.0,0.950982956569708
316140,2025-09-30,26800,26800,25850,25950,1628958,26800,26800,25850,25950,2031747,1.0,1.0,1.0,1.0,0.8017523835398798
316140,2025-10-10,26250,26250,25300,25350,2363089,26250,26250,25300,25350,2432041,1.0,1.0,1.0,1.0,0.9716485042809723
316140,2025-10-22,26000,26300,25750,26200,953056,26000,26300,25750,26200,1803056,1.0,1.0,1.0,1.0,0.5285781473232113
316140,2025-10-29,26150,26200,25300,25500,1792319,26150,26200,25300,25500,1890431,1.0,1.0,1.0,1.0,0.9481007241205841
316140,2025-10-30,25300,26100,25300,25500,2384741,25300,26100,25300,25500,2588281,1.0,1.0,1.0,1.0,0.9213609341489584
316140,2025-10-31,25700,25750,25350,25400,1932629,25700,25750,25350,25400,2130997,1.0,1.0,1.0,1.0,0.9069130552506643
316140,2025-11-04,25400,26450,25300,26250,4115393,25400,26450,25300,26250,4315395,1.0,1.0,1.0,1.0,0.9536538370183958
316140,2025-11-24,26200,26350,25700,25800,4536552,26200,26350,25700,25800,4885450,1.0,1.0,1.0,1.0,0.928584265523135
316140,2026-01-13,27550,27900,27350,27850,1409342,27550,27900,27350,27850,1439342,1.0,1.0,1.0,1.0,0.9791571426387892
316140,2026-02-27,37500,37550,36000,36000,7091426,37500,37550,36000,36000,7692213,1.0,1.0,1.0,1.0,0.9218967285487284
316140,2026-03-10,33100,33100,31350,32100,2981523,33100,33100,31350,32100,3055072,1.0,1.0,1.0,1.0,0.9759256082999026
316140,2026-03-17,32850,33000,32300,32600,1709995,32850,33000,32300,32600,1829463,1.0,1.0,1.0,1.0,0.9346977774352364
316140,2026-03-20,33650,34600,33350,33900,6072233,33650,34600,33350,33900,6724512,1.0,1.0,1.0,1.0,0.902999801323873
316140,2026-03-31,32000,32550,31550,32050,1862782,32000,32550,31550,32050,2204580,1.0,1.0,1.0,1.0,0.8449600377396148
316140,2026-05-29,30350,30500,29200,29700,5057275,30350,30500,29200,29700,5319842,1.0,1.0,1.0,1.0,0.9506438349108864
316140,2026-06-01,29700,30550,29400,29400,2327102,29700,30550,29400,29400,2768334,1.0,1.0,1.0,1.0,0.8406146079194201
316140,2026-06-09,29050,30500,28550,30000,2768225,29050,30500,28550,30000,4475243,1.0,1.0,1.0,1.0,0.6185641762916562
316140,2026-06-11,29400,30300,28950,30150,2560524,29400,30300,28950,30150,3184596,1.0,1.0,1.0,1.0,0.8040341694833505
316140,2026-06-26,29000,29050,27500,28350,2217212,29000,29050,27500,28350,2382229,1.0,1.0,1.0,1.0,0.930730001187963
316140,2026-06-30,29050,29550,28650,29000,3177337,29050,29550,28650,29000,3275950,1.0,1.0,1.0,1.0,0.9698978922144721
316140,2026-07-16,31800,32300,30600,31500,1990997,31800,32300,30600,31500,2042896,1.0,1.0,1.0,1.0,0.974595378325671
316140,2026-07-31,33250,33850,32400,33600,2865859,33250,33850,32400,33600,2961776,1.0,1.0,1.0,1.0,0.9676150390846573
316140,2026-08-31,34150,34350,33450,33800,3078538,34150,34350,33450,33800,3299430,1.0,1.0,1.0,1.0,0.9330514664654198
316140,2026-09-01,33450,34600,33350,34550,1804911,33450,34600,33350,34550,2086698,1.0,1.0,1.0,1.0,0.8649603344614314
316140,2026-09-03,34350,35600,33900,34650,4178024,34350,35600,33900,34650,18186793,1.0,1.0,1.0,1.0,0.22972846284663823
316140,2026-09-15,36350,36750,35750,36300,2625591,36350,36750,35750,36300,2732382,1.0,1.0,1.0,1.0,0.9609165189933179
316140,2026-09-18,37050,37050,35850,36150,3330552,37050,37050,35850,36150,3571874,1.0,1.0,1.0,1.0,0.9324382662994272
316140,2026-09-21,36300,36650,36000,36450,1150058,36300,36500,36000,36400,446132,1.0,1.0041095890410958,1.0,1.0013736263736264,2.577842432284615
329180,2025-10-20,508000,515000,504000,512000,133308,508000,515000,504000,512000,144443,1.0,1.0,1.0,1.0,0.9229107675692142
329180,2025-11-24,558000,560000,532000,552000,633096,558000,560000,532000,552000,670360,1.0,1.0,1.0,1.0,0.9444119577540426
329180,2025-11-26,557000,567000,544000,554000,904507,557000,567000,544000,554000,984466,1.0,1.0,1.0,1.0,0.9187793179246414
329180,2025-12-16,545000,549000,522000,524000,222566,545000,549000,522000,524000,239050,1.0,1.0,1.0,1.0,0.9310437147040368
329180,2025-12-17,528000,529000,514000,519000,176242,528000,529000,514000,519000,254731,1.0,1.0,1.0,1.0,0.6918749582893327
329180,2025-12-24,545000,545000,518000,519000,163047,545000,545000,518000,519000,196058,1.0,1.0,1.0,1.0,0.8316263554662395
329180,2025-12-29,507000,523000,507000,523000,112230,507000,523000,507000,523000,151926,1.0,1.0,1.0,1.0,0.7387149006753287
329180,2026-01-09,583000,609000,579000,609000,297118,583000,609000,579000,609000,309982,1.0,1.0,1.0,1.0,0.9585008161764231
329180,2026-02-10,547000,551000,525000,534000,339930,547000,551000,525000,534000,379930,1.0,1.0,1.0,1.0,0.8947174479509383
329180,2026-02-24,599000,600000,583000,596000,206060,599000,600000,583000,596000,281793,1.0,1.0,1.0,1.0,0.7312459855283843
329180,2026-02-27,599000,620000,595000,603000,410751,599000,620000,595000,603000,424522,1.0,1.0,1.0,1.0,0.9675611629079294
329180,2026-03-31,480000,488000,463500,465000,235669,480000,488000,463500,465000,285931,1.0,1.0,1.0,1.0,0.8242163319122445
329180,2026-04-01,456500,460500,428000,451500,1116786,456500,460500,428000,451500,1929070,1.0,1.0,1.0,1.0,0.5789245595027656
329180,2026-04-02,467000,468500,435000,439000,633888,467000,468500,435000,439000,662311,1.0,1.0,1.0,1.0,0.9570851156027909
329180,2026-04-23,638000,656000,613000,641000,877390,638000,656000,613000,641000,907417,1.0,1.0,1.0,1.0,0.9669093702233923
329180,2026-05-06,679000,679000,644000,648000,599336,679000,679000,644000,648000,649003,1.0,1.0,1.0,1.0,0.923471848358174
329180,2026-05-26,696000,763000,689000,745000,686849,696000,763000,689000,745000,728849,1.0,1.0,1.0,1.0,0.942374895211491
329180,2026-05-29,720000,723000,690000,696000,759344,720000,723000,690000,696000,817753,1.0,1.0,1.0,1.0,0.9285737869503383
329180,2026-06-05,649000,679000,645000,664000,344815,649000,679000,645000,664000,384815,1.0,1.0,1.0,1.0,0.8960539480009875
329180,2026-07-14,486000,486500,453000,466000,511104,486000,486500,453000,466000,525151,1.0,1.0,1.0,1.0,0.9732515029010703
329180,2026-07-20,477500,479500,445000,448500,279118,477500,479500,445000,448500,288950,1.0,1.0,1.0,1.0,0.9659733517909673
329180,2026-07-30,425500,465000,425500,448000,328402,425500,465000,425500,448000,344404,1.0,1.0,1.0,1.0,0.9535371250043554
329180,2026-08-27,469000,473000,461000,470000,176850,469000,473000,461000,470000,180472,1.0,1.0,1.0,1.0,0.9799304047165212
329180,2026-08-28,470500,480000,451000,457000,224543,470500,480000,451000,457000,231182,1.0,1.0,1.0,1.0,0.9712823662741908
329180,2026-08-31,448000,452000,434000,449500,161433,448000,452000,434000,449500,166660,1.0,1.0,1.0,1.0,0.9686367454698188
329180,2026-09-02,437500,440000,421000,422000,240429,437500,440000,421000,422000,250192,1.0,1.0,1.0,1.0,0.9609779689198695
329180,2026-09-11,452000,491000,440500,479000,689463,452000,491000,440500,479000,718908,1.0,1.0,1.0,1.0,0.9590420471047756
329180,2026-09-17,447000,477500,446500,470000,272861,447000,477500,446500,470000,278969,1.0,1.0,1.0,1.0,0.9781050941143998
329180,2026-09-18,468000,469500,455000,462000,195094,468000,469500,455000,462000,201152,1.0,1.0,1.0,1.0,0.9698834712058543
329180,2026-09-21,457500,460000,445000,452000,212050,457500,460000,450000,451000,53959,1.0,1.0,0.9888888888888889,1.0022172949002217,3.929835615930614
373220,2025-09-30,348500,355000,346500,347500,120050,348500,355000,346500,347500,138045,1.0,1.0,1.0,1.0,0.8696439566807925
373220,2025-10-02,350000,399000,347500,399000,445538,350000,399000,347500,399000,644612,1.0,1.0,1.0,1.0,0.691172364150838
373220,2025-10-16,385500,421000,385500,420500,854761,385500,421000,385500,420500,874761,1.0,1.0,1.0,1.0,0.9771366121717818
373220,2025-10-20,433000,435000,421000,432500,368537,433000,435000,421000,432500,382756,1.0,1.0,1.0,1.0,0.962851006907795
373220,2026-02-25,417500,429000,409000,426000,547105,417500,429000,409000,426000,650523,1.0,1.0,1.0,1.0,0.84102329971423
373220,2026-02-27,420000,434000,415500,427000,572442,420000,434000,415500,427000,591387,1.0,1.0,1.0,1.0,0.9679651395786515
373220,2026-03-03,414500,418000,389000,393000,477706,414500,418000,389000,393000,489727,1.0,1.0,1.0,1.0,0.9754536711269748
373220,2026-03-31,406000,410000,390500,394500,496484,406000,410000,390500,394500,518297,1.0,1.0,1.0,1.0,0.9579140917273301
373220,2026-05-29,444500,465000,432000,458000,1260566,444500,465000,432000,458000,1287237,1.0,1.0,1.0,1.0,0.9792804277689345
373220,2026-08-11,365000,371500,352500,354500,269329,365000,371500,352500,354500,279255,1.0,1.0,1.0,1.0,0.9644554260442965
373220,2026-08-28,364000,373500,360500,370000,237876,364000,373500,360500,370000,242978,1.0,1.0,1.0,1.0,0.9790022141922314
373220,2026-08-31,368000,381000,365000,378000,416481,368000,381000,365000,378000,425288,1.0,1.0,1.0,1.0,0.9792916799909708
373220,2026-09-21,365000,365500,351500,355500,314679,365000,365500,351500,353500,147329,1.0,1.0,1.0,1.0056577086280056,2.1358931371284675
402340,2025-09-03,143600,145500,141500,143900,196578,143600,145500,141500,143900,211578,1.0,1.0,1.0,1.0,0.9291041601678813
402340,2025-09-04,144000,151600,144000,149400,290036,144000,151600,144000,149400,311683,1.0,1.0,1.0,1.0,0.9305480247559219
402340,2025-09-09,155000,163400,154500,162000,584207,155000,163400,154500,162000,668427,1.0,1.0,1.0,1.0,0.8740026958815248
402340,2025-09-10,167900,175200,166500,174300,892746,167900,175200,166500,174300,948822,1.0,1.0,1.0,1.0,0.9408993467689408
402340,2025-09-15,197200,201000,191200,200500,502038,197200,201000,191200,200500,548068,1.0,1.0,1.0,1.0,0.9160140712466336
402340,2025-09-16,198300,210500,197300,206000,569553,198300,210500,197300,206000,594560,1.0,1.0,1.0,1.0,0.9579403256189452
402340,2025-09-17,200000,207000,199500,200500,694395,200000,207000,199500,200500,719626,1.0,1.0,1.0,1.0,0.9649387320635997
402340,2025-09-18,201000,210000,197100,208500,566173,201000,210000,197100,208500,591173,1.0,1.0,1.0,1.0,0.9577111945234306
402340,2025-09-24,220500,225000,212000,217500,570865,220500,225000,212000,217500,594973,1.0,1.0,1.0,1.0,0.9594805142418228
402340,2025-09-26,203500,208000,194900,195300,725128,203500,208000,194900,195300,823131,1.0,1.0,1.0,1.0,0.8809387570143756
402340,2025-09-30,196200,204000,196000,201500,389880,196200,204000,196000,201500,409786,1.0,1.0,1.0,1.0,0.9514234258857062
402340,2025-11-06,266000,279000,250000,270000,596222,266000,279000,250000,270000,652957,1.0,1.0,1.0,1.0,0.9131106642550735
402340,2025-11-07,270000,282000,261000,279000,514587,270000,282000,261000,279000,546490,1.0,1.0,1.0,1.0,0.9416219875935515
402340,2025-11-11,312000,327000,307000,311500,1063841,312000,327000,307000,311500,1187646,1.0,1.0,1.0,1.0,0.8957559744233551
402340,2025-11-17,300000,313000,295500,304500,467991,300000,313000,295500,304500,498174,1.0,1.0,1.0,1.0,0.9394127353093498
402340,2025-11-20,300500,311000,292500,293500,660072,300500,311000,292500,293500,673727,1.0,1.0,1.0,1.0,0.9797321467003698
402340,2025-11-21,275000,276500,263500,266000,584899,275000,276500,263500,266000,654899,1.0,1.0,1.0,1.0,0.8931132892247506
402340,2025-11-24,272500,284000,265500,276000,1043597,272500,284000,265500,276000,1074605,1.0,1.0,1.0,1.0,0.9711447462090722
402340,2025-11-25,293500,305000,289000,290500,684902,293500,305000,289000,290500,710228,1.0,1.0,1.0,1.0,0.9643410285147868
402340,2025-11-27,298500,306000,295500,301000,464246,298500,306000,295500,301000,485209,1.0,1.0,1.0,1.0,0.9567959374207815
402340,2025-12-10,325000,333000,318000,324000,370050,325000,333000,318000,324000,439546,1.0,1.0,1.0,1.0,0.8418914061326914
402340,2025-12-23,315000,320000,313500,315000,203461,315000,320000,313500,315000,240036,1.0,1.0,1.0,1.0,0.8476270226132747
402340,2026-01-05,407500,416000,398500,416000,549926,407500,416000,398500,416000,645953,1.0,1.0,1.0,1.0,0.8513405774104308
402340,2026-01-06,409500,434500,402500,432000,569815,409500,434500,402500,432000,724519,1.0,1.0,1.0,1.0,0.7864735086312437
402340,2026-01-09,424000,433500,416000,430500,390595,424000,433500,416000,430500,422888,1.0,1.0,1.0,1.0,0.9236369913546849
402340,2026-01-15,428500,434000,418500,429500,375470,428500,434000,418500,429500,383174,1.0,1.0,1.0,1.0,0.9798942516976622
402340,2026-01-20,431000,439000,424000,427000,371540,431000,439000,424000,427000,389355,1.0,1.0,1.0,1.0,0.9542448408264951
402340,2026-01-22,430500,466000,430000,446500,559345,430500,466000,430000,446500,572111,1.0,1.0,1.0,1.0,0.977686148317372
402340,2026-01-26,442500,447000,435000,441000,312374,442500,447000,435000,441000,334124,1.0,1.0,1.0,1.0,0.9349044067471957
402340,2026-01-27,444500,483500,436500,473000,581298,444500,483500,436500,473000,676907,1.0,1.0,1.0,1.0,0.8587560772750171
402340,2026-01-29,528000,536000,500000,531000,753394,528000,536000,500000,531000,858102,1.0,1.0,1.0,1.0,0.8779772101684882
402340,2026-02-02,537000,557000,493500,505000,1284495,537000,557000,493500,505000,1337758,1.0,1.0,1.0,1.0,0.9601848764873766
402340,2026-02-03,542000,549000,522000,546000,932891,542000,549000,522000,546000,1374761,1.0,1.0,1.0,1.0,0.6785841320782303
402340,2026-02-04,542000,576000,532000,569000,825662,542000,576000,532000,569000,1009177,1.0,1.0,1.0,1.0,0.8181538025539623
402340,2026-02-05,523000,561000,523000,534000,1076987,523000,561000,523000,534000,1108307,1.0,1.0,1.0,1.0,0.97174068195906
402340,2026-02-10,570000,574000,538000,543000,491637,570000,574000,538000,543000,534386,1.0,1.0,1.0,1.0,0.9200035180562365
402340,2026-02-12,555000,570000,548000,570000,698518,555000,570000,548000,570000,747204,1.0,1.0,1.0,1.0,0.9348424258970777
402340,2026-02-27,654000,676000,636000,645000,999987,654000,676000,636000,645000,1032548,1.0,1.0,1.0,1.0,0.9684653885339956
402340,2026-03-16,536000,571000,532000,562000,461144,536000,571000,532000,562000,523408,1.0,1.0,1.0,1.0,0.8810411762907713
402340,2026-03-20,617000,618000,595000,608000,553824,617000,618000,595000,608000,656130,1.0,1.0,1.0,1.0,0.8440766311554113
402340,2026-03-24,591000,598000,564000,595000,573939,591000,598000,564000,595000,679224,1.0,1.0,1.0,1.0,0.8449922264230946
402340,2026-03-25,614000,633000,602000,605000,403581,614000,633000,602000,605000,521309,1.0,1.0,1.0,1.0,0.7741684874038238
402340,2026-03-31,473500,488000,462500,466500,1272587,473500,488000,462500,466500,1428264,1.0,1.0,1.0,1.0,0.8910026437689391
402340,2026-04-10,582000,593000,565000,568000,364690,582000,593000,565000,568000,372726,1.0,1.0,1.0,1.0,0.9784399263802365
402340,2026-04-14,602000,649000,597000,640000,648291,602000,649000,597000,640000,665668,1.0,1.0,1.0,1.0,0.9738953953021626
402340,2026-04-17,695000,698000,677000,682000,392843,695000,698000,677000,682000,401708,1.0,1.0,1.0,1.0,0.9779317315064674
402340,2026-04-20,699000,725000,690000,701000,480166,699000,725000,690000,701000,501909,1.0,1.0,1.0,1.0,0.9566793980582138
402340,2026-04-24,735000,740000,718000,725000,334456,735000,740000,718000,725000,376451,1.0,1.0,1.0,1.0,0.8884449769027045
402340,2026-04-29,797000,848500,793000,830000,812486,797000,848500,793000,830000,858586,1.0,1.0,1.0,1.0,0.9463070676670712
402340,2026-04-30,845000,877000,840000,841000,569005,845000,877000,840000,841000,623120,1.0,1.0,1.0,1.0,0.9131547695467968
402340,2026-05-04,909000,998000,901000,991000,1195847,909000,998000,901000,991000,1472464,1.0,1.0,1.0,1.0,0.8121400591118018
402340,2026-05-06,1100000,1149000,1040000,1089000,1611250,1100000,1149000,1040000,1089000,1671250,1.0,1.0,1.0,1.0,0.9640987284966342
402340,2026-05-11,1175000,1205000,1130000,1187000,1274392,1175000,1205000,1130000,1187000,1345499,1.0,1.0,1.0,1.0,0.9471519488308798
402340,2026-05-12,1220000,1231000,1099000,1126000,1249470,1220000,1231000,1099000,1126000,1278470,1.0,1.0,1.0,1.0,0.9773166362918175
402340,2026-05-14,1183000,1208000,1147000,1171000,922938,1183000,1208000,1147000,1171000,951485,1.0,1.0,1.0,1.0,0.9699974250776418
402340,2026-05-15,1181000,1190000,1073000,1098000,766701,1181000,1190000,1073000,1098000,1042701,1.0,1.0,1.0,1.0,0.735302833698251
402340,2026-05-21,1080000,1181000,1072000,1179000,801008,1080000,1181000,1072000,1179000,946510,1.0,1.0,1.0,1.0,0.8462752638640901
402340,2026-05-22,1180000,1198000,1148000,1185000,544719,1180000,1198000,1148000,1185000,783138,1.0,1.0,1.0,1.0,0.6955594033235522
402340,2026-05-26,1220000,1241000,1161000,1181000,805151,1220000,1241000,1161000,1181000,851153,1.0,1.0,1.0,1.0,0.9459533127416575
402340,2026-05-27,1298000,1337000,1264000,1276000,1121583,1298000,1337000,1264000,1276000,1187519,1.0,1.0,1.0,1.0,0.944475835755049
402340,2026-05-28,1264000,1269000,1173000,1237000,818280,1264000,1269000,1173000,1237000,891447,1.0,1.0,1.0,1.0,0.9179233313926684
402340,2026-05-29,1260000,1276000,1217000,1233000,1302407,1260000,1276000,1217000,1233000,1355931,1.0,1.0,1.0,1.0,0.9605260149668383
402340,2026-06-01,1249000,1289000,1210000,1256000,1066661,1249000,1289000,1210000,1256000,1130316,1.0,1.0,1.0,1.0,0.943683890168767
402340,2026-06-02,1281000,1375000,1212000,1346000,1026217,1281000,1375000,1212000,1346000,1086778,1.0,1.0,1.0,1.0,0.9442747276812744
402340,2026-06-05,1332000,1334000,1225000,1258000,835647,1332000,1334000,1225000,1258000,883256,1.0,1.0,1.0,1.0,0.9460982999266351
402340,2026-06-08,1110000,1200000,1102000,1118000,859805,1110000,1200000,1102000,1118000,882659,1.0,1.0,1.0,1.0,0.974107781147646
402340,2026-06-16,1440000,1510000,1380000,1501000,835570,1440000,1510000,1380000,1501000,872218,1.0,1.0,1.0,1.0,0.9579829813188905
402340,2026-06-17,1534000,1612000,1527000,1596000,937728,1534000,1612000,1527000,1596000,1001859,1.0,1.0,1.0,1.0,0.9359879983111395
402340,2026-06-29,1670000,1702000,1570000,1640000,1230384,1670000,1702000,1570000,1640000,1286438,1.0,1.0,1.0,1.0,0.956426971218201
402340,2026-06-30,1615000,1765000,1523000,1697000,1481730,1615000,1765000,1523000,1697000,1515394,1.0,1.0,1.0,1.0,0.9777853152381493
402340,2026-07-01,1709000,1792000,1595000,1757000,1710560,1709000,1792000,1595000,1757000,1812864,1.0,1.0,1.0,1.0,0.9435677469462684
402340,2026-07-07,1446000,1502000,1287000,1356000,1164767,1446000,1502000,1287000,1356000,1196192,1.0,1.0,1.0,1.0,0.973729133784543
402340,2026-07-10,1437000,1439000,1351000,1409000,782915,1437000,1439000,1351000,1409000,874915,1.0,1.0,1.0,1.0,0.8948469279872902
402340,2026-07-27,1140000,1140000,1035000,1096000,863823,1140000,1140000,1035000,1096000,892851,1.0,1.0,1.0,1.0,0.9674884163203042
402340,2026-07-28,1007000,1018000,916000,925000,1138805,1007000,1018000,916000,925000,1326609,1.0,1.0,1.0,1.0,0.858433042441292
402340,2026-08-04,1096000,1096000,999000,1060000,949701,1096000,1096000,999000,1060000,984406,1.0,1.0,1.0,1.0,0.9647452372293546
402340,2026-08-11,929000,960000,901000,945000,473244,929000,960000,901000,945000,494514,1.0,1.0,1.0,1.0,0.9569880731384753
402340,2026-08-13,1101000,1150000,1082000,1117000,754168,1101000,1150000,1082000,1117000,778168,1.0,1.0,1.0,1.0,0.9691583308488655
402340,2026-08-26,1060000,1079000,1027000,1058000,481572,1060000,1079000,1027000,1058000,512126,1.0,1.0,1.0,1.0,0.9403389009735885
402340,2026-08-27,1103000,1111000,1050000,1068000,468244,1103000,1111000,1050000,1068000,482253,1.0,1.0,1.0,1.0,0.9709509323944071
402340,2026-08-31,993000,1046000,974000,1037000,626933,993000,1046000,974000,1037000,646713,1.0,1.0,1.0,1.0,0.9694145625648471
402340,2026-09-01,1016000,1072000,1010000,1067000,435185,1016000,1072000,1010000,1067000,461669,1.0,1.0,1.0,1.0,0.9426342249533757
402340,2026-09-03,1002000,1006000,947000,981000,350164,1002000,1006000,947000,981000,402164,1.0,1.0,1.0,1.0,0.8706995156204931
402340,2026-09-04,990000,1049000,983000,1041000,428582,990000,1049000,983000,1041000,455382,1.0,1.0,1.0,1.0,0.9411483106490814
402340,2026-09-07,1105000,1125000,1089000,1125000,523798,1105000,1125000,1089000,1125000,543798,1.0,1.0,1.0,1.0,0.9632216374462577
402340,2026-09-09,1129000,1157000,1111000,1138000,418318,1129000,1157000,1111000,1138000,449374,1.0,1.0,1.0,1.0,0.9308905277118836
402340,2026-09-11,1080000,1095000,1066000,1089000,390530,1080000,1095000,1066000,1089000,405533,1.0,1.0,1.0,1.0,0.9630042437976688
402340,2026-09-15,997000,1022000,994000,1014000,338492,997000,1022000,994000,1014000,366583,1.0,1.0,1.0,1.0,0.9233706964043613
402340,2026-09-16,1002000,1020000,988000,1017000,338382,1002000,1020000,988000,1017000,379482,1.0,1.0,1.0,1.0,0.8916944677217892
402340,2026-09-17,1021000,1043000,1001000,1019000,313538,1021000,1043000,1001000,1019000,336217,1.0,1.0,1.0,1.0,0.9325465398834681
402340,2026-09-18,1054000,1083000,1036000,1072000,516052,1054000,1083000,1036000,1072000,529524,1.0,1.0,1.0,1.0,0.9745582825329919
402340,2026-09-21,1087000,1137000,1080000,1133000,502078,1087000,1135000,1080000,1126000,235152,1.0,1.001762114537445,1.0,1.0062166962699823,2.135121113152344
