code,hhmm,days_present,vol_share_mean,presence_rate
000150,09:00,258,0.10830348600810775,0.9923076923076923
000150,09:15,257,0.06792008987352174,0.9884615384615385
000150,09:30,258,0.055767064129593126,0.9923076923076923
000150,09:45,258,0.048680077360233116,0.9923076923076923
000150,10:00,260,0.046339627606460515,1.0
000150,10:15,259,0.0410614687029114,0.9961538461538462
000150,10:30,260,0.038229799656190104,1.0
000150,10:45,259,0.03444496647539408,0.9961538461538462
000150,11:00,260,0.029756495409844645,1.0
000150,11:15,259,0.02673197975151876,0.9961538461538462
000150,11:30,258,0.023622065553606745,0.9923076923076923
000150,11:45,260,0.02247083194799697,1.0
000150,12:00,260,0.021692451171849484,1.0
000150,12:15,259,0.021164223200071105,0.9961538461538462
000150,12:30,260,0.022387231839844316,1.0
000150,12:45,259,0.023078608765770423,0.9961538461538462
000150,13:00,260,0.028862836866979925,1.0
000150,13:15,260,0.029205331694624026,1.0
000150,13:30,259,0.030594667116883346,0.9961538461538462
000150,13:45,260,0.031074133419819468,1.0
000150,14:00,259,0.032769086627995665,0.9961538461538462
000150,14:15,260,0.033504362504861204,1.0
000150,14:30,260,0.036666597748631534,1.0
000150,14:45,259,0.040847495058919187,0.9961538461538462
000150,15:00,260,0.04196608554198398,1.0
000150,15:15,260,0.015617408050566692,1.0
000150,15:30,260,0.0491175189708972,1.0
000150,15:45,1,0.018831758415442042,0.0038461538461538464
000150,16:00,9,0.00463778006877381,0.03461538461538462
000150,16:15,9,0.004366824827568014,0.03461538461538462
000150,16:30,9,0.022365657011600978,0.03461538461538462
000150,16:45,8,0.0009061206439106057,0.03076923076923077
000150,17:00,8,0.0008311151274881425,0.03076923076923077
000150,17:15,8,0.0017607395442181453,0.03076923076923077
000150,17:30,8,0.0010651557094365554,0.03076923076923077
000150,17:45,8,0.0011468309562089724,0.03076923076923077
000150,18:00,8,0.0011440983313764223,0.03076923076923077
000150,18:15,8,0.0007184421894599688,0.03076923076923077
000150,18:30,8,0.001104648374106505,0.03076923076923077
000150,18:45,8,0.0006489863108499746,0.03076923076923077
000150,19:00,8,0.0015570588890956544,0.03076923076923077
000150,19:15,8,0.0010854095299079407,0.03076923076923077
000150,19:30,8,0.0018413167004280506,0.03076923076923077
000150,19:45,8,0.00347462288305025,0.03076923076923077
000270,09:00,258,0.12052558316152899,0.9923076923076923
000270,09:15,257,0.05892937122432462,0.9884615384615385
000270,09:30,258,0.047697820617933026,0.9923076923076923
000270,09:45,258,0.041296543509315276,0.9923076923076923
000270,10:00,260,0.039005130990143314,1.0
000270,10:15,259,0.03442461751664064,0.9961538461538462
000270,10:30,260,0.031046970503777215,1.0
000270,10:45,259,0.03018810501399909,0.9961538461538462
000270,11:00,260,0.027589052112291727,1.0
000270,11:15,260,0.024961864326731666,1.0
000270,11:30,259,0.022767292001752704,0.9961538461538462
000270,11:45,260,0.02050089280152485,1.0
000270,12:00,260,0.021203145232614275,1.0
000270,12:15,259,0.020453684919792995,0.9961538461538462
000270,12:30,260,0.022240752817026675,1.0
000270,12:45,259,0.02302479728710831,0.9961538461538462
000270,13:00,260,0.025824465902277424,1.0
000270,13:15,260,0.02529712925981553,1.0
000270,13:30,259,0.024798535994589734,0.9961538461538462
000270,13:45,260,0.026064448609623325,1.0
000270,14:00,259,0.03019529115626286,0.9961538461538462
000270,14:15,260,0.033298719560361824,1.0
000270,14:30,260,0.03367835550290299,1.0
000270,14:45,259,0.037652170646861,0.9961538461538462
000270,15:00,260,0.042413416892387756,1.0
000270,15:15,260,0.01661316015265238,1.0
000270,15:30,260,0.11959414770083224,1.0
000270,15:45,1,0.020117202461507035,0.0038461538461538464
000270,16:00,9,0.0025163191600112078,0.03461538461538462
000270,16:15,9,0.0026152002873557237,0.03461538461538462
000270,16:30,9,0.03494755160185761,0.03461538461538462
000270,16:45,8,0.0005695287440951961,0.03076923076923077
000270,17:00,8,0.0005189628206024985,0.03076923076923077
000270,17:15,8,0.0005254462045582462,0.03076923076923077
000270,17:30,8,0.0005268495124839367,0.03076923076923077
000270,17:45,8,0.0010407976938681053,0.03076923076923077
000270,18:00,8,0.0011269218410544894,0.03076923076923077
000270,18:15,8,0.0015328263955707358,0.03076923076923077
000270,18:30,8,0.0011537693821736142,0.03076923076923077
000270,18:45,8,0.0006225519692139676,0.03076923076923077
000270,19:00,8,0.0014111055162550983,0.03076923076923077
000270,19:15,8,0.0005745670888682899,0.03076923076923077
000270,19:30,8,0.0012259950025487842,0.03076923076923077
000270,19:45,8,0.0022060094492292117,0.03076923076923077
000660,09:00,258,0.1444208117445884,0.9923076923076923
000660,09:15,257,0.061008748921402935,0.9884615384615385
000660,09:30,258,0.048740318122208484,0.9923076923076923
000660,09:45,258,0.043340494119034366,0.9923076923076923
000660,10:00,260,0.041322368043264585,1.0
000660,10:15,259,0.03545469800337145,0.9961538461538462
000660,10:30,260,0.03590973550950177,1.0
000660,10:45,259,0.03272961304450142,0.9961538461538462
000660,11:00,260,0.029863699496161442,1.0
000660,11:15,260,0.025526482166572228,1.0
000660,11:30,259,0.023465324368436413,0.9961538461538462
000660,11:45,260,0.022248038852246733,1.0
000660,12:00,260,0.020475726450118546,1.0
000660,12:15,259,0.021067764168785186,0.9961538461538462
000660,12:30,260,0.022075916843249953,1.0
000660,12:45,259,0.022896235582769917,0.9961538461538462
000660,13:00,260,0.025338866834499874,1.0
000660,13:15,260,0.02421950813644553,1.0
000660,13:30,259,0.024939707178218203,0.9961538461538462
000660,13:45,260,0.025523167466827673,1.0
000660,14:00,259,0.027445690223894825,0.9961538461538462
000660,14:15,260,0.028620708094981517,1.0
000660,14:30,260,0.031663425466065986,1.0
000660,14:45,259,0.03463680657799515,0.9961538461538462
000660,15:00,260,0.04260953803914901,1.0
000660,15:15,260,0.017221791552020225,1.0
000660,15:30,260,0.08779413648145115,1.0
000660,15:45,1,0.05284090848314805,0.0038461538461538464
000660,16:00,9,0.005744780614098259,0.03461538461538462
000660,16:15,9,0.003619571575363599,0.03461538461538462
000660,16:30,9,0.03348733418338576,0.03461538461538462
000660,16:45,8,0.001528698819369327,0.03076923076923077
000660,17:00,8,0.00441606350586646,0.03076923076923077
000660,17:15,8,0.003623937589747418,0.03076923076923077
000660,17:30,8,0.0016781066630566254,0.03076923076923077
000660,17:45,8,0.002189459374108298,0.03076923076923077
000660,18:00,8,0.0026060215130079955,0.03076923076923077
000660,18:15,8,0.0016699375086360185,0.03076923076923077
000660,18:30,8,0.0016557079206676764,0.03076923076923077
000660,18:45,8,0.0026237273665212003,0.03076923076923077
000660,19:00,8,0.0029651430229060876,0.03076923076923077
000660,19:15,8,0.002102716394678567,0.03076923076923077
000660,19:30,8,0.0034859040059759304,0.03076923076923077
000660,19:45,8,0.006296533968794578,0.03076923076923077
000810,09:00,258,0.09586960107794261,0.9923076923076923
000810,09:15,257,0.046333954701369875,0.9884615384615385
000810,09:30,258,0.0394585252102605,0.9923076923076923
000810,09:45,258,0.03395842400574683,0.9923076923076923
000810,10:00,260,0.033306905613343936,1.0
000810,10:15,259,0.030627074681321337,0.9961538461538462
000810,10:30,260,0.03051925565075775,1.0
000810,10:45,259,0.02801887306746396,0.9961538461538462
000810,11:00,260,0.02748667548684952,1.0
000810,11:15,260,0.02518596405005209,1.0
000810,11:30,259,0.02291427123487058,0.9961538461538462
000810,11:45,260,0.022040023826164427,1.0
000810,12:00,260,0.021403384602842253,1.0
000810,12:15,259,0.021033451156421086,0.9961538461538462
000810,12:30,260,0.022357169054654,1.0
000810,12:45,259,0.02395667499896332,0.9961538461538462
000810,13:00,260,0.02718134398879363,1.0
000810,13:15,260,0.02640562005103156,1.0
000810,13:30,259,0.028167442484794646,0.9961538461538462
000810,13:45,260,0.029044678353860924,1.0
000810,14:00,259,0.030466037941295505,0.9961538461538462
000810,14:15,260,0.03355930316096823,1.0
000810,14:30,260,0.034982069637724655,1.0
000810,14:45,259,0.040709957885192646,0.9961538461538462
000810,15:00,260,0.049322760011772736,1.0
000810,15:15,260,0.022946024894379868,1.0
000810,15:30,260,0.1533714430982666,1.0
000810,15:45,1,0.044065555188211404,0.0038461538461538464
000810,16:00,7,0.006434793940403265,0.026923076923076925
000810,16:15,6,0.005406269089481775,0.023076923076923078
000810,16:30,8,0.044076482902661376,0.03076923076923077
000810,16:45,4,0.00012655028624488932,0.015384615384615385
000810,17:00,6,0.0001342019226379466,0.023076923076923078
000810,17:15,6,0.00041231188062552075,0.023076923076923078
000810,17:30,6,0.000595667409588355,0.023076923076923078
000810,17:45,8,0.00036788514513637127,0.03076923076923077
000810,18:00,7,0.0015204262102940737,0.026923076923076925
000810,18:15,5,0.001217235819358281,0.019230769230769232
000810,18:30,6,0.0008945782408186295,0.023076923076923078
000810,18:45,7,0.0007898972051785205,0.026923076923076925
000810,19:00,8,0.00020292977359831886,0.03076923076923077
000810,19:15,7,0.0004690041521695592,0.026923076923076925
000810,19:30,8,0.0007867554067112856,0.03076923076923077
000810,19:45,8,0.0021480980031169574,0.03076923076923077
003550,09:00,258,0.08883205844277374,0.9923076923076923
003550,09:15,257,0.052530455434228095,0.9884615384615385
003550,09:30,258,0.044992965549715436,0.9923076923076923
003550,09:45,258,0.03813092587197296,0.9923076923076923
003550,10:00,260,0.03744429311754289,1.0
003550,10:15,259,0.03353177135095305,0.9961538461538462
003550,10:30,260,0.03305936238502099,1.0
003550,10:45,259,0.029982677002325733,0.9961538461538462
003550,11:00,260,0.029577257920106122,1.0
003550,11:15,260,0.027069228795485005,1.0
003550,11:30,259,0.024823459626274785,0.9961538461538462
003550,11:45,260,0.023437114890492976,1.0
003550,12:00,260,0.023899017346808684,1.0
003550,12:15,259,0.021058738032901755,0.9961538461538462
003550,12:30,260,0.021794679684401703,1.0
003550,12:45,259,0.023926170824413336,0.9961538461538462
003550,13:00,260,0.027968485043187823,1.0
003550,13:15,260,0.028004688138822165,1.0
003550,13:30,259,0.02756416509938231,0.9961538461538462
003550,13:45,260,0.02741585027736434,1.0
003550,14:00,259,0.03125948714030536,0.9961538461538462
003550,14:15,260,0.033083480461508954,1.0
003550,14:30,260,0.03814824663336847,1.0
003550,14:45,259,0.04205742407734998,0.9961538461538462
003550,15:00,260,0.04813370587227823,1.0
003550,15:15,260,0.01995503758706907,1.0
003550,15:30,260,0.12333881432502561,1.0
003550,15:45,1,0.03199556972748261,0.0038461538461538464
003550,16:00,8,0.00524127037819434,0.03076923076923077
003550,16:15,9,0.001761977639336823,0.03461538461538462
003550,16:30,9,0.03419523513765551,0.03461538461538462
003550,16:45,8,0.0004268070483728862,0.03076923076923077
003550,17:00,8,0.0003826504140650244,0.03076923076923077
003550,17:15,7,0.00010869065060314478,0.026923076923076925
003550,17:30,8,0.0004019724888198454,0.03076923076923077
003550,17:45,8,0.00020516527060167338,0.03076923076923077
003550,18:00,7,0.001963585986795723,0.026923076923076925
003550,18:15,8,0.0008146119334105271,0.03076923076923077
003550,18:30,8,0.00047755902435823403,0.03076923076923077
003550,18:45,8,0.0005961263205055538,0.03076923076923077
003550,19:00,8,0.0008802673952817953,0.03076923076923077
003550,19:15,8,0.0006576730549405917,0.03076923076923077
003550,19:30,8,0.0011161609397613108,0.03076923076923077
003550,19:45,8,0.001362847722016198,0.03076923076923077
003670,09:00,258,0.13784779915821396,0.9923076923076923
003670,09:15,257,0.07804313302393541,0.9884615384615385
003670,09:30,258,0.06023372386665389,0.9923076923076923
003670,09:45,258,0.048734809296894804,0.9923076923076923
003670,10:00,260,0.04514000634910465,1.0
003670,10:15,259,0.03792644852398561,0.9961538461538462
003670,10:30,260,0.033789170280139835,1.0
003670,10:45,259,0.030374844623047233,0.9961538461538462
003670,11:00,260,0.030626539691956202,1.0
003670,11:15,260,0.024925150588907388,1.0
003670,11:30,259,0.022863820303892876,0.9961538461538462
003670,11:45,260,0.020122014731608965,1.0
003670,12:00,260,0.020180311296342242,1.0
003670,12:15,259,0.018960958908539993,0.9961538461538462
003670,12:30,260,0.01930231731740152,1.0
003670,12:45,259,0.020648657719867927,0.9961538461538462
003670,13:00,260,0.02469097677815587,1.0
003670,13:15,260,0.026545034563741663,1.0
003670,13:30,259,0.026623426105273275,0.9961538461538462
003670,13:45,260,0.026021033462572056,1.0
003670,14:00,259,0.028122679266565143,0.9961538461538462
003670,14:15,260,0.029383075832318806,1.0
003670,14:30,260,0.029879051773289183,1.0
003670,14:45,259,0.041109761108074044,0.9961538461538462
003670,15:00,260,0.04433072674103047,1.0
003670,15:15,260,0.016416730165931582,1.0
003670,15:30,260,0.05768311605821543,1.0
003670,15:45,1,0.02396798026046576,0.0038461538461538464
003670,16:00,9,0.007309335793835627,0.03461538461538462
003670,16:15,9,0.0037087186237692057,0.03461538461538462
003670,16:30,9,0.03018973056957612,0.03461538461538462
003670,16:45,8,0.002622363813783777,0.03076923076923077
003670,17:00,8,0.005980403677884935,0.03076923076923077
003670,17:15,8,0.010931660665174077,0.03076923076923077
003670,17:30,8,0.004311869676824339,0.03076923076923077
003670,17:45,8,0.003336078858617098,0.03076923076923077
003670,18:00,8,0.00294160492434915,0.03076923076923077
003670,18:15,8,0.0034303433258378187,0.03076923076923077
003670,18:30,8,0.002295467775993487,0.03076923076923077
003670,18:45,8,0.0023530080370674712,0.03076923076923077
003670,19:00,8,0.0022853508861166508,0.03076923076923077
003670,19:15,8,0.002546539657040451,0.03076923076923077
003670,19:30,8,0.003051799150890111,0.03076923076923077
003670,19:45,8,0.0067850165326550005,0.03076923076923077
005380,09:00,258,0.1349679155770392,0.9923076923076923
005380,09:15,257,0.0717635716663094,0.9884615384615385
005380,09:30,258,0.05429743469619863,0.9923076923076923
005380,09:45,258,0.04704925893206094,0.9923076923076923
005380,10:00,260,0.04331386046203054,1.0
005380,10:15,259,0.03994093864287467,0.9961538461538462
005380,10:30,260,0.03390355887210527,1.0
005380,10:45,259,0.03203632791844422,0.9961538461538462
005380,11:00,260,0.029507852590271735,1.0
005380,11:15,260,0.027171839257622277,1.0
005380,11:30,259,0.022760170508991224,0.9961538461538462
005380,11:45,260,0.021403451652277333,1.0
005380,12:00,260,0.020743216408701214,1.0
005380,12:15,259,0.020876241988205216,0.9961538461538462
005380,12:30,260,0.021171045623026123,1.0
005380,12:45,259,0.02364761342154948,0.9961538461538462
005380,13:00,260,0.025935314328336765,1.0
005380,13:15,260,0.025979837767276394,1.0
005380,13:30,259,0.025650255507227687,0.9961538461538462
005380,13:45,260,0.027095685724955937,1.0
005380,14:00,259,0.02935611726356761,0.9961538461538462
005380,14:15,260,0.029984922902288238,1.0
005380,14:30,260,0.03200628125804942,1.0
005380,14:45,259,0.03505490423653069,0.9961538461538462
005380,15:00,260,0.03676001060023628,1.0
005380,15:15,260,0.015313834330618252,1.0
005380,15:30,260,0.07349055786165136,1.0
005380,15:45,1,0.02311663116866677,0.0038461538461538464
005380,16:00,9,0.0025980745821526183,0.03461538461538462
005380,16:15,9,0.0036065130877884813,0.03461538461538462
005380,16:30,9,0.03331747811960426,0.03461538461538462
005380,16:45,8,0.001966956606144933,0.03076923076923077
005380,17:00,8,0.0011082318887565856,0.03076923076923077
005380,17:15,8,0.0012848553012173142,0.03076923076923077
005380,17:30,8,0.001143481728517133,0.03076923076923077
005380,17:45,8,0.0010394065889071395,0.03076923076923077
005380,18:00,8,0.003914644061749082,0.03076923076923077
005380,18:15,8,0.002478166344378967,0.03076923076923077
005380,18:30,8,0.001299768745919033,0.03076923076923077
005380,18:45,8,0.0012562295390538775,0.03076923076923077
005380,19:00,8,0.002134178441944538,0.03076923076923077
005380,19:15,8,0.0011255005411904748,0.03076923076923077
005380,19:30,8,0.00399235930586985,0.03076923076923077
005380,19:45,8,0.006143980909645094,0.03076923076923077
005490,09:00,258,0.12554621492586257,0.9923076923076923
005490,09:15,257,0.06831545764301246,0.9884615384615385
005490,09:30,258,0.05354248680965067,0.9923076923076923
005490,09:45,258,0.044456826422872034,0.9923076923076923
005490,10:00,260,0.04304603115278488,1.0
005490,10:15,259,0.03665736010070646,0.9961538461538462
005490,10:30,260,0.03340477119452889,1.0
005490,10:45,259,0.029891547913806833,0.9961538461538462
005490,11:00,260,0.028227774902465443,1.0
005490,11:15,260,0.025031268017145107,1.0
005490,11:30,259,0.021202130900877136,0.9961538461538462
005490,11:45,260,0.020234229250411535,1.0
005490,12:00,260,0.019230383572254997,1.0
005490,12:15,259,0.018719275828231862,0.9961538461538462
005490,12:30,260,0.01982467935774061,1.0
005490,12:45,259,0.021219472632056244,0.9961538461538462
005490,13:00,260,0.024058728648309654,1.0
005490,13:15,260,0.024956921197385476,1.0
005490,13:30,259,0.02606583552250166,0.9961538461538462
005490,13:45,260,0.023867328452937153,1.0
005490,14:00,259,0.027372552117169532,0.9961538461538462
005490,14:15,260,0.028618967997133767,1.0
005490,14:30,260,0.031053832058180464,1.0
005490,14:45,259,0.04438251727833011,0.9961538461538462
005490,15:00,260,0.04930939680993588,1.0
005490,15:15,260,0.01879983552501814,1.0
005490,15:30,260,0.09423266931220982,1.0
005490,15:45,1,0.006652185932625094,0.0038461538461538464
005490,16:00,9,0.00466447141715493,0.03461538461538462
005490,16:15,9,0.0018786426913348499,0.03461538461538462
005490,16:30,9,0.032314763104302056,0.03461538461538462
005490,16:45,8,0.0006143560173457301,0.03076923076923077
005490,17:00,8,0.0015602843218717323,0.03076923076923077
005490,17:15,8,0.0009310073010189655,0.03076923076923077
005490,17:30,8,0.0013180917899272193,0.03076923076923077
005490,17:45,8,0.0013232051105769044,0.03076923076923077
005490,18:00,8,0.0018980718261725935,0.03076923076923077
005490,18:15,8,0.0016594791400648835,0.03076923076923077
005490,18:30,8,0.001372080446685043,0.03076923076923077
005490,18:45,8,0.0012683494578780794,0.03076923076923077
005490,19:00,8,0.0015523451289576077,0.03076923076923077
005490,19:15,8,0.002138332405906224,0.03076923076923077
005490,19:30,8,0.0020493049790348745,0.03076923076923077
005490,19:45,8,0.0062358669966465635,0.03076923076923077
005930,09:00,258,0.13806763480539203,0.9923076923076923
005930,09:15,257,0.061124749467434604,0.9884615384615385
005930,09:30,258,0.047483047395793544,0.9923076923076923
005930,09:45,258,0.042485530768901776,0.9923076923076923
005930,10:00,260,0.042215174238107334,1.0
005930,10:15,259,0.03594299783780713,0.9961538461538462
005930,10:30,260,0.03534326969709086,1.0
005930,10:45,259,0.03365831666201455,0.9961538461538462
005930,11:00,260,0.031370912754352255,1.0
005930,11:15,260,0.02626558320890317,1.0
005930,11:30,259,0.023939827464795626,0.9961538461538462
005930,11:45,260,0.022224594475206395,1.0
005930,12:00,260,0.021156808730123072,1.0
005930,12:15,259,0.021793266371352267,0.9961538461538462
005930,12:30,260,0.022515470005996054,1.0
005930,12:45,259,0.0230831313200907,0.9961538461538462
005930,13:00,260,0.026138430956050975,1.0
005930,13:15,260,0.025092435975245686,1.0
005930,13:30,259,0.025734480087390803,0.9961538461538462
005930,13:45,260,0.026178361018860438,1.0
005930,14:00,259,0.02837274396806796,0.9961538461538462
005930,14:15,260,0.029882671536790598,1.0
005930,14:30,260,0.030731176823172154,1.0
005930,14:45,259,0.03348881678067359,0.9961538461538462
005930,15:00,260,0.03884100867593466,1.0
005930,15:15,260,0.015530951542513634,1.0
005930,15:30,260,0.09204895128884653,1.0
005930,15:45,1,0.02759267319478848,0.0038461538461538464
005930,16:00,9,0.004123738375326052,0.03461538461538462
005930,16:15,9,0.002502595757860512,0.03461538461538462
005930,16:30,9,0.0359786877530503,0.03461538461538462
005930,16:45,8,0.0009620805267470014,0.03076923076923077
005930,17:00,8,0.0034441716064864394,0.03076923076923077
005930,17:15,8,0.0016981656917267418,0.03076923076923077
005930,17:30,8,0.0014659821205825299,0.03076923076923077
005930,17:45,8,0.0027788588282980833,0.03076923076923077
005930,18:00,8,0.0028379392946039908,0.03076923076923077
005930,18:15,8,0.0025189108508804304,0.03076923076923077
005930,18:30,8,0.002504352759577727,0.03076923076923077
005930,18:45,8,0.002300155415520329,0.03076923076923077
005930,19:00,8,0.0013319620293243833,0.03076923076923077
005930,19:15,8,0.0036549104090111825,0.03076923076923077
005930,19:30,8,0.0028076156096330453,0.03076923076923077
005930,19:45,8,0.005411517591053093,0.03076923076923077
006400,09:00,258,0.14645249761056367,0.9923076923076923
006400,09:15,257,0.07691016299972894,0.9884615384615385
006400,09:30,258,0.057552257913660664,0.9923076923076923
006400,09:45,258,0.046654787279123804,0.9923076923076923
006400,10:00,260,0.04509047198501353,1.0
006400,10:15,259,0.03741675595272492,0.9961538461538462
006400,10:30,260,0.033581630435928086,1.0
006400,10:45,259,0.030793208901904328,0.9961538461538462
006400,11:00,260,0.029140552213293484,1.0
006400,11:15,260,0.02467533236373127,1.0
006400,11:30,259,0.021469511045187073,0.9961538461538462
006400,11:45,260,0.02002981104187504,1.0
006400,12:00,260,0.01907195341422456,1.0
006400,12:15,259,0.017140682106319728,0.9961538461538462
006400,12:30,260,0.01903951101381453,1.0
006400,12:45,259,0.01901045858388113,0.9961538461538462
006400,13:00,260,0.023134279174015168,1.0
006400,13:15,260,0.025448608404179084,1.0
006400,13:30,259,0.025735319449270804,0.9961538461538462
006400,13:45,260,0.024871604565481233,1.0
006400,14:00,259,0.027972983737184893,0.9961538461538462
006400,14:15,260,0.02830378586982222,1.0
006400,14:30,260,0.030628016057686523,1.0
006400,14:45,259,0.041043363355046825,0.9961538461538462
006400,15:00,260,0.04548186922213417,1.0
006400,15:15,260,0.017187811119732912,1.0
006400,15:30,260,0.06776619342446982,1.0
006400,15:45,1,0.026644067695723406,0.0038461538461538464
006400,16:00,9,0.007066062306826491,0.03461538461538462
006400,16:15,9,0.003355919902950304,0.03461538461538462
006400,16:30,9,0.016529504178352597,0.03461538461538462
006400,16:45,8,0.0012950561750581795,0.03076923076923077
006400,17:00,8,0.0013338130394805721,0.03076923076923077
006400,17:15,8,0.002328359157940301,0.03076923076923077
006400,17:30,8,0.002530513831928572,0.03076923076923077
006400,17:45,8,0.0013564816030586172,0.03076923076923077
006400,18:00,8,0.002521011122690455,0.03076923076923077
006400,18:15,8,0.002992761182475323,0.03076923076923077
006400,18:30,8,0.0021281819554665334,0.03076923076923077
006400,18:45,8,0.0016874986170830643,0.03076923076923077
006400,19:00,8,0.001400672651409403,0.03076923076923077
006400,19:15,8,0.0026692932609372988,0.03076923076923077
006400,19:30,8,0.0027082739444889157,0.03076923076923077
006400,19:45,8,0.00836500972659792,0.03076923076923077
006800,09:00,258,0.13089945961945648,0.9923076923076923
006800,09:15,257,0.07426597532098664,0.9884615384615385
006800,09:30,258,0.06237854217101552,0.9923076923076923
006800,09:45,258,0.05223271409312002,0.9923076923076923
006800,10:00,260,0.04692714342459599,1.0
006800,10:15,259,0.03900326121506572,0.9961538461538462
006800,10:30,260,0.0377289404865419,1.0
006800,10:45,259,0.035390695622988334,0.9961538461538462
006800,11:00,260,0.032684474221772467,1.0
006800,11:15,260,0.027536332431210685,1.0
006800,11:30,259,0.02313663052534513,0.9961538461538462
006800,11:45,260,0.021400900387352175,1.0
006800,12:00,260,0.02083936452798079,1.0
006800,12:15,259,0.019121646105955972,0.9961538461538462
006800,12:30,260,0.020944633265286793,1.0
006800,12:45,259,0.022231171073218627,0.9961538461538462
006800,13:00,260,0.02574543457305152,1.0
006800,13:15,260,0.02722156052709392,1.0
006800,13:30,259,0.027456557317745645,0.9961538461538462
006800,13:45,260,0.027228003428351515,1.0
006800,14:00,259,0.027693291025236846,0.9961538461538462
006800,14:15,260,0.02897894225587472,1.0
006800,14:30,260,0.03241632619877593,1.0
006800,14:45,259,0.03378190028073422,0.9961538461538462
006800,15:00,260,0.036864604206618815,1.0
006800,15:15,260,0.014939883819361186,1.0
006800,15:30,260,0.052738945611973335,1.0
006800,15:45,1,0.0243824708763612,0.0038461538461538464
006800,16:00,9,0.004032762947217463,0.03461538461538462
006800,16:15,9,0.001772389212234487,0.03461538461538462
006800,16:30,9,0.013578067027377483,0.03461538461538462
006800,16:45,8,0.0013460892703078243,0.03076923076923077
006800,17:00,8,0.0026187855694444237,0.03076923076923077
006800,17:15,8,0.0010108536448748707,0.03076923076923077
006800,17:30,8,0.0017504996700318904,0.03076923076923077
006800,17:45,8,0.001359894093732327,0.03076923076923077
006800,18:00,8,0.0036596350133169513,0.03076923076923077
006800,18:15,8,0.002256694666827656,0.03076923076923077
006800,18:30,8,0.0014173438734895092,0.03076923076923077
006800,18:45,8,0.0030548557982914507,0.03076923076923077
006800,19:00,8,0.0012724707847143956,0.03076923076923077
006800,19:15,8,0.001727705853831007,0.03076923076923077
006800,19:30,8,0.004332070345954351,0.03076923076923077
006800,19:45,8,0.008955138389405246,0.03076923076923077
009150,09:00,258,0.1414231314793224,0.9923076923076923
009150,09:15,257,0.07411826527867985,0.9884615384615385
009150,09:30,258,0.059685191824925765,0.9923076923076923
009150,09:45,258,0.048797256425250436,0.9923076923076923
009150,10:00,260,0.0452947146022654,1.0
009150,10:15,259,0.039256341458353425,0.9961538461538462
009150,10:30,260,0.03591713447992545,1.0
009150,10:45,259,0.032911867490211896,0.9961538461538462
009150,11:00,260,0.03078949608506706,1.0
009150,11:15,260,0.02669096747054316,1.0
009150,11:30,259,0.023293350557470373,0.9961538461538462
009150,11:45,260,0.021589266815059713,1.0
009150,12:00,260,0.020827095853113813,1.0
009150,12:15,259,0.019721190170551208,0.9961538461538462
009150,12:30,260,0.020415857553697424,1.0
009150,12:45,259,0.022648220204176908,0.9961538461538462
009150,13:00,260,0.02559170102058005,1.0
009150,13:15,260,0.025461597758121454,1.0
009150,13:30,259,0.025358154515300366,0.9961538461538462
009150,13:45,260,0.02714105951039854,1.0
009150,14:00,259,0.029462289403133304,0.9961538461538462
009150,14:15,260,0.0318632692888234,1.0
009150,14:30,260,0.033749480109132535,1.0
009150,14:45,259,0.035327846818260664,0.9961538461538462
009150,15:00,260,0.037353934353009995,1.0
009150,15:15,260,0.014586655355725696,1.0
009150,15:30,260,0.05250714025045594,1.0
009150,15:45,1,0.02400855502759198,0.0038461538461538464
009150,16:00,9,0.004969372210072992,0.03461538461538462
009150,16:15,9,0.0026083794587382814,0.03461538461538462
009150,16:30,9,0.017198521320452152,0.03461538461538462
009150,16:45,8,0.0012340950733172543,0.03076923076923077
009150,17:00,8,0.0025274342437861413,0.03076923076923077
009150,17:15,8,0.002064032882627077,0.03076923076923077
009150,17:30,8,0.0016373820733327253,0.03076923076923077
009150,17:45,8,0.0015747970522895537,0.03076923076923077
009150,18:00,8,0.0022469957303273324,0.03076923076923077
009150,18:15,8,0.0012949382330757846,0.03076923076923077
009150,18:30,8,0.00104414864058611,0.03076923076923077
009150,18:45,8,0.0020176877801037422,0.03076923076923077
009150,19:00,8,0.0021874272254454406,0.03076923076923077
009150,19:15,8,0.0017733413616447652,0.03076923076923077
009150,19:30,8,0.0035226047509144248,0.03076923076923077
009150,19:45,8,0.006838416174664735,0.03076923076923077
009540,09:00,258,0.10835934924497038,0.9923076923076923
009540,09:15,257,0.05829891099790674,0.9884615384615385
009540,09:30,258,0.046264092998574556,0.9923076923076923
009540,09:45,258,0.038095154437177044,0.9923076923076923
009540,10:00,260,0.036767578478225135,1.0
009540,10:15,259,0.03298428516486157,0.9961538461538462
009540,10:30,260,0.031741919698300945,1.0
009540,10:45,259,0.03158708742209609,0.9961538461538462
009540,11:00,260,0.030125173115668317,1.0
009540,11:15,260,0.02559815873923791,1.0
009540,11:30,259,0.023196678800296553,0.9961538461538462
009540,11:45,260,0.022095480740467067,1.0
009540,12:00,260,0.02099497850948663,1.0
009540,12:15,259,0.020749469217487538,0.9961538461538462
009540,12:30,260,0.022361040129450418,1.0
009540,12:45,259,0.02302992603095334,0.9961538461538462
009540,13:00,260,0.025831971723755717,1.0
009540,13:15,260,0.027148980433272477,1.0
009540,13:30,259,0.02953017997848521,0.9961538461538462
009540,13:45,260,0.029742519179601107,1.0
009540,14:00,259,0.0328610711768887,0.9961538461538462
009540,14:15,260,0.03303512687105959,1.0
009540,14:30,260,0.03308707152440593,1.0
009540,14:45,259,0.03899845900399193,0.9961538461538462
009540,15:00,260,0.042407429337873545,1.0
009540,15:15,260,0.017881141338178114,1.0
009540,15:30,260,0.11850975210109362,1.0
009540,15:45,1,0.029032724922840803,0.0038461538461538464
009540,16:00,9,0.002883020369363338,0.03461538461538462
009540,16:15,9,0.001860715998770148,0.03461538461538462
009540,16:30,9,0.034122203812333524,0.03461538461538462
009540,16:45,7,0.0004514856579833263,0.026923076923076925
009540,17:00,8,0.0003804133467072313,0.03076923076923077
009540,17:15,8,0.0003556563463086943,0.03076923076923077
009540,17:30,7,0.00043312456902889937,0.026923076923076925
009540,17:45,8,0.0002818528024152475,0.03076923076923077
009540,18:00,7,0.0012435186094077709,0.026923076923076925
009540,18:15,8,0.0013853297888405073,0.03076923076923077
009540,18:30,6,0.0004971368351812654,0.023076923076923078
009540,18:45,8,0.0007705653017278412,0.03076923076923077
009540,19:00,7,0.001383640871319413,0.026923076923076925
009540,19:15,8,0.0005253943179122524,0.03076923076923077
009540,19:30,8,0.000762397582517684,0.03076923076923077
009540,19:45,8,0.002201293670909527,0.03076923076923077
010120,09:00,255,0.14786022772057092,0.9922178988326849
010120,09:15,254,0.07808683466168512,0.9883268482490273
010120,09:30,255,0.05643795799586401,0.9922178988326849
010120,09:45,255,0.049004349861728504,0.9922178988326849
010120,10:00,257,0.04457052596255292,1.0
010120,10:15,256,0.037846305550291025,0.9961089494163424
010120,10:30,257,0.03617104665365981,1.0
010120,10:45,256,0.033184212414377356,0.9961089494163424
010120,11:00,257,0.030006705714116455,1.0
010120,11:15,257,0.025799372977352214,1.0
010120,11:30,256,0.022450183454413616,0.9961089494163424
010120,11:45,257,0.02078541957100597,1.0
010120,12:00,257,0.020069172165428594,1.0
010120,12:15,256,0.02020891314618596,0.9961089494163424
010120,12:30,257,0.020250581258560975,1.0
010120,12:45,256,0.021795982776222005,0.9961089494163424
010120,13:00,257,0.02476184617408987,1.0
010120,13:15,257,0.02575297324321054,1.0
010120,13:30,256,0.02509709702993212,0.9961089494163424
010120,13:45,257,0.025170083643716656,1.0
010120,14:00,256,0.03053628926234014,0.9961089494163424
010120,14:15,257,0.030530042598293047,1.0
010120,14:30,257,0.03234592144985298,1.0
010120,14:45,256,0.035031106079283704,0.9961089494163424
010120,15:00,257,0.03744255280218825,1.0
010120,15:15,257,0.014505158168114336,1.0
010120,15:30,257,0.05494079810344151,1.0
010120,15:45,1,0.02834724165098966,0.0038910505836575876
010120,16:00,9,0.003985790237007942,0.03501945525291829
010120,16:15,9,0.003966584248132726,0.03501945525291829
010120,16:30,9,0.035299597789413294,0.03501945525291829
010120,16:45,8,0.00205819173131109,0.0311284046692607
010120,17:00,8,0.0036605293203873027,0.0311284046692607
010120,17:15,8,0.0036123110614122407,0.0311284046692607
010120,17:30,8,0.0017995004651778983,0.0311284046692607
010120,17:45,8,0.0019553879663656375,0.0311284046692607
010120,18:00,8,0.004261230905279359,0.0311284046692607
010120,18:15,8,0.00269001697088978,0.0311284046692607
010120,18:30,8,0.0026734611300569316,0.0311284046692607
010120,18:45,8,0.0040080465984098194,0.0311284046692607
010120,19:00,8,0.0036327846220953097,0.0311284046692607
010120,19:15,8,0.0035426947012346353,0.0311284046692607
010120,19:30,8,0.005462590284034322,0.0311284046692607
010120,19:45,8,0.008704996748777099,0.0311284046692607
010130,09:00,258,0.09983671156622007,0.9923076923076923
010130,09:15,257,0.06145523609025272,0.9884615384615385
010130,09:30,258,0.05192502049652407,0.9923076923076923
010130,09:45,258,0.04419002617640872,0.9923076923076923
010130,10:00,260,0.04417843592014633,1.0
010130,10:15,259,0.03696867536797263,0.9961538461538462
010130,10:30,260,0.03474052090245858,1.0
010130,10:45,259,0.03199640845557266,0.9961538461538462
010130,11:00,260,0.03141196480591339,1.0
010130,11:15,260,0.02774243580239403,1.0
010130,11:30,259,0.025048103173373807,0.9961538461538462
010130,11:45,260,0.022244221293184617,1.0
010130,12:00,260,0.024056281010395884,1.0
010130,12:15,259,0.02082663832394368,0.9961538461538462
010130,12:30,260,0.02220838439657219,1.0
010130,12:45,259,0.024046960529814514,0.9961538461538462
010130,13:00,260,0.02715189627276699,1.0
010130,13:15,260,0.028103474261812724,1.0
010130,13:30,259,0.02865057099969585,0.9961538461538462
010130,13:45,260,0.028294908861463845,1.0
010130,14:00,259,0.03190563311235396,0.9961538461538462
010130,14:15,260,0.033212717281827356,1.0
010130,14:30,260,0.03753637145355522,1.0
010130,14:45,259,0.03931544411773334,0.9961538461538462
010130,15:00,260,0.04301309451561914,1.0
010130,15:15,260,0.01837415033200454,1.0
010130,15:30,260,0.08194383955775167,1.0
010130,15:45,1,0.02932448943969279,0.0038461538461538464
010130,16:00,9,0.006394274878034045,0.03461538461538462
010130,16:15,9,0.003457366124054279,0.03461538461538462
010130,16:30,9,0.030314991768507566,0.03461538461538462
010130,16:45,8,0.001501155123308607,0.03076923076923077
010130,17:00,8,0.0019299452024989824,0.03076923076923077
010130,17:15,8,0.0019369414435198011,0.03076923076923077
010130,17:30,8,0.0037292569750984592,0.03076923076923077
010130,17:45,8,0.00219837354645372,0.03076923076923077
010130,18:00,8,0.004660210633048501,0.03076923076923077
010130,18:15,8,0.002469275449929452,0.03076923076923077
010130,18:30,8,0.002519575166728829,0.03076923076923077
010130,18:45,7,0.0027809359465118624,0.026923076923076925
010130,19:00,8,0.0038213274446853213,0.03076923076923077
010130,19:15,8,0.0036912687781100505,0.03076923076923077
010130,19:30,8,0.003036180470285007,0.03076923076923077
010130,19:45,8,0.006809540093636405,0.03076923076923077
010140,09:00,258,0.13013087119542158,0.9923076923076923
010140,09:15,257,0.06770652866348396,0.9884615384615385
010140,09:30,258,0.052924964502254104,0.9923076923076923
010140,09:45,258,0.043380779570022454,0.9923076923076923
010140,10:00,260,0.04384036626231054,1.0
010140,10:15,259,0.035705894526336976,0.9961538461538462
010140,10:30,260,0.034922891781290766,1.0
010140,10:45,259,0.032254901775163596,0.9961538461538462
010140,11:00,260,0.03170660493698619,1.0
010140,11:15,260,0.025775232653787783,1.0
010140,11:30,259,0.02308742111022688,0.9961538461538462
010140,11:45,260,0.0216669043091238,1.0
010140,12:00,260,0.020998487808047098,1.0
010140,12:15,259,0.02029470631063421,0.9961538461538462
010140,12:30,260,0.021434349198668556,1.0
010140,12:45,259,0.022503820092137118,0.9961538461538462
010140,13:00,260,0.026067701284734374,1.0
010140,13:15,260,0.027004939625878695,1.0
010140,13:30,259,0.028465916893212363,0.9961538461538462
010140,13:45,260,0.027052203402571598,1.0
010140,14:00,259,0.029867967000590516,0.9961538461538462
010140,14:15,260,0.030317081559775416,1.0
010140,14:30,260,0.031163912681880315,1.0
010140,14:45,259,0.03253797278710623,0.9961538461538462
010140,15:00,260,0.03925206439204538,1.0
010140,15:15,260,0.016186460632932703,1.0
010140,15:30,260,0.0846487101490395,1.0
010140,15:45,1,0.025060840990437552,0.0038461538461538464
010140,16:00,9,0.003941165553475998,0.03461538461538462
010140,16:15,9,0.004141630053323081,0.03461538461538462
010140,16:30,9,0.03653770613917027,0.03461538461538462
010140,16:45,8,0.001393278457490397,0.03076923076923077
010140,17:00,8,0.0016361418336906508,0.03076923076923077
010140,17:15,8,0.0011591729539136186,0.03076923076923077
010140,17:30,8,0.0012069864045965448,0.03076923076923077
010140,17:45,8,0.0008402378961028102,0.03076923076923077
010140,18:00,8,0.001841850896793584,0.03076923076923077
010140,18:15,8,0.0010058539348845941,0.03076923076923077
010140,18:30,8,0.0014053335449243497,0.03076923076923077
010140,18:45,8,0.001617185113783243,0.03076923076923077
010140,19:00,8,0.0023619888018786292,0.03076923076923077
010140,19:15,8,0.0017850681339235982,0.03076923076923077
010140,19:30,8,0.00439218707538568,0.03076923076923077
010140,19:45,8,0.00687418155823001,0.03076923076923077
010950,09:00,258,0.09727960025679712,0.9923076923076923
010950,09:15,257,0.06387593826643304,0.9884615384615385
010950,09:30,258,0.051607618623728445,0.9923076923076923
010950,09:45,258,0.046166875744334875,0.9923076923076923
010950,10:00,260,0.043550167891808635,1.0
010950,10:15,259,0.038366447487079146,0.9961538461538462
010950,10:30,260,0.03752235763328707,1.0
010950,10:45,259,0.035020926757250416,0.9961538461538462
010950,11:00,260,0.03143637732063866,1.0
010950,11:15,260,0.027658130703219295,1.0
010950,11:30,259,0.02482510555570016,0.9961538461538462
010950,11:45,260,0.023339324672558438,1.0
010950,12:00,260,0.022333868026179385,1.0
010950,12:15,259,0.02158804096158217,0.9961538461538462
010950,12:30,260,0.022240483782165296,1.0
010950,12:45,259,0.0245526122674197,0.9961538461538462
010950,13:00,260,0.027377984386833237,1.0
010950,13:15,260,0.029858947577832737,1.0
010950,13:30,259,0.029335393475353036,0.9961538461538462
010950,13:45,260,0.03170806371037817,1.0
010950,14:00,259,0.03277512733402604,0.9961538461538462
010950,14:15,260,0.03811950364102805,1.0
010950,14:30,260,0.04162596834262428,1.0
010950,14:45,259,0.04270867890530443,0.9961538461538462
010950,15:00,260,0.044048873869527896,1.0
010950,15:15,260,0.01604052974529181,1.0
010950,15:30,260,0.056837702340182705,1.0
010950,15:45,1,0.02469254224719474,0.0038461538461538464
010950,16:00,9,0.003958941328624288,0.03461538461538462
010950,16:15,9,0.0024405504835329018,0.03461538461538462
010950,16:30,9,0.01155661108924296,0.03461538461538462
010950,16:45,8,0.0005997698970545846,0.03076923076923077
010950,17:00,8,0.0010390719664964848,0.03076923076923077
010950,17:15,8,0.001042730436734718,0.03076923076923077
010950,17:30,8,0.000891412994603637,0.03076923076923077
010950,17:45,8,0.0013229492753403381,0.03076923076923077
010950,18:00,8,0.001438236951438426,0.03076923076923077
010950,18:15,8,0.0016324299407777215,0.03076923076923077
010950,18:30,8,0.0016941595098078775,0.03076923076923077
010950,18:45,8,0.0009036352890104087,0.03076923076923077
010950,19:00,8,0.0014883015137768414,0.03076923076923077
010950,19:15,8,0.0018031254831547725,0.03076923076923077
010950,19:30,8,0.0032151850782380594,0.03076923076923077
010950,19:45,8,0.004984248664345342,0.03076923076923077
011200,09:00,258,0.11177980350156626,0.9923076923076923
011200,09:15,257,0.06194165815529745,0.9884615384615385
011200,09:30,258,0.050463886096066286,0.9923076923076923
011200,09:45,258,0.044442339872394314,0.9923076923076923
011200,10:00,260,0.04046331493048957,1.0
011200,10:15,259,0.03516128457356046,0.9961538461538462
011200,10:30,260,0.03290005152235247,1.0
011200,10:45,259,0.03149997635660413,0.9961538461538462
011200,11:00,260,0.03066614974235855,1.0
011200,11:15,260,0.02704887097126706,1.0
011200,11:30,259,0.02541081036106037,0.9961538461538462
011200,11:45,260,0.02257253630056673,1.0
011200,12:00,260,0.021206178742644778,1.0
011200,12:15,259,0.022246098713303446,0.9961538461538462
011200,12:30,260,0.02213015050180366,1.0
011200,12:45,259,0.023733093397969918,0.9961538461538462
011200,13:00,260,0.02691975530201781,1.0
011200,13:15,260,0.027294549144447833,1.0
011200,13:30,259,0.027051412533481388,0.9961538461538462
011200,13:45,260,0.02699430916948448,1.0
011200,14:00,259,0.03013424043561957,0.9961538461538462
011200,14:15,260,0.03285045894863942,1.0
011200,14:30,260,0.034932874785418955,1.0
011200,14:45,259,0.03767656722381827,0.9961538461538462
011200,15:00,260,0.043167791969456734,1.0
011200,15:15,260,0.01907526036544774,1.0
011200,15:30,260,0.0911173465749167,1.0
011200,15:45,1,0.024338955632967067,0.0038461538461538464
011200,16:00,9,0.004224901331005454,0.03461538461538462
011200,16:15,9,0.0029639534116017423,0.03461538461538462
011200,16:30,9,0.029759082167765905,0.03461538461538462
011200,16:45,8,0.0007446717447007284,0.03076923076923077
011200,17:00,8,0.002062100220047431,0.03076923076923077
011200,17:15,7,0.0019867464594384896,0.026923076923076925
011200,17:30,8,0.004299457546315867,0.03076923076923077
011200,17:45,8,0.0019171431694463483,0.03076923076923077
011200,18:00,8,0.0014616550224665751,0.03076923076923077
011200,18:15,8,0.0027965132800944646,0.03076923076923077
011200,18:30,8,0.0018413401901071858,0.03076923076923077
011200,18:45,8,0.0018640498844960604,0.03076923076923077
011200,19:00,8,0.0011732825349251566,0.03076923076923077
011200,19:15,8,0.001312384268321351,0.03076923076923077
011200,19:30,8,0.002028422532979395,0.03076923076923077
011200,19:45,8,0.007540561359204467,0.03076923076923077
012330,09:00,258,0.12100486194284746,0.9923076923076923
012330,09:15,257,0.06409418889002746,0.9884615384615385
012330,09:30,258,0.04907702185273408,0.9923076923076923
012330,09:45,258,0.0425025604877408,0.9923076923076923
012330,10:00,260,0.0397114688800621,1.0
012330,10:15,259,0.03588695879647163,0.9961538461538462
012330,10:30,260,0.035131767551652614,1.0
012330,10:45,259,0.03143757987197185,0.9961538461538462
012330,11:00,260,0.029311195133281797,1.0
012330,11:15,260,0.026652370612478916,1.0
012330,11:30,259,0.023012012868853324,0.9961538461538462
012330,11:45,260,0.021336721042832348,1.0
012330,12:00,260,0.021711578942556507,1.0
012330,12:15,259,0.01982459596583709,0.9961538461538462
012330,12:30,260,0.020945485545716062,1.0
012330,12:45,259,0.021688160399551123,0.9961538461538462
012330,13:00,260,0.026247318383589718,1.0
012330,13:15,260,0.026167836063672876,1.0
012330,13:30,259,0.02743654820283556,0.9961538461538462
012330,13:45,260,0.02879169218802016,1.0
012330,14:00,259,0.031672907864793313,0.9961538461538462
012330,14:15,260,0.03327140178589205,1.0
012330,14:30,260,0.03442899611904562,1.0
012330,14:45,259,0.03776411264989844,0.9961538461538462
012330,15:00,260,0.04181805852953297,1.0
012330,15:15,260,0.016478447954187923,1.0
012330,15:30,260,0.09346674868136026,1.0
012330,15:45,1,0.03983256818795571,0.0038461538461538464
012330,16:00,9,0.0036632798124378385,0.03461538461538462
012330,16:15,9,0.0017353282882356402,0.03461538461538462
012330,16:30,9,0.03695223031432762,0.03461538461538462
012330,16:45,8,0.0009542398298566509,0.03076923076923077
012330,17:00,8,0.0011234475171332343,0.03076923076923077
012330,17:15,8,0.0006105673757800035,0.03076923076923077
012330,17:30,8,0.0012696559240916046,0.03076923076923077
012330,17:45,8,0.0021121206103991443,0.03076923076923077
012330,18:00,8,0.002494515884975017,0.03076923076923077
012330,18:15,8,0.00181832883142511,0.03076923076923077
012330,18:30,8,0.0025372542562521754,0.03076923076923077
012330,18:45,8,0.0021506854192038793,0.03076923076923077
012330,19:00,8,0.0009035993482117101,0.03076923076923077
012330,19:15,8,0.0014338048748630773,0.03076923076923077
012330,19:30,8,0.0022229222859751017,0.03076923076923077
012330,19:45,8,0.005157475841648438,0.03076923076923077
012450,09:00,258,0.12605313506112562,0.9923076923076923
012450,09:15,257,0.06399519493975621,0.9884615384615385
012450,09:30,258,0.048856118553143715,0.9923076923076923
012450,09:45,258,0.04227061361313603,0.9923076923076923
012450,10:00,260,0.03899375418809829,1.0
012450,10:15,259,0.032430586313105546,0.9961538461538462
012450,10:30,260,0.03048259145261876,1.0
012450,10:45,259,0.030384000696611634,0.9961538461538462
012450,11:00,260,0.028141343723401158,1.0
012450,11:15,260,0.024773175398777186,1.0
012450,11:30,259,0.023760749326027224,0.9961538461538462
012450,11:45,260,0.021864747412944918,1.0
012450,12:00,260,0.022907862770711555,1.0
012450,12:15,259,0.021761864731786172,0.9961538461538462
012450,12:30,260,0.02221228703181272,1.0
012450,12:45,259,0.02427408343448835,0.9961538461538462
012450,13:00,260,0.02692644777381083,1.0
012450,13:15,260,0.02681595310573639,1.0
012450,13:30,259,0.029141858251789055,0.9961538461538462
012450,13:45,260,0.029156106816705888,1.0
012450,14:00,259,0.030851762076637784,0.9961538461538462
012450,14:15,260,0.031936555015890156,1.0
012450,14:30,260,0.03295279629253044,1.0
012450,14:45,259,0.0371099404761749,0.9961538461538462
012450,15:00,260,0.0442828851812626,1.0
012450,15:15,260,0.018004116143098433,1.0
012450,15:30,260,0.0910773255804488,1.0
012450,15:45,1,0.03221710570867475,0.0038461538461538464
012450,16:00,9,0.0029984286913525833,0.03461538461538462
012450,16:15,9,0.0022117683670748616,0.03461538461538462
012450,16:30,9,0.030817478231306775,0.03461538461538462
012450,16:45,8,0.0010161649564649784,0.03076923076923077
012450,17:00,8,0.0009149894311038957,0.03076923076923077
012450,17:15,8,0.0004641259918064521,0.03076923076923077
012450,17:30,8,0.0007093390209538747,0.03076923076923077
012450,17:45,8,0.0009711048539172201,0.03076923076923077
012450,18:00,8,0.001717365933872542,0.03076923076923077
012450,18:15,8,0.0007838986314401491,0.03076923076923077
012450,18:30,8,0.0008142037734363677,0.03076923076923077
012450,18:45,8,0.0009446011177809501,0.03076923076923077
012450,19:00,8,0.001327706651941886,0.03076923076923077
012450,19:15,8,0.001047231898544206,0.03076923076923077
012450,19:30,8,0.0022068484799418002,0.03076923076923077
012450,19:45,8,0.003451367663860363,0.03076923076923077
015760,09:00,258,0.14090993795959367,0.9923076923076923
015760,09:15,257,0.07376394938709387,0.9884615384615385
015760,09:30,258,0.05756662123275705,0.9923076923076923
015760,09:45,258,0.05040602708135514,0.9923076923076923
015760,10:00,260,0.04479454622370007,1.0
015760,10:15,259,0.036407595758880716,0.9961538461538462
015760,10:30,260,0.034647303548776216,1.0
015760,10:45,259,0.03062906602288748,0.9961538461538462
015760,11:00,260,0.028718849144192853,1.0
015760,11:15,260,0.02528409972162671,1.0
015760,11:30,259,0.022597954886387894,0.9961538461538462
015760,11:45,260,0.02185706821748819,1.0
015760,12:00,260,0.022022816999580565,1.0
015760,12:15,259,0.01971420326287941,0.9961538461538462
015760,12:30,260,0.021763813420686458,1.0
015760,12:45,259,0.022813729969147812,0.9961538461538462
015760,13:00,260,0.025296493036015617,1.0
015760,13:15,260,0.02587992692064127,1.0
015760,13:30,259,0.02590670012307436,0.9961538461538462
015760,13:45,260,0.026593676673449165,1.0
015760,14:00,259,0.02964969069269786,0.9961538461538462
015760,14:15,260,0.029913301260170926,1.0
015760,14:30,260,0.03318947077063256,1.0
015760,14:45,259,0.03758089512090714,0.9961538461538462
015760,15:00,260,0.0370736154081383,1.0
015760,15:15,260,0.01585251179948566,1.0
015760,15:30,260,0.06096589444602242,1.0
015760,15:45,1,0.05705556984646983,0.0038461538461538464
015760,16:00,9,0.009259867291206886,0.03461538461538462
015760,16:15,9,0.0024992376900798414,0.03461538461538462
015760,16:30,9,0.006451635939689921,0.03461538461538462
015760,16:45,8,0.001603623992325858,0.03076923076923077
015760,17:00,8,0.002715288326551294,0.03076923076923077
015760,17:15,8,0.0017483761341678633,0.03076923076923077
015760,17:30,8,0.0025891251598651427,0.03076923076923077
015760,17:45,8,0.00144297718551676,0.03076923076923077
015760,18:00,8,0.0020499972252115443,0.03076923076923077
015760,18:15,8,0.001231953211585264,0.03076923076923077
015760,18:30,8,0.0013815237761264012,0.03076923076923077
015760,18:45,8,0.0024200463226048993,0.03076923076923077
015760,19:00,8,0.002744811948944604,0.03076923076923077
015760,19:15,8,0.0023492595174960866,0.03076923076923077
015760,19:30,8,0.002557093115337177,0.03076923076923077
015760,19:45,8,0.007099331016798605,0.03076923076923077
017670,09:00,258,0.1094470936951901,0.9923076923076923
017670,09:15,257,0.058229665839831635,0.9884615384615385
017670,09:30,258,0.04835126701648149,0.9923076923076923
017670,09:45,258,0.04415220004554453,0.9923076923076923
017670,10:00,260,0.0390072372087712,1.0
017670,10:15,259,0.03468872558400699,0.9961538461538462
017670,10:30,260,0.031706574163193724,1.0
017670,10:45,259,0.03357214079300935,0.9961538461538462
017670,11:00,260,0.02862302836545762,1.0
017670,11:15,260,0.02612267657306988,1.0
017670,11:30,259,0.02464050045658574,0.9961538461538462
017670,11:45,260,0.023718377436670116,1.0
017670,12:00,260,0.02146752588537413,1.0
017670,12:15,259,0.02251699830899268,0.9961538461538462
017670,12:30,260,0.02130443807419239,1.0
017670,12:45,259,0.02347551367246978,0.9961538461538462
017670,13:00,260,0.02503238622338787,1.0
017670,13:15,260,0.026585062762575207,1.0
017670,13:30,259,0.02778907342722689,0.9961538461538462
017670,13:45,260,0.028646049210084647,1.0
017670,14:00,259,0.030611684124713903,0.9961538461538462
017670,14:15,260,0.031840999663214645,1.0
017670,14:30,260,0.033671222319319606,1.0
017670,14:45,259,0.04040148614679431,0.9961538461538462
017670,15:00,260,0.04536912156706934,1.0
017670,15:15,260,0.01951063508759237,1.0
017670,15:30,260,0.10000022056221367,1.0
017670,15:45,1,0.025304944559845964,0.0038461538461538464
017670,16:00,9,0.007311346060985338,0.03461538461538462
017670,16:15,9,0.002978173048848785,0.03461538461538462
017670,16:30,9,0.03432069830985932,0.03461538461538462
017670,16:45,8,0.001383850318016099,0.03076923076923077
017670,17:00,8,0.0036131264483190285,0.03076923076923077
017670,17:15,8,0.001515912736857368,0.03076923076923077
017670,17:30,8,0.0024076192991653966,0.03076923076923077
017670,17:45,8,0.0014578617524631675,0.03076923076923077
017670,18:00,8,0.0020066074725202847,0.03076923076923077
017670,18:15,8,0.0027886613937848997,0.03076923076923077
017670,18:30,8,0.001735349305898355,0.03076923076923077
017670,18:45,8,0.001319250141760154,0.03076923076923077
017670,19:00,8,0.0018709643132909758,0.03076923076923077
017670,19:15,8,0.002138788953838748,0.03076923076923077
017670,19:30,8,0.006663320390749744,0.03076923076923077
017670,19:45,8,0.0041229680760670965,0.03076923076923077
018260,09:00,258,0.10004462119757697,0.9923076923076923
018260,09:15,257,0.05836525893355542,0.9884615384615385
018260,09:30,258,0.04866196487568254,0.9923076923076923
018260,09:45,258,0.045844678162768056,0.9923076923076923
018260,10:00,260,0.040558188540538415,1.0
018260,10:15,259,0.036290011206925474,0.9961538461538462
018260,10:30,260,0.03366268194513213,1.0
018260,10:45,259,0.03391836138599517,0.9961538461538462
018260,11:00,260,0.0313338904029424,1.0
018260,11:15,260,0.027162967405824613,1.0
018260,11:30,259,0.024226955271952497,0.9961538461538462
018260,11:45,260,0.02270593420670027,1.0
018260,12:00,260,0.022449838323341825,1.0
018260,12:15,259,0.02207554605297346,0.9961538461538462
018260,12:30,260,0.022209821540213285,1.0
018260,12:45,259,0.024416113186871025,0.9961538461538462
018260,13:00,260,0.028315924485048483,1.0
018260,13:15,260,0.028885544221203797,1.0
018260,13:30,259,0.029541553030312053,0.9961538461538462
018260,13:45,260,0.029656825688011573,1.0
018260,14:00,259,0.03234300372449664,0.9961538461538462
018260,14:15,260,0.03627466173091159,1.0
018260,14:30,260,0.03814390130059109,1.0
018260,14:45,259,0.0412763063573238,0.9961538461538462
018260,15:00,260,0.04351048037368582,1.0
018260,15:15,260,0.016618848908555365,1.0
018260,15:30,260,0.08256475501547138,1.0
018260,15:45,1,0.034719557667522605,0.0038461538461538464
018260,16:00,9,0.003202720107819863,0.03461538461538462
018260,16:15,9,0.0023501746857033713,0.03461538461538462
018260,16:30,9,0.022689795158077765,0.03461538461538462
018260,16:45,8,0.0007769109646449517,0.03076923076923077
018260,17:00,8,0.0013847230242666428,0.03076923076923077
018260,17:15,8,0.0012677591348238923,0.03076923076923077
018260,17:30,8,0.0012965087164534261,0.03076923076923077
018260,17:45,8,0.001006385192824638,0.03076923076923077
018260,18:00,8,0.002458710860658054,0.03076923076923077
018260,18:15,8,0.002823241126983097,0.03076923076923077
018260,18:30,8,0.0013464791623097121,0.03076923076923077
018260,18:45,8,0.004640287570469497,0.03076923076923077
018260,19:00,8,0.001950134205333632,0.03076923076923077
018260,19:15,8,0.001967510885438112,0.03076923076923077
018260,19:30,8,0.0024647347968416483,0.03076923076923077
018260,19:45,8,0.007133694966490929,0.03076923076923077
024110,09:00,258,0.09085834555483512,0.9923076923076923
024110,09:15,257,0.05322756400633823,0.9884615384615385
024110,09:30,258,0.04699057257845757,0.9923076923076923
024110,09:45,258,0.04240451054860519,0.9923076923076923
024110,10:00,260,0.03676542820634966,1.0
024110,10:15,259,0.033764367738240264,0.9961538461538462
024110,10:30,260,0.03217256970911092,1.0
024110,10:45,259,0.029453114945603532,0.9961538461538462
024110,11:00,260,0.027962772388440173,1.0
024110,11:15,260,0.02731173679891303,1.0
024110,11:30,259,0.02361308863086135,0.9961538461538462
024110,11:45,260,0.023136877596888223,1.0
024110,12:00,260,0.02219224783345589,1.0
024110,12:15,259,0.02108807464657281,0.9961538461538462
024110,12:30,260,0.024079576977671265,1.0
024110,12:45,259,0.024566960382497068,0.9961538461538462
024110,13:00,260,0.026795606649096766,1.0
024110,13:15,260,0.028405776630898542,1.0
024110,13:30,259,0.027783373304857556,0.9961538461538462
024110,13:45,260,0.028041678896731523,1.0
024110,14:00,259,0.031067541018094988,0.9961538461538462
024110,14:15,260,0.03255633783095589,1.0
024110,14:30,260,0.03517035084758095,1.0
024110,14:45,259,0.04046673541086533,0.9961538461538462
024110,15:00,260,0.04920874766045145,1.0
024110,15:15,260,0.024886353621391216,1.0
024110,15:30,260,0.11730293148018144,1.0
024110,15:45,1,0.030194844850958004,0.0038461538461538464
024110,16:00,8,0.0017349053929703422,0.03076923076923077
024110,16:15,9,0.0012856524305622794,0.03461538461538462
024110,16:30,9,0.03053932187131705,0.03461538461538462
024110,16:45,8,0.0002518315830736575,0.03076923076923077
024110,17:00,7,0.00047624538078787365,0.026923076923076925
024110,17:15,8,0.0003853710570089306,0.03076923076923077
024110,17:30,6,0.0006339441467338064,0.023076923076923078
024110,17:45,7,0.0005254863872941039,0.026923076923076925
024110,18:00,7,0.0014497267337373304,0.026923076923076925
024110,18:15,8,0.0006325158242336247,0.03076923076923077
024110,18:30,6,0.0004862086027998095,0.023076923076923078
024110,18:45,8,0.0002609365938757762,0.03076923076923077
024110,19:00,7,0.000373362449222712,0.026923076923076925
024110,19:15,8,0.0004685614060311616,0.03076923076923077
024110,19:30,8,0.0026098909610327036,0.03076923076923077
024110,19:45,8,0.003385441720784579,0.03076923076923077
028260,09:00,258,0.1026768230136635,0.9923076923076923
028260,09:15,257,0.05657395325472235,0.9884615384615385
028260,09:30,258,0.045529511024962166,0.9923076923076923
028260,09:45,258,0.04090623448130424,0.9923076923076923
028260,10:00,260,0.0385505827421516,1.0
028260,10:15,259,0.033515700866000725,0.9961538461538462
028260,10:30,260,0.03309037041031151,1.0
028260,10:45,259,0.03233596448801996,0.9961538461538462
028260,11:00,260,0.029179235875474663,1.0
028260,11:15,260,0.02522369764010877,1.0
028260,11:30,259,0.02322058469298142,0.9961538461538462
028260,11:45,260,0.022341058838573884,1.0
028260,12:00,260,0.021538600899125446,1.0
028260,12:15,259,0.02070944365958436,0.9961538461538462
028260,12:30,260,0.021877462695907204,1.0
028260,12:45,259,0.023991009319806546,0.9961538461538462
028260,13:00,260,0.02790676366026982,1.0
028260,13:15,260,0.028493221446495475,1.0
028260,13:30,259,0.02926869224160262,0.9961538461538462
028260,13:45,260,0.03047408681487403,1.0
028260,14:00,259,0.03127212028502324,0.9961538461538462
028260,14:15,260,0.03496585519838981,1.0
028260,14:30,260,0.03828900078754046,1.0
028260,14:45,259,0.0423356906352329,0.9961538461538462
028260,15:00,260,0.04424603606816131,1.0
028260,15:15,260,0.0188309821145242,1.0
028260,15:30,260,0.10343865771655696,1.0
028260,15:45,1,0.03710431781623927,0.0038461538461538464
028260,16:00,9,0.004491800269475568,0.03461538461538462
028260,16:15,9,0.0013207973355376088,0.03461538461538462
028260,16:30,9,0.03837561134392252,0.03461538461538462
028260,16:45,8,0.000808571071393333,0.03076923076923077
028260,17:00,8,0.0008732472094930294,0.03076923076923077
028260,17:15,8,0.0006893320687968336,0.03076923076923077
028260,17:30,8,0.0007360472860790286,0.03076923076923077
028260,17:45,8,0.000971740759257286,0.03076923076923077
028260,18:00,8,0.0015389997817663208,0.03076923076923077
028260,18:15,8,0.0015596237808675412,0.03076923076923077
028260,18:30,8,0.0010502708938191125,0.03076923076923077
028260,18:45,8,0.0010196866182863242,0.03076923076923077
028260,19:00,8,0.002475709551771854,0.03076923076923077
028260,19:15,8,0.0014264081246384683,0.03076923076923077
028260,19:30,8,0.0018210633050878065,0.03076923076923077
028260,19:45,8,0.003360471808697377,0.03076923076923077
032830,09:00,258,0.0882771573863935,0.9923076923076923
032830,09:15,257,0.04960284327246625,0.9884615384615385
032830,09:30,258,0.04308223622041956,0.9923076923076923
032830,09:45,258,0.03803012269819392,0.9923076923076923
032830,10:00,260,0.036783882331927024,1.0
032830,10:15,259,0.03333711481957421,0.9961538461538462
032830,10:30,260,0.030970612480978744,1.0
032830,10:45,259,0.030222829939168364,0.9961538461538462
032830,11:00,260,0.028938674367408358,1.0
032830,11:15,260,0.02640602706740016,1.0
032830,11:30,259,0.024050306776310287,0.9961538461538462
032830,11:45,260,0.023334717424803798,1.0
032830,12:00,260,0.02179280965298513,1.0
032830,12:15,259,0.022251374179309932,0.9961538461538462
032830,12:30,260,0.023667119180923388,1.0
032830,12:45,259,0.02528229118990191,0.9961538461538462
032830,13:00,260,0.030324051166201172,1.0
032830,13:15,260,0.0305064499922042,1.0
032830,13:30,259,0.030592918447558237,0.9961538461538462
032830,13:45,260,0.031497211148650235,1.0
032830,14:00,259,0.03503407586077356,0.9961538461538462
032830,14:15,260,0.037014935952723683,1.0
032830,14:30,260,0.03935018957874587,1.0
032830,14:45,259,0.043536896316410896,0.9961538461538462
032830,15:00,260,0.04658207285707256,1.0
032830,15:15,260,0.018162521189249027,1.0
032830,15:30,260,0.11222575847957676,1.0
032830,15:45,1,0.017830519705434995,0.0038461538461538464
032830,16:00,9,0.004855113739895645,0.03461538461538462
032830,16:15,9,0.0010596325267065467,0.03461538461538462
032830,16:30,8,0.04020107672519317,0.03076923076923077
032830,16:45,8,0.000501342411359896,0.03076923076923077
032830,17:00,8,0.0015004470566911884,0.03076923076923077
032830,17:15,8,0.0004746102536034271,0.03076923076923077
032830,17:30,8,0.000306769747259715,0.03076923076923077
032830,17:45,8,0.0011489805811646697,0.03076923076923077
032830,18:00,8,0.001679298246178438,0.03076923076923077
032830,18:15,7,0.0007409227187797274,0.026923076923076925
032830,18:30,8,0.0007558692985370465,0.03076923076923077
032830,18:45,8,0.0008119881858278092,0.03076923076923077
032830,19:00,8,0.001272900785820258,0.03076923076923077
032830,19:15,8,0.0008930463159965722,0.03076923076923077
032830,19:30,8,0.0018534138727172844,0.03076923076923077
032830,19:45,8,0.0026969666089145775,0.03076923076923077
033780,09:00,258,0.06979385115927819,0.9923076923076923
033780,09:15,257,0.04467202030321626,0.9884615384615385
033780,09:30,258,0.03958305646419474,0.9923076923076923
033780,09:45,258,0.03757293293207397,0.9923076923076923
033780,10:00,260,0.03587768215000868,1.0
033780,10:15,259,0.03334945510766599,0.9961538461538462
033780,10:30,260,0.03157001806495886,1.0
033780,10:45,259,0.0317486893543981,0.9961538461538462
033780,11:00,260,0.028873160144962308,1.0
033780,11:15,260,0.026832859265670618,1.0
033780,11:30,259,0.024212109954151056,0.9961538461538462
033780,11:45,260,0.02409274421389968,1.0
033780,12:00,260,0.02391382079877871,1.0
033780,12:15,259,0.02433525812732638,0.9961538461538462
033780,12:30,260,0.023563851210965173,1.0
033780,12:45,259,0.025726588733664478,0.9961538461538462
033780,13:00,260,0.02927558284010322,1.0
033780,13:15,260,0.02938306938128939,1.0
033780,13:30,259,0.031136248792549035,0.9961538461538462
033780,13:45,260,0.03235590522366867,1.0
033780,14:00,259,0.03480254048559635,0.9961538461538462
033780,14:15,260,0.037429371517924116,1.0
033780,14:30,260,0.04067905293687655,1.0
033780,14:45,259,0.04630494705273374,0.9961538461538462
033780,15:00,260,0.05085636820840913,1.0
033780,15:15,260,0.019429140054491846,1.0
033780,15:30,260,0.12366744821442513,1.0
033780,15:45,1,0.03267062222360287,0.0038461538461538464
033780,16:00,8,0.0018838089611836835,0.03076923076923077
033780,16:15,9,0.001168931190171796,0.03461538461538462
033780,16:30,9,0.03073695683236395,0.03461538461538462
033780,16:45,8,0.000249203881544707,0.03076923076923077
033780,17:00,7,0.0002876478060028869,0.026923076923076925
033780,17:15,7,0.00012443351332783284,0.026923076923076925
033780,17:30,8,0.0004878342931316098,0.03076923076923077
033780,17:45,8,0.00022172453220309805,0.03076923076923077
033780,18:00,8,0.002052279634261131,0.03076923076923077
033780,18:15,8,0.0013946293438492354,0.03076923076923077
033780,18:30,8,0.0003940096059001531,0.03076923076923077
033780,18:45,8,0.0008499967907308803,0.03076923076923077
033780,19:00,8,0.0008147510415917972,0.03076923076923077
033780,19:15,8,0.0004039434616648808,0.03076923076923077
033780,19:30,8,0.000769775642915704,0.03076923076923077
033780,19:45,8,0.0013533547752980124,0.03076923076923077
034020,09:00,258,0.16307938521115722,0.9923076923076923
034020,09:15,257,0.07710685286571324,0.9884615384615385
034020,09:30,258,0.05925743066032749,0.9923076923076923
034020,09:45,258,0.05046705814969396,0.9923076923076923
034020,10:00,260,0.04594498103690531,1.0
034020,10:15,259,0.03831451241117565,0.9961538461538462
034020,10:30,260,0.034951467887739465,1.0
034020,10:45,259,0.03315004951101064,0.9961538461538462
034020,11:00,260,0.029431530671272518,1.0
034020,11:15,260,0.025969791152647012,1.0
034020,11:30,259,0.02273125206031886,0.9961538461538462
034020,11:45,260,0.020044849084938463,1.0
034020,12:00,260,0.020341164793437144,1.0
034020,12:15,259,0.02022711765646888,0.9961538461538462
034020,12:30,260,0.02138596406019139,1.0
034020,12:45,259,0.02250556096973798,0.9961538461538462
034020,13:00,260,0.02448584341081298,1.0
034020,13:15,260,0.02670355875609798,1.0
034020,13:30,259,0.02450470139575274,0.9961538461538462
034020,13:45,260,0.023605304580149866,1.0
034020,14:00,259,0.02682055676284532,0.9961538461538462
034020,14:15,260,0.028639191995078254,1.0
034020,14:30,260,0.030398501821606895,1.0
034020,14:45,259,0.03236944875248457,0.9961538461538462
034020,15:00,260,0.03494678159163602,1.0
034020,15:15,260,0.014156105185987013,1.0
034020,15:30,260,0.04993681603765391,1.0
034020,15:45,1,0.07202591362444076,0.0038461538461538464
034020,16:00,9,0.005626747839620285,0.03461538461538462
034020,16:15,9,0.0023372768176572337,0.03461538461538462
034020,16:30,9,0.007755858468741615,0.03461538461538462
034020,16:45,8,0.0017376962795036058,0.03076923076923077
034020,17:00,8,0.0026538217392177575,0.03076923076923077
034020,17:15,8,0.003350998224725163,0.03076923076923077
034020,17:30,8,0.002141471838339732,0.03076923076923077
034020,17:45,8,0.0029153657894646534,0.03076923076923077
034020,18:00,8,0.0031648016293022193,0.03076923076923077
034020,18:15,8,0.003911647409460732,0.03076923076923077
034020,18:30,8,0.0033041416513282075,0.03076923076923077
034020,18:45,8,0.003362254339614559,0.03076923076923077
034020,19:00,8,0.004549954874662224,0.03076923076923077
034020,19:15,8,0.003379539977975001,0.03076923076923077
034020,19:30,8,0.00400056573896307,0.03076923076923077
034020,19:45,8,0.011570770690202094,0.03076923076923077
034730,09:00,258,0.1015156790243084,0.9923076923076923
034730,09:15,257,0.0611048941415858,0.9884615384615385
034730,09:30,258,0.05000075812804427,0.9923076923076923
034730,09:45,258,0.04370220720172305,0.9923076923076923
034730,10:00,260,0.041210239427789314,1.0
034730,10:15,259,0.03718043431077268,0.9961538461538462
034730,10:30,260,0.034805400137704355,1.0
034730,10:45,259,0.03340882845663826,0.9961538461538462
034730,11:00,260,0.03013251110227525,1.0
034730,11:15,260,0.02593289102794302,1.0
034730,11:30,259,0.025319368633301437,0.9961538461538462
034730,11:45,260,0.02262531065412358,1.0
034730,12:00,260,0.022013551389821646,1.0
034730,12:15,259,0.02299174146607445,0.9961538461538462
034730,12:30,260,0.023610958264890583,1.0
034730,12:45,259,0.02385239799930501,0.9961538461538462
034730,13:00,260,0.028731793175797812,1.0
034730,13:15,260,0.029819691334347274,1.0
034730,13:30,259,0.028705604068786472,0.9961538461538462
034730,13:45,260,0.029334442736923233,1.0
034730,14:00,259,0.03256377661692374,0.9961538461538462
034730,14:15,260,0.03580826959935675,1.0
034730,14:30,260,0.03751174346394972,1.0
034730,14:45,259,0.03979328448823223,0.9961538461538462
034730,15:00,260,0.041366572534859446,1.0
034730,15:15,260,0.016473747578289344,1.0
034730,15:30,260,0.08222003677539301,1.0
034730,15:45,1,0.028709721856958585,0.0038461538461538464
034730,16:00,9,0.0026941292018464336,0.03461538461538462
034730,16:15,9,0.0008456718340293569,0.03461538461538462
034730,16:30,9,0.01721056698917148,0.03461538461538462
034730,16:45,7,0.00036512597985000143,0.026923076923076925
034730,17:00,8,0.001255676170127457,0.03076923076923077
034730,17:15,8,0.0008677969852305225,0.03076923076923077
034730,17:30,7,0.0025743059841237337,0.026923076923076925
034730,17:45,8,0.00041182104149313097,0.03076923076923077
034730,18:00,8,0.001988231421992333,0.03076923076923077
034730,18:15,8,0.0012968703332877224,0.03076923076923077
034730,18:30,8,0.0015795301303202598,0.03076923076923077
034730,18:45,8,0.0011977820526662532,0.03076923076923077
034730,19:00,8,0.0016102010560265592,0.03076923076923077
034730,19:15,8,0.0015974472200970757,0.03076923076923077
034730,19:30,8,0.001718591859522326,0.03076923076923077
034730,19:45,8,0.0027427488743748396,0.03076923076923077
035420,09:00,258,0.13381492133596343,0.9923076923076923
035420,09:15,257,0.07000389621088329,0.9884615384615385
035420,09:30,258,0.053392200025287766,0.9923076923076923
035420,09:45,258,0.04669686768326495,0.9923076923076923
035420,10:00,260,0.04295550823990565,1.0
035420,10:15,259,0.037699697056623,0.9961538461538462
035420,10:30,260,0.03365717340603396,1.0
035420,10:45,259,0.03264366405120272,0.9961538461538462
035420,11:00,260,0.029563082689639735,1.0
035420,11:15,260,0.0264940041167534,1.0
035420,11:30,259,0.02260699322640227,0.9961538461538462
035420,11:45,260,0.02298951810091685,1.0
035420,12:00,260,0.01996925161554886,1.0
035420,12:15,259,0.02053833927805492,0.9961538461538462
035420,12:30,260,0.02112847558193918,1.0
035420,12:45,259,0.023644651382002786,0.9961538461538462
035420,13:00,260,0.02671928284825692,1.0
035420,13:15,260,0.026809849491212387,1.0
035420,13:30,259,0.026693822071887342,0.9961538461538462
035420,13:45,260,0.027693978771527447,1.0
035420,14:00,259,0.030223560928363775,0.9961538461538462
035420,14:15,260,0.03104610926181721,1.0
035420,14:30,260,0.032332327742120824,1.0
035420,14:45,259,0.03494020434352688,0.9961538461538462
035420,15:00,260,0.0399885490800004,1.0
035420,15:15,260,0.01647986856875292,1.0
035420,15:30,260,0.07079660177371438,1.0
035420,15:45,1,0.011296117986895563,0.0038461538461538464
035420,16:00,9,0.005676857750514961,0.03461538461538462
035420,16:15,9,0.0034468933045150273,0.03461538461538462
035420,16:30,9,0.01728932298748672,0.03461538461538462
035420,16:45,8,0.002539295190589551,0.03076923076923077
035420,17:00,8,0.0027645420637716763,0.03076923076923077
035420,17:15,8,0.0014040489055049243,0.03076923076923077
035420,17:30,8,0.000739524796470167,0.03076923076923077
035420,17:45,8,0.0020530032980509635,0.03076923076923077
035420,18:00,8,0.002789422814120004,0.03076923076923077
035420,18:15,8,0.0016947723390199616,0.03076923076923077
035420,18:30,8,0.0012248275416139086,0.03076923076923077
035420,18:45,8,0.0021619129243806946,0.03076923076923077
035420,19:00,8,0.0009095056142484045,0.03076923076923077
035420,19:15,8,0.0033812423252857745,0.03076923076923077
035420,19:30,8,0.0036637279979641417,0.03076923076923077
035420,19:45,8,0.007420812373148545,0.03076923076923077
042660,09:00,258,0.1471677164547978,0.9923076923076923
042660,09:15,257,0.07969183589063794,0.9884615384615385
042660,09:30,258,0.058185144768824894,0.9923076923076923
042660,09:45,258,0.04828226967333715,0.9923076923076923
042660,10:00,260,0.04810759043915962,1.0
042660,10:15,259,0.039446102758973124,0.9961538461538462
042660,10:30,260,0.03458204267307883,1.0
042660,10:45,259,0.03161000718350334,0.9961538461538462
042660,11:00,260,0.029294942410906327,1.0
042660,11:15,260,0.026215903524708335,1.0
042660,11:30,259,0.022147149318218165,0.9961538461538462
042660,11:45,260,0.021356524311809476,1.0
042660,12:00,260,0.020598306712993477,1.0
042660,12:15,259,0.01849694748500042,0.9961538461538462
042660,12:30,260,0.020458503731432702,1.0
042660,12:45,259,0.021642564274541372,0.9961538461538462
042660,13:00,260,0.02582954624765769,1.0
042660,13:15,260,0.026236313196931427,1.0
042660,13:30,259,0.02737914789638901,0.9961538461538462
042660,13:45,260,0.02760052516942977,1.0
042660,14:00,259,0.029712321238111107,0.9961538461538462
042660,14:15,260,0.02898999576015493,1.0
042660,14:30,260,0.029633646640969197,1.0
042660,14:45,259,0.03164288905161877,0.9961538461538462
042660,15:00,260,0.0364262714383114,1.0
042660,15:15,260,0.014456767370581129,1.0
042660,15:30,260,0.05598337876720943,1.0
042660,15:45,1,0.0440421277360697,0.0038461538461538464
042660,16:00,9,0.005836564613197803,0.03461538461538462
042660,16:15,9,0.003660260095391577,0.03461538461538462
042660,16:30,9,0.014535093634685097,0.03461538461538462
042660,16:45,8,0.0022583107035791705,0.03076923076923077
042660,17:00,8,0.0021093324117716227,0.03076923076923077
042660,17:15,8,0.004316940093727042,0.03076923076923077
042660,17:30,8,0.005818155893559089,0.03076923076923077
042660,17:45,8,0.0021386404250706903,0.03076923076923077
042660,18:00,8,0.004042652059045531,0.03076923076923077
042660,18:15,8,0.0037006656521219954,0.03076923076923077
042660,18:30,8,0.003475300844347642,0.03076923076923077
042660,18:45,8,0.0031749825754907508,0.03076923076923077
042660,19:00,8,0.0028661893586717966,0.03076923076923077
042660,19:15,8,0.0025876875817691606,0.03076923076923077
042660,19:30,8,0.0045959703114098445,0.03076923076923077
042660,19:45,8,0.009260342668444194,0.03076923076923077
042700,09:00,258,0.14877563126518856,0.9923076923076923
042700,09:15,257,0.0753327687327795,0.9884615384615385
042700,09:30,258,0.05941551378514701,0.9923076923076923
042700,09:45,258,0.04898596347915234,0.9923076923076923
042700,10:00,260,0.04428346719735965,1.0
042700,10:15,259,0.03616914952261591,0.9961538461538462
042700,10:30,260,0.03406856495749132,1.0
042700,10:45,259,0.031316080626093146,0.9961538461538462
042700,11:00,260,0.02888085237341063,1.0
042700,11:15,260,0.02466070283991631,1.0
042700,11:30,259,0.022584875139414946,0.9961538461538462
042700,11:45,260,0.02198494009751427,1.0
042700,12:00,260,0.020546529818620374,1.0
042700,12:15,259,0.019907746064726492,0.9961538461538462
042700,12:30,260,0.021912679072503702,1.0
042700,12:45,259,0.022716459078100208,0.9961538461538462
042700,13:00,260,0.02492246684438949,1.0
042700,13:15,260,0.02448259896990819,1.0
042700,13:30,259,0.024010651429015744,0.9961538461538462
042700,13:45,260,0.024941436906143217,1.0
042700,14:00,259,0.026542981034679565,0.9961538461538462
042700,14:15,260,0.026907782837003884,1.0
042700,14:30,260,0.0321213215892061,1.0
042700,14:45,259,0.03695751158182108,0.9961538461538462
042700,15:00,260,0.05019553626323197,1.0
042700,15:15,260,0.02133597333166509,1.0
042700,15:30,260,0.04673452968771216,1.0
042700,15:45,1,0.020480229561507975,0.0038461538461538464
042700,16:00,9,0.00402077769958173,0.03461538461538462
042700,16:15,9,0.0032868206979141975,0.03461538461538462
042700,16:30,9,0.02297918698668122,0.03461538461538462
042700,16:45,8,0.001366808147203567,0.03076923076923077
042700,17:00,8,0.003546832876142971,0.03076923076923077
042700,17:15,8,0.004571672348909282,0.03076923076923077
042700,17:30,8,0.005010576209119664,0.03076923076923077
042700,17:45,8,0.007759966112903273,0.03076923076923077
042700,18:00,8,0.004212996981290545,0.03076923076923077
042700,18:15,8,0.003142732559804611,0.03076923076923077
042700,18:30,8,0.003792717216364837,0.03076923076923077
042700,18:45,8,0.0038699232358527535,0.03076923076923077
042700,19:00,8,0.0027259861652145397,0.03076923076923077
042700,19:15,8,0.0043563088756889065,0.03076923076923077
042700,19:30,8,0.00574637329140982,0.03076923076923077
042700,19:45,8,0.010755968888077592,0.03076923076923077
051910,09:00,258,0.11309977480380458,0.9923076923076923
051910,09:15,257,0.061348671235941135,0.9884615384615385
051910,09:30,258,0.04749745655286171,0.9923076923076923
051910,09:45,258,0.04001965190912308,0.9923076923076923
051910,10:00,260,0.038469579333645386,1.0
051910,10:15,259,0.03322101231512807,0.9961538461538462
051910,10:30,260,0.031305748234914645,1.0
051910,10:45,259,0.028959715695519334,0.9961538461538462
051910,11:00,260,0.025889241922738424,1.0
051910,11:15,260,0.02324250640702961,1.0
051910,11:30,259,0.02138475198603372,0.9961538461538462
051910,11:45,260,0.019921270953608072,1.0
051910,12:00,260,0.01995143906681333,1.0
051910,12:15,259,0.01966335721542877,0.9961538461538462
051910,12:30,260,0.02058984504545508,1.0
051910,12:45,259,0.019871497666205964,0.9961538461538462
051910,13:00,260,0.023907578146561137,1.0
051910,13:15,260,0.025112708076423854,1.0
051910,13:30,259,0.02684102330314697,0.9961538461538462
051910,13:45,260,0.027124367732162175,1.0
051910,14:00,259,0.02966371368301418,0.9961538461538462
051910,14:15,260,0.03244790348848957,1.0
051910,14:30,260,0.03578319840823122,1.0
051910,14:45,259,0.05035345342276475,0.9961538461538462
051910,15:00,260,0.05927678448712152,1.0
051910,15:15,260,0.021335698083268084,1.0
051910,15:30,260,0.10464485069930607,1.0
051910,15:45,1,0.02786174073061318,0.0038461538461538464
051910,16:00,9,0.03247924647765957,0.03461538461538462
051910,16:15,9,0.0039581836507499865,0.03461538461538462
051910,16:30,8,0.014919434387850096,0.03076923076923077
051910,16:45,7,0.000466697266066198,0.026923076923076925
051910,17:00,8,0.0013176347121820074,0.03076923076923077
051910,17:15,8,0.0006079683696689573,0.03076923076923077
051910,17:30,7,0.0008467861519404384,0.026923076923076925
051910,17:45,7,0.00038777719419337596,0.026923076923076925
051910,18:00,8,0.0017584258927270564,0.03076923076923077
051910,18:15,7,0.001396135833880418,0.026923076923076925
051910,18:30,8,0.0005814430963545708,0.03076923076923077
051910,18:45,7,0.0008679966835578673,0.026923076923076925
051910,19:00,8,0.00040153356831024205,0.03076923076923077
051910,19:15,8,0.0009307244267292885,0.03076923076923077
051910,19:30,8,0.0011585253195177674,0.03076923076923077
051910,19:45,8,0.002163557014203864,0.03076923076923077
055550,09:00,258,0.11095105975078519,0.9923076923076923
055550,09:15,257,0.051745117624867824,0.9884615384615385
055550,09:30,258,0.04249524014769687,0.9923076923076923
055550,09:45,258,0.03550001286783401,0.9923076923076923
055550,10:00,260,0.03547375340907497,1.0
055550,10:15,259,0.03085642013262778,0.9961538461538462
055550,10:30,260,0.029407394712731388,1.0
055550,10:45,259,0.026869243936672588,0.9961538461538462
055550,11:00,260,0.025554153838497976,1.0
055550,11:15,260,0.022661211023673907,1.0
055550,11:30,259,0.020947588769718348,0.9961538461538462
055550,11:45,260,0.021732697440007002,1.0
055550,12:00,260,0.020465518105574787,1.0
055550,12:15,259,0.021302184267878513,0.9961538461538462
055550,12:30,260,0.021810471683555505,1.0
055550,12:45,259,0.022732201151781737,0.9961538461538462
055550,13:00,260,0.026004341815299505,1.0
055550,13:15,260,0.026369266233751416,1.0
055550,13:30,259,0.027132709452818798,0.9961538461538462
055550,13:45,260,0.028526343089499244,1.0
055550,14:00,259,0.02983428897672284,0.9961538461538462
055550,14:15,260,0.03203265241211332,1.0
055550,14:30,260,0.03368395795573432,1.0
055550,14:45,259,0.03759177265899372,0.9961538461538462
055550,15:00,260,0.03992033213709243,1.0
055550,15:15,260,0.016322003344347406,1.0
055550,15:30,260,0.16362945385994937,1.0
055550,15:45,1,0.021373584287579305,0.0038461538461538464
055550,16:00,9,0.0021158883514855995,0.03461538461538462
055550,16:15,9,0.0004633548223296072,0.03461538461538462
055550,16:30,9,0.025893210999874267,0.03461538461538462
055550,16:45,8,0.00028999099668479514,0.03076923076923077
055550,17:00,8,0.00016185630855775464,0.03076923076923077
055550,17:15,7,0.0004266065125970668,0.026923076923076925
055550,17:30,8,0.00020223177779523372,0.03076923076923077
055550,17:45,7,0.0002692975404015528,0.026923076923076925
055550,18:00,8,0.0018550266707070015,0.03076923076923077
055550,18:15,8,0.001429734325812055,0.03076923076923077
055550,18:30,8,0.00026896939579228234,0.03076923076923077
055550,18:45,8,0.0010071362041385696,0.03076923076923077
055550,19:00,8,0.000763886081774903,0.03076923076923077
055550,19:15,8,0.0005430810613993767,0.03076923076923077
055550,19:30,8,0.000735443791887125,0.03076923076923077
055550,19:45,8,0.0008096158497610229,0.03076923076923077
066570,09:00,258,0.14035216563434116,0.9923076923076923
066570,09:15,257,0.07731840752473898,0.9884615384615385
066570,09:30,258,0.05800730810097948,0.9923076923076923
066570,09:45,258,0.04724446547861989,0.9923076923076923
066570,10:00,260,0.0462262792960834,1.0
066570,10:15,259,0.03974357762347916,0.9961538461538462
066570,10:30,260,0.035129413045541236,1.0
066570,10:45,259,0.03332955821056641,0.9961538461538462
066570,11:00,260,0.03077796614661736,1.0
066570,11:15,260,0.02780339534136604,1.0
066570,11:30,259,0.023260132237770705,0.9961538461538462
066570,11:45,260,0.02226568259746512,1.0
066570,12:00,260,0.021741248706365585,1.0
066570,12:15,259,0.019451738043521568,0.9961538461538462
066570,12:30,260,0.020343665227271143,1.0
066570,12:45,259,0.020971316695383373,0.9961538461538462
066570,13:00,260,0.02314409535744938,1.0
066570,13:15,260,0.025650756584884308,1.0
066570,13:30,259,0.024953046592547958,0.9961538461538462
066570,13:45,260,0.024624961723954293,1.0
066570,14:00,259,0.028620634181674928,0.9961538461538462
066570,14:15,260,0.028763813831982704,1.0
066570,14:30,260,0.02993465296924602,1.0
066570,14:45,259,0.03240918476711089,0.9961538461538462
066570,15:00,260,0.035484170713106056,1.0
066570,15:15,260,0.014745623755296831,1.0
066570,15:30,260,0.06934771798994493,1.0
066570,15:45,1,0.012319539493415492,0.0038461538461538464
066570,16:00,9,0.0035923636746679538,0.03461538461538462
066570,16:15,9,0.001752098630862009,0.03461538461538462
066570,16:30,9,0.015397136450238408,0.03461538461538462
066570,16:45,8,0.001759349678203305,0.03076923076923077
066570,17:00,8,0.0019551156945182752,0.03076923076923077
066570,17:15,8,0.0023722474830108853,0.03076923076923077
066570,17:30,8,0.002548361530159168,0.03076923076923077
066570,17:45,8,0.0026275616335594996,0.03076923076923077
066570,18:00,8,0.0028671959220952716,0.03076923076923077
066570,18:15,8,0.002687362584424607,0.03076923076923077
066570,18:30,8,0.0020295207995046933,0.03076923076923077
066570,18:45,8,0.0033919243534728414,0.03076923076923077
066570,19:00,8,0.0033922027006186126,0.03076923076923077
066570,19:15,8,0.002200519722018289,0.03076923076923077
066570,19:30,8,0.003964257590266694,0.03076923076923077
066570,19:45,8,0.008106128177960971,0.03076923076923077
068270,09:00,258,0.1150528525945646,0.9923076923076923
068270,09:15,257,0.06447825957664176,0.9884615384615385
068270,09:30,258,0.05038257065492759,0.9923076923076923
068270,09:45,258,0.04262265278093713,0.9923076923076923
068270,10:00,260,0.040323029890335954,1.0
068270,10:15,259,0.036120742464714216,0.9961538461538462
068270,10:30,260,0.03559869943338826,1.0
068270,10:45,259,0.03227329410085326,0.9961538461538462
068270,11:00,260,0.029617009764368426,1.0
068270,11:15,260,0.02760918251989347,1.0
068270,11:30,259,0.023198060290258338,0.9961538461538462
068270,11:45,260,0.021556392763011228,1.0
068270,12:00,260,0.021270373101225756,1.0
068270,12:15,259,0.020093609960272603,0.9961538461538462
068270,12:30,260,0.021449849323125814,1.0
068270,12:45,259,0.022969198942590013,0.9961538461538462
068270,13:00,260,0.02539987196795461,1.0
068270,13:15,260,0.025636172907958773,1.0
068270,13:30,259,0.028136403898954783,0.9961538461538462
068270,13:45,260,0.02760637417943174,1.0
068270,14:00,259,0.0290756238967804,0.9961538461538462
068270,14:15,260,0.0313374330751729,1.0
068270,14:30,260,0.03325174110711667,1.0
068270,14:45,259,0.03722544121981392,0.9961538461538462
068270,15:00,260,0.04135028308447725,1.0
068270,15:15,260,0.021269344617976516,1.0
068270,15:30,260,0.09730730424144504,1.0
068270,15:45,1,0.01050831647471621,0.0038461538461538464
068270,16:00,9,0.0018812172748817564,0.03461538461538462
068270,16:15,9,0.0012567385983950736,0.03461538461538462
068270,16:30,9,0.006488031830073564,0.03461538461538462
068270,16:45,8,0.0012900597868343445,0.03076923076923077
068270,17:00,8,0.000921783162541137,0.03076923076923077
068270,17:15,8,0.0012234860677132055,0.03076923076923077
068270,17:30,8,0.0010152585996425151,0.03076923076923077
068270,17:45,8,0.0012935726028810452,0.03076923076923077
068270,18:00,8,0.002863396039979239,0.03076923076923077
068270,18:15,8,0.0014930733811814073,0.03076923076923077
068270,18:30,8,0.0014511090011214906,0.03076923076923077
068270,18:45,8,0.0009560819209293081,0.03076923076923077
068270,19:00,8,0.0015341989995499071,0.03076923076923077
068270,19:15,8,0.0020482063836199057,0.03076923076923077
068270,19:30,8,0.001625008229616261,0.03076923076923077
068270,19:45,8,0.00308980165320053,0.03076923076923077
079550,09:00,258,0.12333964013728141,0.9923076923076923
079550,09:15,257,0.07233003661359223,0.9884615384615385
079550,09:30,258,0.05594063734575102,0.9923076923076923
079550,09:45,258,0.04889197927912443,0.9923076923076923
079550,10:00,260,0.04646300437317968,1.0
079550,10:15,259,0.03582090940004139,0.9961538461538462
079550,10:30,260,0.03399942838468278,1.0
079550,10:45,259,0.03242070827366453,0.9961538461538462
079550,11:00,260,0.03039576540111814,1.0
079550,11:15,260,0.025521223923926837,1.0
079550,11:30,259,0.022924114829165357,0.9961538461538462
079550,11:45,260,0.0215946794602578,1.0
079550,12:00,260,0.020366362598743134,1.0
079550,12:15,259,0.01947902323874067,0.9961538461538462
079550,12:30,260,0.02131129295120741,1.0
079550,12:45,259,0.024313866417080058,0.9961538461538462
079550,13:00,260,0.02853507712476649,1.0
079550,13:15,260,0.028980351126000226,1.0
079550,13:30,259,0.03000958117049917,0.9961538461538462
079550,13:45,260,0.02960340898998495,1.0
079550,14:00,259,0.03082267760922428,0.9961538461538462
079550,14:15,260,0.03328871502765509,1.0
079550,14:30,260,0.03584086674303359,1.0
079550,14:45,259,0.03905831281173852,0.9961538461538462
079550,15:00,260,0.04329149052043131,1.0
079550,15:15,260,0.016378027401892398,1.0
079550,15:30,260,0.051078111048750624,1.0
079550,15:45,1,0.023134789777411378,0.0038461538461538464
079550,16:00,9,0.0029376539700161786,0.03461538461538462
079550,16:15,9,0.0014920959902259548,0.03461538461538462
079550,16:30,9,0.019213498570317154,0.03461538461538462
079550,16:45,8,0.0016357730322416188,0.03076923076923077
079550,17:00,8,0.000758906549258835,0.03076923076923077
079550,17:15,8,0.001132745594631419,0.03076923076923077
079550,17:30,8,0.0010149505146441746,0.03076923076923077
079550,17:45,8,0.0008276820961945206,0.03076923076923077
079550,18:00,8,0.0010722221998518216,0.03076923076923077
079550,18:15,8,0.0013530433933645648,0.03076923076923077
079550,18:30,8,0.0013274608020012947,0.03076923076923077
079550,18:45,8,0.0028079851288572164,0.03076923076923077
079550,19:00,8,0.0012883815626487214,0.03076923076923077
079550,19:15,8,0.0007989927636667725,0.03076923076923077
079550,19:30,8,0.001657367066230546,0.03076923076923077
079550,19:45,8,0.0033799665669186373,0.03076923076923077
086280,09:00,258,0.09444497115870144,0.9923076923076923
086280,09:15,257,0.056641133041725876,0.9884615384615385
086280,09:30,258,0.04617794235605677,0.9923076923076923
086280,09:45,258,0.04128944814254867,0.9923076923076923
086280,10:00,260,0.03972113791274806,1.0
086280,10:15,259,0.0355968477647678,0.9961538461538462
086280,10:30,260,0.03496983760281736,1.0
086280,10:45,259,0.031917850893490085,0.9961538461538462
086280,11:00,260,0.03069897394164404,1.0
086280,11:15,260,0.027792750905176165,1.0
086280,11:30,259,0.024690619623346226,0.9961538461538462
086280,11:45,260,0.021712496568807336,1.0
086280,12:00,260,0.021346708806458514,1.0
086280,12:15,259,0.02157588059067551,0.9961538461538462
086280,12:30,260,0.021678944669891363,1.0
086280,12:45,259,0.02368693252352329,0.9961538461538462
086280,13:00,260,0.027884142380128953,1.0
086280,13:15,260,0.029094094285203705,1.0
086280,13:30,259,0.029871772473933658,0.9961538461538462
086280,13:45,260,0.0304140959928729,1.0
086280,14:00,259,0.034319076116826906,0.9961538461538462
086280,14:15,260,0.0361065026206764,1.0
086280,14:30,260,0.03829540222225907,1.0
086280,14:45,259,0.04679431899064292,0.9961538461538462
086280,15:00,260,0.04915023948566365,1.0
086280,15:15,260,0.018887903250469563,1.0
086280,15:30,260,0.08648584591987996,1.0
086280,15:45,1,0.030886087032659135,0.0038461538461538464
086280,16:00,9,0.003275604278215937,0.03461538461538462
086280,16:15,7,0.0056329455067488324,0.026923076923076925
086280,16:30,9,0.031167701460788844,0.03461538461538462
086280,16:45,6,0.0005812137834807409,0.023076923076923078
086280,17:00,7,0.00047152054979314044,0.026923076923076925
086280,17:15,7,0.0005218226152691735,0.026923076923076925
086280,17:30,7,0.00039552249630638015,0.026923076923076925
086280,17:45,8,0.00040545980439026804,0.03076923076923077
086280,18:00,8,0.0007975201203851809,0.03076923076923077
086280,18:15,5,0.0015349202690974639,0.019230769230769232
086280,18:30,8,0.0005752996592894091,0.03076923076923077
086280,18:45,7,0.0006955819864328024,0.026923076923076925
086280,19:00,6,0.001226277136158452,0.023076923076923078
086280,19:15,7,0.0007611261562777774,0.026923076923076925
086280,19:30,8,0.0013783857167120486,0.03076923076923077
086280,19:45,8,0.0017846019555683124,0.03076923076923077
086790,09:00,258,0.09661254307064979,0.9923076923076923
086790,09:15,257,0.05089295698592955,0.9884615384615385
086790,09:30,258,0.042445924879230545,0.9923076923076923
086790,09:45,258,0.037890160273990794,0.9923076923076923
086790,10:00,260,0.03594163809825654,1.0
086790,10:15,259,0.03166275108747451,0.9961538461538462
086790,10:30,260,0.030933449439549957,1.0
086790,10:45,259,0.02843523169398953,0.9961538461538462
086790,11:00,260,0.026978242448857503,1.0
086790,11:15,260,0.02481860501440452,1.0
086790,11:30,259,0.02360890437556641,0.9961538461538462
086790,11:45,260,0.022398818635174445,1.0
086790,12:00,260,0.021861574348791112,1.0
086790,12:15,259,0.022442821840459308,0.9961538461538462
086790,12:30,260,0.02377983263561705,1.0
086790,12:45,259,0.02365522507381702,0.9961538461538462
086790,13:00,260,0.02705396150963436,1.0
086790,13:15,260,0.026167628074795026,1.0
086790,13:30,259,0.027444788415627804,0.9961538461538462
086790,13:45,260,0.027664942258753055,1.0
086790,14:00,259,0.031095933003167178,0.9961538461538462
086790,14:15,260,0.03293551559953334,1.0
086790,14:30,260,0.034682057493213035,1.0
086790,14:45,259,0.03745163838111972,0.9961538461538462
086790,15:00,260,0.04162812161825559,1.0
086790,15:15,260,0.016847354116413214,1.0
086790,15:30,260,0.15380404526462543,1.0
086790,15:45,1,0.022344669982063962,0.0038461538461538464
086790,16:00,9,0.003339194070603706,0.03461538461538462
086790,16:15,9,0.0010202612598499102,0.03461538461538462
086790,16:30,9,0.034971565467598414,0.03461538461538462
086790,16:45,8,0.0005199453537994288,0.03076923076923077
086790,17:00,7,0.00025234544163192906,0.026923076923076925
086790,17:15,8,0.0003161869120871034,0.03076923076923077
086790,17:30,8,0.00033473747485249813,0.03076923076923077
086790,17:45,7,0.00047120837292308177,0.026923076923076925
086790,18:00,8,0.0014561227120857719,0.03076923076923077
086790,18:15,7,0.0007973947687198678,0.026923076923076925
086790,18:30,8,0.0006105508823741553,0.03076923076923077
086790,18:45,7,0.0006571848156805058,0.026923076923076925
086790,19:00,8,0.0004706846654397841,0.03076923076923077
086790,19:15,8,0.0004687685150406011,0.03076923076923077
086790,19:30,8,0.0006174660300973051,0.03076923076923077
086790,19:45,8,0.0009292330450337842,0.03076923076923077
096770,09:00,258,0.11565768934640903,0.9923076923076923
096770,09:15,257,0.06721208364386226,0.9884615384615385
096770,09:30,258,0.054257791322630956,0.9923076923076923
096770,09:45,258,0.046065815672058405,0.9923076923076923
096770,10:00,260,0.041276973153690645,1.0
096770,10:15,259,0.03475013091415558,0.9961538461538462
096770,10:30,260,0.03240989548432524,1.0
096770,10:45,259,0.030455705023259852,0.9961538461538462
096770,11:00,260,0.028081976175634057,1.0
096770,11:15,260,0.025955867717689745,1.0
096770,11:30,259,0.02262287374001153,0.9961538461538462
096770,11:45,260,0.02078518223128296,1.0
096770,12:00,260,0.020453061995342144,1.0
096770,12:15,259,0.02004793729765716,0.9961538461538462
096770,12:30,260,0.02092380239569059,1.0
096770,12:45,259,0.02154629824749183,0.9961538461538462
096770,13:00,260,0.025985763997950953,1.0
096770,13:15,260,0.026101007077430283,1.0
096770,13:30,259,0.028196612528343226,0.9961538461538462
096770,13:45,260,0.027651630504203634,1.0
096770,14:00,259,0.030424590810964183,0.9961538461538462
096770,14:15,260,0.03147917180373293,1.0
096770,14:30,260,0.03343427260874814,1.0
096770,14:45,259,0.04771955239613105,0.9961538461538462
096770,15:00,260,0.05551533109167396,1.0
096770,15:15,260,0.020155423031396794,1.0
096770,15:30,260,0.07174028239029229,1.0
096770,15:45,1,0.01975039831378427,0.0038461538461538464
096770,16:00,9,0.005855472048656432,0.03461538461538462
096770,16:15,9,0.0025707605857982724,0.03461538461538462
096770,16:30,9,0.03587034708755904,0.03461538461538462
096770,16:45,8,0.0019768642121346654,0.03076923076923077
096770,17:00,8,0.0022112481470850914,0.03076923076923077
096770,17:15,8,0.001530758447193516,0.03076923076923077
096770,17:30,8,0.0017406061007916918,0.03076923076923077
096770,17:45,8,0.0013440231260068043,0.03076923076923077
096770,18:00,8,0.0021676836328550888,0.03076923076923077
096770,18:15,8,0.0015104259553638819,0.03076923076923077
096770,18:30,8,0.0011295839508115434,0.03076923076923077
096770,18:45,8,0.001168045383962495,0.03076923076923077
096770,19:00,8,0.0019779039450524205,0.03076923076923077
096770,19:15,8,0.0013876840677654683,0.03076923076923077
096770,19:30,8,0.002354033783116457,0.03076923076923077
096770,19:45,8,0.006400520775914708,0.03076923076923077
105560,09:00,258,0.12121874048865053,0.9923076923076923
105560,09:15,257,0.05394359936938444,0.9884615384615385
105560,09:30,258,0.045217737161899675,0.9923076923076923
105560,09:45,258,0.0370995837136883,0.9923076923076923
105560,10:00,260,0.035742738542086774,1.0
105560,10:15,259,0.03261047870602146,0.9961538461538462
105560,10:30,260,0.03017940150660982,1.0
105560,10:45,259,0.02942022953012332,0.9961538461538462
105560,11:00,260,0.0259259765489533,1.0
105560,11:15,260,0.023351391333726407,1.0
105560,11:30,259,0.022197497943841616,0.9961538461538462
105560,11:45,260,0.021208986845107983,1.0
105560,12:00,260,0.021432770195634183,1.0
105560,12:15,259,0.021311857493542655,0.9961538461538462
105560,12:30,260,0.02266792973626278,1.0
105560,12:45,259,0.022394832813519058,0.9961538461538462
105560,13:00,260,0.024940123114878913,1.0
105560,13:15,260,0.02676543151214253,1.0
105560,13:30,259,0.026103152754585825,0.9961538461538462
105560,13:45,260,0.026281496631347424,1.0
105560,14:00,259,0.028015185967212905,0.9961538461538462
105560,14:15,260,0.029497363377810584,1.0
105560,14:30,260,0.03460944267319066,1.0
105560,14:45,259,0.03672107018794601,0.9961538461538462
105560,15:00,260,0.03964774207571776,1.0
105560,15:15,260,0.015483035992333718,1.0
105560,15:30,260,0.14786060102004495,1.0
105560,15:45,1,0.022272675883801704,0.0038461538461538464
105560,16:00,9,0.0021363093225098065,0.03461538461538462
105560,16:15,9,0.0009399546663109759,0.03461538461538462
105560,16:30,9,0.020918843848020122,0.03461538461538462
105560,16:45,8,0.0002963870281992708,0.03076923076923077
105560,17:00,8,0.0005989211252469992,0.03076923076923077
105560,17:15,8,0.0005200643957547335,0.03076923076923077
105560,17:30,8,0.00043207500542311294,0.03076923076923077
105560,17:45,8,0.0003828093414743369,0.03076923076923077
105560,18:00,8,0.001418542756040607,0.03076923076923077
105560,18:15,8,0.0008632759979597067,0.03076923076923077
105560,18:30,8,0.00027899108859799285,0.03076923076923077
105560,18:45,8,0.0005323011090945616,0.03076923076923077
105560,19:00,8,0.0008393982315030091,0.03076923076923077
105560,19:15,8,0.0006226797243865936,0.03076923076923077
105560,19:30,8,0.000856402825965575,0.03076923076923077
105560,19:45,8,0.0009663136690436253,0.03076923076923077
138040,09:00,258,0.0712318905923686,0.9923076923076923
138040,09:15,257,0.04821920397803363,0.9884615384615385
138040,09:30,258,0.04452286563966046,0.9923076923076923
138040,09:45,258,0.04070139790960162,0.9923076923076923
138040,10:00,260,0.040038868966087916,1.0
138040,10:15,259,0.035389117877484,0.9961538461538462
138040,10:30,260,0.03377163257617924,1.0
138040,10:45,259,0.032866372632182526,0.9961538461538462
138040,11:00,260,0.03169975924166955,1.0
138040,11:15,260,0.028949330324199142,1.0
138040,11:30,259,0.027136446057726138,0.9961538461538462
138040,11:45,260,0.026648931974777367,1.0
138040,12:00,260,0.025709242572747253,1.0
138040,12:15,259,0.025766555360552543,0.9961538461538462
138040,12:30,260,0.02737036966565438,1.0
138040,12:45,259,0.028390973366013324,0.9961538461538462
138040,13:00,260,0.03301208516327259,1.0
138040,13:15,260,0.03258919045734696,1.0
138040,13:30,259,0.032560470318308034,0.9961538461538462
138040,13:45,260,0.03375567984102414,1.0
138040,14:00,259,0.035995102618104124,0.9961538461538462
138040,14:15,260,0.03885982460564599,1.0
138040,14:30,260,0.03895997147958702,1.0
138040,14:45,259,0.04078404570090606,0.9961538461538462
138040,15:00,260,0.0400233856856541,1.0
138040,15:15,260,0.01655993008152904,1.0
138040,15:30,260,0.09008149680725192,1.0
138040,15:45,1,0.03638174162436737,0.0038461538461538464
138040,16:00,8,0.0013930017978497572,0.03076923076923077
138040,16:15,9,0.0013833351651623268,0.03461538461538462
138040,16:30,8,0.026959115857442102,0.03076923076923077
138040,16:45,5,9.678483778894567e-05,0.019230769230769232
138040,17:00,5,0.00011684832637964197,0.019230769230769232
138040,17:15,7,0.0002933760179863607,0.026923076923076925
138040,17:30,8,0.0001853239993668707,0.03076923076923077
138040,17:45,8,0.0002404662999337855,0.03076923076923077
138040,18:00,7,0.00021439004840578495,0.026923076923076925
138040,18:15,7,0.00027970849665984036,0.026923076923076925
138040,18:30,7,0.00013253234867178042,0.026923076923076925
138040,18:45,6,0.0004357087891519666,0.023076923076923078
138040,19:00,7,0.0004649947240051622,0.026923076923076925
138040,19:15,8,0.00020914204973578824,0.03076923076923077
138040,19:30,8,0.00042591151304598765,0.03076923076923077
138040,19:45,8,0.0005586669456699989,0.03076923076923077
207940,09:00,242,0.08573582740427205,0.9958847736625515
207940,09:15,241,0.05453600646153856,0.9917695473251029
207940,09:30,242,0.04675185152051371,0.9958847736625515
207940,09:45,242,0.03787357942030992,0.9958847736625515
207940,10:00,243,0.036348496931658994,1.0
207940,10:15,242,0.033333710398641435,0.9958847736625515
207940,10:30,243,0.03209383684517793,1.0
207940,10:45,242,0.03120912896471255,0.9958847736625515
207940,11:00,243,0.029575831056837427,1.0
207940,11:15,243,0.025910183818595528,1.0
207940,11:30,242,0.024160740329983547,0.9958847736625515
207940,11:45,243,0.022934204837632102,1.0
207940,12:00,243,0.022477153594578223,1.0
207940,12:15,242,0.021563346275315344,0.9958847736625515
207940,12:30,243,0.022379292587733735,1.0
207940,12:45,242,0.02355354462666622,0.9958847736625515
207940,13:00,243,0.02766301271074877,1.0
207940,13:15,243,0.031997368626273635,1.0
207940,13:30,242,0.031960437396525,0.9958847736625515
207940,13:45,243,0.033013966220336685,1.0
207940,14:00,242,0.036011212956745677,0.9958847736625515
207940,14:15,243,0.035225088731952583,1.0
207940,14:30,243,0.03834095049414136,1.0
207940,14:45,242,0.045151076697391816,0.9958847736625515
207940,15:00,243,0.04727886157294593,1.0
207940,15:15,243,0.019417640415036908,1.0
207940,15:30,243,0.10523072432634148,1.0
207940,16:00,7,0.0003924958351459955,0.02880658436213992
207940,16:15,6,0.0006525031926369115,0.024691358024691357
207940,16:30,7,0.0005195095767470812,0.02880658436213992
207940,16:45,8,0.00048248110179230006,0.03292181069958848
207940,17:00,8,0.0004902591449050327,0.03292181069958848
207940,17:15,6,0.00035884614703185,0.024691358024691357
207940,17:30,8,0.001001670711079495,0.03292181069958848
207940,17:45,7,0.0005377076748186727,0.02880658436213992
207940,18:00,8,0.0017417344195521855,0.03292181069958848
207940,18:15,7,0.0012445826454271982,0.02880658436213992
207940,18:30,8,0.000492248922282242,0.03292181069958848
207940,18:45,7,0.0005676672579222563,0.02880658436213992
207940,19:00,8,0.0008867009603761867,0.03292181069958848
207940,19:15,8,0.0005764967444452132,0.03292181069958848
207940,19:30,8,0.0017875546768120196,0.03292181069958848
207940,19:45,8,0.002265272425278696,0.03292181069958848
267250,09:00,258,0.0906842826521934,0.9923076923076923
267250,09:15,257,0.05678924589374989,0.9884615384615385
267250,09:30,258,0.045886287375741325,0.9923076923076923
267250,09:45,258,0.040602453247019624,0.9923076923076923
267250,10:00,260,0.037697178028038965,1.0
267250,10:15,259,0.03334336883502417,0.9961538461538462
267250,10:30,260,0.033837170597462926,1.0
267250,10:45,259,0.03002477697926198,0.9961538461538462
267250,11:00,260,0.027975454553850868,1.0
267250,11:15,260,0.025941779882031075,1.0
267250,11:30,259,0.02363979533064361,0.9961538461538462
267250,11:45,260,0.021871926006733416,1.0
267250,12:00,260,0.020445754882542935,1.0
267250,12:15,259,0.02083450309444701,0.9961538461538462
267250,12:30,260,0.020838794734408736,1.0
267250,12:45,259,0.023554679042965827,0.9961538461538462
267250,13:00,260,0.026779057537614323,1.0
267250,13:15,260,0.027202380519974322,1.0
267250,13:30,259,0.0278231076623898,0.9961538461538462
267250,13:45,260,0.029098993144670886,1.0
267250,14:00,259,0.03398257922237591,0.9961538461538462
267250,14:15,260,0.036570516414594745,1.0
267250,14:30,260,0.03720013078037638,1.0
267250,14:45,259,0.04155817539083928,0.9961538461538462
267250,15:00,260,0.045192444254395434,1.0
267250,15:15,260,0.01952222860866399,1.0
267250,15:30,260,0.12244339893872164,1.0
267250,15:45,1,0.027063721532347915,0.0038461538461538464
267250,16:00,9,0.0032126637867511123,0.03461538461538462
267250,16:15,9,0.0012472477115897354,0.03461538461538462
267250,16:30,9,0.025205010066244288,0.03461538461538462
267250,16:45,8,0.0008428070802321827,0.03076923076923077
267250,17:00,7,0.0007530797130296206,0.026923076923076925
267250,17:15,8,0.0012133057656779193,0.03076923076923077
267250,17:30,8,0.0011582286056390477,0.03076923076923077
267250,17:45,8,0.0004260923639485383,0.03076923076923077
267250,18:00,8,0.0019434843510812228,0.03076923076923077
267250,18:15,7,0.0018709731687419115,0.026923076923076925
267250,18:30,8,0.00017559384436338716,0.03076923076923077
267250,18:45,7,0.0006796793940569303,0.026923076923076925
267250,19:00,8,0.0007422712239072655,0.03076923076923077
267250,19:15,8,0.001119592630145004,0.03076923076923077
267250,19:30,8,0.00231342197577532,0.03076923076923077
267250,19:45,8,0.001787713341011759,0.03076923076923077
267260,09:00,258,0.12664300474239112,0.9923076923076923
267260,09:15,257,0.06557398532835032,0.9884615384615385
267260,09:30,258,0.049958425224018194,0.9923076923076923
267260,09:45,258,0.04204974799037457,0.9923076923076923
267260,10:00,260,0.04061001340088139,1.0
267260,10:15,259,0.03448338386698447,0.9961538461538462
267260,10:30,260,0.03276210062933416,1.0
267260,10:45,259,0.03202857470869742,0.9961538461538462
267260,11:00,260,0.029919411764946016,1.0
267260,11:15,260,0.02634048009811224,1.0
267260,11:30,259,0.024037201732814553,0.9961538461538462
267260,11:45,260,0.022037733423886572,1.0
267260,12:00,260,0.021860133486347758,1.0
267260,12:15,259,0.0208055870923745,0.9961538461538462
267260,12:30,260,0.02247823461453259,1.0
267260,12:45,259,0.022911543684416353,0.9961538461538462
267260,13:00,260,0.025404885352364674,1.0
267260,13:15,260,0.026288291205559627,1.0
267260,13:30,259,0.026325737582194975,0.9961538461538462
267260,13:45,260,0.027349158288912614,1.0
267260,14:00,259,0.030938174939182828,0.9961538461538462
267260,14:15,260,0.03187924916443259,1.0
267260,14:30,260,0.03306581797599698,1.0
267260,14:45,259,0.03633771075220691,0.9961538461538462
267260,15:00,260,0.03960240654576199,1.0
267260,15:15,260,0.016780826492494114,1.0
267260,15:30,260,0.09244105125522394,1.0
267260,15:45,1,0.019943003672208293,0.0038461538461538464
267260,16:00,9,0.002686218599831645,0.03461538461538462
267260,16:15,9,0.002998087428038183,0.03461538461538462
267260,16:30,9,0.03670896468407225,0.03461538461538462
267260,16:45,7,0.0007150737892647736,0.026923076923076925
267260,17:00,8,0.0018575919590041216,0.03076923076923077
267260,17:15,8,0.002597576546695208,0.03076923076923077
267260,17:30,8,0.0011646291192174722,0.03076923076923077
267260,17:45,8,0.0008322871210410149,0.03076923076923077
267260,18:00,8,0.00326462685044425,0.03076923076923077
267260,18:15,8,0.0016857125240215898,0.03076923076923077
267260,18:30,8,0.001411261653811844,0.03076923076923077
267260,18:45,8,0.0014439324264027473,0.03076923076923077
267260,19:00,8,0.0027714635070419315,0.03076923076923077
267260,19:15,8,0.0016481882910286468,0.03076923076923077
267260,19:30,8,0.003285721885470401,0.03076923076923077
267260,19:45,8,0.005294223181652081,0.03076923076923077
298040,09:00,258,0.11685346832609655,0.9923076923076923
298040,09:15,257,0.07087205072515648,0.9884615384615385
298040,09:30,258,0.05539202872456123,0.9923076923076923
298040,09:45,258,0.04571160297198439,0.9923076923076923
298040,10:00,260,0.043020357115370875,1.0
298040,10:15,259,0.037965364255727385,0.9961538461538462
298040,10:30,260,0.03608768733813745,1.0
298040,10:45,259,0.0340564207217605,0.9961538461538462
298040,11:00,260,0.0318216670465051,1.0
298040,11:15,260,0.027432870058244817,1.0
298040,11:30,259,0.023554707278155344,0.9961538461538462
298040,11:45,260,0.023447855728599087,1.0
298040,12:00,260,0.022197350407699504,1.0
298040,12:15,259,0.021617721715898732,0.9961538461538462
298040,12:30,260,0.021917416221919065,1.0
298040,12:45,259,0.02356485893251872,0.9961538461538462
298040,13:00,260,0.02656412557633161,1.0
298040,13:15,260,0.028182561981779458,1.0
298040,13:30,259,0.02862589669350683,0.9961538461538462
298040,13:45,260,0.02845675717449728,1.0
298040,14:00,259,0.031928947524968214,0.9961538461538462
298040,14:15,260,0.03289700222305589,1.0
298040,14:30,260,0.03520042993296506,1.0
298040,14:45,259,0.0383277978888945,0.9961538461538462
298040,15:00,260,0.03951576960305806,1.0
298040,15:15,260,0.01582369002311271,1.0
298040,15:30,260,0.06068448181718674,1.0
298040,15:45,1,0.02069369809477284,0.0038461538461538464
298040,16:00,9,0.004149787286763358,0.03461538461538462
298040,16:15,9,0.0033218931969671607,0.03461538461538462
298040,16:30,9,0.012307857731638134,0.03461538461538462
298040,16:45,8,0.0011825905877409929,0.03076923076923077
298040,17:00,8,0.0018235564671875574,0.03076923076923077
298040,17:15,8,0.0019450347899702713,0.03076923076923077
298040,17:30,7,0.0016835560754232815,0.026923076923076925
298040,17:45,8,0.0014900642164226963,0.03076923076923077
298040,18:00,8,0.002504582914444475,0.03076923076923077
298040,18:15,8,0.0016400251301495615,0.03076923076923077
298040,18:30,8,0.0022562863788792254,0.03076923076923077
298040,18:45,8,0.0023957206171902664,0.03076923076923077
298040,19:00,8,0.00238057271457893,0.03076923076923077
298040,19:15,8,0.0021600836129008383,0.03076923076923077
298040,19:30,8,0.0036045263365975058,0.03076923076923077
298040,19:45,8,0.005397800067852398,0.03076923076923077
316140,09:00,258,0.09831191816888282,0.9923076923076923
316140,09:15,257,0.05152541755421307,0.9884615384615385
316140,09:30,258,0.04546209958786474,0.9923076923076923
316140,09:45,258,0.03906483954684129,0.9923076923076923
316140,10:00,260,0.03782235620331334,1.0
316140,10:15,259,0.031575795508972576,0.9961538461538462
316140,10:30,260,0.03263233589512695,1.0
316140,10:45,259,0.02937056873353167,0.9961538461538462
316140,11:00,260,0.026970322017827966,1.0
316140,11:15,260,0.024876724341055288,1.0
316140,11:30,259,0.022757791252487482,0.9961538461538462
316140,11:45,260,0.022410473708040952,1.0
316140,12:00,260,0.02129990290057633,1.0
316140,12:15,259,0.02083060094218277,0.9961538461538462
316140,12:30,260,0.022235500387343607,1.0
316140,12:45,259,0.022771205079724625,0.9961538461538462
316140,13:00,260,0.025267535601348194,1.0
316140,13:15,260,0.025136727308686043,1.0
316140,13:30,259,0.02509142783320872,0.9961538461538462
316140,13:45,260,0.02664803119910067,1.0
316140,14:00,259,0.02843109546167312,0.9961538461538462
316140,14:15,260,0.030980218917230205,1.0
316140,14:30,260,0.035606855510443576,1.0
316140,14:45,259,0.03994492182562136,0.9961538461538462
316140,15:00,260,0.044757527221036986,1.0
316140,15:15,260,0.020012995952906818,1.0
316140,15:30,260,0.14932524931488902,1.0
316140,15:45,1,0.013176520881239023,0.0038461538461538464
316140,16:00,9,0.0017214791378238983,0.03461538461538462
316140,16:15,9,0.003187180507985306,0.03461538461538462
316140,16:30,9,0.034389737119414676,0.03461538461538462
316140,16:45,8,0.00032598050389879586,0.03076923076923077
316140,17:00,8,0.00023611621012305342,0.03076923076923077
316140,17:15,8,0.00032445280102762203,0.03076923076923077
316140,17:30,8,0.00039559139534870764,0.03076923076923077
316140,17:45,8,0.0003393455003512413,0.03076923076923077
316140,18:00,8,0.0014504709347005437,0.03076923076923077
316140,18:15,8,0.0009924523624885101,0.03076923076923077
316140,18:30,7,0.00040606543990698947,0.026923076923076925
316140,18:45,8,0.0006498904415325349,0.03076923076923077
316140,19:00,8,0.0015457206348185298,0.03076923076923077
316140,19:15,8,0.0006355546070263917,0.03076923076923077
316140,19:30,8,0.0012781891165759708,0.03076923076923077
316140,19:45,8,0.001827354340328892,0.03076923076923077
329180,09:00,258,0.11422152812737603,0.9923076923076923
329180,09:15,257,0.06152755955698746,0.9884615384615385
329180,09:30,258,0.04845116675423994,0.9923076923076923
329180,09:45,258,0.043725002447339324,0.9923076923076923
329180,10:00,260,0.03827686733725998,1.0
329180,10:15,259,0.03460449386536223,0.9961538461538462
329180,10:30,260,0.034336051175942225,1.0
329180,10:45,259,0.031599330540003856,0.9961538461538462
329180,11:00,260,0.028837636954852874,1.0
329180,11:15,260,0.026229115922007717,1.0
329180,11:30,259,0.023663253106030274,0.9961538461538462
329180,11:45,260,0.021484493671170984,1.0
329180,12:00,260,0.02113572896465832,1.0
329180,12:15,259,0.020470154344928142,0.9961538461538462
329180,12:30,260,0.021416132298726697,1.0
329180,12:45,259,0.023144765204130995,0.9961538461538462
329180,13:00,260,0.027220013786095357,1.0
329180,13:15,260,0.03030683441474734,1.0
329180,13:30,259,0.030686644740578698,0.9961538461538462
329180,13:45,260,0.0323427923112643,1.0
329180,14:00,259,0.033184073628446234,0.9961538461538462
329180,14:15,260,0.03414499462904464,1.0
329180,14:30,260,0.03622110458374738,1.0
329180,14:45,259,0.039836762495417406,0.9961538461538462
329180,15:00,260,0.04242159774102505,1.0
329180,15:15,260,0.017097865452349502,1.0
329180,15:30,260,0.08479482600315574,1.0
329180,15:45,1,0.029118279695421103,0.0038461538461538464
329180,16:00,9,0.0047905852468601955,0.03461538461538462
329180,16:15,9,0.0037704240014666624,0.03461538461538462
329180,16:30,9,0.0219189059978049,0.03461538461538462
329180,16:45,8,0.0005002340519042013,0.03076923076923077
329180,17:00,8,0.0013283226845706565,0.03076923076923077
329180,17:15,8,0.0010581367066373705,0.03076923076923077
329180,17:30,8,0.0022567333828486715,0.03076923076923077
329180,17:45,8,0.001357676461039206,0.03076923076923077
329180,18:00,8,0.001524496197006004,0.03076923076923077
329180,18:15,8,0.0020429664941866645,0.03076923076923077
329180,18:30,8,0.0008545628340255457,0.03076923076923077
329180,18:45,8,0.0015783402034971012,0.03076923076923077
329180,19:00,8,0.0009966296534006944,0.03076923076923077
329180,19:15,8,0.002827325552818233,0.03076923076923077
329180,19:30,8,0.0018000843496197311,0.03076923076923077
329180,19:45,8,0.003390068872458426,0.03076923076923077
373220,09:00,258,0.11430132747648328,0.9923076923076923
373220,09:15,257,0.06134361880523653,0.9884615384615385
373220,09:30,258,0.04832180482272895,0.9923076923076923
373220,09:45,258,0.0404547553168221,0.9923076923076923
373220,10:00,260,0.04055113121188227,1.0
373220,10:15,259,0.03533187865564315,0.9961538461538462
373220,10:30,260,0.03411582665006202,1.0
373220,10:45,259,0.03169408507286373,0.9961538461538462
373220,11:00,260,0.028064529497145777,1.0
373220,11:15,260,0.023745816519030058,1.0
373220,11:30,259,0.022315053173353975,0.9961538461538462
373220,11:45,260,0.021128786837704746,1.0
373220,12:00,260,0.019898322223408874,1.0
373220,12:15,259,0.019806674731616045,0.9961538461538462
373220,12:30,260,0.021700932415972676,1.0
373220,12:45,259,0.020685196060359734,0.9961538461538462
373220,13:00,260,0.026479469556931777,1.0
373220,13:15,260,0.02728623202624856,1.0
373220,13:30,259,0.026974001483780864,0.9961538461538462
373220,13:45,260,0.027657428944431208,1.0
373220,14:00,259,0.032371328028431394,0.9961538461538462
373220,14:15,260,0.03285549142262385,1.0
373220,14:30,260,0.03642048812408228,1.0
373220,14:45,259,0.05153539929038152,0.9961538461538462
373220,15:00,260,0.059435977975925536,1.0
373220,15:15,260,0.020444315935263496,1.0
373220,15:30,260,0.07543740595211429,1.0
373220,15:45,1,0.021431959963019873,0.0038461538461538464
373220,16:00,9,0.007761315598525391,0.03461538461538462
373220,16:15,9,0.0037977721294684182,0.03461538461538462
373220,16:30,9,0.054421292061789556,0.03461538461538462
373220,16:45,8,0.0009491510324265335,0.03076923076923077
373220,17:00,8,0.0007823705888768487,0.03076923076923077
373220,17:15,8,0.0010393179197882214,0.03076923076923077
373220,17:30,8,0.001117879125661903,0.03076923076923077
373220,17:45,8,0.0008172988139492123,0.03076923076923077
373220,18:00,8,0.0008542506246803761,0.03076923076923077
373220,18:15,8,0.001091363205808097,0.03076923076923077
373220,18:30,8,0.0008420502415199793,0.03076923076923077
373220,18:45,8,0.0008833918028909771,0.03076923076923077
373220,19:00,8,0.0013895906901421101,0.03076923076923077
373220,19:15,8,0.0012142737468929478,0.03076923076923077
373220,19:30,8,0.0010035540725273598,0.03076923076923077
373220,19:45,8,0.003359575051794984,0.03076923076923077
402340,09:00,258,0.11487388027148258,0.9923076923076923
402340,09:15,257,0.05788753435458583,0.9884615384615385
402340,09:30,258,0.04789509109204746,0.9923076923076923
402340,09:45,258,0.0396016223946772,0.9923076923076923
402340,10:00,260,0.03784270173527224,1.0
402340,10:15,259,0.03392347153578783,0.9961538461538462
402340,10:30,260,0.03372251958751726,1.0
402340,10:45,259,0.03107038366150622,0.9961538461538462
402340,11:00,260,0.029773904363310375,1.0
402340,11:15,260,0.02613582091522684,1.0
402340,11:30,259,0.024093943870991195,0.9961538461538462
402340,11:45,260,0.02404860397911719,1.0
402340,12:00,260,0.021998626859327762,1.0
402340,12:15,259,0.022279247986214407,0.9961538461538462
402340,12:30,260,0.02301783251112298,1.0
402340,12:45,259,0.024322076563825606,0.9961538461538462
402340,13:00,260,0.027712596925699207,1.0
402340,13:15,260,0.0293836194160852,1.0
402340,13:30,259,0.028376069311765475,0.9961538461538462
402340,13:45,260,0.028921289730299313,1.0
402340,14:00,259,0.03156652909050129,0.9961538461538462
402340,14:15,260,0.03551877578302039,1.0
402340,14:30,260,0.036754986483167135,1.0
402340,14:45,259,0.04060053234196065,0.9961538461538462
402340,15:00,260,0.045468088178563244,1.0
402340,15:15,260,0.01777163164284737,1.0
402340,15:30,260,0.08697112990815296,1.0
402340,15:45,1,0.055794240489226536,0.0038461538461538464
402340,16:00,9,0.004277974517363617,0.03461538461538462
402340,16:15,9,0.0027957428807787238,0.03461538461538462
402340,16:30,9,0.01387735440482667,0.03461538461538462
402340,16:45,8,0.0008356732559998793,0.03076923076923077
402340,17:00,8,0.0017228022471381546,0.03076923076923077
402340,17:15,8,0.0013883571137941774,0.03076923076923077
402340,17:30,8,0.0010732609404042893,0.03076923076923077
402340,17:45,8,0.0010964601760884236,0.03076923076923077
402340,18:00,8,0.0021039811885681238,0.03076923076923077
402340,18:15,8,0.0012115552363582151,0.03076923076923077
402340,18:30,8,0.001056950729934451,0.03076923076923077
402340,18:45,8,0.0014877407770977256,0.03076923076923077
402340,19:00,8,0.0018489878777597523,0.03076923076923077
402340,19:15,8,0.0019401823885036638,0.03076923076923077
402340,19:30,8,0.0018707510458809884,0.03076923076923077
402340,19:45,8,0.0038419757433755942,0.03076923076923077
