method,n_features,step,n_estimators,max_depth,max_features,features,rmse
RFE + Random Forest,5,1.0,300,5.0,0.5,"['sma_5', 'sma_60', 'roc_20', 'volatility_20', 'atr_14']",0.10225143567526174
RFE + Random Forest,5,1.0,100,5.0,sqrt,"['sma_5', 'sma_60', 'roc_20', 'volatility_20', 'atr_14']",0.10226256615757987
RFE + Random Forest,5,1.0,100,5.0,log2,"['sma_5', 'sma_60', 'roc_20', 'volatility_20', 'atr_14']",0.10226256615757987
RFE + Random Forest,5,2.0,300,5.0,sqrt,"['return_20d', 'sma_5', 'sma_60', 'volatility_20', 'atr_14']",0.10269343935979616
RFE + Random Forest,5,2.0,300,5.0,log2,"['return_20d', 'sma_5', 'sma_60', 'volatility_20', 'atr_14']",0.10269343935979616
RFE + Random Forest,5,0.1,300,5.0,log2,"['return_20d', 'sma_5', 'sma_60', 'volatility_20', 'atr_14']",0.10269343935979616
RFE + Random Forest,5,0.1,300,5.0,sqrt,"['return_20d', 'sma_5', 'sma_60', 'volatility_20', 'atr_14']",0.10269343935979616
RFE + Random Forest,5,1.0,300,5.0,log2,"['return_20d', 'sma_5', 'sma_60', 'volatility_20', 'atr_14']",0.10269343935979616
RFE + Random Forest,5,1.0,300,5.0,sqrt,"['return_20d', 'sma_5', 'sma_60', 'volatility_20', 'atr_14']",0.10269343935979616
RFE + Random Forest,5,2.0,300,5.0,0.5,"['sma_5', 'sma_60', 'price_to_sma_20', 'volatility_20', 'atr_14']",0.10276948714915622
RFE + Random Forest,5,0.1,300,5.0,0.5,"['sma_5', 'sma_60', 'price_to_sma_20', 'volatility_20', 'atr_14']",0.10276948714915622
RFE + Random Forest,5,1.0,500,5.0,0.5,"['return_20d', 'sma_5', 'sma_60', 'volatility_20', 'atr_14']",0.10287783194026846
RFE + Random Forest,5,1.0,500,5.0,log2,"['return_20d', 'sma_5', 'sma_60', 'volatility_20', 'atr_14']",0.10287783194026846
RFE + Random Forest,5,1.0,500,5.0,sqrt,"['return_20d', 'sma_5', 'sma_60', 'volatility_20', 'atr_14']",0.10287783194026846
RFE + Random Forest,5,0.1,500,5.0,0.5,"['sma_5', 'sma_60', 'price_to_sma_20', 'volatility_20', 'atr_14']",0.1031016859630421
RFE + Random Forest,5,0.1,500,5.0,log2,"['sma_5', 'sma_60', 'price_to_sma_20', 'volatility_20', 'atr_14']",0.1031016859630421
RFE + Random Forest,5,2.0,500,5.0,sqrt,"['sma_5', 'sma_60', 'price_to_sma_20', 'volatility_20', 'atr_14']",0.1031016859630421
RFE + Random Forest,5,2.0,500,5.0,log2,"['sma_5', 'sma_60', 'price_to_sma_20', 'volatility_20', 'atr_14']",0.1031016859630421
RFE + Random Forest,5,2.0,500,5.0,0.5,"['sma_5', 'sma_60', 'price_to_sma_20', 'volatility_20', 'atr_14']",0.1031016859630421
RFE + Random Forest,5,0.1,500,5.0,sqrt,"['sma_5', 'sma_60', 'price_to_sma_20', 'volatility_20', 'atr_14']",0.1031016859630421
RFE + Random Forest,5,2.0,100,5.0,sqrt,"['return_20d', 'sma_5', 'sma_60', 'volatility_20', 'atr_14']",0.10323876930190977
RFE + Random Forest,5,2.0,100,5.0,0.5,"['return_20d', 'sma_5', 'sma_60', 'volatility_20', 'atr_14']",0.10323876930190977
RFE + Random Forest,5,2.0,100,5.0,log2,"['return_20d', 'sma_5', 'sma_60', 'volatility_20', 'atr_14']",0.10323876930190977
RFE + Random Forest,5,0.1,100,5.0,sqrt,"['return_20d', 'sma_5', 'sma_60', 'volatility_20', 'atr_14']",0.10323876930190977
RFE + Random Forest,5,0.1,100,5.0,log2,"['return_20d', 'sma_5', 'sma_60', 'volatility_20', 'atr_14']",0.10323876930190977
RFE + Random Forest,5,0.1,100,5.0,0.5,"['return_20d', 'sma_5', 'sma_60', 'volatility_20', 'atr_14']",0.10323876930190977
RFE + Random Forest,5,1.0,100,5.0,0.5,"['return_20d', 'sma_5', 'sma_60', 'volatility_20', 'atr_14']",0.10323876930190977
RFE + Random Forest,5,1.0,300,10.0,log2,"['return_20d', 'sma_5', 'sma_60', 'volatility_20', 'atr_14']",0.10348103266132333
RFE + Random Forest,5,2.0,300,10.0,sqrt,"['return_20d', 'sma_5', 'sma_60', 'volatility_20', 'atr_14']",0.10348103266132333
RFE + Random Forest,5,1.0,300,10.0,sqrt,"['return_20d', 'sma_5', 'sma_60', 'volatility_20', 'atr_14']",0.10348103266132334
RFE + Random Forest,5,2.0,300,10.0,log2,"['return_20d', 'sma_5', 'sma_60', 'volatility_20', 'atr_14']",0.10348103266132334
RFE + Random Forest,5,0.1,300,10.0,log2,"['return_20d', 'sma_5', 'sma_60', 'volatility_20', 'atr_14']",0.10348103266132334
RFE + Random Forest,5,0.1,300,10.0,sqrt,"['return_20d', 'sma_5', 'sma_60', 'volatility_20', 'atr_14']",0.10348103266132336
RFE + Random Forest,5,1.0,500,10.0,sqrt,"['return_20d', 'sma_5', 'sma_60', 'volatility_20', 'atr_14']",0.10376570608935191
RFE + Random Forest,5,1.0,500,10.0,log2,"['return_20d', 'sma_5', 'sma_60', 'volatility_20', 'atr_14']",0.10376570608935191
RFE + Random Forest,25,0.1,100,5.0,sqrt,"['return_1d', 'return_5d', 'return_10d', 'return_20d', 'intraday_return', 'high_low_range', 'gap', 'sma_5', 'sma_20', 'sma_60', 'price_to_sma_5', 'price_to_sma_20', 'price_to_sma_60', 'rsi_14', 'roc_10', 'roc_20', 'macd', 'macd_signal', 'macd_hist', 'volatility_5', 'volatility_20', 'atr_14', 'volume_change_1d', 'volume_sma_20', 'volume_ratio_20']",0.10384917926959542
RFE + Random Forest,25,2.0,100,5.0,sqrt,"['return_1d', 'return_5d', 'return_10d', 'return_20d', 'intraday_return', 'high_low_range', 'gap', 'sma_5', 'sma_20', 'sma_60', 'price_to_sma_5', 'price_to_sma_20', 'price_to_sma_60', 'rsi_14', 'roc_10', 'roc_20', 'macd', 'macd_signal', 'macd_hist', 'volatility_5', 'volatility_20', 'atr_14', 'volume_change_1d', 'volume_sma_20', 'volume_ratio_20']",0.10384917926959542
RFE + Random Forest,25,1.0,100,5.0,sqrt,"['return_1d', 'return_5d', 'return_10d', 'return_20d', 'intraday_return', 'high_low_range', 'gap', 'sma_5', 'sma_20', 'sma_60', 'price_to_sma_5', 'price_to_sma_20', 'price_to_sma_60', 'rsi_14', 'roc_10', 'roc_20', 'macd', 'macd_signal', 'macd_hist', 'volatility_5', 'volatility_20', 'atr_14', 'volume_change_1d', 'volume_sma_20', 'volume_ratio_20']",0.10384917926959542
RFE + Random Forest,25,1.0,500,5.0,log2,"['return_1d', 'return_5d', 'return_10d', 'return_20d', 'intraday_return', 'high_low_range', 'gap', 'sma_5', 'sma_20', 'sma_60', 'price_to_sma_5', 'price_to_sma_20', 'price_to_sma_60', 'rsi_14', 'roc_10', 'roc_20', 'macd', 'macd_signal', 'macd_hist', 'volatility_5', 'volatility_20', 'atr_14', 'volume_change_1d', 'volume_sma_20', 'volume_ratio_20']",0.10415855794639689
RFE + Random Forest,25,2.0,500,5.0,log2,"['return_1d', 'return_5d', 'return_10d', 'return_20d', 'intraday_return', 'high_low_range', 'gap', 'sma_5', 'sma_20', 'sma_60', 'price_to_sma_5', 'price_to_sma_20', 'price_to_sma_60', 'rsi_14', 'roc_10', 'roc_20', 'macd', 'macd_signal', 'macd_hist', 'volatility_5', 'volatility_20', 'atr_14', 'volume_change_1d', 'volume_sma_20', 'volume_ratio_20']",0.1041585579463969
RFE + Random Forest,25,0.1,500,5.0,log2,"['return_1d', 'return_5d', 'return_10d', 'return_20d', 'intraday_return', 'high_low_range', 'gap', 'sma_5', 'sma_20', 'sma_60', 'price_to_sma_5', 'price_to_sma_20', 'price_to_sma_60', 'rsi_14', 'roc_10', 'roc_20', 'macd', 'macd_signal', 'macd_hist', 'volatility_5', 'volatility_20', 'atr_14', 'volume_change_1d', 'volume_sma_20', 'volume_ratio_20']",0.1041585579463969
RFE + Random Forest,10,2.0,100,10.0,sqrt,"['return_20d', 'sma_5', 'sma_20', 'sma_60', 'price_to_sma_60', 'roc_20', 'macd_hist', 'volatility_20', 'atr_14', 'volume_sma_20']",0.1042139814025068
RFE + Random Forest,10,0.1,100,10.0,log2,"['return_20d', 'sma_5', 'sma_20', 'sma_60', 'price_to_sma_60', 'roc_20', 'macd_hist', 'volatility_20', 'atr_14', 'volume_sma_20']",0.1042139814025068
RFE + Random Forest,10,0.1,100,10.0,sqrt,"['return_20d', 'sma_5', 'sma_20', 'sma_60', 'price_to_sma_60', 'roc_20', 'macd_hist', 'volatility_20', 'atr_14', 'volume_sma_20']",0.1042139814025068
RFE + Random Forest,10,2.0,100,10.0,log2,"['return_20d', 'sma_5', 'sma_20', 'sma_60', 'price_to_sma_60', 'roc_20', 'macd_hist', 'volatility_20', 'atr_14', 'volume_sma_20']",0.10421398140250682
RFE + Random Forest,25,0.1,300,5.0,log2,"['return_1d', 'return_5d', 'return_10d', 'return_20d', 'intraday_return', 'high_low_range', 'gap', 'sma_5', 'sma_20', 'sma_60', 'price_to_sma_5', 'price_to_sma_20', 'price_to_sma_60', 'rsi_14', 'roc_10', 'roc_20', 'macd', 'macd_signal', 'macd_hist', 'volatility_5', 'volatility_20', 'atr_14', 'volume_change_1d', 'volume_sma_20', 'volume_ratio_20']",0.10430155637149165
RFE + Random Forest,25,2.0,300,5.0,log2,"['return_1d', 'return_5d', 'return_10d', 'return_20d', 'intraday_return', 'high_low_range', 'gap', 'sma_5', 'sma_20', 'sma_60', 'price_to_sma_5', 'price_to_sma_20', 'price_to_sma_60', 'rsi_14', 'roc_10', 'roc_20', 'macd', 'macd_signal', 'macd_hist', 'volatility_5', 'volatility_20', 'atr_14', 'volume_change_1d', 'volume_sma_20', 'volume_ratio_20']",0.10430155637149165
RFE + Random Forest,25,1.0,300,5.0,log2,"['return_1d', 'return_5d', 'return_10d', 'return_20d', 'intraday_return', 'high_low_range', 'gap', 'sma_5', 'sma_20', 'sma_60', 'price_to_sma_5', 'price_to_sma_20', 'price_to_sma_60', 'rsi_14', 'roc_10', 'roc_20', 'macd', 'macd_signal', 'macd_hist', 'volatility_5', 'volatility_20', 'atr_14', 'volume_change_1d', 'volume_sma_20', 'volume_ratio_20']",0.10430155637149166
RFE + Random Forest,20,2.0,300,5.0,log2,"['return_5d', 'return_10d', 'return_20d', 'gap', 'sma_5', 'sma_20', 'sma_60', 'price_to_sma_20', 'price_to_sma_60', 'rsi_14', 'roc_10', 'roc_20', 'macd', 'macd_signal', 'macd_hist', 'volatility_5', 'volatility_20', 'atr_14', 'volume_sma_20', 'volume_ratio_20']",0.10433219724605067
RFE + Random Forest,20,2.0,300,5.0,sqrt,"['return_5d', 'return_10d', 'return_20d', 'gap', 'sma_5', 'sma_20', 'sma_60', 'price_to_sma_20', 'price_to_sma_60', 'rsi_14', 'roc_10', 'roc_20', 'macd', 'macd_signal', 'macd_hist', 'volatility_5', 'volatility_20', 'atr_14', 'volume_sma_20', 'volume_ratio_20']",0.10433219724605067
RFE + Random Forest,20,0.1,300,5.0,sqrt,"['return_5d', 'return_10d', 'return_20d', 'gap', 'sma_5', 'sma_20', 'sma_60', 'price_to_sma_20', 'price_to_sma_60', 'rsi_14', 'roc_10', 'roc_20', 'macd', 'macd_signal', 'macd_hist', 'volatility_5', 'volatility_20', 'atr_14', 'volume_sma_20', 'volume_ratio_20']",0.10433219724605067
RFE + Random Forest,20,1.0,300,5.0,log2,"['return_5d', 'return_10d', 'return_20d', 'gap', 'sma_5', 'sma_20', 'sma_60', 'price_to_sma_20', 'price_to_sma_60', 'rsi_14', 'roc_10', 'roc_20', 'macd', 'macd_signal', 'macd_hist', 'volatility_5', 'volatility_20', 'atr_14', 'volume_sma_20', 'volume_ratio_20']",0.10433219724605067
RFE + Random Forest,20,1.0,300,5.0,sqrt,"['return_5d', 'return_10d', 'return_20d', 'gap', 'sma_5', 'sma_20', 'sma_60', 'price_to_sma_20', 'price_to_sma_60', 'rsi_14', 'roc_10', 'roc_20', 'macd', 'macd_signal', 'macd_hist', 'volatility_5', 'volatility_20', 'atr_14', 'volume_sma_20', 'volume_ratio_20']",0.10433219724605067
RFE + Random Forest,20,0.1,300,5.0,log2,"['return_5d', 'return_10d', 'return_20d', 'gap', 'sma_5', 'sma_20', 'sma_60', 'price_to_sma_20', 'price_to_sma_60', 'rsi_14', 'roc_10', 'roc_20', 'macd', 'macd_signal', 'macd_hist', 'volatility_5', 'volatility_20', 'atr_14', 'volume_sma_20', 'volume_ratio_20']",0.10433219724605067
RFE + Random Forest,25,0.1,300,5.0,sqrt,"['return_1d', 'return_5d', 'return_10d', 'return_20d', 'intraday_return', 'high_low_range', 'gap', 'sma_5', 'sma_20', 'sma_60', 'price_to_sma_5', 'price_to_sma_20', 'price_to_sma_60', 'rsi_14', 'roc_10', 'roc_20', 'macd', 'macd_signal', 'macd_hist', 'volatility_5', 'volatility_20', 'atr_14', 'volume_change_1d', 'volume_sma_20', 'volume_ratio_20']",0.10443162794643368
RFE + Random Forest,25,2.0,300,5.0,sqrt,"['return_1d', 'return_5d', 'return_10d', 'return_20d', 'intraday_return', 'high_low_range', 'gap', 'sma_5', 'sma_20', 'sma_60', 'price_to_sma_5', 'price_to_sma_20', 'price_to_sma_60', 'rsi_14', 'roc_10', 'roc_20', 'macd', 'macd_signal', 'macd_hist', 'volatility_5', 'volatility_20', 'atr_14', 'volume_change_1d', 'volume_sma_20', 'volume_ratio_20']",0.10443162794643368
RFE + Random Forest,25,1.0,300,5.0,sqrt,"['return_1d', 'return_5d', 'return_10d', 'return_20d', 'intraday_return', 'high_low_range', 'gap', 'sma_5', 'sma_20', 'sma_60', 'price_to_sma_5', 'price_to_sma_20', 'price_to_sma_60', 'rsi_14', 'roc_10', 'roc_20', 'macd', 'macd_signal', 'macd_hist', 'volatility_5', 'volatility_20', 'atr_14', 'volume_change_1d', 'volume_sma_20', 'volume_ratio_20']",0.10443162794643368
RFE + Random Forest,25,2.0,500,5.0,sqrt,"['return_1d', 'return_5d', 'return_10d', 'return_20d', 'intraday_return', 'high_low_range', 'gap', 'sma_5', 'sma_20', 'sma_60', 'price_to_sma_5', 'price_to_sma_20', 'price_to_sma_60', 'rsi_14', 'roc_10', 'roc_20', 'macd', 'macd_signal', 'macd_hist', 'volatility_5', 'volatility_20', 'atr_14', 'volume_change_1d', 'volume_sma_20', 'volume_ratio_20']",0.10451482585981296
RFE + Random Forest,25,0.1,500,5.0,sqrt,"['return_1d', 'return_5d', 'return_10d', 'return_20d', 'intraday_return', 'high_low_range', 'gap', 'sma_5', 'sma_20', 'sma_60', 'price_to_sma_5', 'price_to_sma_20', 'price_to_sma_60', 'rsi_14', 'roc_10', 'roc_20', 'macd', 'macd_signal', 'macd_hist', 'volatility_5', 'volatility_20', 'atr_14', 'volume_change_1d', 'volume_sma_20', 'volume_ratio_20']",0.10451482585981296
RFE + Random Forest,25,1.0,500,5.0,sqrt,"['return_1d', 'return_5d', 'return_10d', 'return_20d', 'intraday_return', 'high_low_range', 'gap', 'sma_5', 'sma_20', 'sma_60', 'price_to_sma_5', 'price_to_sma_20', 'price_to_sma_60', 'rsi_14', 'roc_10', 'roc_20', 'macd', 'macd_signal', 'macd_hist', 'volatility_5', 'volatility_20', 'atr_14', 'volume_change_1d', 'volume_sma_20', 'volume_ratio_20']",0.10451482585981296
RFE + Random Forest,20,2.0,500,5.0,sqrt,"['return_5d', 'return_10d', 'return_20d', 'gap', 'sma_5', 'sma_20', 'sma_60', 'price_to_sma_20', 'price_to_sma_60', 'rsi_14', 'roc_10', 'roc_20', 'macd', 'macd_signal', 'macd_hist', 'volatility_5', 'volatility_20', 'atr_14', 'volume_sma_20', 'volume_ratio_20']",0.10453258256297132
RFE + Random Forest,20,0.1,500,5.0,log2,"['return_5d', 'return_10d', 'return_20d', 'gap', 'sma_5', 'sma_20', 'sma_60', 'price_to_sma_20', 'price_to_sma_60', 'rsi_14', 'roc_10', 'roc_20', 'macd', 'macd_signal', 'macd_hist', 'volatility_5', 'volatility_20', 'atr_14', 'volume_sma_20', 'volume_ratio_20']",0.10453258256297132
RFE + Random Forest,20,2.0,500,5.0,log2,"['return_5d', 'return_10d', 'return_20d', 'gap', 'sma_5', 'sma_20', 'sma_60', 'price_to_sma_20', 'price_to_sma_60', 'rsi_14', 'roc_10', 'roc_20', 'macd', 'macd_signal', 'macd_hist', 'volatility_5', 'volatility_20', 'atr_14', 'volume_sma_20', 'volume_ratio_20']",0.10453258256297132
RFE + Random Forest,20,1.0,500,5.0,sqrt,"['return_5d', 'return_10d', 'return_20d', 'gap', 'sma_5', 'sma_20', 'sma_60', 'price_to_sma_20', 'price_to_sma_60', 'rsi_14', 'roc_10', 'roc_20', 'macd', 'macd_signal', 'macd_hist', 'volatility_5', 'volatility_20', 'atr_14', 'volume_sma_20', 'volume_ratio_20']",0.10453258256297132
RFE + Random Forest,20,1.0,500,5.0,log2,"['return_5d', 'return_10d', 'return_20d', 'gap', 'sma_5', 'sma_20', 'sma_60', 'price_to_sma_20', 'price_to_sma_60', 'rsi_14', 'roc_10', 'roc_20', 'macd', 'macd_signal', 'macd_hist', 'volatility_5', 'volatility_20', 'atr_14', 'volume_sma_20', 'volume_ratio_20']",0.10453258256297132
RFE + Random Forest,20,0.1,500,5.0,sqrt,"['return_5d', 'return_10d', 'return_20d', 'gap', 'sma_5', 'sma_20', 'sma_60', 'price_to_sma_20', 'price_to_sma_60', 'rsi_14', 'roc_10', 'roc_20', 'macd', 'macd_signal', 'macd_hist', 'volatility_5', 'volatility_20', 'atr_14', 'volume_sma_20', 'volume_ratio_20']",0.10453258256297134
RFE + Random Forest,20,2.0,100,5.0,sqrt,"['return_5d', 'return_10d', 'return_20d', 'gap', 'sma_5', 'sma_20', 'sma_60', 'price_to_sma_5', 'price_to_sma_20', 'price_to_sma_60', 'rsi_14', 'roc_10', 'roc_20', 'macd', 'macd_signal', 'macd_hist', 'volatility_5', 'volatility_20', 'atr_14', 'volume_sma_20']",0.10462007502619847
RFE + Random Forest,20,1.0,100,5.0,log2,"['return_5d', 'return_10d', 'return_20d', 'gap', 'sma_5', 'sma_20', 'sma_60', 'price_to_sma_5', 'price_to_sma_20', 'price_to_sma_60', 'rsi_14', 'roc_10', 'roc_20', 'macd', 'macd_signal', 'macd_hist', 'volatility_5', 'volatility_20', 'atr_14', 'volume_sma_20']",0.10462007502619847
RFE + Random Forest,20,1.0,100,5.0,sqrt,"['return_5d', 'return_10d', 'return_20d', 'gap', 'sma_5', 'sma_20', 'sma_60', 'price_to_sma_5', 'price_to_sma_20', 'price_to_sma_60', 'rsi_14', 'roc_10', 'roc_20', 'macd', 'macd_signal', 'macd_hist', 'volatility_5', 'volatility_20', 'atr_14', 'volume_sma_20']",0.10462007502619847
RFE + Random Forest,20,2.0,100,5.0,log2,"['return_5d', 'return_10d', 'return_20d', 'gap', 'sma_5', 'sma_20', 'sma_60', 'price_to_sma_5', 'price_to_sma_20', 'price_to_sma_60', 'rsi_14', 'roc_10', 'roc_20', 'macd', 'macd_signal', 'macd_hist', 'volatility_5', 'volatility_20', 'atr_14', 'volume_sma_20']",0.10462007502619847
RFE + Random Forest,20,0.1,100,5.0,log2,"['return_5d', 'return_10d', 'return_20d', 'gap', 'sma_5', 'sma_20', 'sma_60', 'price_to_sma_5', 'price_to_sma_20', 'price_to_sma_60', 'rsi_14', 'roc_10', 'roc_20', 'macd', 'macd_signal', 'macd_hist', 'volatility_5', 'volatility_20', 'atr_14', 'volume_sma_20']",0.10462007502619847
RFE + Random Forest,20,0.1,100,5.0,sqrt,"['return_5d', 'return_10d', 'return_20d', 'gap', 'sma_5', 'sma_20', 'sma_60', 'price_to_sma_5', 'price_to_sma_20', 'price_to_sma_60', 'rsi_14', 'roc_10', 'roc_20', 'macd', 'macd_signal', 'macd_hist', 'volatility_5', 'volatility_20', 'atr_14', 'volume_sma_20']",0.10462007502619847
RFE + Random Forest,15,1.0,100,5.0,log2,"['return_20d', 'sma_5', 'sma_20', 'sma_60', 'price_to_sma_20', 'price_to_sma_60', 'rsi_14', 'roc_20', 'macd', 'macd_signal', 'macd_hist', 'volatility_5', 'volatility_20', 'atr_14', 'volume_sma_20']",0.10463490914080835
RFE + Random Forest,15,1.0,100,5.0,sqrt,"['return_20d', 'sma_5', 'sma_20', 'sma_60', 'price_to_sma_20', 'price_to_sma_60', 'rsi_14', 'roc_20', 'macd', 'macd_signal', 'macd_hist', 'volatility_5', 'volatility_20', 'atr_14', 'volume_sma_20']",0.10463490914080835
RFE + Random Forest,5,0.1,300,10.0,0.5,"['sma_5', 'sma_60', 'volatility_20', 'atr_14', 'volume_sma_20']",0.10470778248237873
RFE + Random Forest,5,2.0,300,10.0,0.5,"['sma_5', 'sma_60', 'volatility_20', 'atr_14', 'volume_sma_20']",0.10470778248237873
RFE + Random Forest,25,0.1,100,10.0,sqrt,"['return_1d', 'return_5d', 'return_10d', 'return_20d', 'intraday_return', 'high_low_range', 'gap', 'sma_5', 'sma_20', 'sma_60', 'price_to_sma_5', 'price_to_sma_20', 'price_to_sma_60', 'rsi_14', 'roc_10', 'roc_20', 'macd', 'macd_signal', 'macd_hist', 'volatility_5', 'volatility_20', 'atr_14', 'volume_change_1d', 'volume_sma_20', 'volume_ratio_20']",0.1047429745840097
RFE + Random Forest,25,1.0,100,10.0,sqrt,"['return_1d', 'return_5d', 'return_10d', 'return_20d', 'intraday_return', 'high_low_range', 'gap', 'sma_5', 'sma_20', 'sma_60', 'price_to_sma_5', 'price_to_sma_20', 'price_to_sma_60', 'rsi_14', 'roc_10', 'roc_20', 'macd', 'macd_signal', 'macd_hist', 'volatility_5', 'volatility_20', 'atr_14', 'volume_change_1d', 'volume_sma_20', 'volume_ratio_20']",0.1047429745840097
RFE + Random Forest,25,2.0,100,10.0,sqrt,"['return_1d', 'return_5d', 'return_10d', 'return_20d', 'intraday_return', 'high_low_range', 'gap', 'sma_5', 'sma_20', 'sma_60', 'price_to_sma_5', 'price_to_sma_20', 'price_to_sma_60', 'rsi_14', 'roc_10', 'roc_20', 'macd', 'macd_signal', 'macd_hist', 'volatility_5', 'volatility_20', 'atr_14', 'volume_change_1d', 'volume_sma_20', 'volume_ratio_20']",0.1047429745840097
RFE + Random Forest,25,0.1,100,5.0,log2,"['return_1d', 'return_5d', 'return_10d', 'return_20d', 'intraday_return', 'high_low_range', 'gap', 'sma_5', 'sma_20', 'sma_60', 'price_to_sma_5', 'price_to_sma_20', 'price_to_sma_60', 'rsi_14', 'roc_10', 'roc_20', 'macd', 'macd_signal', 'macd_hist', 'volatility_5', 'volatility_20', 'atr_14', 'volume_change_1d', 'volume_sma_20', 'volume_ratio_20']",0.104743247018249
RFE + Random Forest,25,2.0,100,5.0,log2,"['return_1d', 'return_5d', 'return_10d', 'return_20d', 'intraday_return', 'high_low_range', 'gap', 'sma_5', 'sma_20', 'sma_60', 'price_to_sma_5', 'price_to_sma_20', 'price_to_sma_60', 'rsi_14', 'roc_10', 'roc_20', 'macd', 'macd_signal', 'macd_hist', 'volatility_5', 'volatility_20', 'atr_14', 'volume_change_1d', 'volume_sma_20', 'volume_ratio_20']",0.104743247018249
RFE + Random Forest,25,1.0,100,5.0,log2,"['return_1d', 'return_5d', 'return_10d', 'return_20d', 'intraday_return', 'high_low_range', 'gap', 'sma_5', 'sma_20', 'sma_60', 'price_to_sma_5', 'price_to_sma_20', 'price_to_sma_60', 'rsi_14', 'roc_10', 'roc_20', 'macd', 'macd_signal', 'macd_hist', 'volatility_5', 'volatility_20', 'atr_14', 'volume_change_1d', 'volume_sma_20', 'volume_ratio_20']",0.104743247018249
RFE + Random Forest,15,2.0,100,5.0,sqrt,"['return_5d', 'return_20d', 'sma_5', 'sma_20', 'sma_60', 'price_to_sma_20', 'price_to_sma_60', 'rsi_14', 'roc_20', 'macd_signal', 'macd_hist', 'volatility_5', 'volatility_20', 'atr_14', 'volume_sma_20']",0.10477506918527708
RFE + Random Forest,15,0.1,100,5.0,sqrt,"['return_5d', 'return_20d', 'sma_5', 'sma_20', 'sma_60', 'price_to_sma_20', 'price_to_sma_60', 'rsi_14', 'roc_20', 'macd_signal', 'macd_hist', 'volatility_5', 'volatility_20', 'atr_14', 'volume_sma_20']",0.1047750691852771
RFE + Random Forest,15,2.0,100,5.0,log2,"['return_5d', 'return_20d', 'sma_5', 'sma_20', 'sma_60', 'price_to_sma_20', 'price_to_sma_60', 'rsi_14', 'roc_20', 'macd_signal', 'macd_hist', 'volatility_5', 'volatility_20', 'atr_14', 'volume_sma_20']",0.1047750691852771
RFE + Random Forest,15,0.1,100,5.0,log2,"['return_5d', 'return_20d', 'sma_5', 'sma_20', 'sma_60', 'price_to_sma_20', 'price_to_sma_60', 'rsi_14', 'roc_20', 'macd_signal', 'macd_hist', 'volatility_5', 'volatility_20', 'atr_14', 'volume_sma_20']",0.1047750691852771
RFE + Random Forest,10,2.0,100,5.0,sqrt,"['return_20d', 'sma_5', 'sma_20', 'sma_60', 'price_to_sma_20', 'roc_20', 'macd_hist', 'volatility_20', 'atr_14', 'volume_sma_20']",0.10484950489133235
RFE + Random Forest,10,0.1,100,5.0,log2,"['return_20d', 'sma_5', 'sma_20', 'sma_60', 'price_to_sma_20', 'roc_20', 'macd_hist', 'volatility_20', 'atr_14', 'volume_sma_20']",0.10484950489133235
RFE + Random Forest,10,0.1,100,5.0,sqrt,"['return_20d', 'sma_5', 'sma_20', 'sma_60', 'price_to_sma_20', 'roc_20', 'macd_hist', 'volatility_20', 'atr_14', 'volume_sma_20']",0.10484950489133235
RFE + Random Forest,10,2.0,100,5.0,log2,"['return_20d', 'sma_5', 'sma_20', 'sma_60', 'price_to_sma_20', 'roc_20', 'macd_hist', 'volatility_20', 'atr_14', 'volume_sma_20']",0.10484950489133237
RFE + Random Forest,25,2.0,300,10.0,log2,"['return_1d', 'return_5d', 'return_10d', 'return_20d', 'intraday_return', 'high_low_range', 'gap', 'sma_5', 'sma_20', 'sma_60', 'price_to_sma_5', 'price_to_sma_20', 'price_to_sma_60', 'rsi_14', 'roc_10', 'roc_20', 'macd', 'macd_signal', 'macd_hist', 'volatility_5', 'volatility_20', 'atr_14', 'volume_change_1d', 'volume_sma_20', 'volume_ratio_20']",0.10492611791280235
RFE + Random Forest,25,1.0,300,10.0,log2,"['return_1d', 'return_5d', 'return_10d', 'return_20d', 'intraday_return', 'high_low_range', 'gap', 'sma_5', 'sma_20', 'sma_60', 'price_to_sma_5', 'price_to_sma_20', 'price_to_sma_60', 'rsi_14', 'roc_10', 'roc_20', 'macd', 'macd_signal', 'macd_hist', 'volatility_5', 'volatility_20', 'atr_14', 'volume_change_1d', 'volume_sma_20', 'volume_ratio_20']",0.10492611791280235
RFE + Random Forest,25,0.1,300,10.0,log2,"['return_1d', 'return_5d', 'return_10d', 'return_20d', 'intraday_return', 'high_low_range', 'gap', 'sma_5', 'sma_20', 'sma_60', 'price_to_sma_5', 'price_to_sma_20', 'price_to_sma_60', 'rsi_14', 'roc_10', 'roc_20', 'macd', 'macd_signal', 'macd_hist', 'volatility_5', 'volatility_20', 'atr_14', 'volume_change_1d', 'volume_sma_20', 'volume_ratio_20']",0.10492611791280235
RFE + Random Forest,25,0.1,100,5.0,0.5,"['return_1d', 'return_5d', 'return_10d', 'return_20d', 'intraday_return', 'high_low_range', 'gap', 'sma_5', 'sma_20', 'sma_60', 'price_to_sma_5', 'price_to_sma_20', 'price_to_sma_60', 'rsi_14', 'roc_10', 'roc_20', 'macd', 'macd_signal', 'macd_hist', 'volatility_5', 'volatility_20', 'atr_14', 'volume_change_1d', 'volume_sma_20', 'volume_ratio_20']",0.10496512931095033
RFE + Random Forest,25,1.0,100,5.0,0.5,"['return_1d', 'return_5d', 'return_10d', 'return_20d', 'intraday_return', 'high_low_range', 'gap', 'sma_5', 'sma_20', 'sma_60', 'price_to_sma_5', 'price_to_sma_20', 'price_to_sma_60', 'rsi_14', 'roc_10', 'roc_20', 'macd', 'macd_signal', 'macd_hist', 'volatility_5', 'volatility_20', 'atr_14', 'volume_change_1d', 'volume_sma_20', 'volume_ratio_20']",0.10496512931095033
RFE + Random Forest,25,2.0,100,5.0,0.5,"['return_1d', 'return_5d', 'return_10d', 'return_20d', 'intraday_return', 'high_low_range', 'gap', 'sma_5', 'sma_20', 'sma_60', 'price_to_sma_5', 'price_to_sma_20', 'price_to_sma_60', 'rsi_14', 'roc_10', 'roc_20', 'macd', 'macd_signal', 'macd_hist', 'volatility_5', 'volatility_20', 'atr_14', 'volume_change_1d', 'volume_sma_20', 'volume_ratio_20']",0.10496512931095033
RFE + Random Forest,15,1.0,500,5.0,sqrt,"['return_20d', 'sma_5', 'sma_20', 'sma_60', 'price_to_sma_20', 'price_to_sma_60', 'rsi_14', 'roc_20', 'macd', 'macd_signal', 'macd_hist', 'volatility_5', 'volatility_20', 'atr_14', 'volume_sma_20']",0.10505663605094814
RFE + Random Forest,15,1.0,500,5.0,log2,"['return_20d', 'sma_5', 'sma_20', 'sma_60', 'price_to_sma_20', 'price_to_sma_60', 'rsi_14', 'roc_20', 'macd', 'macd_signal', 'macd_hist', 'volatility_5', 'volatility_20', 'atr_14', 'volume_sma_20']",0.10505663605094814
RFE + Random Forest,15,0.1,500,5.0,sqrt,"['return_20d', 'sma_5', 'sma_20', 'sma_60', 'price_to_sma_20', 'price_to_sma_60', 'rsi_14', 'roc_20', 'macd', 'macd_signal', 'macd_hist', 'volatility_5', 'volatility_20', 'atr_14', 'volume_sma_20']",0.10505663605094814
RFE + Random Forest,15,2.0,500,5.0,log2,"['return_20d', 'sma_5', 'sma_20', 'sma_60', 'price_to_sma_20', 'price_to_sma_60', 'rsi_14', 'roc_20', 'macd', 'macd_signal', 'macd_hist', 'volatility_5', 'volatility_20', 'atr_14', 'volume_sma_20']",0.10505663605094814
RFE + Random Forest,15,2.0,500,5.0,sqrt,"['return_20d', 'sma_5', 'sma_20', 'sma_60', 'price_to_sma_20', 'price_to_sma_60', 'rsi_14', 'roc_20', 'macd', 'macd_signal', 'macd_hist', 'volatility_5', 'volatility_20', 'atr_14', 'volume_sma_20']",0.10505663605094814
RFE + Random Forest,15,0.1,500,5.0,log2,"['return_20d', 'sma_5', 'sma_20', 'sma_60', 'price_to_sma_20', 'price_to_sma_60', 'rsi_14', 'roc_20', 'macd', 'macd_signal', 'macd_hist', 'volatility_5', 'volatility_20', 'atr_14', 'volume_sma_20']",0.10505663605094814
RFE + Random Forest,20,0.1,300,5.0,0.5,"['return_5d', 'return_10d', 'return_20d', 'intraday_return', 'gap', 'sma_5', 'sma_20', 'sma_60', 'price_to_sma_20', 'price_to_sma_60', 'rsi_14', 'roc_10', 'roc_20', 'macd', 'macd_signal', 'macd_hist', 'volatility_5', 'volatility_20', 'atr_14', 'volume_sma_20']",0.10506087459255332
RFE + Random Forest,20,1.0,300,5.0,0.5,"['return_5d', 'return_10d', 'return_20d', 'intraday_return', 'gap', 'sma_5', 'sma_20', 'sma_60', 'price_to_sma_20', 'price_to_sma_60', 'rsi_14', 'roc_10', 'roc_20', 'macd', 'macd_signal', 'macd_hist', 'volatility_5', 'volatility_20', 'atr_14', 'volume_sma_20']",0.10506087459255332
RFE + Random Forest,20,2.0,300,5.0,0.5,"['return_5d', 'return_10d', 'return_20d', 'intraday_return', 'gap', 'sma_5', 'sma_20', 'sma_60', 'price_to_sma_20', 'price_to_sma_60', 'rsi_14', 'roc_10', 'roc_20', 'macd', 'macd_signal', 'macd_hist', 'volatility_5', 'volatility_20', 'atr_14', 'volume_sma_20']",0.10506087459255332
RFE + Random Forest,10,1.0,100,5.0,sqrt,"['return_20d', 'sma_5', 'sma_20', 'sma_60', 'price_to_sma_20', 'roc_20', 'macd_signal', 'volatility_20', 'atr_14', 'volume_sma_20']",0.10506149899298214
RFE + Random Forest,10,1.0,100,5.0,log2,"['return_20d', 'sma_5', 'sma_20', 'sma_60', 'price_to_sma_20', 'roc_20', 'macd_signal', 'volatility_20', 'atr_14', 'volume_sma_20']",0.10506149899298214
RFE + Random Forest,15,0.1,300,5.0,sqrt,"['return_20d', 'sma_5', 'sma_20', 'sma_60', 'price_to_sma_20', 'price_to_sma_60', 'rsi_14', 'roc_20', 'macd', 'macd_signal', 'macd_hist', 'volatility_5', 'volatility_20', 'atr_14', 'volume_sma_20']",0.10507759954722681
RFE + Random Forest,15,2.0,300,5.0,sqrt,"['return_20d', 'sma_5', 'sma_20', 'sma_60', 'price_to_sma_20', 'price_to_sma_60', 'rsi_14', 'roc_20', 'macd', 'macd_signal', 'macd_hist', 'volatility_5', 'volatility_20', 'atr_14', 'volume_sma_20']",0.10507759954722681
RFE + Random Forest,15,1.0,300,5.0,log2,"['return_20d', 'sma_5', 'sma_20', 'sma_60', 'price_to_sma_20', 'price_to_sma_60', 'rsi_14', 'roc_20', 'macd', 'macd_signal', 'macd_hist', 'volatility_5', 'volatility_20', 'atr_14', 'volume_sma_20']",0.10507759954722681
RFE + Random Forest,15,1.0,300,5.0,sqrt,"['return_20d', 'sma_5', 'sma_20', 'sma_60', 'price_to_sma_20', 'price_to_sma_60', 'rsi_14', 'roc_20', 'macd', 'macd_signal', 'macd_hist', 'volatility_5', 'volatility_20', 'atr_14', 'volume_sma_20']",0.10507759954722681
RFE + Random Forest,15,0.1,300,5.0,log2,"['return_20d', 'sma_5', 'sma_20', 'sma_60', 'price_to_sma_20', 'price_to_sma_60', 'rsi_14', 'roc_20', 'macd', 'macd_signal', 'macd_hist', 'volatility_5', 'volatility_20', 'atr_14', 'volume_sma_20']",0.10507759954722681
RFE + Random Forest,15,2.0,300,5.0,log2,"['return_20d', 'sma_5', 'sma_20', 'sma_60', 'price_to_sma_20', 'price_to_sma_60', 'rsi_14', 'roc_20', 'macd', 'macd_signal', 'macd_hist', 'volatility_5', 'volatility_20', 'atr_14', 'volume_sma_20']",0.10507759954722681
RFE + Random Forest,25,2.0,300,10.0,sqrt,"['return_1d', 'return_5d', 'return_10d', 'return_20d', 'intraday_return', 'high_low_range', 'gap', 'sma_5', 'sma_20', 'sma_60', 'price_to_sma_5', 'price_to_sma_20', 'price_to_sma_60', 'rsi_14', 'roc_10', 'roc_20', 'macd', 'macd_signal', 'macd_hist', 'volatility_5', 'volatility_20', 'atr_14', 'volume_change_1d', 'volume_sma_20', 'volume_ratio_20']",0.10510620516225053
RFE + Random Forest,25,0.1,300,10.0,sqrt,"['return_1d', 'return_5d', 'return_10d', 'return_20d', 'intraday_return', 'high_low_range', 'gap', 'sma_5', 'sma_20', 'sma_60', 'price_to_sma_5', 'price_to_sma_20', 'price_to_sma_60', 'rsi_14', 'roc_10', 'roc_20', 'macd', 'macd_signal', 'macd_hist', 'volatility_5', 'volatility_20', 'atr_14', 'volume_change_1d', 'volume_sma_20', 'volume_ratio_20']",0.10510620516225053
RFE + Random Forest,25,1.0,300,10.0,sqrt,"['return_1d', 'return_5d', 'return_10d', 'return_20d', 'intraday_return', 'high_low_range', 'gap', 'sma_5', 'sma_20', 'sma_60', 'price_to_sma_5', 'price_to_sma_20', 'price_to_sma_60', 'rsi_14', 'roc_10', 'roc_20', 'macd', 'macd_signal', 'macd_hist', 'volatility_5', 'volatility_20', 'atr_14', 'volume_change_1d', 'volume_sma_20', 'volume_ratio_20']",0.10510620516225054
RFE + Random Forest,25,2.0,500,10.0,sqrt,"['return_1d', 'return_5d', 'return_10d', 'return_20d', 'intraday_return', 'high_low_range', 'gap', 'sma_5', 'sma_20', 'sma_60', 'price_to_sma_5', 'price_to_sma_20', 'price_to_sma_60', 'rsi_14', 'roc_10', 'roc_20', 'macd', 'macd_signal', 'macd_hist', 'volatility_5', 'volatility_20', 'atr_14', 'volume_change_1d', 'volume_sma_20', 'volume_ratio_20']",0.10510963118794575
RFE + Random Forest,25,0.1,500,10.0,sqrt,"['return_1d', 'return_5d', 'return_10d', 'return_20d', 'intraday_return', 'high_low_range', 'gap', 'sma_5', 'sma_20', 'sma_60', 'price_to_sma_5', 'price_to_sma_20', 'price_to_sma_60', 'rsi_14', 'roc_10', 'roc_20', 'macd', 'macd_signal', 'macd_hist', 'volatility_5', 'volatility_20', 'atr_14', 'volume_change_1d', 'volume_sma_20', 'volume_ratio_20']",0.10510963118794575
RFE + Random Forest,25,1.0,500,10.0,sqrt,"['return_1d', 'return_5d', 'return_10d', 'return_20d', 'intraday_return', 'high_low_range', 'gap', 'sma_5', 'sma_20', 'sma_60', 'price_to_sma_5', 'price_to_sma_20', 'price_to_sma_60', 'rsi_14', 'roc_10', 'roc_20', 'macd', 'macd_signal', 'macd_hist', 'volatility_5', 'volatility_20', 'atr_14', 'volume_change_1d', 'volume_sma_20', 'volume_ratio_20']",0.10510963118794575
RFE + Random Forest,20,2.0,500,5.0,0.5,"['return_5d', 'return_10d', 'return_20d', 'gap', 'sma_5', 'sma_20', 'sma_60', 'price_to_sma_20', 'price_to_sma_60', 'rsi_14', 'roc_10', 'roc_20', 'macd', 'macd_signal', 'macd_hist', 'volatility_5', 'volatility_20', 'atr_14', 'volume_sma_20', 'volume_ratio_20']",0.10516012643764971
RFE + Random Forest,20,1.0,500,5.0,0.5,"['return_5d', 'return_10d', 'return_20d', 'gap', 'sma_5', 'sma_20', 'sma_60', 'price_to_sma_20', 'price_to_sma_60', 'rsi_14', 'roc_10', 'roc_20', 'macd', 'macd_signal', 'macd_hist', 'volatility_5', 'volatility_20', 'atr_14', 'volume_sma_20', 'volume_ratio_20']",0.10516012643764973
RFE + Random Forest,20,0.1,500,5.0,0.5,"['return_5d', 'return_10d', 'return_20d', 'gap', 'sma_5', 'sma_20', 'sma_60', 'price_to_sma_20', 'price_to_sma_60', 'rsi_14', 'roc_10', 'roc_20', 'macd', 'macd_signal', 'macd_hist', 'volatility_5', 'volatility_20', 'atr_14', 'volume_sma_20', 'volume_ratio_20']",0.10516012643764973
RFE + Random Forest,5,2.0,500,10.0,log2,"['sma_5', 'sma_60', 'volatility_20', 'atr_14', 'volume_sma_20']",0.10518407043481122
RFE + Random Forest,5,2.0,500,10.0,sqrt,"['sma_5', 'sma_60', 'volatility_20', 'atr_14', 'volume_sma_20']",0.10518407043481122
RFE + Random Forest,5,0.1,500,10.0,log2,"['sma_5', 'sma_60', 'volatility_20', 'atr_14', 'volume_sma_20']",0.10518407043481122
RFE + Random Forest,5,0.1,500,10.0,sqrt,"['sma_5', 'sma_60', 'volatility_20', 'atr_14', 'volume_sma_20']",0.10518407043481122
RFE + Random Forest,25,1.0,500,10.0,log2,"['return_1d', 'return_5d', 'return_10d', 'return_20d', 'intraday_return', 'high_low_range', 'gap', 'sma_5', 'sma_20', 'sma_60', 'price_to_sma_5', 'price_to_sma_20', 'price_to_sma_60', 'rsi_14', 'roc_10', 'roc_20', 'macd', 'macd_signal', 'macd_hist', 'volatility_5', 'volatility_20', 'atr_14', 'volume_change_1d', 'volume_sma_20', 'volume_ratio_20']",0.1051922550563722
RFE + Random Forest,25,0.1,500,10.0,log2,"['return_1d', 'return_5d', 'return_10d', 'return_20d', 'intraday_return', 'high_low_range', 'gap', 'sma_5', 'sma_20', 'sma_60', 'price_to_sma_5', 'price_to_sma_20', 'price_to_sma_60', 'rsi_14', 'roc_10', 'roc_20', 'macd', 'macd_signal', 'macd_hist', 'volatility_5', 'volatility_20', 'atr_14', 'volume_change_1d', 'volume_sma_20', 'volume_ratio_20']",0.1051922550563722
RFE + Random Forest,25,2.0,500,10.0,log2,"['return_1d', 'return_5d', 'return_10d', 'return_20d', 'intraday_return', 'high_low_range', 'gap', 'sma_5', 'sma_20', 'sma_60', 'price_to_sma_5', 'price_to_sma_20', 'price_to_sma_60', 'rsi_14', 'roc_10', 'roc_20', 'macd', 'macd_signal', 'macd_hist', 'volatility_5', 'volatility_20', 'atr_14', 'volume_change_1d', 'volume_sma_20', 'volume_ratio_20']",0.1051922550563722
RFE + Random Forest,25,0.1,500,5.0,0.5,"['return_1d', 'return_5d', 'return_10d', 'return_20d', 'intraday_return', 'high_low_range', 'gap', 'sma_5', 'sma_20', 'sma_60', 'price_to_sma_5', 'price_to_sma_20', 'price_to_sma_60', 'rsi_14', 'roc_10', 'roc_20', 'macd', 'macd_signal', 'macd_hist', 'volatility_5', 'volatility_20', 'atr_14', 'volume_change_1d', 'volume_sma_20', 'volume_ratio_20']",0.10519788689761071
RFE + Random Forest,25,1.0,500,5.0,0.5,"['return_1d', 'return_5d', 'return_10d', 'return_20d', 'intraday_return', 'high_low_range', 'gap', 'sma_5', 'sma_20', 'sma_60', 'price_to_sma_5', 'price_to_sma_20', 'price_to_sma_60', 'rsi_14', 'roc_10', 'roc_20', 'macd', 'macd_signal', 'macd_hist', 'volatility_5', 'volatility_20', 'atr_14', 'volume_change_1d', 'volume_sma_20', 'volume_ratio_20']",0.10519788689761074
RFE + Random Forest,25,2.0,500,5.0,0.5,"['return_1d', 'return_5d', 'return_10d', 'return_20d', 'intraday_return', 'high_low_range', 'gap', 'sma_5', 'sma_20', 'sma_60', 'price_to_sma_5', 'price_to_sma_20', 'price_to_sma_60', 'rsi_14', 'roc_10', 'roc_20', 'macd', 'macd_signal', 'macd_hist', 'volatility_5', 'volatility_20', 'atr_14', 'volume_change_1d', 'volume_sma_20', 'volume_ratio_20']",0.10519788689761074
RFE + Random Forest,10,2.0,500,5.0,0.5,"['return_20d', 'sma_5', 'sma_20', 'sma_60', 'price_to_sma_20', 'roc_20', 'macd_hist', 'volatility_20', 'atr_14', 'volume_sma_20']",0.10521106799637378
RFE + Random Forest,10,0.1,500,5.0,0.5,"['return_20d', 'sma_5', 'sma_20', 'sma_60', 'price_to_sma_20', 'roc_20', 'macd_hist', 'volatility_20', 'atr_14', 'volume_sma_20']",0.10521106799637378
RFE + Random Forest,25,0.1,100,10.0,0.5,"['return_1d', 'return_5d', 'return_10d', 'return_20d', 'intraday_return', 'high_low_range', 'gap', 'sma_5', 'sma_20', 'sma_60', 'price_to_sma_5', 'price_to_sma_20', 'price_to_sma_60', 'rsi_14', 'roc_10', 'roc_20', 'macd', 'macd_signal', 'macd_hist', 'volatility_5', 'volatility_20', 'atr_14', 'volume_change_1d', 'volume_sma_20', 'volume_ratio_20']",0.10526131280927249
RFE + Random Forest,25,2.0,100,10.0,0.5,"['return_1d', 'return_5d', 'return_10d', 'return_20d', 'intraday_return', 'high_low_range', 'gap', 'sma_5', 'sma_20', 'sma_60', 'price_to_sma_5', 'price_to_sma_20', 'price_to_sma_60', 'rsi_14', 'roc_10', 'roc_20', 'macd', 'macd_signal', 'macd_hist', 'volatility_5', 'volatility_20', 'atr_14', 'volume_change_1d', 'volume_sma_20', 'volume_ratio_20']",0.10526131280927249
RFE + Random Forest,25,1.0,100,10.0,0.5,"['return_1d', 'return_5d', 'return_10d', 'return_20d', 'intraday_return', 'high_low_range', 'gap', 'sma_5', 'sma_20', 'sma_60', 'price_to_sma_5', 'price_to_sma_20', 'price_to_sma_60', 'rsi_14', 'roc_10', 'roc_20', 'macd', 'macd_signal', 'macd_hist', 'volatility_5', 'volatility_20', 'atr_14', 'volume_change_1d', 'volume_sma_20', 'volume_ratio_20']",0.10526131280927249
RFE + Random Forest,15,2.0,100,5.0,0.5,"['return_5d', 'return_20d', 'sma_5', 'sma_20', 'sma_60', 'price_to_sma_20', 'price_to_sma_60', 'rsi_14', 'roc_20', 'macd_signal', 'macd_hist', 'volatility_5', 'volatility_20', 'atr_14', 'volume_sma_20']",0.10529556554295226
RFE + Random Forest,15,1.0,100,5.0,0.5,"['return_5d', 'return_20d', 'sma_5', 'sma_20', 'sma_60', 'price_to_sma_20', 'price_to_sma_60', 'rsi_14', 'roc_20', 'macd_signal', 'macd_hist', 'volatility_5', 'volatility_20', 'atr_14', 'volume_sma_20']",0.10529556554295226
RFE + Random Forest,15,0.1,100,5.0,0.5,"['return_5d', 'return_20d', 'sma_5', 'sma_20', 'sma_60', 'price_to_sma_20', 'price_to_sma_60', 'rsi_14', 'roc_20', 'macd_signal', 'macd_hist', 'volatility_5', 'volatility_20', 'atr_14', 'volume_sma_20']",0.10529556554295226
RFE + Random Forest,10,1.0,100,10.0,log2,"['return_20d', 'sma_5', 'sma_20', 'sma_60', 'price_to_sma_20', 'price_to_sma_60', 'macd_signal', 'volatility_20', 'atr_14', 'volume_sma_20']",0.10531942424041948
RFE + Random Forest,10,1.0,100,10.0,sqrt,"['return_20d', 'sma_5', 'sma_20', 'sma_60', 'price_to_sma_20', 'price_to_sma_60', 'macd_signal', 'volatility_20', 'atr_14', 'volume_sma_20']",0.10531942424041948
RFE + Random Forest,25,1.0,300,5.0,0.5,"['return_1d', 'return_5d', 'return_10d', 'return_20d', 'intraday_return', 'high_low_range', 'gap', 'sma_5', 'sma_20', 'sma_60', 'price_to_sma_5', 'price_to_sma_20', 'price_to_sma_60', 'rsi_14', 'roc_10', 'roc_20', 'macd', 'macd_signal', 'macd_hist', 'volatility_5', 'volatility_20', 'atr_14', 'volume_change_1d', 'volume_sma_20', 'volume_ratio_20']",0.105364013531879
RFE + Random Forest,25,0.1,300,5.0,0.5,"['return_1d', 'return_5d', 'return_10d', 'return_20d', 'intraday_return', 'high_low_range', 'gap', 'sma_5', 'sma_20', 'sma_60', 'price_to_sma_5', 'price_to_sma_20', 'price_to_sma_60', 'rsi_14', 'roc_10', 'roc_20', 'macd', 'macd_signal', 'macd_hist', 'volatility_5', 'volatility_20', 'atr_14', 'volume_change_1d', 'volume_sma_20', 'volume_ratio_20']",0.105364013531879
RFE + Random Forest,25,2.0,300,5.0,0.5,"['return_1d', 'return_5d', 'return_10d', 'return_20d', 'intraday_return', 'high_low_range', 'gap', 'sma_5', 'sma_20', 'sma_60', 'price_to_sma_5', 'price_to_sma_20', 'price_to_sma_60', 'rsi_14', 'roc_10', 'roc_20', 'macd', 'macd_signal', 'macd_hist', 'volatility_5', 'volatility_20', 'atr_14', 'volume_change_1d', 'volume_sma_20', 'volume_ratio_20']",0.105364013531879
RFE + Random Forest,15,0.1,300,5.0,0.5,"['return_5d', 'return_20d', 'sma_5', 'sma_20', 'sma_60', 'price_to_sma_20', 'price_to_sma_60', 'rsi_14', 'roc_20', 'macd_signal', 'macd_hist', 'volatility_5', 'volatility_20', 'atr_14', 'volume_sma_20']",0.10541360956945903
RFE + Random Forest,15,2.0,300,5.0,0.5,"['return_5d', 'return_20d', 'sma_5', 'sma_20', 'sma_60', 'price_to_sma_20', 'price_to_sma_60', 'rsi_14', 'roc_20', 'macd_signal', 'macd_hist', 'volatility_5', 'volatility_20', 'atr_14', 'volume_sma_20']",0.10541360956945903
RFE + Random Forest,5,1.0,300,10.0,0.5,"['sma_5', 'sma_60', 'price_to_sma_20', 'volatility_20', 'volume_sma_20']",0.10544387850772383
RFE + Random Forest,20,0.1,100,10.0,0.5,"['return_5d', 'return_10d', 'return_20d', 'gap', 'sma_5', 'sma_20', 'sma_60', 'price_to_sma_5', 'price_to_sma_20', 'price_to_sma_60', 'rsi_14', 'roc_20', 'macd', 'macd_signal', 'macd_hist', 'volatility_5', 'volatility_20', 'atr_14', 'volume_sma_20', 'volume_ratio_20']",0.10548339501726887
RFE + Random Forest,20,2.0,100,10.0,0.5,"['return_5d', 'return_10d', 'return_20d', 'gap', 'sma_5', 'sma_20', 'sma_60', 'price_to_sma_5', 'price_to_sma_20', 'price_to_sma_60', 'rsi_14', 'roc_20', 'macd', 'macd_signal', 'macd_hist', 'volatility_5', 'volatility_20', 'atr_14', 'volume_sma_20', 'volume_ratio_20']",0.10548339501726887
RFE + Random Forest,5,0.1,500,,0.5,"['sma_5', 'sma_60', 'volatility_20', 'atr_14', 'volume_sma_20']",0.10553554663382395
RFE + Random Forest,5,2.0,500,,0.5,"['sma_5', 'sma_60', 'volatility_20', 'atr_14', 'volume_sma_20']",0.10553554663382395
RFE + Random Forest,5,1.0,500,,log2,"['sma_5', 'sma_60', 'volatility_20', 'atr_14', 'volume_sma_20']",0.10553554663382395
RFE + Random Forest,10,2.0,300,5.0,sqrt,"['return_20d', 'sma_5', 'sma_20', 'sma_60', 'price_to_sma_20', 'roc_20', 'macd_signal', 'volatility_20', 'atr_14', 'volume_sma_20']",0.10557177767635686
RFE + Random Forest,10,2.0,300,5.0,log2,"['return_20d', 'sma_5', 'sma_20', 'sma_60', 'price_to_sma_20', 'roc_20', 'macd_signal', 'volatility_20', 'atr_14', 'volume_sma_20']",0.10557177767635686
RFE + Random Forest,10,1.0,300,5.0,log2,"['return_20d', 'sma_5', 'sma_20', 'sma_60', 'price_to_sma_20', 'roc_20', 'macd_signal', 'volatility_20', 'atr_14', 'volume_sma_20']",0.10557177767635686
RFE + Random Forest,10,1.0,300,5.0,sqrt,"['return_20d', 'sma_5', 'sma_20', 'sma_60', 'price_to_sma_20', 'roc_20', 'macd_signal', 'volatility_20', 'atr_14', 'volume_sma_20']",0.10557177767635686
RFE + Random Forest,10,0.1,300,5.0,log2,"['return_20d', 'sma_5', 'sma_20', 'sma_60', 'price_to_sma_20', 'roc_20', 'macd_signal', 'volatility_20', 'atr_14', 'volume_sma_20']",0.10557177767635686
RFE + Random Forest,10,0.1,300,5.0,sqrt,"['return_20d', 'sma_5', 'sma_20', 'sma_60', 'price_to_sma_20', 'roc_20', 'macd_signal', 'volatility_20', 'atr_14', 'volume_sma_20']",0.10557177767635686
RFE + Random Forest,20,1.0,100,10.0,0.5,"['return_5d', 'return_10d', 'return_20d', 'gap', 'sma_5', 'sma_20', 'sma_60', 'price_to_sma_20', 'price_to_sma_60', 'rsi_14', 'roc_10', 'roc_20', 'macd', 'macd_signal', 'macd_hist', 'volatility_5', 'volatility_20', 'atr_14', 'volume_sma_20', 'volume_ratio_20']",0.10560669164658816
RFE + Random Forest,25,1.0,500,10.0,0.5,"['return_1d', 'return_5d', 'return_10d', 'return_20d', 'intraday_return', 'high_low_range', 'gap', 'sma_5', 'sma_20', 'sma_60', 'price_to_sma_5', 'price_to_sma_20', 'price_to_sma_60', 'rsi_14', 'roc_10', 'roc_20', 'macd', 'macd_signal', 'macd_hist', 'volatility_5', 'volatility_20', 'atr_14', 'volume_change_1d', 'volume_sma_20', 'volume_ratio_20']",0.10561168591204632
RFE + Random Forest,25,0.1,500,10.0,0.5,"['return_1d', 'return_5d', 'return_10d', 'return_20d', 'intraday_return', 'high_low_range', 'gap', 'sma_5', 'sma_20', 'sma_60', 'price_to_sma_5', 'price_to_sma_20', 'price_to_sma_60', 'rsi_14', 'roc_10', 'roc_20', 'macd', 'macd_signal', 'macd_hist', 'volatility_5', 'volatility_20', 'atr_14', 'volume_change_1d', 'volume_sma_20', 'volume_ratio_20']",0.10561168591204632
RFE + Random Forest,25,2.0,500,10.0,0.5,"['return_1d', 'return_5d', 'return_10d', 'return_20d', 'intraday_return', 'high_low_range', 'gap', 'sma_5', 'sma_20', 'sma_60', 'price_to_sma_5', 'price_to_sma_20', 'price_to_sma_60', 'rsi_14', 'roc_10', 'roc_20', 'macd', 'macd_signal', 'macd_hist', 'volatility_5', 'volatility_20', 'atr_14', 'volume_change_1d', 'volume_sma_20', 'volume_ratio_20']",0.10561168591204634
RFE + Random Forest,20,2.0,100,5.0,0.5,"['return_5d', 'return_10d', 'return_20d', 'gap', 'sma_5', 'sma_20', 'sma_60', 'price_to_sma_5', 'price_to_sma_20', 'price_to_sma_60', 'rsi_14', 'roc_10', 'roc_20', 'macd', 'macd_signal', 'macd_hist', 'volatility_5', 'volatility_20', 'atr_14', 'volume_sma_20']",0.10566318396514439
RFE + Random Forest,20,1.0,100,5.0,0.5,"['return_5d', 'return_10d', 'return_20d', 'gap', 'sma_5', 'sma_20', 'sma_60', 'price_to_sma_5', 'price_to_sma_20', 'price_to_sma_60', 'rsi_14', 'roc_10', 'roc_20', 'macd', 'macd_signal', 'macd_hist', 'volatility_5', 'volatility_20', 'atr_14', 'volume_sma_20']",0.10566318396514439
RFE + Random Forest,20,0.1,100,5.0,0.5,"['return_5d', 'return_10d', 'return_20d', 'gap', 'sma_5', 'sma_20', 'sma_60', 'price_to_sma_5', 'price_to_sma_20', 'price_to_sma_60', 'rsi_14', 'roc_10', 'roc_20', 'macd', 'macd_signal', 'macd_hist', 'volatility_5', 'volatility_20', 'atr_14', 'volume_sma_20']",0.10566318396514439
RFE + Random Forest,5,2.0,500,10.0,0.5,"['sma_5', 'sma_60', 'price_to_sma_20', 'volatility_20', 'volume_sma_20']",0.1056642189830804
RFE + Random Forest,5,1.0,500,10.0,0.5,"['sma_5', 'sma_60', 'price_to_sma_20', 'volatility_20', 'volume_sma_20']",0.1056642189830804
RFE + Random Forest,5,0.1,500,10.0,0.5,"['sma_5', 'sma_60', 'price_to_sma_20', 'volatility_20', 'volume_sma_20']",0.1056642189830804
RFE + Random Forest,25,1.0,300,10.0,0.5,"['return_1d', 'return_5d', 'return_10d', 'return_20d', 'intraday_return', 'high_low_range', 'gap', 'sma_5', 'sma_20', 'sma_60', 'price_to_sma_5', 'price_to_sma_20', 'price_to_sma_60', 'rsi_14', 'roc_10', 'roc_20', 'macd', 'macd_signal', 'macd_hist', 'volatility_5', 'volatility_20', 'atr_14', 'volume_change_1d', 'volume_sma_20', 'volume_ratio_20']",0.10569060894788637
RFE + Random Forest,25,2.0,300,10.0,0.5,"['return_1d', 'return_5d', 'return_10d', 'return_20d', 'intraday_return', 'high_low_range', 'gap', 'sma_5', 'sma_20', 'sma_60', 'price_to_sma_5', 'price_to_sma_20', 'price_to_sma_60', 'rsi_14', 'roc_10', 'roc_20', 'macd', 'macd_signal', 'macd_hist', 'volatility_5', 'volatility_20', 'atr_14', 'volume_change_1d', 'volume_sma_20', 'volume_ratio_20']",0.10569060894788639
RFE + Random Forest,25,0.1,300,10.0,0.5,"['return_1d', 'return_5d', 'return_10d', 'return_20d', 'intraday_return', 'high_low_range', 'gap', 'sma_5', 'sma_20', 'sma_60', 'price_to_sma_5', 'price_to_sma_20', 'price_to_sma_60', 'rsi_14', 'roc_10', 'roc_20', 'macd', 'macd_signal', 'macd_hist', 'volatility_5', 'volatility_20', 'atr_14', 'volume_change_1d', 'volume_sma_20', 'volume_ratio_20']",0.10569060894788639
RFE + Random Forest,5,1.0,100,10.0,log2,"['sma_5', 'sma_60', 'price_to_sma_20', 'volatility_20', 'volume_sma_20']",0.10576826407448901
RFE + Random Forest,5,2.0,100,10.0,0.5,"['sma_5', 'sma_60', 'price_to_sma_20', 'volatility_20', 'volume_sma_20']",0.10576826407448901
RFE + Random Forest,5,0.1,100,10.0,0.5,"['sma_5', 'sma_60', 'price_to_sma_20', 'volatility_20', 'volume_sma_20']",0.10576826407448901
RFE + Random Forest,5,1.0,100,10.0,0.5,"['sma_5', 'sma_60', 'price_to_sma_20', 'volatility_20', 'volume_sma_20']",0.10576826407448901
RFE + Random Forest,15,1.0,300,5.0,0.5,"['return_20d', 'sma_5', 'sma_20', 'sma_60', 'price_to_sma_20', 'price_to_sma_60', 'rsi_14', 'roc_10', 'roc_20', 'macd_signal', 'macd_hist', 'volatility_5', 'volatility_20', 'atr_14', 'volume_sma_20']",0.10576953838475342
RFE + Random Forest,10,0.1,300,5.0,0.5,"['return_20d', 'sma_5', 'sma_20', 'sma_60', 'price_to_sma_20', 'price_to_sma_60', 'roc_20', 'volatility_20', 'atr_14', 'volume_sma_20']",0.10577907419911205
RFE + Random Forest,10,2.0,300,5.0,0.5,"['return_20d', 'sma_5', 'sma_20', 'sma_60', 'price_to_sma_20', 'price_to_sma_60', 'roc_20', 'volatility_20', 'atr_14', 'volume_sma_20']",0.10577907419911205
RFE + Random Forest,5,2.0,100,,0.5,"['sma_5', 'sma_60', 'price_to_sma_20', 'volatility_20', 'volume_sma_20']",0.10581501507380234
RFE + Random Forest,5,0.1,100,,0.5,"['sma_5', 'sma_60', 'price_to_sma_20', 'volatility_20', 'volume_sma_20']",0.10581501507380234
RFE + Random Forest,10,1.0,500,5.0,sqrt,"['return_20d', 'sma_5', 'sma_20', 'sma_60', 'price_to_sma_20', 'roc_20', 'macd_signal', 'volatility_20', 'atr_14', 'volume_sma_20']",0.1058173754643247
RFE + Random Forest,10,2.0,500,5.0,log2,"['return_20d', 'sma_5', 'sma_20', 'sma_60', 'price_to_sma_20', 'roc_20', 'macd_signal', 'volatility_20', 'atr_14', 'volume_sma_20']",0.1058173754643247
RFE + Random Forest,10,2.0,500,5.0,sqrt,"['return_20d', 'sma_5', 'sma_20', 'sma_60', 'price_to_sma_20', 'roc_20', 'macd_signal', 'volatility_20', 'atr_14', 'volume_sma_20']",0.1058173754643247
RFE + Random Forest,10,0.1,500,5.0,log2,"['return_20d', 'sma_5', 'sma_20', 'sma_60', 'price_to_sma_20', 'roc_20', 'macd_signal', 'volatility_20', 'atr_14', 'volume_sma_20']",0.1058173754643247
RFE + Random Forest,10,1.0,500,5.0,log2,"['return_20d', 'sma_5', 'sma_20', 'sma_60', 'price_to_sma_20', 'roc_20', 'macd_signal', 'volatility_20', 'atr_14', 'volume_sma_20']",0.1058173754643247
RFE + Random Forest,10,0.1,500,5.0,sqrt,"['return_20d', 'sma_5', 'sma_20', 'sma_60', 'price_to_sma_20', 'roc_20', 'macd_signal', 'volatility_20', 'atr_14', 'volume_sma_20']",0.1058173754643247
RFE + Random Forest,25,0.1,500,,log2,"['return_1d', 'return_5d', 'return_10d', 'return_20d', 'intraday_return', 'high_low_range', 'gap', 'sma_5', 'sma_20', 'sma_60', 'price_to_sma_5', 'price_to_sma_20', 'price_to_sma_60', 'rsi_14', 'roc_10', 'roc_20', 'macd', 'macd_signal', 'macd_hist', 'volatility_5', 'volatility_20', 'atr_14', 'volume_change_1d', 'volume_sma_20', 'volume_ratio_20']",0.10588022421322286
RFE + Random Forest,25,1.0,500,,log2,"['return_1d', 'return_5d', 'return_10d', 'return_20d', 'intraday_return', 'high_low_range', 'gap', 'sma_5', 'sma_20', 'sma_60', 'price_to_sma_5', 'price_to_sma_20', 'price_to_sma_60', 'rsi_14', 'roc_10', 'roc_20', 'macd', 'macd_signal', 'macd_hist', 'volatility_5', 'volatility_20', 'atr_14', 'volume_change_1d', 'volume_sma_20', 'volume_ratio_20']",0.10588022421322286
RFE + Random Forest,25,2.0,500,,log2,"['return_1d', 'return_5d', 'return_10d', 'return_20d', 'intraday_return', 'high_low_range', 'gap', 'sma_5', 'sma_20', 'sma_60', 'price_to_sma_5', 'price_to_sma_20', 'price_to_sma_60', 'rsi_14', 'roc_10', 'roc_20', 'macd', 'macd_signal', 'macd_hist', 'volatility_5', 'volatility_20', 'atr_14', 'volume_change_1d', 'volume_sma_20', 'volume_ratio_20']",0.10588022421322286
RFE + Random Forest,15,0.1,500,5.0,0.5,"['return_20d', 'gap', 'sma_5', 'sma_20', 'sma_60', 'price_to_sma_20', 'price_to_sma_60', 'rsi_14', 'roc_20', 'macd_signal', 'macd_hist', 'volatility_5', 'volatility_20', 'atr_14', 'volume_sma_20']",0.10588280018016726
RFE + Random Forest,15,2.0,500,5.0,0.5,"['return_20d', 'gap', 'sma_5', 'sma_20', 'sma_60', 'price_to_sma_20', 'price_to_sma_60', 'rsi_14', 'roc_20', 'macd_signal', 'macd_hist', 'volatility_5', 'volatility_20', 'atr_14', 'volume_sma_20']",0.10588280018016726
RFE + Random Forest,15,1.0,500,5.0,0.5,"['return_20d', 'gap', 'sma_5', 'sma_20', 'sma_60', 'price_to_sma_20', 'price_to_sma_60', 'rsi_14', 'roc_20', 'macd_signal', 'macd_hist', 'volatility_5', 'volatility_20', 'atr_14', 'volume_sma_20']",0.10588280018016726
RFE + Random Forest,25,0.1,100,10.0,log2,"['return_1d', 'return_5d', 'return_10d', 'return_20d', 'intraday_return', 'high_low_range', 'gap', 'sma_5', 'sma_20', 'sma_60', 'price_to_sma_5', 'price_to_sma_20', 'price_to_sma_60', 'rsi_14', 'roc_10', 'roc_20', 'macd', 'macd_signal', 'macd_hist', 'volatility_5', 'volatility_20', 'atr_14', 'volume_change_1d', 'volume_sma_20', 'volume_ratio_20']",0.10589877328136525
RFE + Random Forest,25,2.0,100,10.0,log2,"['return_1d', 'return_5d', 'return_10d', 'return_20d', 'intraday_return', 'high_low_range', 'gap', 'sma_5', 'sma_20', 'sma_60', 'price_to_sma_5', 'price_to_sma_20', 'price_to_sma_60', 'rsi_14', 'roc_10', 'roc_20', 'macd', 'macd_signal', 'macd_hist', 'volatility_5', 'volatility_20', 'atr_14', 'volume_change_1d', 'volume_sma_20', 'volume_ratio_20']",0.10589877328136525
RFE + Random Forest,25,1.0,100,10.0,log2,"['return_1d', 'return_5d', 'return_10d', 'return_20d', 'intraday_return', 'high_low_range', 'gap', 'sma_5', 'sma_20', 'sma_60', 'price_to_sma_5', 'price_to_sma_20', 'price_to_sma_60', 'rsi_14', 'roc_10', 'roc_20', 'macd', 'macd_signal', 'macd_hist', 'volatility_5', 'volatility_20', 'atr_14', 'volume_change_1d', 'volume_sma_20', 'volume_ratio_20']",0.10589877328136525
RFE + Random Forest,10,1.0,300,5.0,0.5,"['return_20d', 'sma_5', 'sma_20', 'sma_60', 'price_to_sma_20', 'rsi_14', 'roc_20', 'volatility_20', 'atr_14', 'volume_sma_20']",0.10590232029005252
RFE + Random Forest,10,0.1,100,5.0,0.5,"['return_20d', 'sma_5', 'sma_20', 'sma_60', 'price_to_sma_20', 'rsi_14', 'roc_20', 'volatility_20', 'atr_14', 'volume_sma_20']",0.10590365029031823
RFE + Random Forest,10,2.0,100,5.0,0.5,"['return_20d', 'sma_5', 'sma_20', 'sma_60', 'price_to_sma_20', 'rsi_14', 'roc_20', 'volatility_20', 'atr_14', 'volume_sma_20']",0.10590365029031823
RFE + Random Forest,10,1.0,100,5.0,0.5,"['return_20d', 'sma_5', 'sma_20', 'sma_60', 'price_to_sma_20', 'rsi_14', 'roc_20', 'volatility_20', 'atr_14', 'volume_sma_20']",0.10590365029031823
RFE + Random Forest,25,2.0,300,,sqrt,"['return_1d', 'return_5d', 'return_10d', 'return_20d', 'intraday_return', 'high_low_range', 'gap', 'sma_5', 'sma_20', 'sma_60', 'price_to_sma_5', 'price_to_sma_20', 'price_to_sma_60', 'rsi_14', 'roc_10', 'roc_20', 'macd', 'macd_signal', 'macd_hist', 'volatility_5', 'volatility_20', 'atr_14', 'volume_change_1d', 'volume_sma_20', 'volume_ratio_20']",0.10591677222004378
RFE + Random Forest,25,1.0,300,,sqrt,"['return_1d', 'return_5d', 'return_10d', 'return_20d', 'intraday_return', 'high_low_range', 'gap', 'sma_5', 'sma_20', 'sma_60', 'price_to_sma_5', 'price_to_sma_20', 'price_to_sma_60', 'rsi_14', 'roc_10', 'roc_20', 'macd', 'macd_signal', 'macd_hist', 'volatility_5', 'volatility_20', 'atr_14', 'volume_change_1d', 'volume_sma_20', 'volume_ratio_20']",0.10591677222004378
RFE + Random Forest,25,0.1,300,,sqrt,"['return_1d', 'return_5d', 'return_10d', 'return_20d', 'intraday_return', 'high_low_range', 'gap', 'sma_5', 'sma_20', 'sma_60', 'price_to_sma_5', 'price_to_sma_20', 'price_to_sma_60', 'rsi_14', 'roc_10', 'roc_20', 'macd', 'macd_signal', 'macd_hist', 'volatility_5', 'volatility_20', 'atr_14', 'volume_change_1d', 'volume_sma_20', 'volume_ratio_20']",0.10591677222004378
RFE + Random Forest,10,1.0,500,10.0,sqrt,"['return_20d', 'sma_5', 'sma_20', 'sma_60', 'roc_20', 'macd_signal', 'macd_hist', 'volatility_20', 'atr_14', 'volume_sma_20']",0.10597413222554176
RFE + Random Forest,10,1.0,500,10.0,log2,"['return_20d', 'sma_5', 'sma_20', 'sma_60', 'roc_20', 'macd_signal', 'macd_hist', 'volatility_20', 'atr_14', 'volume_sma_20']",0.10597413222554176
RFE + Random Forest,5,1.0,300,,log2,"['sma_5', 'sma_60', 'volatility_20', 'atr_14', 'volume_sma_20']",0.10599016695722813
RFE + Random Forest,10,1.0,100,10.0,0.5,"['sma_5', 'sma_20', 'sma_60', 'price_to_sma_20', 'price_to_sma_60', 'roc_20', 'macd_hist', 'volatility_20', 'atr_14', 'volume_sma_20']",0.10599071716712198
RFE + Random Forest,25,2.0,300,,log2,"['return_1d', 'return_5d', 'return_10d', 'return_20d', 'intraday_return', 'high_low_range', 'gap', 'sma_5', 'sma_20', 'sma_60', 'price_to_sma_5', 'price_to_sma_20', 'price_to_sma_60', 'rsi_14', 'roc_10', 'roc_20', 'macd', 'macd_signal', 'macd_hist', 'volatility_5', 'volatility_20', 'atr_14', 'volume_change_1d', 'volume_sma_20', 'volume_ratio_20']",0.10602014629801175
RFE + Random Forest,25,0.1,300,,log2,"['return_1d', 'return_5d', 'return_10d', 'return_20d', 'intraday_return', 'high_low_range', 'gap', 'sma_5', 'sma_20', 'sma_60', 'price_to_sma_5', 'price_to_sma_20', 'price_to_sma_60', 'rsi_14', 'roc_10', 'roc_20', 'macd', 'macd_signal', 'macd_hist', 'volatility_5', 'volatility_20', 'atr_14', 'volume_change_1d', 'volume_sma_20', 'volume_ratio_20']",0.10602014629801176
RFE + Random Forest,25,1.0,300,,log2,"['return_1d', 'return_5d', 'return_10d', 'return_20d', 'intraday_return', 'high_low_range', 'gap', 'sma_5', 'sma_20', 'sma_60', 'price_to_sma_5', 'price_to_sma_20', 'price_to_sma_60', 'rsi_14', 'roc_10', 'roc_20', 'macd', 'macd_signal', 'macd_hist', 'volatility_5', 'volatility_20', 'atr_14', 'volume_change_1d', 'volume_sma_20', 'volume_ratio_20']",0.10602014629801176
RFE + Random Forest,20,0.1,100,10.0,sqrt,"['return_5d', 'return_10d', 'return_20d', 'sma_5', 'sma_20', 'sma_60', 'price_to_sma_5', 'price_to_sma_20', 'price_to_sma_60', 'rsi_14', 'roc_10', 'roc_20', 'macd', 'macd_signal', 'macd_hist', 'volatility_5', 'volatility_20', 'atr_14', 'volume_sma_20', 'volume_ratio_20']",0.10603702267609248
RFE + Random Forest,20,2.0,100,10.0,sqrt,"['return_5d', 'return_10d', 'return_20d', 'sma_5', 'sma_20', 'sma_60', 'price_to_sma_5', 'price_to_sma_20', 'price_to_sma_60', 'rsi_14', 'roc_10', 'roc_20', 'macd', 'macd_signal', 'macd_hist', 'volatility_5', 'volatility_20', 'atr_14', 'volume_sma_20', 'volume_ratio_20']",0.10603702267609248
RFE + Random Forest,20,2.0,100,10.0,log2,"['return_5d', 'return_10d', 'return_20d', 'sma_5', 'sma_20', 'sma_60', 'price_to_sma_5', 'price_to_sma_20', 'price_to_sma_60', 'rsi_14', 'roc_10', 'roc_20', 'macd', 'macd_signal', 'macd_hist', 'volatility_5', 'volatility_20', 'atr_14', 'volume_sma_20', 'volume_ratio_20']",0.10603702267609248
RFE + Random Forest,20,0.1,100,10.0,log2,"['return_5d', 'return_10d', 'return_20d', 'sma_5', 'sma_20', 'sma_60', 'price_to_sma_5', 'price_to_sma_20', 'price_to_sma_60', 'rsi_14', 'roc_10', 'roc_20', 'macd', 'macd_signal', 'macd_hist', 'volatility_5', 'volatility_20', 'atr_14', 'volume_sma_20', 'volume_ratio_20']",0.10603702267609248
RFE + Random Forest,25,1.0,100,,sqrt,"['return_1d', 'return_5d', 'return_10d', 'return_20d', 'intraday_return', 'high_low_range', 'gap', 'sma_5', 'sma_20', 'sma_60', 'price_to_sma_5', 'price_to_sma_20', 'price_to_sma_60', 'rsi_14', 'roc_10', 'roc_20', 'macd', 'macd_signal', 'macd_hist', 'volatility_5', 'volatility_20', 'atr_14', 'volume_change_1d', 'volume_sma_20', 'volume_ratio_20']",0.10609046762567684
RFE + Random Forest,25,0.1,100,,sqrt,"['return_1d', 'return_5d', 'return_10d', 'return_20d', 'intraday_return', 'high_low_range', 'gap', 'sma_5', 'sma_20', 'sma_60', 'price_to_sma_5', 'price_to_sma_20', 'price_to_sma_60', 'rsi_14', 'roc_10', 'roc_20', 'macd', 'macd_signal', 'macd_hist', 'volatility_5', 'volatility_20', 'atr_14', 'volume_change_1d', 'volume_sma_20', 'volume_ratio_20']",0.10609046762567685
RFE + Random Forest,25,2.0,100,,sqrt,"['return_1d', 'return_5d', 'return_10d', 'return_20d', 'intraday_return', 'high_low_range', 'gap', 'sma_5', 'sma_20', 'sma_60', 'price_to_sma_5', 'price_to_sma_20', 'price_to_sma_60', 'rsi_14', 'roc_10', 'roc_20', 'macd', 'macd_signal', 'macd_hist', 'volatility_5', 'volatility_20', 'atr_14', 'volume_change_1d', 'volume_sma_20', 'volume_ratio_20']",0.10609046762567685
RFE + Random Forest,25,1.0,500,,sqrt,"['return_1d', 'return_5d', 'return_10d', 'return_20d', 'intraday_return', 'high_low_range', 'gap', 'sma_5', 'sma_20', 'sma_60', 'price_to_sma_5', 'price_to_sma_20', 'price_to_sma_60', 'rsi_14', 'roc_10', 'roc_20', 'macd', 'macd_signal', 'macd_hist', 'volatility_5', 'volatility_20', 'atr_14', 'volume_change_1d', 'volume_sma_20', 'volume_ratio_20']",0.10612233605549827
RFE + Random Forest,25,0.1,500,,sqrt,"['return_1d', 'return_5d', 'return_10d', 'return_20d', 'intraday_return', 'high_low_range', 'gap', 'sma_5', 'sma_20', 'sma_60', 'price_to_sma_5', 'price_to_sma_20', 'price_to_sma_60', 'rsi_14', 'roc_10', 'roc_20', 'macd', 'macd_signal', 'macd_hist', 'volatility_5', 'volatility_20', 'atr_14', 'volume_change_1d', 'volume_sma_20', 'volume_ratio_20']",0.10612233605549827
RFE + Random Forest,25,2.0,500,,sqrt,"['return_1d', 'return_5d', 'return_10d', 'return_20d', 'intraday_return', 'high_low_range', 'gap', 'sma_5', 'sma_20', 'sma_60', 'price_to_sma_5', 'price_to_sma_20', 'price_to_sma_60', 'rsi_14', 'roc_10', 'roc_20', 'macd', 'macd_signal', 'macd_hist', 'volatility_5', 'volatility_20', 'atr_14', 'volume_change_1d', 'volume_sma_20', 'volume_ratio_20']",0.10612233605549827
RFE + Random Forest,10,1.0,300,10.0,0.5,"['sma_5', 'sma_20', 'sma_60', 'price_to_sma_20', 'price_to_sma_60', 'roc_20', 'macd_hist', 'volatility_20', 'atr_14', 'volume_sma_20']",0.10616859029970954
RFE + Random Forest,10,1.0,500,5.0,0.5,"['return_20d', 'sma_5', 'sma_20', 'sma_60', 'price_to_sma_20', 'rsi_14', 'roc_20', 'volatility_20', 'atr_14', 'volume_sma_20']",0.10620522724290249
RFE + Random Forest,5,2.0,500,,log2,"['sma_5', 'sma_60', 'price_to_sma_20', 'volatility_20', 'volume_sma_20']",0.1062192550840848
RFE + Random Forest,5,0.1,500,,log2,"['sma_5', 'sma_60', 'price_to_sma_20', 'volatility_20', 'volume_sma_20']",0.1062192550840848
RFE + Random Forest,5,0.1,500,,sqrt,"['sma_5', 'sma_60', 'price_to_sma_20', 'volatility_20', 'volume_sma_20']",0.1062192550840848
RFE + Random Forest,5,2.0,500,,sqrt,"['sma_5', 'sma_60', 'price_to_sma_20', 'volatility_20', 'volume_sma_20']",0.1062192550840848
RFE + Random Forest,20,1.0,300,10.0,sqrt,"['return_5d', 'return_10d', 'return_20d', 'gap', 'sma_5', 'sma_20', 'sma_60', 'price_to_sma_20', 'price_to_sma_60', 'rsi_14', 'roc_10', 'roc_20', 'macd', 'macd_signal', 'macd_hist', 'volatility_5', 'volatility_20', 'atr_14', 'volume_sma_20', 'volume_ratio_20']",0.10622452068864532
RFE + Random Forest,20,2.0,300,10.0,sqrt,"['return_5d', 'return_10d', 'return_20d', 'gap', 'sma_5', 'sma_20', 'sma_60', 'price_to_sma_20', 'price_to_sma_60', 'rsi_14', 'roc_10', 'roc_20', 'macd', 'macd_signal', 'macd_hist', 'volatility_5', 'volatility_20', 'atr_14', 'volume_sma_20', 'volume_ratio_20']",0.10622452068864532
RFE + Random Forest,20,1.0,300,10.0,log2,"['return_5d', 'return_10d', 'return_20d', 'gap', 'sma_5', 'sma_20', 'sma_60', 'price_to_sma_20', 'price_to_sma_60', 'rsi_14', 'roc_10', 'roc_20', 'macd', 'macd_signal', 'macd_hist', 'volatility_5', 'volatility_20', 'atr_14', 'volume_sma_20', 'volume_ratio_20']",0.10622452068864532
RFE + Random Forest,20,0.1,300,10.0,sqrt,"['return_5d', 'return_10d', 'return_20d', 'gap', 'sma_5', 'sma_20', 'sma_60', 'price_to_sma_20', 'price_to_sma_60', 'rsi_14', 'roc_10', 'roc_20', 'macd', 'macd_signal', 'macd_hist', 'volatility_5', 'volatility_20', 'atr_14', 'volume_sma_20', 'volume_ratio_20']",0.10622452068864532
RFE + Random Forest,20,0.1,300,10.0,log2,"['return_5d', 'return_10d', 'return_20d', 'gap', 'sma_5', 'sma_20', 'sma_60', 'price_to_sma_20', 'price_to_sma_60', 'rsi_14', 'roc_10', 'roc_20', 'macd', 'macd_signal', 'macd_hist', 'volatility_5', 'volatility_20', 'atr_14', 'volume_sma_20', 'volume_ratio_20']",0.10622452068864532
RFE + Random Forest,20,2.0,300,10.0,log2,"['return_5d', 'return_10d', 'return_20d', 'gap', 'sma_5', 'sma_20', 'sma_60', 'price_to_sma_20', 'price_to_sma_60', 'rsi_14', 'roc_10', 'roc_20', 'macd', 'macd_signal', 'macd_hist', 'volatility_5', 'volatility_20', 'atr_14', 'volume_sma_20', 'volume_ratio_20']",0.10622452068864534
RFE + Random Forest,10,2.0,500,10.0,log2,"['return_20d', 'sma_5', 'sma_20', 'sma_60', 'price_to_sma_20', 'macd_signal', 'macd_hist', 'volatility_20', 'atr_14', 'volume_sma_20']",0.10629399089671629
RFE + Random Forest,10,0.1,500,10.0,sqrt,"['return_20d', 'sma_5', 'sma_20', 'sma_60', 'price_to_sma_20', 'macd_signal', 'macd_hist', 'volatility_20', 'atr_14', 'volume_sma_20']",0.10629399089671629
RFE + Random Forest,10,2.0,500,10.0,sqrt,"['return_20d', 'sma_5', 'sma_20', 'sma_60', 'price_to_sma_20', 'macd_signal', 'macd_hist', 'volatility_20', 'atr_14', 'volume_sma_20']",0.10629399089671629
RFE + Random Forest,10,0.1,500,10.0,log2,"['return_20d', 'sma_5', 'sma_20', 'sma_60', 'price_to_sma_20', 'macd_signal', 'macd_hist', 'volatility_20', 'atr_14', 'volume_sma_20']",0.10629399089671629
RFE + Random Forest,20,0.1,500,10.0,log2,"['return_5d', 'return_10d', 'return_20d', 'gap', 'sma_5', 'sma_20', 'sma_60', 'price_to_sma_20', 'price_to_sma_60', 'rsi_14', 'roc_10', 'roc_20', 'macd', 'macd_signal', 'macd_hist', 'volatility_5', 'volatility_20', 'atr_14', 'volume_sma_20', 'volume_ratio_20']",0.10629599203319125
RFE + Random Forest,20,0.1,500,10.0,sqrt,"['return_5d', 'return_10d', 'return_20d', 'gap', 'sma_5', 'sma_20', 'sma_60', 'price_to_sma_20', 'price_to_sma_60', 'rsi_14', 'roc_10', 'roc_20', 'macd', 'macd_signal', 'macd_hist', 'volatility_5', 'volatility_20', 'atr_14', 'volume_sma_20', 'volume_ratio_20']",0.10629599203319125
RFE + Random Forest,20,2.0,500,10.0,sqrt,"['return_5d', 'return_10d', 'return_20d', 'gap', 'sma_5', 'sma_20', 'sma_60', 'price_to_sma_20', 'price_to_sma_60', 'rsi_14', 'roc_10', 'roc_20', 'macd', 'macd_signal', 'macd_hist', 'volatility_5', 'volatility_20', 'atr_14', 'volume_sma_20', 'volume_ratio_20']",0.10629599203319125
RFE + Random Forest,20,1.0,500,10.0,log2,"['return_5d', 'return_10d', 'return_20d', 'gap', 'sma_5', 'sma_20', 'sma_60', 'price_to_sma_20', 'price_to_sma_60', 'rsi_14', 'roc_10', 'roc_20', 'macd', 'macd_signal', 'macd_hist', 'volatility_5', 'volatility_20', 'atr_14', 'volume_sma_20', 'volume_ratio_20']",0.10629599203319125
RFE + Random Forest,20,1.0,500,10.0,sqrt,"['return_5d', 'return_10d', 'return_20d', 'gap', 'sma_5', 'sma_20', 'sma_60', 'price_to_sma_20', 'price_to_sma_60', 'rsi_14', 'roc_10', 'roc_20', 'macd', 'macd_signal', 'macd_hist', 'volatility_5', 'volatility_20', 'atr_14', 'volume_sma_20', 'volume_ratio_20']",0.10629599203319125
RFE + Random Forest,20,2.0,500,10.0,log2,"['return_5d', 'return_10d', 'return_20d', 'gap', 'sma_5', 'sma_20', 'sma_60', 'price_to_sma_20', 'price_to_sma_60', 'rsi_14', 'roc_10', 'roc_20', 'macd', 'macd_signal', 'macd_hist', 'volatility_5', 'volatility_20', 'atr_14', 'volume_sma_20', 'volume_ratio_20']",0.10629599203319125
RFE + Random Forest,10,1.0,300,10.0,log2,"['return_20d', 'sma_5', 'sma_20', 'sma_60', 'roc_20', 'macd_signal', 'macd_hist', 'volatility_20', 'atr_14', 'volume_sma_20']",0.10632993324657636
RFE + Random Forest,10,1.0,300,10.0,sqrt,"['return_20d', 'sma_5', 'sma_20', 'sma_60', 'roc_20', 'macd_signal', 'macd_hist', 'volatility_20', 'atr_14', 'volume_sma_20']",0.10632993324657636
RFE + Random Forest,20,1.0,300,10.0,0.5,"['return_5d', 'return_10d', 'return_20d', 'gap', 'sma_5', 'sma_20', 'sma_60', 'price_to_sma_20', 'price_to_sma_60', 'rsi_14', 'roc_10', 'roc_20', 'macd', 'macd_signal', 'macd_hist', 'volatility_5', 'volatility_20', 'atr_14', 'volume_sma_20', 'volume_ratio_20']",0.10635899065929481
RFE + Random Forest,20,0.1,300,10.0,0.5,"['return_5d', 'return_10d', 'return_20d', 'gap', 'sma_5', 'sma_20', 'sma_60', 'price_to_sma_20', 'price_to_sma_60', 'rsi_14', 'roc_10', 'roc_20', 'macd', 'macd_signal', 'macd_hist', 'volatility_5', 'volatility_20', 'atr_14', 'volume_sma_20', 'volume_ratio_20']",0.10635899065929481
RFE + Random Forest,20,2.0,300,10.0,0.5,"['return_5d', 'return_10d', 'return_20d', 'gap', 'sma_5', 'sma_20', 'sma_60', 'price_to_sma_20', 'price_to_sma_60', 'rsi_14', 'roc_10', 'roc_20', 'macd', 'macd_signal', 'macd_hist', 'volatility_5', 'volatility_20', 'atr_14', 'volume_sma_20', 'volume_ratio_20']",0.10635899065929481
RFE + Random Forest,25,1.0,100,,log2,"['return_1d', 'return_5d', 'return_10d', 'return_20d', 'intraday_return', 'high_low_range', 'gap', 'sma_5', 'sma_20', 'sma_60', 'price_to_sma_5', 'price_to_sma_20', 'price_to_sma_60', 'rsi_14', 'roc_10', 'roc_20', 'macd', 'macd_signal', 'macd_hist', 'volatility_5', 'volatility_20', 'atr_14', 'volume_change_1d', 'volume_sma_20', 'volume_ratio_20']",0.106363369152677
RFE + Random Forest,25,0.1,100,,log2,"['return_1d', 'return_5d', 'return_10d', 'return_20d', 'intraday_return', 'high_low_range', 'gap', 'sma_5', 'sma_20', 'sma_60', 'price_to_sma_5', 'price_to_sma_20', 'price_to_sma_60', 'rsi_14', 'roc_10', 'roc_20', 'macd', 'macd_signal', 'macd_hist', 'volatility_5', 'volatility_20', 'atr_14', 'volume_change_1d', 'volume_sma_20', 'volume_ratio_20']",0.106363369152677
RFE + Random Forest,25,2.0,100,,log2,"['return_1d', 'return_5d', 'return_10d', 'return_20d', 'intraday_return', 'high_low_range', 'gap', 'sma_5', 'sma_20', 'sma_60', 'price_to_sma_5', 'price_to_sma_20', 'price_to_sma_60', 'rsi_14', 'roc_10', 'roc_20', 'macd', 'macd_signal', 'macd_hist', 'volatility_5', 'volatility_20', 'atr_14', 'volume_change_1d', 'volume_sma_20', 'volume_ratio_20']",0.106363369152677
RFE + Random Forest,10,1.0,500,,sqrt,"['return_20d', 'sma_5', 'sma_20', 'sma_60', 'price_to_sma_60', 'macd_signal', 'macd_hist', 'volatility_20', 'atr_14', 'volume_sma_20']",0.10640071101170707
RFE + Random Forest,10,1.0,500,,log2,"['return_20d', 'sma_5', 'sma_20', 'sma_60', 'price_to_sma_60', 'macd_signal', 'macd_hist', 'volatility_20', 'atr_14', 'volume_sma_20']",0.10640071101170707
RFE + Random Forest,10,1.0,300,,log2,"['return_20d', 'sma_5', 'sma_20', 'sma_60', 'price_to_sma_60', 'macd_signal', 'macd_hist', 'volatility_20', 'atr_14', 'volume_sma_20']",0.10648227035499615
RFE + Random Forest,10,2.0,300,,log2,"['return_20d', 'sma_5', 'sma_20', 'sma_60', 'price_to_sma_60', 'macd_signal', 'macd_hist', 'volatility_20', 'atr_14', 'volume_sma_20']",0.10648227035499615
RFE + Random Forest,10,1.0,300,,sqrt,"['return_20d', 'sma_5', 'sma_20', 'sma_60', 'price_to_sma_60', 'macd_signal', 'macd_hist', 'volatility_20', 'atr_14', 'volume_sma_20']",0.10648227035499616
RFE + Random Forest,10,2.0,300,,sqrt,"['return_20d', 'sma_5', 'sma_20', 'sma_60', 'price_to_sma_60', 'macd_signal', 'macd_hist', 'volatility_20', 'atr_14', 'volume_sma_20']",0.10648227035499616
RFE + Random Forest,10,0.1,300,,log2,"['return_20d', 'sma_5', 'sma_20', 'sma_60', 'price_to_sma_60', 'macd_signal', 'macd_hist', 'volatility_20', 'atr_14', 'volume_sma_20']",0.10648227035499616
RFE + Random Forest,10,0.1,300,,sqrt,"['return_20d', 'sma_5', 'sma_20', 'sma_60', 'price_to_sma_60', 'macd_signal', 'macd_hist', 'volatility_20', 'atr_14', 'volume_sma_20']",0.10648227035499616
RFE + Random Forest,20,1.0,100,,0.5,"['return_5d', 'return_20d', 'high_low_range', 'gap', 'sma_5', 'sma_20', 'sma_60', 'price_to_sma_5', 'price_to_sma_20', 'price_to_sma_60', 'rsi_14', 'roc_10', 'roc_20', 'macd', 'macd_signal', 'macd_hist', 'volatility_5', 'volatility_20', 'atr_14', 'volume_sma_20']",0.1065336215248298
RFE + Random Forest,15,1.0,100,10.0,0.5,"['return_5d', 'return_20d', 'sma_5', 'sma_20', 'sma_60', 'price_to_sma_20', 'price_to_sma_60', 'rsi_14', 'roc_20', 'macd', 'macd_signal', 'macd_hist', 'volatility_20', 'atr_14', 'volume_sma_20']",0.10653947276199482
RFE + Random Forest,15,0.1,100,10.0,0.5,"['return_5d', 'return_20d', 'sma_5', 'sma_20', 'sma_60', 'price_to_sma_20', 'price_to_sma_60', 'rsi_14', 'roc_20', 'macd', 'macd_signal', 'macd_hist', 'volatility_20', 'atr_14', 'volume_sma_20']",0.10653947276199482
RFE + Random Forest,15,2.0,100,10.0,0.5,"['return_5d', 'return_20d', 'sma_5', 'sma_20', 'sma_60', 'price_to_sma_20', 'price_to_sma_60', 'rsi_14', 'roc_20', 'macd', 'macd_signal', 'macd_hist', 'volatility_20', 'atr_14', 'volume_sma_20']",0.10653947276199482
RFE + Random Forest,10,1.0,100,,sqrt,"['return_20d', 'sma_5', 'sma_20', 'sma_60', 'price_to_sma_60', 'macd_signal', 'macd_hist', 'volatility_20', 'atr_14', 'volume_sma_20']",0.10654999346961128
RFE + Random Forest,10,1.0,100,,log2,"['return_20d', 'sma_5', 'sma_20', 'sma_60', 'price_to_sma_60', 'macd_signal', 'macd_hist', 'volatility_20', 'atr_14', 'volume_sma_20']",0.10654999346961128
RFE + Random Forest,10,1.0,500,10.0,0.5,"['sma_5', 'sma_20', 'sma_60', 'price_to_sma_20', 'price_to_sma_60', 'roc_20', 'macd_hist', 'volatility_20', 'atr_14', 'volume_sma_20']",0.10660903115703449
RFE + Random Forest,10,2.0,100,10.0,0.5,"['sma_5', 'sma_20', 'sma_60', 'price_to_sma_20', 'roc_20', 'macd_signal', 'macd_hist', 'volatility_20', 'atr_14', 'volume_sma_20']",0.10663165700661667
RFE + Random Forest,10,0.1,100,10.0,0.5,"['sma_5', 'sma_20', 'sma_60', 'price_to_sma_20', 'roc_20', 'macd_signal', 'macd_hist', 'volatility_20', 'atr_14', 'volume_sma_20']",0.10663165700661667
RFE + Random Forest,20,0.1,500,,sqrt,"['return_5d', 'return_10d', 'return_20d', 'sma_5', 'sma_20', 'sma_60', 'price_to_sma_5', 'price_to_sma_20', 'price_to_sma_60', 'rsi_14', 'roc_10', 'roc_20', 'macd', 'macd_signal', 'macd_hist', 'volatility_5', 'volatility_20', 'atr_14', 'volume_sma_20', 'volume_ratio_20']",0.10665128898622937
RFE + Random Forest,20,2.0,500,,log2,"['return_5d', 'return_10d', 'return_20d', 'sma_5', 'sma_20', 'sma_60', 'price_to_sma_5', 'price_to_sma_20', 'price_to_sma_60', 'rsi_14', 'roc_10', 'roc_20', 'macd', 'macd_signal', 'macd_hist', 'volatility_5', 'volatility_20', 'atr_14', 'volume_sma_20', 'volume_ratio_20']",0.10665128898622937
RFE + Random Forest,20,2.0,500,,sqrt,"['return_5d', 'return_10d', 'return_20d', 'sma_5', 'sma_20', 'sma_60', 'price_to_sma_5', 'price_to_sma_20', 'price_to_sma_60', 'rsi_14', 'roc_10', 'roc_20', 'macd', 'macd_signal', 'macd_hist', 'volatility_5', 'volatility_20', 'atr_14', 'volume_sma_20', 'volume_ratio_20']",0.10665128898622937
RFE + Random Forest,20,1.0,500,,log2,"['return_5d', 'return_10d', 'return_20d', 'sma_5', 'sma_20', 'sma_60', 'price_to_sma_5', 'price_to_sma_20', 'price_to_sma_60', 'rsi_14', 'roc_10', 'roc_20', 'macd', 'macd_signal', 'macd_hist', 'volatility_5', 'volatility_20', 'atr_14', 'volume_sma_20', 'volume_ratio_20']",0.10665128898622937
RFE + Random Forest,20,1.0,500,,sqrt,"['return_5d', 'return_10d', 'return_20d', 'sma_5', 'sma_20', 'sma_60', 'price_to_sma_5', 'price_to_sma_20', 'price_to_sma_60', 'rsi_14', 'roc_10', 'roc_20', 'macd', 'macd_signal', 'macd_hist', 'volatility_5', 'volatility_20', 'atr_14', 'volume_sma_20', 'volume_ratio_20']",0.10665128898622937
RFE + Random Forest,20,0.1,500,,log2,"['return_5d', 'return_10d', 'return_20d', 'sma_5', 'sma_20', 'sma_60', 'price_to_sma_5', 'price_to_sma_20', 'price_to_sma_60', 'rsi_14', 'roc_10', 'roc_20', 'macd', 'macd_signal', 'macd_hist', 'volatility_5', 'volatility_20', 'atr_14', 'volume_sma_20', 'volume_ratio_20']",0.10665128898622937
RFE + Random Forest,15,1.0,500,10.0,sqrt,"['return_5d', 'return_20d', 'sma_5', 'sma_20', 'sma_60', 'price_to_sma_20', 'price_to_sma_60', 'rsi_14', 'roc_20', 'macd', 'macd_signal', 'macd_hist', 'volatility_20', 'atr_14', 'volume_sma_20']",0.10665236013617387
RFE + Random Forest,15,0.1,500,10.0,sqrt,"['return_5d', 'return_20d', 'sma_5', 'sma_20', 'sma_60', 'price_to_sma_20', 'price_to_sma_60', 'rsi_14', 'roc_20', 'macd', 'macd_signal', 'macd_hist', 'volatility_20', 'atr_14', 'volume_sma_20']",0.10665236013617387
RFE + Random Forest,15,2.0,500,10.0,log2,"['return_5d', 'return_20d', 'sma_5', 'sma_20', 'sma_60', 'price_to_sma_20', 'price_to_sma_60', 'rsi_14', 'roc_20', 'macd', 'macd_signal', 'macd_hist', 'volatility_20', 'atr_14', 'volume_sma_20']",0.10665236013617388
RFE + Random Forest,15,1.0,500,10.0,log2,"['return_5d', 'return_20d', 'sma_5', 'sma_20', 'sma_60', 'price_to_sma_20', 'price_to_sma_60', 'rsi_14', 'roc_20', 'macd', 'macd_signal', 'macd_hist', 'volatility_20', 'atr_14', 'volume_sma_20']",0.10665236013617388
RFE + Random Forest,15,0.1,500,10.0,log2,"['return_5d', 'return_20d', 'sma_5', 'sma_20', 'sma_60', 'price_to_sma_20', 'price_to_sma_60', 'rsi_14', 'roc_20', 'macd', 'macd_signal', 'macd_hist', 'volatility_20', 'atr_14', 'volume_sma_20']",0.10665236013617388
RFE + Random Forest,15,2.0,500,10.0,sqrt,"['return_5d', 'return_20d', 'sma_5', 'sma_20', 'sma_60', 'price_to_sma_20', 'price_to_sma_60', 'rsi_14', 'roc_20', 'macd', 'macd_signal', 'macd_hist', 'volatility_20', 'atr_14', 'volume_sma_20']",0.10665236013617388
RFE + Random Forest,15,1.0,100,,sqrt,"['return_20d', 'sma_5', 'sma_20', 'sma_60', 'price_to_sma_20', 'price_to_sma_60', 'rsi_14', 'roc_10', 'roc_20', 'macd', 'macd_signal', 'macd_hist', 'volatility_20', 'atr_14', 'volume_sma_20']",0.10674509222911462
RFE + Random Forest,15,1.0,100,,log2,"['return_20d', 'sma_5', 'sma_20', 'sma_60', 'price_to_sma_20', 'price_to_sma_60', 'rsi_14', 'roc_10', 'roc_20', 'macd', 'macd_signal', 'macd_hist', 'volatility_20', 'atr_14', 'volume_sma_20']",0.10674509222911462
RFE + Random Forest,20,2.0,300,,sqrt,"['return_5d', 'return_10d', 'return_20d', 'sma_5', 'sma_20', 'sma_60', 'price_to_sma_5', 'price_to_sma_20', 'price_to_sma_60', 'rsi_14', 'roc_10', 'roc_20', 'macd', 'macd_signal', 'macd_hist', 'volatility_5', 'volatility_20', 'atr_14', 'volume_sma_20', 'volume_ratio_20']",0.10675444629627272
RFE + Random Forest,20,2.0,300,,log2,"['return_5d', 'return_10d', 'return_20d', 'sma_5', 'sma_20', 'sma_60', 'price_to_sma_5', 'price_to_sma_20', 'price_to_sma_60', 'rsi_14', 'roc_10', 'roc_20', 'macd', 'macd_signal', 'macd_hist', 'volatility_5', 'volatility_20', 'atr_14', 'volume_sma_20', 'volume_ratio_20']",0.10675444629627273
RFE + Random Forest,20,0.1,300,,log2,"['return_5d', 'return_10d', 'return_20d', 'sma_5', 'sma_20', 'sma_60', 'price_to_sma_5', 'price_to_sma_20', 'price_to_sma_60', 'rsi_14', 'roc_10', 'roc_20', 'macd', 'macd_signal', 'macd_hist', 'volatility_5', 'volatility_20', 'atr_14', 'volume_sma_20', 'volume_ratio_20']",0.10675444629627273
RFE + Random Forest,20,0.1,300,,sqrt,"['return_5d', 'return_10d', 'return_20d', 'sma_5', 'sma_20', 'sma_60', 'price_to_sma_5', 'price_to_sma_20', 'price_to_sma_60', 'rsi_14', 'roc_10', 'roc_20', 'macd', 'macd_signal', 'macd_hist', 'volatility_5', 'volatility_20', 'atr_14', 'volume_sma_20', 'volume_ratio_20']",0.10675444629627273
RFE + Random Forest,20,1.0,300,,sqrt,"['return_5d', 'return_10d', 'return_20d', 'sma_5', 'sma_20', 'sma_60', 'price_to_sma_5', 'price_to_sma_20', 'price_to_sma_60', 'rsi_14', 'roc_10', 'roc_20', 'macd', 'macd_signal', 'macd_hist', 'volatility_5', 'volatility_20', 'atr_14', 'volume_sma_20', 'volume_ratio_20']",0.10675444629627273
RFE + Random Forest,20,1.0,300,,log2,"['return_5d', 'return_10d', 'return_20d', 'sma_5', 'sma_20', 'sma_60', 'price_to_sma_5', 'price_to_sma_20', 'price_to_sma_60', 'rsi_14', 'roc_10', 'roc_20', 'macd', 'macd_signal', 'macd_hist', 'volatility_5', 'volatility_20', 'atr_14', 'volume_sma_20', 'volume_ratio_20']",0.10675444629627273
RFE + Random Forest,10,2.0,300,10.0,log2,"['return_20d', 'sma_5', 'sma_20', 'sma_60', 'price_to_sma_60', 'roc_20', 'macd_signal', 'volatility_20', 'atr_14', 'volume_sma_20']",0.10675971899356115
RFE + Random Forest,10,2.0,300,10.0,sqrt,"['return_20d', 'sma_5', 'sma_20', 'sma_60', 'price_to_sma_60', 'roc_20', 'macd_signal', 'volatility_20', 'atr_14', 'volume_sma_20']",0.10675971899356115
RFE + Random Forest,10,0.1,300,10.0,log2,"['return_20d', 'sma_5', 'sma_20', 'sma_60', 'price_to_sma_60', 'roc_20', 'macd_signal', 'volatility_20', 'atr_14', 'volume_sma_20']",0.10675971899356115
RFE + Random Forest,10,0.1,300,10.0,sqrt,"['return_20d', 'sma_5', 'sma_20', 'sma_60', 'price_to_sma_60', 'roc_20', 'macd_signal', 'volatility_20', 'atr_14', 'volume_sma_20']",0.10675971899356117
RFE + Random Forest,25,2.0,300,,0.5,"['return_1d', 'return_5d', 'return_10d', 'return_20d', 'intraday_return', 'high_low_range', 'gap', 'sma_5', 'sma_20', 'sma_60', 'price_to_sma_5', 'price_to_sma_20', 'price_to_sma_60', 'rsi_14', 'roc_10', 'roc_20', 'macd', 'macd_signal', 'macd_hist', 'volatility_5', 'volatility_20', 'atr_14', 'volume_change_1d', 'volume_sma_20', 'volume_ratio_20']",0.10680393015652584
RFE + Random Forest,25,0.1,300,,0.5,"['return_1d', 'return_5d', 'return_10d', 'return_20d', 'intraday_return', 'high_low_range', 'gap', 'sma_5', 'sma_20', 'sma_60', 'price_to_sma_5', 'price_to_sma_20', 'price_to_sma_60', 'rsi_14', 'roc_10', 'roc_20', 'macd', 'macd_signal', 'macd_hist', 'volatility_5', 'volatility_20', 'atr_14', 'volume_change_1d', 'volume_sma_20', 'volume_ratio_20']",0.10680393015652584
RFE + Random Forest,25,1.0,300,,0.5,"['return_1d', 'return_5d', 'return_10d', 'return_20d', 'intraday_return', 'high_low_range', 'gap', 'sma_5', 'sma_20', 'sma_60', 'price_to_sma_5', 'price_to_sma_20', 'price_to_sma_60', 'rsi_14', 'roc_10', 'roc_20', 'macd', 'macd_signal', 'macd_hist', 'volatility_5', 'volatility_20', 'atr_14', 'volume_change_1d', 'volume_sma_20', 'volume_ratio_20']",0.10680393015652584
RFE + Random Forest,20,2.0,500,10.0,0.5,"['return_5d', 'return_10d', 'return_20d', 'gap', 'sma_5', 'sma_20', 'sma_60', 'price_to_sma_20', 'price_to_sma_60', 'rsi_14', 'roc_10', 'roc_20', 'macd', 'macd_signal', 'macd_hist', 'volatility_5', 'volatility_20', 'atr_14', 'volume_sma_20', 'volume_ratio_20']",0.10680540461173979
RFE + Random Forest,20,0.1,500,10.0,0.5,"['return_5d', 'return_10d', 'return_20d', 'gap', 'sma_5', 'sma_20', 'sma_60', 'price_to_sma_20', 'price_to_sma_60', 'rsi_14', 'roc_10', 'roc_20', 'macd', 'macd_signal', 'macd_hist', 'volatility_5', 'volatility_20', 'atr_14', 'volume_sma_20', 'volume_ratio_20']",0.10680540461173979
RFE + Random Forest,20,1.0,500,10.0,0.5,"['return_5d', 'return_10d', 'return_20d', 'gap', 'sma_5', 'sma_20', 'sma_60', 'price_to_sma_20', 'price_to_sma_60', 'rsi_14', 'roc_10', 'roc_20', 'macd', 'macd_signal', 'macd_hist', 'volatility_5', 'volatility_20', 'atr_14', 'volume_sma_20', 'volume_ratio_20']",0.10680540461173979
RFE + Random Forest,20,1.0,100,10.0,log2,"['return_5d', 'return_10d', 'return_20d', 'gap', 'sma_5', 'sma_20', 'sma_60', 'price_to_sma_20', 'price_to_sma_60', 'rsi_14', 'roc_10', 'roc_20', 'macd', 'macd_signal', 'macd_hist', 'volatility_5', 'volatility_20', 'atr_14', 'volume_sma_20', 'volume_ratio_20']",0.10680961011281588
RFE + Random Forest,20,1.0,100,10.0,sqrt,"['return_5d', 'return_10d', 'return_20d', 'gap', 'sma_5', 'sma_20', 'sma_60', 'price_to_sma_20', 'price_to_sma_60', 'rsi_14', 'roc_10', 'roc_20', 'macd', 'macd_signal', 'macd_hist', 'volatility_5', 'volatility_20', 'atr_14', 'volume_sma_20', 'volume_ratio_20']",0.10680961011281588
RFE + Random Forest,20,1.0,100,,sqrt,"['return_5d', 'return_10d', 'return_20d', 'sma_5', 'sma_20', 'sma_60', 'price_to_sma_5', 'price_to_sma_20', 'price_to_sma_60', 'rsi_14', 'roc_10', 'roc_20', 'macd', 'macd_signal', 'macd_hist', 'volatility_5', 'volatility_20', 'atr_14', 'volume_sma_20', 'volume_ratio_20']",0.10682665295793992
RFE + Random Forest,20,2.0,100,,sqrt,"['return_5d', 'return_10d', 'return_20d', 'sma_5', 'sma_20', 'sma_60', 'price_to_sma_5', 'price_to_sma_20', 'price_to_sma_60', 'rsi_14', 'roc_10', 'roc_20', 'macd', 'macd_signal', 'macd_hist', 'volatility_5', 'volatility_20', 'atr_14', 'volume_sma_20', 'volume_ratio_20']",0.10682665295793992
RFE + Random Forest,20,2.0,100,,log2,"['return_5d', 'return_10d', 'return_20d', 'sma_5', 'sma_20', 'sma_60', 'price_to_sma_5', 'price_to_sma_20', 'price_to_sma_60', 'rsi_14', 'roc_10', 'roc_20', 'macd', 'macd_signal', 'macd_hist', 'volatility_5', 'volatility_20', 'atr_14', 'volume_sma_20', 'volume_ratio_20']",0.10682665295793992
RFE + Random Forest,20,0.1,100,,sqrt,"['return_5d', 'return_10d', 'return_20d', 'sma_5', 'sma_20', 'sma_60', 'price_to_sma_5', 'price_to_sma_20', 'price_to_sma_60', 'rsi_14', 'roc_10', 'roc_20', 'macd', 'macd_signal', 'macd_hist', 'volatility_5', 'volatility_20', 'atr_14', 'volume_sma_20', 'volume_ratio_20']",0.10682665295793992
RFE + Random Forest,20,1.0,100,,log2,"['return_5d', 'return_10d', 'return_20d', 'sma_5', 'sma_20', 'sma_60', 'price_to_sma_5', 'price_to_sma_20', 'price_to_sma_60', 'rsi_14', 'roc_10', 'roc_20', 'macd', 'macd_signal', 'macd_hist', 'volatility_5', 'volatility_20', 'atr_14', 'volume_sma_20', 'volume_ratio_20']",0.10682665295793992
RFE + Random Forest,20,0.1,100,,log2,"['return_5d', 'return_10d', 'return_20d', 'sma_5', 'sma_20', 'sma_60', 'price_to_sma_5', 'price_to_sma_20', 'price_to_sma_60', 'rsi_14', 'roc_10', 'roc_20', 'macd', 'macd_signal', 'macd_hist', 'volatility_5', 'volatility_20', 'atr_14', 'volume_sma_20', 'volume_ratio_20']",0.10682665295793992
RFE + Random Forest,15,0.1,300,10.0,sqrt,"['return_5d', 'return_20d', 'sma_5', 'sma_20', 'sma_60', 'price_to_sma_20', 'price_to_sma_60', 'rsi_14', 'roc_20', 'macd', 'macd_signal', 'macd_hist', 'volatility_20', 'atr_14', 'volume_sma_20']",0.10682792689110636
RFE + Random Forest,15,2.0,300,10.0,log2,"['return_5d', 'return_20d', 'sma_5', 'sma_20', 'sma_60', 'price_to_sma_20', 'price_to_sma_60', 'rsi_14', 'roc_20', 'macd', 'macd_signal', 'macd_hist', 'volatility_20', 'atr_14', 'volume_sma_20']",0.10682792689110636
RFE + Random Forest,15,0.1,300,10.0,log2,"['return_5d', 'return_20d', 'sma_5', 'sma_20', 'sma_60', 'price_to_sma_20', 'price_to_sma_60', 'rsi_14', 'roc_20', 'macd', 'macd_signal', 'macd_hist', 'volatility_20', 'atr_14', 'volume_sma_20']",0.10682792689110636
RFE + Random Forest,15,2.0,300,10.0,sqrt,"['return_5d', 'return_20d', 'sma_5', 'sma_20', 'sma_60', 'price_to_sma_20', 'price_to_sma_60', 'rsi_14', 'roc_20', 'macd', 'macd_signal', 'macd_hist', 'volatility_20', 'atr_14', 'volume_sma_20']",0.10682792689110636
RFE + Random Forest,15,1.0,300,10.0,sqrt,"['return_5d', 'return_20d', 'sma_5', 'sma_20', 'sma_60', 'price_to_sma_20', 'price_to_sma_60', 'rsi_14', 'roc_20', 'macd', 'macd_signal', 'macd_hist', 'volatility_20', 'atr_14', 'volume_sma_20']",0.10682792689110636
RFE + Random Forest,15,1.0,300,10.0,log2,"['return_5d', 'return_20d', 'sma_5', 'sma_20', 'sma_60', 'price_to_sma_20', 'price_to_sma_60', 'rsi_14', 'roc_20', 'macd', 'macd_signal', 'macd_hist', 'volatility_20', 'atr_14', 'volume_sma_20']",0.10682792689110636
RFE + Random Forest,5,1.0,300,,sqrt,"['sma_5', 'sma_20', 'sma_60', 'volatility_20', 'volume_sma_20']",0.10684400974274955
RFE + Random Forest,15,1.0,100,,0.5,"['return_5d', 'sma_5', 'sma_20', 'sma_60', 'price_to_sma_20', 'price_to_sma_60', 'rsi_14', 'roc_20', 'macd', 'macd_signal', 'macd_hist', 'volatility_5', 'volatility_20', 'atr_14', 'volume_sma_20']",0.10686692478778582
RFE + Random Forest,20,0.1,100,,0.5,"['return_5d', 'return_10d', 'return_20d', 'gap', 'sma_5', 'sma_20', 'sma_60', 'price_to_sma_5', 'price_to_sma_20', 'price_to_sma_60', 'rsi_14', 'roc_20', 'macd', 'macd_signal', 'macd_hist', 'volatility_5', 'volatility_20', 'atr_14', 'volume_sma_20', 'volume_ratio_20']",0.10693452519786217
RFE + Random Forest,20,2.0,100,,0.5,"['return_5d', 'return_10d', 'return_20d', 'gap', 'sma_5', 'sma_20', 'sma_60', 'price_to_sma_5', 'price_to_sma_20', 'price_to_sma_60', 'rsi_14', 'roc_20', 'macd', 'macd_signal', 'macd_hist', 'volatility_5', 'volatility_20', 'atr_14', 'volume_sma_20', 'volume_ratio_20']",0.10693452519786217
RFE + Random Forest,15,0.1,300,10.0,0.5,"['return_5d', 'return_20d', 'sma_5', 'sma_20', 'sma_60', 'price_to_sma_20', 'price_to_sma_60', 'rsi_14', 'roc_20', 'macd', 'macd_signal', 'macd_hist', 'volatility_20', 'atr_14', 'volume_sma_20']",0.10701920931778802
RFE + Random Forest,15,2.0,300,10.0,0.5,"['return_5d', 'return_20d', 'sma_5', 'sma_20', 'sma_60', 'price_to_sma_20', 'price_to_sma_60', 'rsi_14', 'roc_20', 'macd', 'macd_signal', 'macd_hist', 'volatility_20', 'atr_14', 'volume_sma_20']",0.10701920931778802
RFE + Random Forest,15,1.0,300,10.0,0.5,"['return_5d', 'return_20d', 'sma_5', 'sma_20', 'sma_60', 'price_to_sma_20', 'price_to_sma_60', 'rsi_14', 'roc_20', 'macd', 'macd_signal', 'macd_hist', 'volatility_20', 'atr_14', 'volume_sma_20']",0.10701920931778802
RFE + Random Forest,15,0.1,100,,log2,"['return_20d', 'sma_5', 'sma_20', 'sma_60', 'price_to_sma_20', 'price_to_sma_60', 'rsi_14', 'roc_20', 'macd', 'macd_signal', 'macd_hist', 'volatility_5', 'volatility_20', 'atr_14', 'volume_sma_20']",0.10703083003702414
RFE + Random Forest,15,0.1,100,,sqrt,"['return_20d', 'sma_5', 'sma_20', 'sma_60', 'price_to_sma_20', 'price_to_sma_60', 'rsi_14', 'roc_20', 'macd', 'macd_signal', 'macd_hist', 'volatility_5', 'volatility_20', 'atr_14', 'volume_sma_20']",0.10703083003702414
RFE + Random Forest,15,2.0,100,,log2,"['return_20d', 'sma_5', 'sma_20', 'sma_60', 'price_to_sma_20', 'price_to_sma_60', 'rsi_14', 'roc_20', 'macd', 'macd_signal', 'macd_hist', 'volatility_5', 'volatility_20', 'atr_14', 'volume_sma_20']",0.10703083003702414
RFE + Random Forest,15,2.0,100,,sqrt,"['return_20d', 'sma_5', 'sma_20', 'sma_60', 'price_to_sma_20', 'price_to_sma_60', 'rsi_14', 'roc_20', 'macd', 'macd_signal', 'macd_hist', 'volatility_5', 'volatility_20', 'atr_14', 'volume_sma_20']",0.10703083003702414
RFE + Random Forest,5,0.1,300,,0.5,"['return_20d', 'sma_5', 'sma_60', 'volatility_20', 'volume_sma_20']",0.1070451370328983
RFE + Random Forest,5,2.0,300,,log2,"['return_20d', 'sma_5', 'sma_60', 'volatility_20', 'volume_sma_20']",0.1070451370328983
RFE + Random Forest,5,0.1,300,,log2,"['return_20d', 'sma_5', 'sma_60', 'volatility_20', 'volume_sma_20']",0.1070451370328983
RFE + Random Forest,5,2.0,300,,sqrt,"['return_20d', 'sma_5', 'sma_60', 'volatility_20', 'volume_sma_20']",0.1070451370328983
RFE + Random Forest,5,2.0,300,,0.5,"['return_20d', 'sma_5', 'sma_60', 'volatility_20', 'volume_sma_20']",0.1070451370328983
RFE + Random Forest,5,0.1,300,,sqrt,"['return_20d', 'sma_5', 'sma_60', 'volatility_20', 'volume_sma_20']",0.1070451370328983
RFE + Random Forest,5,1.0,500,,sqrt,"['sma_5', 'sma_20', 'sma_60', 'volatility_20', 'volume_sma_20']",0.10705036855679087
RFE + Random Forest,25,0.1,500,,0.5,"['return_1d', 'return_5d', 'return_10d', 'return_20d', 'intraday_return', 'high_low_range', 'gap', 'sma_5', 'sma_20', 'sma_60', 'price_to_sma_5', 'price_to_sma_20', 'price_to_sma_60', 'rsi_14', 'roc_10', 'roc_20', 'macd', 'macd_signal', 'macd_hist', 'volatility_5', 'volatility_20', 'atr_14', 'volume_change_1d', 'volume_sma_20', 'volume_ratio_20']",0.1070777711348267
RFE + Random Forest,25,1.0,500,,0.5,"['return_1d', 'return_5d', 'return_10d', 'return_20d', 'intraday_return', 'high_low_range', 'gap', 'sma_5', 'sma_20', 'sma_60', 'price_to_sma_5', 'price_to_sma_20', 'price_to_sma_60', 'rsi_14', 'roc_10', 'roc_20', 'macd', 'macd_signal', 'macd_hist', 'volatility_5', 'volatility_20', 'atr_14', 'volume_change_1d', 'volume_sma_20', 'volume_ratio_20']",0.1070777711348267
RFE + Random Forest,25,2.0,500,,0.5,"['return_1d', 'return_5d', 'return_10d', 'return_20d', 'intraday_return', 'high_low_range', 'gap', 'sma_5', 'sma_20', 'sma_60', 'price_to_sma_5', 'price_to_sma_20', 'price_to_sma_60', 'rsi_14', 'roc_10', 'roc_20', 'macd', 'macd_signal', 'macd_hist', 'volatility_5', 'volatility_20', 'atr_14', 'volume_change_1d', 'volume_sma_20', 'volume_ratio_20']",0.1070777711348267
RFE + Random Forest,10,2.0,300,10.0,0.5,"['sma_5', 'sma_20', 'sma_60', 'price_to_sma_20', 'roc_20', 'macd_signal', 'macd_hist', 'volatility_20', 'atr_14', 'volume_sma_20']",0.10710539666842377
RFE + Random Forest,10,0.1,300,10.0,0.5,"['sma_5', 'sma_20', 'sma_60', 'price_to_sma_20', 'roc_20', 'macd_signal', 'macd_hist', 'volatility_20', 'atr_14', 'volume_sma_20']",0.10710539666842377
RFE + Random Forest,15,2.0,300,,0.5,"['return_5d', 'return_20d', 'sma_5', 'sma_20', 'sma_60', 'price_to_sma_20', 'price_to_sma_60', 'rsi_14', 'macd', 'macd_signal', 'macd_hist', 'volatility_5', 'volatility_20', 'atr_14', 'volume_sma_20']",0.10710644685842959
RFE + Random Forest,15,0.1,300,,0.5,"['return_5d', 'return_20d', 'sma_5', 'sma_20', 'sma_60', 'price_to_sma_20', 'price_to_sma_60', 'rsi_14', 'macd', 'macd_signal', 'macd_hist', 'volatility_5', 'volatility_20', 'atr_14', 'volume_sma_20']",0.10710644685842959
RFE + Random Forest,15,2.0,300,,log2,"['return_20d', 'sma_5', 'sma_20', 'sma_60', 'price_to_sma_20', 'price_to_sma_60', 'rsi_14', 'roc_20', 'macd', 'macd_signal', 'macd_hist', 'volatility_5', 'volatility_20', 'atr_14', 'volume_sma_20']",0.10711456568124826
RFE + Random Forest,15,0.1,300,,sqrt,"['return_20d', 'sma_5', 'sma_20', 'sma_60', 'price_to_sma_20', 'price_to_sma_60', 'rsi_14', 'roc_20', 'macd', 'macd_signal', 'macd_hist', 'volatility_5', 'volatility_20', 'atr_14', 'volume_sma_20']",0.10711456568124826
RFE + Random Forest,15,2.0,300,,sqrt,"['return_20d', 'sma_5', 'sma_20', 'sma_60', 'price_to_sma_20', 'price_to_sma_60', 'rsi_14', 'roc_20', 'macd', 'macd_signal', 'macd_hist', 'volatility_5', 'volatility_20', 'atr_14', 'volume_sma_20']",0.10711456568124826
RFE + Random Forest,15,0.1,300,,log2,"['return_20d', 'sma_5', 'sma_20', 'sma_60', 'price_to_sma_20', 'price_to_sma_60', 'rsi_14', 'roc_20', 'macd', 'macd_signal', 'macd_hist', 'volatility_5', 'volatility_20', 'atr_14', 'volume_sma_20']",0.10711456568124826
RFE + Random Forest,5,1.0,500,,0.5,"['sma_5', 'sma_60', 'price_to_sma_60', 'volatility_20', 'volume_sma_20']",0.10712839141213575
RFE + Random Forest,5,0.1,100,,sqrt,"['sma_5', 'sma_20', 'sma_60', 'volatility_20', 'volume_sma_20']",0.10714488965666343
RFE + Random Forest,5,2.0,100,,sqrt,"['sma_5', 'sma_20', 'sma_60', 'volatility_20', 'volume_sma_20']",0.10714488965666343
RFE + Random Forest,5,1.0,100,,log2,"['sma_5', 'sma_20', 'sma_60', 'volatility_20', 'volume_sma_20']",0.10714488965666343
RFE + Random Forest,5,0.1,100,,log2,"['sma_5', 'sma_20', 'sma_60', 'volatility_20', 'volume_sma_20']",0.10714488965666343
RFE + Random Forest,5,2.0,100,,log2,"['sma_5', 'sma_20', 'sma_60', 'volatility_20', 'volume_sma_20']",0.10714488965666343
RFE + Random Forest,5,1.0,100,,sqrt,"['sma_5', 'sma_20', 'sma_60', 'volatility_20', 'volume_sma_20']",0.10714488965666343
RFE + Random Forest,15,1.0,500,10.0,0.5,"['return_5d', 'return_20d', 'sma_5', 'sma_20', 'sma_60', 'price_to_sma_20', 'price_to_sma_60', 'rsi_14', 'roc_20', 'macd', 'macd_signal', 'macd_hist', 'volatility_20', 'atr_14', 'volume_sma_20']",0.10719615540333786
RFE + Random Forest,15,2.0,500,10.0,0.5,"['return_5d', 'return_20d', 'sma_5', 'sma_20', 'sma_60', 'price_to_sma_20', 'price_to_sma_60', 'rsi_14', 'roc_20', 'macd', 'macd_signal', 'macd_hist', 'volatility_20', 'atr_14', 'volume_sma_20']",0.10719615540333786
RFE + Random Forest,15,0.1,500,10.0,0.5,"['return_5d', 'return_20d', 'sma_5', 'sma_20', 'sma_60', 'price_to_sma_20', 'price_to_sma_60', 'rsi_14', 'roc_20', 'macd', 'macd_signal', 'macd_hist', 'volatility_20', 'atr_14', 'volume_sma_20']",0.10719615540333788
RFE + Random Forest,15,0.1,500,,sqrt,"['return_5d', 'return_20d', 'sma_5', 'sma_20', 'sma_60', 'price_to_sma_20', 'price_to_sma_60', 'rsi_14', 'roc_20', 'macd', 'macd_signal', 'macd_hist', 'volatility_20', 'atr_14', 'volume_sma_20']",0.10719886604722849
RFE + Random Forest,15,1.0,500,,sqrt,"['return_5d', 'return_20d', 'sma_5', 'sma_20', 'sma_60', 'price_to_sma_20', 'price_to_sma_60', 'rsi_14', 'roc_20', 'macd', 'macd_signal', 'macd_hist', 'volatility_20', 'atr_14', 'volume_sma_20']",0.10719886604722849
RFE + Random Forest,15,2.0,500,,sqrt,"['return_5d', 'return_20d', 'sma_5', 'sma_20', 'sma_60', 'price_to_sma_20', 'price_to_sma_60', 'rsi_14', 'roc_20', 'macd', 'macd_signal', 'macd_hist', 'volatility_20', 'atr_14', 'volume_sma_20']",0.10719886604722849
RFE + Random Forest,15,2.0,500,,log2,"['return_5d', 'return_20d', 'sma_5', 'sma_20', 'sma_60', 'price_to_sma_20', 'price_to_sma_60', 'rsi_14', 'roc_20', 'macd', 'macd_signal', 'macd_hist', 'volatility_20', 'atr_14', 'volume_sma_20']",0.10719886604722849
RFE + Random Forest,15,0.1,500,,log2,"['return_5d', 'return_20d', 'sma_5', 'sma_20', 'sma_60', 'price_to_sma_20', 'price_to_sma_60', 'rsi_14', 'roc_20', 'macd', 'macd_signal', 'macd_hist', 'volatility_20', 'atr_14', 'volume_sma_20']",0.10719886604722849
RFE + Random Forest,15,1.0,500,,log2,"['return_5d', 'return_20d', 'sma_5', 'sma_20', 'sma_60', 'price_to_sma_20', 'price_to_sma_60', 'rsi_14', 'roc_20', 'macd', 'macd_signal', 'macd_hist', 'volatility_20', 'atr_14', 'volume_sma_20']",0.10719886604722849
RFE + Random Forest,15,2.0,100,10.0,sqrt,"['return_5d', 'return_20d', 'sma_5', 'sma_20', 'sma_60', 'price_to_sma_20', 'price_to_sma_60', 'rsi_14', 'roc_20', 'macd', 'macd_signal', 'macd_hist', 'volatility_20', 'atr_14', 'volume_sma_20']",0.10723517734307945
RFE + Random Forest,15,1.0,100,10.0,sqrt,"['return_5d', 'return_20d', 'sma_5', 'sma_20', 'sma_60', 'price_to_sma_20', 'price_to_sma_60', 'rsi_14', 'roc_20', 'macd', 'macd_signal', 'macd_hist', 'volatility_20', 'atr_14', 'volume_sma_20']",0.10723517734307945
RFE + Random Forest,15,0.1,100,10.0,sqrt,"['return_5d', 'return_20d', 'sma_5', 'sma_20', 'sma_60', 'price_to_sma_20', 'price_to_sma_60', 'rsi_14', 'roc_20', 'macd', 'macd_signal', 'macd_hist', 'volatility_20', 'atr_14', 'volume_sma_20']",0.10723517734307945
RFE + Random Forest,15,0.1,100,10.0,log2,"['return_5d', 'return_20d', 'sma_5', 'sma_20', 'sma_60', 'price_to_sma_20', 'price_to_sma_60', 'rsi_14', 'roc_20', 'macd', 'macd_signal', 'macd_hist', 'volatility_20', 'atr_14', 'volume_sma_20']",0.10723517734307945
RFE + Random Forest,15,2.0,100,10.0,log2,"['return_5d', 'return_20d', 'sma_5', 'sma_20', 'sma_60', 'price_to_sma_20', 'price_to_sma_60', 'rsi_14', 'roc_20', 'macd', 'macd_signal', 'macd_hist', 'volatility_20', 'atr_14', 'volume_sma_20']",0.10723517734307947
RFE + Random Forest,15,1.0,100,10.0,log2,"['return_5d', 'return_20d', 'sma_5', 'sma_20', 'sma_60', 'price_to_sma_20', 'price_to_sma_60', 'rsi_14', 'roc_20', 'macd', 'macd_signal', 'macd_hist', 'volatility_20', 'atr_14', 'volume_sma_20']",0.10723517734307947
RFE + Random Forest,15,1.0,300,,log2,"['return_20d', 'sma_5', 'sma_20', 'sma_60', 'price_to_sma_20', 'price_to_sma_60', 'rsi_14', 'roc_10', 'roc_20', 'macd', 'macd_signal', 'macd_hist', 'volatility_20', 'atr_14', 'volume_sma_20']",0.10726105269568914
RFE + Random Forest,15,1.0,300,,sqrt,"['return_20d', 'sma_5', 'sma_20', 'sma_60', 'price_to_sma_20', 'price_to_sma_60', 'rsi_14', 'roc_10', 'roc_20', 'macd', 'macd_signal', 'macd_hist', 'volatility_20', 'atr_14', 'volume_sma_20']",0.10726105269568914
RFE + Random Forest,5,0.1,100,10.0,sqrt,"['sma_5', 'sma_20', 'sma_60', 'volatility_20', 'volume_sma_20']",0.10729788941559912
RFE + Random Forest,5,2.0,100,10.0,sqrt,"['sma_5', 'sma_20', 'sma_60', 'volatility_20', 'volume_sma_20']",0.10729788941559912
RFE + Random Forest,5,0.1,100,10.0,log2,"['sma_5', 'sma_20', 'sma_60', 'volatility_20', 'volume_sma_20']",0.10729788941559912
RFE + Random Forest,5,2.0,100,10.0,log2,"['sma_5', 'sma_20', 'sma_60', 'volatility_20', 'volume_sma_20']",0.10729788941559913
RFE + Random Forest,5,1.0,100,10.0,sqrt,"['sma_5', 'sma_20', 'sma_60', 'volatility_20', 'volume_sma_20']",0.10729788941559913
RFE + Random Forest,25,0.1,100,,0.5,"['return_1d', 'return_5d', 'return_10d', 'return_20d', 'intraday_return', 'high_low_range', 'gap', 'sma_5', 'sma_20', 'sma_60', 'price_to_sma_5', 'price_to_sma_20', 'price_to_sma_60', 'rsi_14', 'roc_10', 'roc_20', 'macd', 'macd_signal', 'macd_hist', 'volatility_5', 'volatility_20', 'atr_14', 'volume_change_1d', 'volume_sma_20', 'volume_ratio_20']",0.10730126830421087
RFE + Random Forest,25,1.0,100,,0.5,"['return_1d', 'return_5d', 'return_10d', 'return_20d', 'intraday_return', 'high_low_range', 'gap', 'sma_5', 'sma_20', 'sma_60', 'price_to_sma_5', 'price_to_sma_20', 'price_to_sma_60', 'rsi_14', 'roc_10', 'roc_20', 'macd', 'macd_signal', 'macd_hist', 'volatility_5', 'volatility_20', 'atr_14', 'volume_change_1d', 'volume_sma_20', 'volume_ratio_20']",0.10730126830421087
RFE + Random Forest,25,2.0,100,,0.5,"['return_1d', 'return_5d', 'return_10d', 'return_20d', 'intraday_return', 'high_low_range', 'gap', 'sma_5', 'sma_20', 'sma_60', 'price_to_sma_5', 'price_to_sma_20', 'price_to_sma_60', 'rsi_14', 'roc_10', 'roc_20', 'macd', 'macd_signal', 'macd_hist', 'volatility_5', 'volatility_20', 'atr_14', 'volume_change_1d', 'volume_sma_20', 'volume_ratio_20']",0.10730126830421088
RFE + Random Forest,15,2.0,100,,0.5,"['return_5d', 'return_20d', 'sma_5', 'sma_20', 'sma_60', 'price_to_sma_20', 'price_to_sma_60', 'rsi_14', 'macd', 'macd_signal', 'macd_hist', 'volatility_5', 'volatility_20', 'atr_14', 'volume_sma_20']",0.10731370806329678
RFE + Random Forest,15,0.1,100,,0.5,"['return_5d', 'return_20d', 'sma_5', 'sma_20', 'sma_60', 'price_to_sma_20', 'price_to_sma_60', 'rsi_14', 'macd', 'macd_signal', 'macd_hist', 'volatility_5', 'volatility_20', 'atr_14', 'volume_sma_20']",0.10731370806329678
RFE + Random Forest,20,0.1,300,,0.5,"['return_5d', 'return_10d', 'return_20d', 'gap', 'sma_5', 'sma_20', 'sma_60', 'price_to_sma_5', 'price_to_sma_20', 'price_to_sma_60', 'rsi_14', 'roc_20', 'macd', 'macd_signal', 'macd_hist', 'volatility_5', 'volatility_20', 'atr_14', 'volume_sma_20', 'volume_ratio_20']",0.10736353944986314
RFE + Random Forest,20,2.0,300,,0.5,"['return_5d', 'return_10d', 'return_20d', 'gap', 'sma_5', 'sma_20', 'sma_60', 'price_to_sma_5', 'price_to_sma_20', 'price_to_sma_60', 'rsi_14', 'roc_20', 'macd', 'macd_signal', 'macd_hist', 'volatility_5', 'volatility_20', 'atr_14', 'volume_sma_20', 'volume_ratio_20']",0.10736353944986314
RFE + Random Forest,5,1.0,300,,0.5,"['sma_5', 'sma_60', 'price_to_sma_60', 'volatility_20', 'volume_sma_20']",0.10738721707678736
RFE + Random Forest,10,1.0,100,,0.5,"['sma_5', 'sma_60', 'price_to_sma_60', 'rsi_14', 'roc_20', 'macd_signal', 'macd_hist', 'volatility_20', 'atr_14', 'volume_sma_20']",0.10740923542666267
RFE + Random Forest,15,0.1,500,,0.5,"['return_5d', 'return_20d', 'sma_5', 'sma_20', 'sma_60', 'price_to_sma_20', 'price_to_sma_60', 'rsi_14', 'macd', 'macd_signal', 'macd_hist', 'volatility_5', 'volatility_20', 'atr_14', 'volume_sma_20']",0.10747536567784122
RFE + Random Forest,15,2.0,500,,0.5,"['return_5d', 'return_20d', 'sma_5', 'sma_20', 'sma_60', 'price_to_sma_20', 'price_to_sma_60', 'rsi_14', 'macd', 'macd_signal', 'macd_hist', 'volatility_5', 'volatility_20', 'atr_14', 'volume_sma_20']",0.10747536567784122
RFE + Random Forest,20,1.0,300,,0.5,"['return_5d', 'return_20d', 'gap', 'sma_5', 'sma_20', 'sma_60', 'price_to_sma_5', 'price_to_sma_20', 'price_to_sma_60', 'rsi_14', 'roc_10', 'roc_20', 'macd', 'macd_signal', 'macd_hist', 'volatility_5', 'volatility_20', 'atr_14', 'volume_sma_20', 'volume_ratio_20']",0.10751604540726875
RFE + Random Forest,10,0.1,500,10.0,0.5,"['sma_5', 'sma_20', 'sma_60', 'price_to_sma_20', 'price_to_sma_60', 'macd_signal', 'macd_hist', 'volatility_20', 'atr_14', 'volume_sma_20']",0.10752290793998966
RFE + Random Forest,10,2.0,500,10.0,0.5,"['sma_5', 'sma_20', 'sma_60', 'price_to_sma_20', 'price_to_sma_60', 'macd_signal', 'macd_hist', 'volatility_20', 'atr_14', 'volume_sma_20']",0.10752290793998966
RFE + Random Forest,10,2.0,500,,sqrt,"['sma_5', 'sma_20', 'sma_60', 'price_to_sma_20', 'price_to_sma_60', 'macd_signal', 'macd_hist', 'volatility_20', 'atr_14', 'volume_sma_20']",0.10752904977288086
RFE + Random Forest,10,2.0,500,,log2,"['sma_5', 'sma_20', 'sma_60', 'price_to_sma_20', 'price_to_sma_60', 'macd_signal', 'macd_hist', 'volatility_20', 'atr_14', 'volume_sma_20']",0.10752904977288086
RFE + Random Forest,10,0.1,500,,sqrt,"['sma_5', 'sma_20', 'sma_60', 'price_to_sma_20', 'price_to_sma_60', 'macd_signal', 'macd_hist', 'volatility_20', 'atr_14', 'volume_sma_20']",0.10752904977288086
RFE + Random Forest,10,0.1,500,,log2,"['sma_5', 'sma_20', 'sma_60', 'price_to_sma_20', 'price_to_sma_60', 'macd_signal', 'macd_hist', 'volatility_20', 'atr_14', 'volume_sma_20']",0.10752904977288086
RFE + Random Forest,20,1.0,500,,0.5,"['return_5d', 'return_20d', 'high_low_range', 'sma_5', 'sma_20', 'sma_60', 'price_to_sma_5', 'price_to_sma_20', 'price_to_sma_60', 'rsi_14', 'roc_10', 'roc_20', 'macd', 'macd_signal', 'macd_hist', 'volatility_5', 'volatility_20', 'atr_14', 'volume_sma_20', 'volume_ratio_20']",0.10756015865284503
RFE + Random Forest,10,1.0,500,,0.5,"['sma_5', 'sma_20', 'sma_60', 'price_to_sma_20', 'price_to_sma_60', 'roc_20', 'macd_hist', 'volatility_20', 'atr_14', 'volume_sma_20']",0.10760464306485017
RFE + Random Forest,10,2.0,100,,sqrt,"['sma_5', 'sma_20', 'sma_60', 'price_to_sma_20', 'macd', 'macd_signal', 'macd_hist', 'volatility_20', 'atr_14', 'volume_sma_20']",0.10773716426693725
RFE + Random Forest,10,2.0,100,,log2,"['sma_5', 'sma_20', 'sma_60', 'price_to_sma_20', 'macd', 'macd_signal', 'macd_hist', 'volatility_20', 'atr_14', 'volume_sma_20']",0.10773716426693725
RFE + Random Forest,10,0.1,100,,sqrt,"['sma_5', 'sma_20', 'sma_60', 'price_to_sma_20', 'macd', 'macd_signal', 'macd_hist', 'volatility_20', 'atr_14', 'volume_sma_20']",0.10773716426693725
RFE + Random Forest,10,0.1,100,,log2,"['sma_5', 'sma_20', 'sma_60', 'price_to_sma_20', 'macd', 'macd_signal', 'macd_hist', 'volatility_20', 'atr_14', 'volume_sma_20']",0.10773716426693725
RFE + Random Forest,10,1.0,300,,0.5,"['sma_5', 'sma_20', 'sma_60', 'price_to_sma_60', 'roc_20', 'macd_signal', 'macd_hist', 'volatility_20', 'atr_14', 'volume_sma_20']",0.10779755764120194
RFE + Random Forest,5,1.0,100,,0.5,"['sma_5', 'sma_60', 'price_to_sma_60', 'volatility_20', 'volume_sma_20']",0.10780998111101797
RFE + Random Forest,10,0.1,300,,0.5,"['return_20d', 'sma_5', 'sma_20', 'sma_60', 'price_to_sma_20', 'price_to_sma_60', 'macd_hist', 'volatility_20', 'atr_14', 'volume_sma_20']",0.10783777123553302
RFE + Random Forest,10,2.0,300,,0.5,"['return_20d', 'sma_5', 'sma_20', 'sma_60', 'price_to_sma_20', 'price_to_sma_60', 'macd_hist', 'volatility_20', 'atr_14', 'volume_sma_20']",0.10783777123553302
RFE + Random Forest,15,1.0,500,,0.5,"['return_5d', 'sma_5', 'sma_20', 'sma_60', 'price_to_sma_20', 'price_to_sma_60', 'rsi_14', 'roc_20', 'macd', 'macd_signal', 'macd_hist', 'volatility_5', 'volatility_20', 'atr_14', 'volume_sma_20']",0.10788108816280235
RFE + Random Forest,20,2.0,500,,0.5,"['return_5d', 'return_10d', 'return_20d', 'high_low_range', 'sma_5', 'sma_20', 'sma_60', 'price_to_sma_5', 'price_to_sma_20', 'price_to_sma_60', 'rsi_14', 'roc_20', 'macd', 'macd_signal', 'macd_hist', 'volatility_5', 'volatility_20', 'atr_14', 'volume_sma_20', 'volume_ratio_20']",0.10791838438456468
RFE + Random Forest,20,0.1,500,,0.5,"['return_5d', 'return_10d', 'return_20d', 'high_low_range', 'sma_5', 'sma_20', 'sma_60', 'price_to_sma_5', 'price_to_sma_20', 'price_to_sma_60', 'rsi_14', 'roc_20', 'macd', 'macd_signal', 'macd_hist', 'volatility_5', 'volatility_20', 'atr_14', 'volume_sma_20', 'volume_ratio_20']",0.10791838438456468
RFE + Random Forest,15,1.0,300,,0.5,"['return_5d', 'sma_5', 'sma_20', 'sma_60', 'price_to_sma_20', 'price_to_sma_60', 'rsi_14', 'roc_20', 'macd', 'macd_signal', 'macd_hist', 'volatility_5', 'volatility_20', 'atr_14', 'volume_sma_20']",0.10794111137706029
RFE + Random Forest,10,0.1,500,,0.5,"['return_20d', 'sma_5', 'sma_20', 'sma_60', 'price_to_sma_20', 'price_to_sma_60', 'macd_hist', 'volatility_20', 'atr_14', 'volume_sma_20']",0.10827645774515135
RFE + Random Forest,10,2.0,500,,0.5,"['return_20d', 'sma_5', 'sma_20', 'sma_60', 'price_to_sma_20', 'price_to_sma_60', 'macd_hist', 'volatility_20', 'atr_14', 'volume_sma_20']",0.10827645774515135
RFE + Random Forest,10,0.1,100,,0.5,"['return_20d', 'sma_5', 'sma_20', 'sma_60', 'price_to_sma_20', 'price_to_sma_60', 'macd_signal', 'volatility_20', 'atr_14', 'volume_sma_20']",0.10846007570875218
RFE + Random Forest,10,2.0,100,,0.5,"['return_20d', 'sma_5', 'sma_20', 'sma_60', 'price_to_sma_20', 'price_to_sma_60', 'macd_signal', 'volatility_20', 'atr_14', 'volume_sma_20']",0.10846007570875218
