rfe_n_features,rfe_step,selected_features,n_estimators,max_depth,learning_rate,subsample,colsample_bytree,rmse,mae,r2
5,1.0,"['sma_5', 'sma_60', 'price_to_sma_60', 'volatility_20', 'atr_14']",100,2,0.03,0.8,0.8,0.10126795212688015,0.07538171539766961,0.06417466581208076
5,1.0,"['sma_5', 'sma_60', 'price_to_sma_60', 'volatility_20', 'atr_14']",100,2,0.03,0.8,1.0,0.10091792396625955,0.07490454617049352,0.07063276249976325
5,1.0,"['sma_5', 'sma_60', 'price_to_sma_60', 'volatility_20', 'atr_14']",100,2,0.03,1.0,0.8,0.10110782255096153,0.07520915187341949,0.06713186664911919
5,1.0,"['sma_5', 'sma_60', 'price_to_sma_60', 'volatility_20', 'atr_14']",100,2,0.03,1.0,1.0,0.10082668750239364,0.07497893688794204,0.07231242153727968
5,1.0,"['sma_5', 'sma_60', 'price_to_sma_60', 'volatility_20', 'atr_14']",100,2,0.1,0.8,0.8,0.10305271641224005,0.07748164909346222,0.030897685446544032
5,1.0,"['sma_5', 'sma_60', 'price_to_sma_60', 'volatility_20', 'atr_14']",100,2,0.1,0.8,1.0,0.10260861870505975,0.07729170413011177,0.03923223099920714
5,1.0,"['sma_5', 'sma_60', 'price_to_sma_60', 'volatility_20', 'atr_14']",100,2,0.1,1.0,0.8,0.10425196794011306,0.07868647209852457,0.008211047568925545
5,1.0,"['sma_5', 'sma_60', 'price_to_sma_60', 'volatility_20', 'atr_14']",100,2,0.1,1.0,1.0,0.10459405514985867,0.07892384343644793,0.0016915550819732728
5,1.0,"['sma_5', 'sma_60', 'price_to_sma_60', 'volatility_20', 'atr_14']",100,3,0.03,0.8,0.8,0.10277208132180349,0.07624702618912792,0.03616865386449064
5,1.0,"['sma_5', 'sma_60', 'price_to_sma_60', 'volatility_20', 'atr_14']",100,3,0.03,0.8,1.0,0.10255308953359253,0.07570871837141206,0.040271835719643656
5,1.0,"['sma_5', 'sma_60', 'price_to_sma_60', 'volatility_20', 'atr_14']",100,3,0.03,1.0,0.8,0.10337308897494125,0.07668314079448381,0.024862785897016293
5,1.0,"['sma_5', 'sma_60', 'price_to_sma_60', 'volatility_20', 'atr_14']",100,3,0.03,1.0,1.0,0.10197011597665764,0.07563213861990715,0.051152168775517426
5,1.0,"['sma_5', 'sma_60', 'price_to_sma_60', 'volatility_20', 'atr_14']",100,3,0.1,0.8,0.8,0.10704081419611301,0.08109602608446571,-0.04556142137643704
5,1.0,"['sma_5', 'sma_60', 'price_to_sma_60', 'volatility_20', 'atr_14']",100,3,0.1,0.8,1.0,0.1074210437176086,0.08066797314637714,-0.05300268412822651
5,1.0,"['sma_5', 'sma_60', 'price_to_sma_60', 'volatility_20', 'atr_14']",100,3,0.1,1.0,0.8,0.10601640622441659,0.0798469151248574,-0.025644603642670294
5,1.0,"['sma_5', 'sma_60', 'price_to_sma_60', 'volatility_20', 'atr_14']",100,3,0.1,1.0,1.0,0.10604897875684176,0.08003654065840575,-0.02627493955801863
5,1.0,"['sma_5', 'sma_60', 'price_to_sma_60', 'volatility_20', 'atr_14']",100,5,0.03,0.8,0.8,0.10550978831477502,0.07790149967545378,-0.015865581315601895
5,1.0,"['sma_5', 'sma_60', 'price_to_sma_60', 'volatility_20', 'atr_14']",100,5,0.03,0.8,1.0,0.10723808690938133,0.07910396653066594,-0.04941884353686099
5,1.0,"['sma_5', 'sma_60', 'price_to_sma_60', 'volatility_20', 'atr_14']",100,5,0.03,1.0,0.8,0.10477272440989846,0.07762191011510611,-0.0017220113127092151
5,1.0,"['sma_5', 'sma_60', 'price_to_sma_60', 'volatility_20', 'atr_14']",100,5,0.03,1.0,1.0,0.1059692253768089,0.07823064142576147,-0.024731914452220005
5,1.0,"['sma_5', 'sma_60', 'price_to_sma_60', 'volatility_20', 'atr_14']",100,5,0.1,0.8,0.8,0.11029418024097662,0.082289910688781,-0.11008424027839525
5,1.0,"['sma_5', 'sma_60', 'price_to_sma_60', 'volatility_20', 'atr_14']",100,5,0.1,0.8,1.0,0.10951817421582033,0.08054552912900072,-0.09451856614986598
5,1.0,"['sma_5', 'sma_60', 'price_to_sma_60', 'volatility_20', 'atr_14']",100,5,0.1,1.0,0.8,0.10930798891948934,0.08237902798590431,-0.09032143712950202
5,1.0,"['sma_5', 'sma_60', 'price_to_sma_60', 'volatility_20', 'atr_14']",100,5,0.1,1.0,1.0,0.11029966365444846,0.08282647376740089,-0.1101946214821432
5,1.0,"['sma_5', 'sma_60', 'price_to_sma_60', 'volatility_20', 'atr_14']",300,2,0.03,0.8,0.8,0.10216177391960153,0.07659763107028292,0.04758200267697099
5,1.0,"['sma_5', 'sma_60', 'price_to_sma_60', 'volatility_20', 'atr_14']",300,2,0.03,0.8,1.0,0.10190852117758852,0.07643472527126306,0.052298120988018115
5,1.0,"['sma_5', 'sma_60', 'price_to_sma_60', 'volatility_20', 'atr_14']",300,2,0.03,1.0,0.8,0.10373471311258758,0.07828002423358715,0.018028319484323596
5,1.0,"['sma_5', 'sma_60', 'price_to_sma_60', 'volatility_20', 'atr_14']",300,2,0.03,1.0,1.0,0.10427340072599114,0.0787713915517461,0.007803209026820523
5,1.0,"['sma_5', 'sma_60', 'price_to_sma_60', 'volatility_20', 'atr_14']",300,2,0.1,0.8,0.8,0.1080676690468404,0.08213613970361322,-0.0657180242675095
5,1.0,"['sma_5', 'sma_60', 'price_to_sma_60', 'volatility_20', 'atr_14']",300,2,0.1,0.8,1.0,0.10883853185505445,0.08232540575881349,-0.08097610130596555
5,1.0,"['sma_5', 'sma_60', 'price_to_sma_60', 'volatility_20', 'atr_14']",300,2,0.1,1.0,0.8,0.1135694368330306,0.08630071605480648,-0.17699247761520098
5,1.0,"['sma_5', 'sma_60', 'price_to_sma_60', 'volatility_20', 'atr_14']",300,2,0.1,1.0,1.0,0.11357951232930562,0.08590185632334646,-0.17720132446150427
5,1.0,"['sma_5', 'sma_60', 'price_to_sma_60', 'volatility_20', 'atr_14']",300,3,0.03,0.8,0.8,0.1052570226898371,0.07913814877694987,-0.011004073607536524
5,1.0,"['sma_5', 'sma_60', 'price_to_sma_60', 'volatility_20', 'atr_14']",300,3,0.03,0.8,1.0,0.10572216534639213,0.07932203299218818,-0.01995929914994754
5,1.0,"['sma_5', 'sma_60', 'price_to_sma_60', 'volatility_20', 'atr_14']",300,3,0.03,1.0,0.8,0.10502608686960366,0.07926151718456,-0.006572617680177695
5,1.0,"['sma_5', 'sma_60', 'price_to_sma_60', 'volatility_20', 'atr_14']",300,3,0.03,1.0,1.0,0.1045810121466447,0.07877685252943033,0.0019405200613610285
5,1.0,"['sma_5', 'sma_60', 'price_to_sma_60', 'volatility_20', 'atr_14']",300,3,0.1,0.8,0.8,0.1122626858921144,0.08503058983872312,-0.15006291616367418
5,1.0,"['sma_5', 'sma_60', 'price_to_sma_60', 'volatility_20', 'atr_14']",300,3,0.1,0.8,1.0,0.11548534932259165,0.08756386201903875,-0.21703908981349906
5,1.0,"['sma_5', 'sma_60', 'price_to_sma_60', 'volatility_20', 'atr_14']",300,3,0.1,1.0,0.8,0.1112818208249642,0.08444084435150692,-0.1300539793554889
5,1.0,"['sma_5', 'sma_60', 'price_to_sma_60', 'volatility_20', 'atr_14']",300,3,0.1,1.0,1.0,0.11360307078141058,0.08662071267168478,-0.1776897209446271
5,1.0,"['sma_5', 'sma_60', 'price_to_sma_60', 'volatility_20', 'atr_14']",300,5,0.03,0.8,0.8,0.1091552326783669,0.08139260290492865,-0.0872761514540461
5,1.0,"['sma_5', 'sma_60', 'price_to_sma_60', 'volatility_20', 'atr_14']",300,5,0.03,0.8,1.0,0.1108565742648902,0.08304508868076052,-0.1214338222357556
5,1.0,"['sma_5', 'sma_60', 'price_to_sma_60', 'volatility_20', 'atr_14']",300,5,0.03,1.0,0.8,0.10828807834598599,0.0808973199484217,-0.07006962551808016
5,1.0,"['sma_5', 'sma_60', 'price_to_sma_60', 'volatility_20', 'atr_14']",300,5,0.03,1.0,1.0,0.10981075369927154,0.08181658261449992,-0.10037442402184515
5,1.0,"['sma_5', 'sma_60', 'price_to_sma_60', 'volatility_20', 'atr_14']",300,5,0.1,0.8,0.8,0.11480411993959994,0.08560355524861732,-0.20272320506285624
5,1.0,"['sma_5', 'sma_60', 'price_to_sma_60', 'volatility_20', 'atr_14']",300,5,0.1,0.8,1.0,0.1152977074091935,0.08540154078534513,-0.21308738480959843
5,1.0,"['sma_5', 'sma_60', 'price_to_sma_60', 'volatility_20', 'atr_14']",300,5,0.1,1.0,0.8,0.1136893931937199,0.08613161796561554,-0.17948015919646498
5,1.0,"['sma_5', 'sma_60', 'price_to_sma_60', 'volatility_20', 'atr_14']",300,5,0.1,1.0,1.0,0.11406868592123864,0.08562112197724576,-0.1873632957547149
5,1.0,"['sma_5', 'sma_60', 'price_to_sma_60', 'volatility_20', 'atr_14']",500,2,0.03,0.8,0.8,0.10414806074992079,0.0788215307094774,0.010187080228113321
5,1.0,"['sma_5', 'sma_60', 'price_to_sma_60', 'volatility_20', 'atr_14']",500,2,0.03,0.8,1.0,0.10479622042869294,0.07955225487198912,-0.0021713480737328705
5,1.0,"['sma_5', 'sma_60', 'price_to_sma_60', 'volatility_20', 'atr_14']",500,2,0.03,1.0,0.8,0.1072272904353649,0.08115020076188696,-0.049207548217011565
5,1.0,"['sma_5', 'sma_60', 'price_to_sma_60', 'volatility_20', 'atr_14']",500,2,0.03,1.0,1.0,0.10825861722187109,0.08172039061994361,-0.06948745311122462
5,1.0,"['sma_5', 'sma_60', 'price_to_sma_60', 'volatility_20', 'atr_14']",500,2,0.1,0.8,0.8,0.11117194984088483,0.08440249455193485,-0.12782362674555436
5,1.0,"['sma_5', 'sma_60', 'price_to_sma_60', 'volatility_20', 'atr_14']",500,2,0.1,0.8,1.0,0.11170452258848163,0.0841270480280552,-0.13865525901438192
5,1.0,"['sma_5', 'sma_60', 'price_to_sma_60', 'volatility_20', 'atr_14']",500,2,0.1,1.0,0.8,0.11800419990048869,0.08962152587965172,-0.27070773038398066
5,1.0,"['sma_5', 'sma_60', 'price_to_sma_60', 'volatility_20', 'atr_14']",500,2,0.1,1.0,1.0,0.11607903015605506,0.0878976489575757,-0.22958423019979612
5,1.0,"['sma_5', 'sma_60', 'price_to_sma_60', 'volatility_20', 'atr_14']",500,3,0.03,0.8,0.8,0.10802461584998756,0.08193531740879031,-0.06486904827515572
5,1.0,"['sma_5', 'sma_60', 'price_to_sma_60', 'volatility_20', 'atr_14']",500,3,0.03,0.8,1.0,0.10848104840580894,0.08214907203648353,-0.07388676563758856
5,1.0,"['sma_5', 'sma_60', 'price_to_sma_60', 'volatility_20', 'atr_14']",500,3,0.03,1.0,0.8,0.10790555444314148,0.08236244553328835,-0.06252301007189298
5,1.0,"['sma_5', 'sma_60', 'price_to_sma_60', 'volatility_20', 'atr_14']",500,3,0.03,1.0,1.0,0.10716662650415679,0.0818981763256085,-0.04802070390683233
5,1.0,"['sma_5', 'sma_60', 'price_to_sma_60', 'volatility_20', 'atr_14']",500,3,0.1,0.8,0.8,0.11532245495304955,0.08728193260655638,-0.21360819577425172
5,1.0,"['sma_5', 'sma_60', 'price_to_sma_60', 'volatility_20', 'atr_14']",500,3,0.1,0.8,1.0,0.11828718031665456,0.08942419230357418,-0.27680948871524835
5,1.0,"['sma_5', 'sma_60', 'price_to_sma_60', 'volatility_20', 'atr_14']",500,3,0.1,1.0,0.8,0.11367313670582693,0.08586594951243304,-0.17914287471413837
5,1.0,"['sma_5', 'sma_60', 'price_to_sma_60', 'volatility_20', 'atr_14']",500,3,0.1,1.0,1.0,0.11595553640728373,0.08811492370990302,-0.22696937042472154
5,1.0,"['sma_5', 'sma_60', 'price_to_sma_60', 'volatility_20', 'atr_14']",500,5,0.03,0.8,0.8,0.11108030973795693,0.0831129374771212,-0.12596504145324694
5,1.0,"['sma_5', 'sma_60', 'price_to_sma_60', 'volatility_20', 'atr_14']",500,5,0.03,0.8,1.0,0.11313399774397855,0.08492934033431082,-0.16798431421508253
5,1.0,"['sma_5', 'sma_60', 'price_to_sma_60', 'volatility_20', 'atr_14']",500,5,0.03,1.0,0.8,0.11028197730954985,0.08258204407410422,-0.10983861476210444
5,1.0,"['sma_5', 'sma_60', 'price_to_sma_60', 'volatility_20', 'atr_14']",500,5,0.03,1.0,1.0,0.11121090846149052,0.08264616305911751,-0.12861422458338612
5,1.0,"['sma_5', 'sma_60', 'price_to_sma_60', 'volatility_20', 'atr_14']",500,5,0.1,0.8,0.8,0.11650836550606868,0.08667507640931918,-0.23869664680676173
5,1.0,"['sma_5', 'sma_60', 'price_to_sma_60', 'volatility_20', 'atr_14']",500,5,0.1,0.8,1.0,0.11741694957066778,0.08716360534642846,-0.258091794069619
5,1.0,"['sma_5', 'sma_60', 'price_to_sma_60', 'volatility_20', 'atr_14']",500,5,0.1,1.0,0.8,0.11472800531679966,0.08680883207588924,-0.2011289334247197
5,1.0,"['sma_5', 'sma_60', 'price_to_sma_60', 'volatility_20', 'atr_14']",500,5,0.1,1.0,1.0,0.11557240266112455,0.08666949962475712,-0.2188745996557353
5,0.1,"['sma_5', 'sma_60', 'macd_hist', 'volatility_20', 'atr_14']",100,2,0.03,0.8,0.8,0.10085011010026801,0.07512705242798501,0.07188135754999347
5,0.1,"['sma_5', 'sma_60', 'macd_hist', 'volatility_20', 'atr_14']",100,2,0.03,0.8,1.0,0.10054539768541998,0.07469945780176303,0.07748139164217016
5,0.1,"['sma_5', 'sma_60', 'macd_hist', 'volatility_20', 'atr_14']",100,2,0.03,1.0,0.8,0.1006283516327887,0.07505692590132725,0.07595853469251634
5,0.1,"['sma_5', 'sma_60', 'macd_hist', 'volatility_20', 'atr_14']",100,2,0.03,1.0,1.0,0.10035897909175458,0.07485926343086463,0.08089905567712641
5,0.1,"['sma_5', 'sma_60', 'macd_hist', 'volatility_20', 'atr_14']",100,2,0.1,0.8,0.8,0.10243941031600089,0.07694981738136777,0.04239835727975638
5,0.1,"['sma_5', 'sma_60', 'macd_hist', 'volatility_20', 'atr_14']",100,2,0.1,0.8,1.0,0.1008723317807676,0.07541507256341712,0.07147230240586755
5,0.1,"['sma_5', 'sma_60', 'macd_hist', 'volatility_20', 'atr_14']",100,2,0.1,1.0,0.8,0.10269117406926641,0.07771477495807239,0.03768560768888429
5,0.1,"['sma_5', 'sma_60', 'macd_hist', 'volatility_20', 'atr_14']",100,2,0.1,1.0,1.0,0.10184451235552916,0.0764474173593327,0.053488251696210076
5,0.1,"['sma_5', 'sma_60', 'macd_hist', 'volatility_20', 'atr_14']",100,3,0.03,0.8,0.8,0.1026582801995302,0.07641092777325852,0.03830200291144947
5,0.1,"['sma_5', 'sma_60', 'macd_hist', 'volatility_20', 'atr_14']",100,3,0.03,0.8,1.0,0.10299220404450747,0.07603139105483082,0.03203546153306591
5,0.1,"['sma_5', 'sma_60', 'macd_hist', 'volatility_20', 'atr_14']",100,3,0.03,1.0,0.8,0.10386204855213786,0.07733082977230113,0.015616078959716617
5,0.1,"['sma_5', 'sma_60', 'macd_hist', 'volatility_20', 'atr_14']",100,3,0.03,1.0,1.0,0.10278819210464064,0.07649416615166899,0.03586644543555351
5,0.1,"['sma_5', 'sma_60', 'macd_hist', 'volatility_20', 'atr_14']",100,3,0.1,0.8,0.8,0.1037686805813669,0.0779554431818992,0.01738512970942263
5,0.1,"['sma_5', 'sma_60', 'macd_hist', 'volatility_20', 'atr_14']",100,3,0.1,0.8,1.0,0.1052748583854636,0.0782975952188642,-0.011346729864039062
5,0.1,"['sma_5', 'sma_60', 'macd_hist', 'volatility_20', 'atr_14']",100,3,0.1,1.0,0.8,0.10490493563160612,0.07889517933553472,-0.0042517241374320225
5,0.1,"['sma_5', 'sma_60', 'macd_hist', 'volatility_20', 'atr_14']",100,3,0.1,1.0,1.0,0.10257555376383097,0.07669623482481562,0.039851333210076056
5,0.1,"['sma_5', 'sma_60', 'macd_hist', 'volatility_20', 'atr_14']",100,5,0.03,0.8,0.8,0.1034177740620576,0.07707276671208545,0.024019558521663265
5,0.1,"['sma_5', 'sma_60', 'macd_hist', 'volatility_20', 'atr_14']",100,5,0.03,0.8,1.0,0.10476337558373454,0.07797995080536367,-0.0015432528202310447
5,0.1,"['sma_5', 'sma_60', 'macd_hist', 'volatility_20', 'atr_14']",100,5,0.03,1.0,0.8,0.1052088616809335,0.07838886194471631,-0.010079102797679651
5,0.1,"['sma_5', 'sma_60', 'macd_hist', 'volatility_20', 'atr_14']",100,5,0.03,1.0,1.0,0.10747283903366782,0.07985994526668422,-0.05401838373229162
5,0.1,"['sma_5', 'sma_60', 'macd_hist', 'volatility_20', 'atr_14']",100,5,0.1,0.8,0.8,0.1079725108851255,0.08167470632238484,-0.06384203082172979
5,0.1,"['sma_5', 'sma_60', 'macd_hist', 'volatility_20', 'atr_14']",100,5,0.1,0.8,1.0,0.10763915993913907,0.08128021878216508,-0.057283226114174246
5,0.1,"['sma_5', 'sma_60', 'macd_hist', 'volatility_20', 'atr_14']",100,5,0.1,1.0,0.8,0.10756680420414914,0.08068751383400877,-0.05586227870254912
5,0.1,"['sma_5', 'sma_60', 'macd_hist', 'volatility_20', 'atr_14']",100,5,0.1,1.0,1.0,0.1088204413403837,0.08135310243132941,-0.08061678391180527
5,0.1,"['sma_5', 'sma_60', 'macd_hist', 'volatility_20', 'atr_14']",300,2,0.03,0.8,0.8,0.1011193621293513,0.07566086887328918,0.06691891538605355
5,0.1,"['sma_5', 'sma_60', 'macd_hist', 'volatility_20', 'atr_14']",300,2,0.03,0.8,1.0,0.10097455026371525,0.07556358361771692,0.06958951094853816
5,0.1,"['sma_5', 'sma_60', 'macd_hist', 'volatility_20', 'atr_14']",300,2,0.03,1.0,0.8,0.10272375784046159,0.0775494442469593,0.037074828683916095
5,0.1,"['sma_5', 'sma_60', 'macd_hist', 'volatility_20', 'atr_14']",300,2,0.03,1.0,1.0,0.10287579980684372,0.07769961424343276,0.034222258119276705
5,0.1,"['sma_5', 'sma_60', 'macd_hist', 'volatility_20', 'atr_14']",300,2,0.1,0.8,0.8,0.10595698960746938,0.08037959210501064,-0.02449528614015395
5,0.1,"['sma_5', 'sma_60', 'macd_hist', 'volatility_20', 'atr_14']",300,2,0.1,0.8,1.0,0.10594959940367094,0.07988548652046377,-0.024352379759986942
5,0.1,"['sma_5', 'sma_60', 'macd_hist', 'volatility_20', 'atr_14']",300,2,0.1,1.0,0.8,0.10598186724568064,0.08024763539553958,-0.02497642504794717
5,0.1,"['sma_5', 'sma_60', 'macd_hist', 'volatility_20', 'atr_14']",300,2,0.1,1.0,1.0,0.1046531198483837,0.07892083144565393,0.0005637388580005398
5,0.1,"['sma_5', 'sma_60', 'macd_hist', 'volatility_20', 'atr_14']",300,3,0.03,0.8,0.8,0.10325844776074174,0.07680133466711667,0.027024449576295906
5,0.1,"['sma_5', 'sma_60', 'macd_hist', 'volatility_20', 'atr_14']",300,3,0.03,0.8,1.0,0.10479519735347602,0.07875397347662018,-0.0021517807332240846
5,0.1,"['sma_5', 'sma_60', 'macd_hist', 'volatility_20', 'atr_14']",300,3,0.03,1.0,0.8,0.10389380181325567,0.07804626578281343,0.015014084714263354
5,0.1,"['sma_5', 'sma_60', 'macd_hist', 'volatility_20', 'atr_14']",300,3,0.03,1.0,1.0,0.10349376269955525,0.07754177101091851,0.02258478251137641
5,0.1,"['sma_5', 'sma_60', 'macd_hist', 'volatility_20', 'atr_14']",300,3,0.1,0.8,0.8,0.10679464598660575,0.0806266818436054,-0.040757870053805156
5,0.1,"['sma_5', 'sma_60', 'macd_hist', 'volatility_20', 'atr_14']",300,3,0.1,0.8,1.0,0.11074670993988545,0.08331192445465938,-0.11921213138268594
5,0.1,"['sma_5', 'sma_60', 'macd_hist', 'volatility_20', 'atr_14']",300,3,0.1,1.0,0.8,0.10660490138365647,0.08008854649539264,-0.037062876641256626
5,0.1,"['sma_5', 'sma_60', 'macd_hist', 'volatility_20', 'atr_14']",300,3,0.1,1.0,1.0,0.10427402483084054,0.07763617006664682,0.007791331852437855
5,0.1,"['sma_5', 'sma_60', 'macd_hist', 'volatility_20', 'atr_14']",300,5,0.03,0.8,0.8,0.10518491198419673,0.07933391421596366,-0.00961928725777872
5,0.1,"['sma_5', 'sma_60', 'macd_hist', 'volatility_20', 'atr_14']",300,5,0.03,0.8,1.0,0.10719598039604285,0.08091303386834187,-0.04859490691455459
5,0.1,"['sma_5', 'sma_60', 'macd_hist', 'volatility_20', 'atr_14']",300,5,0.03,1.0,0.8,0.10650991914204888,0.07977776948807917,-0.03521570688069864
5,0.1,"['sma_5', 'sma_60', 'macd_hist', 'volatility_20', 'atr_14']",300,5,0.03,1.0,1.0,0.10690811953161651,0.08022199469083459,-0.0429707380507407
5,0.1,"['sma_5', 'sma_60', 'macd_hist', 'volatility_20', 'atr_14']",300,5,0.1,0.8,0.8,0.11092483444040659,0.08429807476743564,-0.12281529803424185
5,0.1,"['sma_5', 'sma_60', 'macd_hist', 'volatility_20', 'atr_14']",300,5,0.1,0.8,1.0,0.11147390133304272,0.08463792575920955,-0.1339584567036174
5,0.1,"['sma_5', 'sma_60', 'macd_hist', 'volatility_20', 'atr_14']",300,5,0.1,1.0,0.8,0.11121691362614544,0.08440492004770246,-0.12873611365578563
5,0.1,"['sma_5', 'sma_60', 'macd_hist', 'volatility_20', 'atr_14']",300,5,0.1,1.0,1.0,0.11068597239732411,0.08321131338313854,-0.11798483436160079
5,0.1,"['sma_5', 'sma_60', 'macd_hist', 'volatility_20', 'atr_14']",500,2,0.03,0.8,0.8,0.10198958802812393,0.0765228382731933,0.05078975322461954
5,0.1,"['sma_5', 'sma_60', 'macd_hist', 'volatility_20', 'atr_14']",500,2,0.03,0.8,1.0,0.10236613916412776,0.07693032766604882,0.04376774201377753
5,0.1,"['sma_5', 'sma_60', 'macd_hist', 'volatility_20', 'atr_14']",500,2,0.03,1.0,0.8,0.10464108539572725,0.07904054634711358,0.0007935834499637195
5,0.1,"['sma_5', 'sma_60', 'macd_hist', 'volatility_20', 'atr_14']",500,2,0.03,1.0,1.0,0.10504470993687695,0.07939825469686473,-0.00692961720462848
5,0.1,"['sma_5', 'sma_60', 'macd_hist', 'volatility_20', 'atr_14']",500,2,0.1,0.8,0.8,0.10828717126867576,0.08193894923580608,-0.07005169867281302
5,0.1,"['sma_5', 'sma_60', 'macd_hist', 'volatility_20', 'atr_14']",500,2,0.1,0.8,1.0,0.10861175450614204,0.08215392926623168,-0.07647612320123431
5,0.1,"['sma_5', 'sma_60', 'macd_hist', 'volatility_20', 'atr_14']",500,2,0.1,1.0,0.8,0.10668839842239365,0.08043139505372075,-0.03868804751085175
5,0.1,"['sma_5', 'sma_60', 'macd_hist', 'volatility_20', 'atr_14']",500,2,0.1,1.0,1.0,0.10535785657227367,0.07874328542187783,-0.012942040178869352
5,0.1,"['sma_5', 'sma_60', 'macd_hist', 'volatility_20', 'atr_14']",500,3,0.03,0.8,0.8,0.10443886435963683,0.0779157260243565,0.00465182542025222
5,0.1,"['sma_5', 'sma_60', 'macd_hist', 'volatility_20', 'atr_14']",500,3,0.03,0.8,1.0,0.10674985634733239,0.08058511772081492,-0.039885066104755396
5,0.1,"['sma_5', 'sma_60', 'macd_hist', 'volatility_20', 'atr_14']",500,3,0.03,1.0,0.8,0.10438037069143977,0.07828023019075979,0.0057664538103574525
5,0.1,"['sma_5', 'sma_60', 'macd_hist', 'volatility_20', 'atr_14']",500,3,0.03,1.0,1.0,0.10414113515871351,0.07802105934577544,0.010318716125757299
5,0.1,"['sma_5', 'sma_60', 'macd_hist', 'volatility_20', 'atr_14']",500,3,0.1,0.8,0.8,0.10802781893824405,0.08171321569662064,-0.06493219906879699
5,0.1,"['sma_5', 'sma_60', 'macd_hist', 'volatility_20', 'atr_14']",500,3,0.1,0.8,1.0,0.11165814748934351,0.08366857574507917,-0.13771001010199746
5,0.1,"['sma_5', 'sma_60', 'macd_hist', 'volatility_20', 'atr_14']",500,3,0.1,1.0,0.8,0.10690349323347936,0.08005008099148789,-0.0428804738275157
5,0.1,"['sma_5', 'sma_60', 'macd_hist', 'volatility_20', 'atr_14']",500,3,0.1,1.0,1.0,0.1043599928044783,0.0775869150292994,0.006154618768862474
5,0.1,"['sma_5', 'sma_60', 'macd_hist', 'volatility_20', 'atr_14']",500,5,0.03,0.8,0.8,0.10650799528041888,0.08063088465012987,-0.03517830954144041
5,0.1,"['sma_5', 'sma_60', 'macd_hist', 'volatility_20', 'atr_14']",500,5,0.03,0.8,1.0,0.10857337747801628,0.08199433577830344,-0.07571553046368162
5,0.1,"['sma_5', 'sma_60', 'macd_hist', 'volatility_20', 'atr_14']",500,5,0.03,1.0,0.8,0.1073883227778139,0.08056333586925651,-0.05236128299065501
5,0.1,"['sma_5', 'sma_60', 'macd_hist', 'volatility_20', 'atr_14']",500,5,0.03,1.0,1.0,0.10737865734025245,0.08080470130794465,-0.052171856910283365
5,0.1,"['sma_5', 'sma_60', 'macd_hist', 'volatility_20', 'atr_14']",500,5,0.1,0.8,0.8,0.1121194709444116,0.08508283524973315,-0.1471304878117332
5,0.1,"['sma_5', 'sma_60', 'macd_hist', 'volatility_20', 'atr_14']",500,5,0.1,0.8,1.0,0.1122969031782328,0.0851263199107627,-0.15076409356249965
5,0.1,"['sma_5', 'sma_60', 'macd_hist', 'volatility_20', 'atr_14']",500,5,0.1,1.0,0.8,0.11241984104638607,0.08548161603376594,-0.15328508780953332
5,0.1,"['sma_5', 'sma_60', 'macd_hist', 'volatility_20', 'atr_14']",500,5,0.1,1.0,1.0,0.1110672401613644,0.08327141135997954,-0.12570009763633294
10,1.0,"['sma_5', 'sma_60', 'price_to_sma_20', 'price_to_sma_60', 'macd', 'macd_signal', 'macd_hist', 'volatility_20', 'atr_14', 'volume_sma_20']",100,2,0.03,0.8,0.8,0.10253786654053004,0.07621918507138736,0.04055673890301692
10,1.0,"['sma_5', 'sma_60', 'price_to_sma_20', 'price_to_sma_60', 'macd', 'macd_signal', 'macd_hist', 'volatility_20', 'atr_14', 'volume_sma_20']",100,2,0.03,0.8,1.0,0.10251599178121912,0.07597463726289552,0.04096605796609487
10,1.0,"['sma_5', 'sma_60', 'price_to_sma_20', 'price_to_sma_60', 'macd', 'macd_signal', 'macd_hist', 'volatility_20', 'atr_14', 'volume_sma_20']",100,2,0.03,1.0,0.8,0.10286812974524133,0.07616872218112848,0.03436626280544863
10,1.0,"['sma_5', 'sma_60', 'price_to_sma_20', 'price_to_sma_60', 'macd', 'macd_signal', 'macd_hist', 'volatility_20', 'atr_14', 'volume_sma_20']",100,2,0.03,1.0,1.0,0.10257021641859053,0.07587551652423197,0.03995125003046229
10,1.0,"['sma_5', 'sma_60', 'price_to_sma_20', 'price_to_sma_60', 'macd', 'macd_signal', 'macd_hist', 'volatility_20', 'atr_14', 'volume_sma_20']",100,2,0.1,0.8,0.8,0.10573182541614408,0.07945597878585935,-0.020145699571871623
10,1.0,"['sma_5', 'sma_60', 'price_to_sma_20', 'price_to_sma_60', 'macd', 'macd_signal', 'macd_hist', 'volatility_20', 'atr_14', 'volume_sma_20']",100,2,0.1,0.8,1.0,0.10655694585939028,0.0794027626091791,-0.03613005446721185
10,1.0,"['sma_5', 'sma_60', 'price_to_sma_20', 'price_to_sma_60', 'macd', 'macd_signal', 'macd_hist', 'volatility_20', 'atr_14', 'volume_sma_20']",100,2,0.1,1.0,0.8,0.10588748988248442,0.07872067454558088,-0.02315174496736505
10,1.0,"['sma_5', 'sma_60', 'price_to_sma_20', 'price_to_sma_60', 'macd', 'macd_signal', 'macd_hist', 'volatility_20', 'atr_14', 'volume_sma_20']",100,2,0.1,1.0,1.0,0.1046184384049294,0.07713633700085362,0.0012260439827990188
10,1.0,"['sma_5', 'sma_60', 'price_to_sma_20', 'price_to_sma_60', 'macd', 'macd_signal', 'macd_hist', 'volatility_20', 'atr_14', 'volume_sma_20']",100,3,0.03,0.8,0.8,0.10360027868585804,0.07693783008310878,0.020571831808095076
10,1.0,"['sma_5', 'sma_60', 'price_to_sma_20', 'price_to_sma_60', 'macd', 'macd_signal', 'macd_hist', 'volatility_20', 'atr_14', 'volume_sma_20']",100,3,0.03,0.8,1.0,0.1038157438530226,0.07672665394669226,0.016493616830694058
10,1.0,"['sma_5', 'sma_60', 'price_to_sma_20', 'price_to_sma_60', 'macd', 'macd_signal', 'macd_hist', 'volatility_20', 'atr_14', 'volume_sma_20']",100,3,0.03,1.0,0.8,0.10372336969154712,0.07675613668656656,0.018243065519970014
10,1.0,"['sma_5', 'sma_60', 'price_to_sma_20', 'price_to_sma_60', 'macd', 'macd_signal', 'macd_hist', 'volatility_20', 'atr_14', 'volume_sma_20']",100,3,0.03,1.0,1.0,0.1029440919825133,0.0760166587793719,0.032939605545051376
10,1.0,"['sma_5', 'sma_60', 'price_to_sma_20', 'price_to_sma_60', 'macd', 'macd_signal', 'macd_hist', 'volatility_20', 'atr_14', 'volume_sma_20']",100,3,0.1,0.8,0.8,0.10873052539251128,0.08149620914636427,-0.0788317417140123
10,1.0,"['sma_5', 'sma_60', 'price_to_sma_20', 'price_to_sma_60', 'macd', 'macd_signal', 'macd_hist', 'volatility_20', 'atr_14', 'volume_sma_20']",100,3,0.1,0.8,1.0,0.10602269145760723,0.0792635807361439,-0.025766218906262184
10,1.0,"['sma_5', 'sma_60', 'price_to_sma_20', 'price_to_sma_60', 'macd', 'macd_signal', 'macd_hist', 'volatility_20', 'atr_14', 'volume_sma_20']",100,3,0.1,1.0,0.8,0.10674501197899908,0.07918237567748626,-0.039790687111608936
10,1.0,"['sma_5', 'sma_60', 'price_to_sma_20', 'price_to_sma_60', 'macd', 'macd_signal', 'macd_hist', 'volatility_20', 'atr_14', 'volume_sma_20']",100,3,0.1,1.0,1.0,0.10673003493714278,0.07957976403229275,-0.03949892835199065
10,1.0,"['sma_5', 'sma_60', 'price_to_sma_20', 'price_to_sma_60', 'macd', 'macd_signal', 'macd_hist', 'volatility_20', 'atr_14', 'volume_sma_20']",100,5,0.03,0.8,0.8,0.10658728108738862,0.07876858905276485,-0.036720081052444176
10,1.0,"['sma_5', 'sma_60', 'price_to_sma_20', 'price_to_sma_60', 'macd', 'macd_signal', 'macd_hist', 'volatility_20', 'atr_14', 'volume_sma_20']",100,5,0.03,0.8,1.0,0.10539742533252058,0.07831699668613387,-0.013703034916752843
10,1.0,"['sma_5', 'sma_60', 'price_to_sma_20', 'price_to_sma_60', 'macd', 'macd_signal', 'macd_hist', 'volatility_20', 'atr_14', 'volume_sma_20']",100,5,0.03,1.0,0.8,0.1073277387727644,0.07937621880160776,-0.051174221393556873
10,1.0,"['sma_5', 'sma_60', 'price_to_sma_20', 'price_to_sma_60', 'macd', 'macd_signal', 'macd_hist', 'volatility_20', 'atr_14', 'volume_sma_20']",100,5,0.03,1.0,1.0,0.106683988579948,0.07912019619602896,-0.038602183329861095
10,1.0,"['sma_5', 'sma_60', 'price_to_sma_20', 'price_to_sma_60', 'macd', 'macd_signal', 'macd_hist', 'volatility_20', 'atr_14', 'volume_sma_20']",100,5,0.1,0.8,0.8,0.10989678612971869,0.08262931966984732,-0.1020993000873136
10,1.0,"['sma_5', 'sma_60', 'price_to_sma_20', 'price_to_sma_60', 'macd', 'macd_signal', 'macd_hist', 'volatility_20', 'atr_14', 'volume_sma_20']",100,5,0.1,0.8,1.0,0.10765433989473366,0.08025373274800253,-0.05758145668628778
10,1.0,"['sma_5', 'sma_60', 'price_to_sma_20', 'price_to_sma_60', 'macd', 'macd_signal', 'macd_hist', 'volatility_20', 'atr_14', 'volume_sma_20']",100,5,0.1,1.0,0.8,0.11111419710955522,0.08277245668322493,-0.12665214461309016
10,1.0,"['sma_5', 'sma_60', 'price_to_sma_20', 'price_to_sma_60', 'macd', 'macd_signal', 'macd_hist', 'volatility_20', 'atr_14', 'volume_sma_20']",100,5,0.1,1.0,1.0,0.11027984084311339,0.08292066890047094,-0.10979561390121195
10,1.0,"['sma_5', 'sma_60', 'price_to_sma_20', 'price_to_sma_60', 'macd', 'macd_signal', 'macd_hist', 'volatility_20', 'atr_14', 'volume_sma_20']",300,2,0.03,0.8,0.8,0.10522344733541013,0.07845479171204478,-0.010359187303589534
10,1.0,"['sma_5', 'sma_60', 'price_to_sma_20', 'price_to_sma_60', 'macd', 'macd_signal', 'macd_hist', 'volatility_20', 'atr_14', 'volume_sma_20']",300,2,0.03,0.8,1.0,0.10546312740778514,0.07844660224486531,-0.014967262235495937
10,1.0,"['sma_5', 'sma_60', 'price_to_sma_20', 'price_to_sma_60', 'macd', 'macd_signal', 'macd_hist', 'volatility_20', 'atr_14', 'volume_sma_20']",300,2,0.03,1.0,0.8,0.10504292779782289,0.07771605325030907,-0.006895451307567191
10,1.0,"['sma_5', 'sma_60', 'price_to_sma_20', 'price_to_sma_60', 'macd', 'macd_signal', 'macd_hist', 'volatility_20', 'atr_14', 'volume_sma_20']",300,2,0.03,1.0,1.0,0.10505747225922904,0.07743641488667113,-0.0071743042719685235
10,1.0,"['sma_5', 'sma_60', 'price_to_sma_20', 'price_to_sma_60', 'macd', 'macd_signal', 'macd_hist', 'volatility_20', 'atr_14', 'volume_sma_20']",300,2,0.1,0.8,0.8,0.11221048476060254,0.08484076090190604,-0.14899362716016396
10,1.0,"['sma_5', 'sma_60', 'price_to_sma_20', 'price_to_sma_60', 'macd', 'macd_signal', 'macd_hist', 'volatility_20', 'atr_14', 'volume_sma_20']",300,2,0.1,0.8,1.0,0.11495596506599122,0.08664828377361433,-0.20590686141571535
10,1.0,"['sma_5', 'sma_60', 'price_to_sma_20', 'price_to_sma_60', 'macd', 'macd_signal', 'macd_hist', 'volatility_20', 'atr_14', 'volume_sma_20']",300,2,0.1,1.0,0.8,0.1139664273697342,0.085975515276942,-0.18523539139157763
10,1.0,"['sma_5', 'sma_60', 'price_to_sma_20', 'price_to_sma_60', 'macd', 'macd_signal', 'macd_hist', 'volatility_20', 'atr_14', 'volume_sma_20']",300,2,0.1,1.0,1.0,0.1110580950801432,0.08277901794434053,-0.1255147289355667
10,1.0,"['sma_5', 'sma_60', 'price_to_sma_20', 'price_to_sma_60', 'macd', 'macd_signal', 'macd_hist', 'volatility_20', 'atr_14', 'volume_sma_20']",300,3,0.03,0.8,0.8,0.10685846484267653,0.07973612807838205,-0.04200212386229163
10,1.0,"['sma_5', 'sma_60', 'price_to_sma_20', 'price_to_sma_60', 'macd', 'macd_signal', 'macd_hist', 'volatility_20', 'atr_14', 'volume_sma_20']",300,3,0.03,0.8,1.0,0.10652043024765682,0.07958717152579893,-0.03542004087376194
10,1.0,"['sma_5', 'sma_60', 'price_to_sma_20', 'price_to_sma_60', 'macd', 'macd_signal', 'macd_hist', 'volatility_20', 'atr_14', 'volume_sma_20']",300,3,0.03,1.0,0.8,0.10637465280706512,0.07917661277524081,-0.03258795319166308
10,1.0,"['sma_5', 'sma_60', 'price_to_sma_20', 'price_to_sma_60', 'macd', 'macd_signal', 'macd_hist', 'volatility_20', 'atr_14', 'volume_sma_20']",300,3,0.03,1.0,1.0,0.1061522072812027,0.07859773082480723,-0.028273872701481295
10,1.0,"['sma_5', 'sma_60', 'price_to_sma_20', 'price_to_sma_60', 'macd', 'macd_signal', 'macd_hist', 'volatility_20', 'atr_14', 'volume_sma_20']",300,3,0.1,0.8,0.8,0.11651942139822452,0.08826641964203662,-0.23893174659998362
10,1.0,"['sma_5', 'sma_60', 'price_to_sma_20', 'price_to_sma_60', 'macd', 'macd_signal', 'macd_hist', 'volatility_20', 'atr_14', 'volume_sma_20']",300,3,0.1,0.8,1.0,0.11286566965569525,0.08566613703022685,-0.16245049866649675
10,1.0,"['sma_5', 'sma_60', 'price_to_sma_20', 'price_to_sma_60', 'macd', 'macd_signal', 'macd_hist', 'volatility_20', 'atr_14', 'volume_sma_20']",300,3,0.1,1.0,0.8,0.11441983122099685,0.0868246143213876,-0.19468482803483678
10,1.0,"['sma_5', 'sma_60', 'price_to_sma_20', 'price_to_sma_60', 'macd', 'macd_signal', 'macd_hist', 'volatility_20', 'atr_14', 'volume_sma_20']",300,3,0.1,1.0,1.0,0.11366726818906159,0.08504708843885454,-0.17902112842812268
10,1.0,"['sma_5', 'sma_60', 'price_to_sma_20', 'price_to_sma_60', 'macd', 'macd_signal', 'macd_hist', 'volatility_20', 'atr_14', 'volume_sma_20']",300,5,0.03,0.8,0.8,0.11047538115307397,0.0828283581266364,-0.11373472316664834
10,1.0,"['sma_5', 'sma_60', 'price_to_sma_20', 'price_to_sma_60', 'macd', 'macd_signal', 'macd_hist', 'volatility_20', 'atr_14', 'volume_sma_20']",300,5,0.03,0.8,1.0,0.10940599868182133,0.08241902338013525,-0.09227756228261197
10,1.0,"['sma_5', 'sma_60', 'price_to_sma_20', 'price_to_sma_60', 'macd', 'macd_signal', 'macd_hist', 'volatility_20', 'atr_14', 'volume_sma_20']",300,5,0.03,1.0,0.8,0.111261490192419,0.08379401073472455,-0.12964110664442696
10,1.0,"['sma_5', 'sma_60', 'price_to_sma_20', 'price_to_sma_60', 'macd', 'macd_signal', 'macd_hist', 'volatility_20', 'atr_14', 'volume_sma_20']",300,5,0.03,1.0,1.0,0.11080454653360497,0.08354402701409669,-0.1203814360076152
10,1.0,"['sma_5', 'sma_60', 'price_to_sma_20', 'price_to_sma_60', 'macd', 'macd_signal', 'macd_hist', 'volatility_20', 'atr_14', 'volume_sma_20']",300,5,0.1,0.8,0.8,0.11558597449192666,0.08787180827531778,-0.21916088480255147
10,1.0,"['sma_5', 'sma_60', 'price_to_sma_20', 'price_to_sma_60', 'macd', 'macd_signal', 'macd_hist', 'volatility_20', 'atr_14', 'volume_sma_20']",300,5,0.1,0.8,1.0,0.11148172491952384,0.08432002457718583,-0.13411763177984604
10,1.0,"['sma_5', 'sma_60', 'price_to_sma_20', 'price_to_sma_60', 'macd', 'macd_signal', 'macd_hist', 'volatility_20', 'atr_14', 'volume_sma_20']",300,5,0.1,1.0,0.8,0.11527945375851148,0.08732286548879248,-0.21270330916694768
10,1.0,"['sma_5', 'sma_60', 'price_to_sma_20', 'price_to_sma_60', 'macd', 'macd_signal', 'macd_hist', 'volatility_20', 'atr_14', 'volume_sma_20']",300,5,0.1,1.0,1.0,0.11480840334830046,0.08731975822796743,-0.20281295534622767
10,1.0,"['sma_5', 'sma_60', 'price_to_sma_20', 'price_to_sma_60', 'macd', 'macd_signal', 'macd_hist', 'volatility_20', 'atr_14', 'volume_sma_20']",500,2,0.03,0.8,0.8,0.10803639543482745,0.08088546053083874,-0.06510129902866946
10,1.0,"['sma_5', 'sma_60', 'price_to_sma_20', 'price_to_sma_60', 'macd', 'macd_signal', 'macd_hist', 'volatility_20', 'atr_14', 'volume_sma_20']",500,2,0.03,0.8,1.0,0.1082778955742167,0.08078605968163854,-0.06986838891605274
10,1.0,"['sma_5', 'sma_60', 'price_to_sma_20', 'price_to_sma_60', 'macd', 'macd_signal', 'macd_hist', 'volatility_20', 'atr_14', 'volume_sma_20']",500,2,0.03,1.0,0.8,0.10728269751871274,0.07973502961247976,-0.05029213310912306
10,1.0,"['sma_5', 'sma_60', 'price_to_sma_20', 'price_to_sma_60', 'macd', 'macd_signal', 'macd_hist', 'volatility_20', 'atr_14', 'volume_sma_20']",500,2,0.03,1.0,1.0,0.10772795463359826,0.07967434630649763,-0.05902831338025205
10,1.0,"['sma_5', 'sma_60', 'price_to_sma_20', 'price_to_sma_60', 'macd', 'macd_signal', 'macd_hist', 'volatility_20', 'atr_14', 'volume_sma_20']",500,2,0.1,0.8,0.8,0.1168945669152867,0.08914956719650534,-0.24692230966013118
10,1.0,"['sma_5', 'sma_60', 'price_to_sma_20', 'price_to_sma_60', 'macd', 'macd_signal', 'macd_hist', 'volatility_20', 'atr_14', 'volume_sma_20']",500,2,0.1,0.8,1.0,0.12042375303088577,0.09143237347867159,-0.3233510267841453
10,1.0,"['sma_5', 'sma_60', 'price_to_sma_20', 'price_to_sma_60', 'macd', 'macd_signal', 'macd_hist', 'volatility_20', 'atr_14', 'volume_sma_20']",500,2,0.1,1.0,0.8,0.11692876929983914,0.08748577548011191,-0.24765209474171956
10,1.0,"['sma_5', 'sma_60', 'price_to_sma_20', 'price_to_sma_60', 'macd', 'macd_signal', 'macd_hist', 'volatility_20', 'atr_14', 'volume_sma_20']",500,2,0.1,1.0,1.0,0.11386967233276825,0.08482542465289687,-0.18322376713706068
10,1.0,"['sma_5', 'sma_60', 'price_to_sma_20', 'price_to_sma_60', 'macd', 'macd_signal', 'macd_hist', 'volatility_20', 'atr_14', 'volume_sma_20']",500,3,0.03,0.8,0.8,0.10918215699877319,0.08202909091122866,-0.08781259448383394
10,1.0,"['sma_5', 'sma_60', 'price_to_sma_20', 'price_to_sma_60', 'macd', 'macd_signal', 'macd_hist', 'volatility_20', 'atr_14', 'volume_sma_20']",500,3,0.03,0.8,1.0,0.1087882188218314,0.08162165356393163,-0.0799769217924613
10,1.0,"['sma_5', 'sma_60', 'price_to_sma_20', 'price_to_sma_60', 'macd', 'macd_signal', 'macd_hist', 'volatility_20', 'atr_14', 'volume_sma_20']",500,3,0.03,1.0,0.8,0.10904453854029232,0.08119882707076072,-0.08507205976678534
10,1.0,"['sma_5', 'sma_60', 'price_to_sma_20', 'price_to_sma_60', 'macd', 'macd_signal', 'macd_hist', 'volatility_20', 'atr_14', 'volume_sma_20']",500,3,0.03,1.0,1.0,0.10909476771758927,0.08093632340734333,-0.08607192331409408
10,1.0,"['sma_5', 'sma_60', 'price_to_sma_20', 'price_to_sma_60', 'macd', 'macd_signal', 'macd_hist', 'volatility_20', 'atr_14', 'volume_sma_20']",500,3,0.1,0.8,0.8,0.11871702241552302,0.09030383701957553,-0.2861059087559934
10,1.0,"['sma_5', 'sma_60', 'price_to_sma_20', 'price_to_sma_60', 'macd', 'macd_signal', 'macd_hist', 'volatility_20', 'atr_14', 'volume_sma_20']",500,3,0.1,0.8,1.0,0.1158733644052998,0.08841669702659968,-0.22523100055170953
10,1.0,"['sma_5', 'sma_60', 'price_to_sma_20', 'price_to_sma_60', 'macd', 'macd_signal', 'macd_hist', 'volatility_20', 'atr_14', 'volume_sma_20']",500,3,0.1,1.0,0.8,0.11736764979897107,0.08828888771448175,-0.2570355476326731
10,1.0,"['sma_5', 'sma_60', 'price_to_sma_20', 'price_to_sma_60', 'macd', 'macd_signal', 'macd_hist', 'volatility_20', 'atr_14', 'volume_sma_20']",500,3,0.1,1.0,1.0,0.11631505291711194,0.08730543595579071,-0.23458952539426292
10,1.0,"['sma_5', 'sma_60', 'price_to_sma_20', 'price_to_sma_60', 'macd', 'macd_signal', 'macd_hist', 'volatility_20', 'atr_14', 'volume_sma_20']",500,5,0.03,0.8,0.8,0.11295587131437389,0.08540970843846857,-0.16430928997484173
10,1.0,"['sma_5', 'sma_60', 'price_to_sma_20', 'price_to_sma_60', 'macd', 'macd_signal', 'macd_hist', 'volatility_20', 'atr_14', 'volume_sma_20']",500,5,0.03,0.8,1.0,0.11204051988214576,0.08462032960213245,-0.14551550903047317
10,1.0,"['sma_5', 'sma_60', 'price_to_sma_20', 'price_to_sma_60', 'macd', 'macd_signal', 'macd_hist', 'volatility_20', 'atr_14', 'volume_sma_20']",500,5,0.03,1.0,0.8,0.11280832491124133,0.08561979659969154,-0.161269563975051
10,1.0,"['sma_5', 'sma_60', 'price_to_sma_20', 'price_to_sma_60', 'macd', 'macd_signal', 'macd_hist', 'volatility_20', 'atr_14', 'volume_sma_20']",500,5,0.03,1.0,1.0,0.11191916782317196,0.08484316776287106,-0.14303541729358127
10,1.0,"['sma_5', 'sma_60', 'price_to_sma_20', 'price_to_sma_60', 'macd', 'macd_signal', 'macd_hist', 'volatility_20', 'atr_14', 'volume_sma_20']",500,5,0.1,0.8,0.8,0.11714717617624923,0.08922287912377577,-0.252317333088923
10,1.0,"['sma_5', 'sma_60', 'price_to_sma_20', 'price_to_sma_60', 'macd', 'macd_signal', 'macd_hist', 'volatility_20', 'atr_14', 'volume_sma_20']",500,5,0.1,0.8,1.0,0.11268909885328575,0.08526766655338269,-0.1588161913663284
10,1.0,"['sma_5', 'sma_60', 'price_to_sma_20', 'price_to_sma_60', 'macd', 'macd_signal', 'macd_hist', 'volatility_20', 'atr_14', 'volume_sma_20']",500,5,0.1,1.0,0.8,0.11649747699199572,0.0883630942822447,-0.23846512805599973
10,1.0,"['sma_5', 'sma_60', 'price_to_sma_20', 'price_to_sma_60', 'macd', 'macd_signal', 'macd_hist', 'volatility_20', 'atr_14', 'volume_sma_20']",500,5,0.1,1.0,1.0,0.1162786938563126,0.08865622097119474,-0.23381780241235872
10,0.1,"['sma_5', 'sma_20', 'sma_60', 'price_to_sma_60', 'rsi_14', 'macd', 'macd_hist', 'volatility_20', 'atr_14', 'volume_sma_20']",100,2,0.03,0.8,0.8,0.10134781423830623,0.07536271311216254,0.06269805934080475
10,0.1,"['sma_5', 'sma_20', 'sma_60', 'price_to_sma_60', 'rsi_14', 'macd', 'macd_hist', 'volatility_20', 'atr_14', 'volume_sma_20']",100,2,0.03,0.8,1.0,0.10116919625724778,0.07503346229848024,0.06599899779305496
10,0.1,"['sma_5', 'sma_20', 'sma_60', 'price_to_sma_60', 'rsi_14', 'macd', 'macd_hist', 'volatility_20', 'atr_14', 'volume_sma_20']",100,2,0.03,1.0,0.8,0.10094336366580069,0.07495427171332797,0.07016414795967507
10,0.1,"['sma_5', 'sma_20', 'sma_60', 'price_to_sma_60', 'rsi_14', 'macd', 'macd_hist', 'volatility_20', 'atr_14', 'volume_sma_20']",100,2,0.03,1.0,1.0,0.10091558251632696,0.07493031343814252,0.07067588747748843
10,0.1,"['sma_5', 'sma_20', 'sma_60', 'price_to_sma_60', 'rsi_14', 'macd', 'macd_hist', 'volatility_20', 'atr_14', 'volume_sma_20']",100,2,0.1,0.8,0.8,0.10293173815819959,0.07745038347523453,0.03317169613207138
10,0.1,"['sma_5', 'sma_20', 'sma_60', 'price_to_sma_60', 'rsi_14', 'macd', 'macd_hist', 'volatility_20', 'atr_14', 'volume_sma_20']",100,2,0.1,0.8,1.0,0.1037281427029478,0.0777603325430155,0.018152708932622774
10,0.1,"['sma_5', 'sma_20', 'sma_60', 'price_to_sma_60', 'rsi_14', 'macd', 'macd_hist', 'volatility_20', 'atr_14', 'volume_sma_20']",100,2,0.1,1.0,0.8,0.10256811797772603,0.076655794515247,0.03999053209481185
10,0.1,"['sma_5', 'sma_20', 'sma_60', 'price_to_sma_60', 'rsi_14', 'macd', 'macd_hist', 'volatility_20', 'atr_14', 'volume_sma_20']",100,2,0.1,1.0,1.0,0.10349691440346052,0.07730572886111728,0.022525250995980683
10,0.1,"['sma_5', 'sma_20', 'sma_60', 'price_to_sma_60', 'rsi_14', 'macd', 'macd_hist', 'volatility_20', 'atr_14', 'volume_sma_20']",100,3,0.03,0.8,0.8,0.10364535116705888,0.0770242146547419,0.01971942366388768
10,0.1,"['sma_5', 'sma_20', 'sma_60', 'price_to_sma_60', 'rsi_14', 'macd', 'macd_hist', 'volatility_20', 'atr_14', 'volume_sma_20']",100,3,0.03,0.8,1.0,0.1027676707514874,0.0760465575904226,0.03625137973033443
10,0.1,"['sma_5', 'sma_20', 'sma_60', 'price_to_sma_60', 'rsi_14', 'macd', 'macd_hist', 'volatility_20', 'atr_14', 'volume_sma_20']",100,3,0.03,1.0,0.8,0.10341766255366572,0.07673360549509162,0.02402166318794241
10,0.1,"['sma_5', 'sma_20', 'sma_60', 'price_to_sma_60', 'rsi_14', 'macd', 'macd_hist', 'volatility_20', 'atr_14', 'volume_sma_20']",100,3,0.03,1.0,1.0,0.10289686864374853,0.07619522515018516,0.03382663743157821
10,0.1,"['sma_5', 'sma_20', 'sma_60', 'price_to_sma_60', 'rsi_14', 'macd', 'macd_hist', 'volatility_20', 'atr_14', 'volume_sma_20']",100,3,0.1,0.8,0.8,0.10358783968707042,0.07767421101595254,0.02080701214844405
10,0.1,"['sma_5', 'sma_20', 'sma_60', 'price_to_sma_60', 'rsi_14', 'macd', 'macd_hist', 'volatility_20', 'atr_14', 'volume_sma_20']",100,3,0.1,0.8,1.0,0.10485152978240599,0.07843658492392838,-0.0032294793044875814
10,0.1,"['sma_5', 'sma_20', 'sma_60', 'price_to_sma_60', 'rsi_14', 'macd', 'macd_hist', 'volatility_20', 'atr_14', 'volume_sma_20']",100,3,0.1,1.0,0.8,0.10656827732680674,0.0798776406108705,-0.03635043424874751
10,0.1,"['sma_5', 'sma_20', 'sma_60', 'price_to_sma_60', 'rsi_14', 'macd', 'macd_hist', 'volatility_20', 'atr_14', 'volume_sma_20']",100,3,0.1,1.0,1.0,0.10481438388102386,0.07809887651683091,-0.0025187741337786562
10,0.1,"['sma_5', 'sma_20', 'sma_60', 'price_to_sma_60', 'rsi_14', 'macd', 'macd_hist', 'volatility_20', 'atr_14', 'volume_sma_20']",100,5,0.03,0.8,0.8,0.10564925416276075,0.07817194964983552,-0.018552956475380133
10,0.1,"['sma_5', 'sma_20', 'sma_60', 'price_to_sma_60', 'rsi_14', 'macd', 'macd_hist', 'volatility_20', 'atr_14', 'volume_sma_20']",100,5,0.03,0.8,1.0,0.10603124534926656,0.07886886150249045,-0.02593174285095512
10,0.1,"['sma_5', 'sma_20', 'sma_60', 'price_to_sma_60', 'rsi_14', 'macd', 'macd_hist', 'volatility_20', 'atr_14', 'volume_sma_20']",100,5,0.03,1.0,0.8,0.10552014434160875,0.07846757692617724,-0.016065010158837767
10,0.1,"['sma_5', 'sma_20', 'sma_60', 'price_to_sma_60', 'rsi_14', 'macd', 'macd_hist', 'volatility_20', 'atr_14', 'volume_sma_20']",100,5,0.03,1.0,1.0,0.1041476029260268,0.07742979798559302,0.01019578243545094
10,0.1,"['sma_5', 'sma_20', 'sma_60', 'price_to_sma_60', 'rsi_14', 'macd', 'macd_hist', 'volatility_20', 'atr_14', 'volume_sma_20']",100,5,0.1,0.8,0.8,0.10959230041477196,0.08254830684864208,-0.09600069381319476
10,0.1,"['sma_5', 'sma_20', 'sma_60', 'price_to_sma_60', 'rsi_14', 'macd', 'macd_hist', 'volatility_20', 'atr_14', 'volume_sma_20']",100,5,0.1,0.8,1.0,0.1104230419155473,0.0844874857753506,-0.11267967873443197
10,0.1,"['sma_5', 'sma_20', 'sma_60', 'price_to_sma_60', 'rsi_14', 'macd', 'macd_hist', 'volatility_20', 'atr_14', 'volume_sma_20']",100,5,0.1,1.0,0.8,0.10874335351954087,0.08175431417745853,-0.07908631984592662
10,0.1,"['sma_5', 'sma_20', 'sma_60', 'price_to_sma_60', 'rsi_14', 'macd', 'macd_hist', 'volatility_20', 'atr_14', 'volume_sma_20']",100,5,0.1,1.0,1.0,0.10561117604841166,0.08052359834004691,-0.017818874878983593
10,0.1,"['sma_5', 'sma_20', 'sma_60', 'price_to_sma_60', 'rsi_14', 'macd', 'macd_hist', 'volatility_20', 'atr_14', 'volume_sma_20']",300,2,0.03,0.8,0.8,0.10303517485591625,0.0773241368394558,0.031227577109754878
10,0.1,"['sma_5', 'sma_20', 'sma_60', 'price_to_sma_60', 'rsi_14', 'macd', 'macd_hist', 'volatility_20', 'atr_14', 'volume_sma_20']",300,2,0.03,0.8,1.0,0.10253279724433277,0.07687347967254435,0.040651603015418036
10,0.1,"['sma_5', 'sma_20', 'sma_60', 'price_to_sma_60', 'rsi_14', 'macd', 'macd_hist', 'volatility_20', 'atr_14', 'volume_sma_20']",300,2,0.03,1.0,0.8,0.10227868672020979,0.07631438252131997,0.04540088218714877
10,0.1,"['sma_5', 'sma_20', 'sma_60', 'price_to_sma_60', 'rsi_14', 'macd', 'macd_hist', 'volatility_20', 'atr_14', 'volume_sma_20']",300,2,0.03,1.0,1.0,0.10220390626197338,0.07617446418426596,0.04679627090904659
10,0.1,"['sma_5', 'sma_20', 'sma_60', 'price_to_sma_60', 'rsi_14', 'macd', 'macd_hist', 'volatility_20', 'atr_14', 'volume_sma_20']",300,2,0.1,0.8,0.8,0.10896873077634109,0.08325587123941922,-0.08356389997843539
10,0.1,"['sma_5', 'sma_20', 'sma_60', 'price_to_sma_60', 'rsi_14', 'macd', 'macd_hist', 'volatility_20', 'atr_14', 'volume_sma_20']",300,2,0.1,0.8,1.0,0.11056365026503494,0.08432624877331013,-0.115515167783794
10,0.1,"['sma_5', 'sma_20', 'sma_60', 'price_to_sma_60', 'rsi_14', 'macd', 'macd_hist', 'volatility_20', 'atr_14', 'volume_sma_20']",300,2,0.1,1.0,0.8,0.10853497622887687,0.08252576373269829,-0.0749547267417634
10,0.1,"['sma_5', 'sma_20', 'sma_60', 'price_to_sma_60', 'rsi_14', 'macd', 'macd_hist', 'volatility_20', 'atr_14', 'volume_sma_20']",300,2,0.1,1.0,1.0,0.10963994145219474,0.08266918144503876,-0.096953789222606
10,0.1,"['sma_5', 'sma_20', 'sma_60', 'price_to_sma_60', 'rsi_14', 'macd', 'macd_hist', 'volatility_20', 'atr_14', 'volume_sma_20']",300,3,0.03,0.8,0.8,0.10592360470121281,0.0795966515033762,-0.023849792323686225
10,0.1,"['sma_5', 'sma_20', 'sma_60', 'price_to_sma_60', 'rsi_14', 'macd', 'macd_hist', 'volatility_20', 'atr_14', 'volume_sma_20']",300,3,0.03,0.8,1.0,0.10496020114916628,0.07865956479258175,-0.005310113053317966
10,0.1,"['sma_5', 'sma_20', 'sma_60', 'price_to_sma_60', 'rsi_14', 'macd', 'macd_hist', 'volatility_20', 'atr_14', 'volume_sma_20']",300,3,0.03,1.0,0.8,0.10587866686791493,0.07952186951287998,-0.022981245002429374
10,0.1,"['sma_5', 'sma_20', 'sma_60', 'price_to_sma_60', 'rsi_14', 'macd', 'macd_hist', 'volatility_20', 'atr_14', 'volume_sma_20']",300,3,0.03,1.0,1.0,0.10459409560946416,0.07816040852621843,0.0016907827403025433
10,0.1,"['sma_5', 'sma_20', 'sma_60', 'price_to_sma_60', 'rsi_14', 'macd', 'macd_hist', 'volatility_20', 'atr_14', 'volume_sma_20']",300,3,0.1,0.8,0.8,0.11072728942316719,0.08416208295469961,-0.11881963625323322
10,0.1,"['sma_5', 'sma_20', 'sma_60', 'price_to_sma_60', 'rsi_14', 'macd', 'macd_hist', 'volatility_20', 'atr_14', 'volume_sma_20']",300,3,0.1,0.8,1.0,0.11013319848132506,0.08394118237092682,-0.10684612020297757
10,0.1,"['sma_5', 'sma_20', 'sma_60', 'price_to_sma_60', 'rsi_14', 'macd', 'macd_hist', 'volatility_20', 'atr_14', 'volume_sma_20']",300,3,0.1,1.0,0.8,0.11221197758369185,0.08553554256143243,-0.1490241992698802
10,0.1,"['sma_5', 'sma_20', 'sma_60', 'price_to_sma_60', 'rsi_14', 'macd', 'macd_hist', 'volatility_20', 'atr_14', 'volume_sma_20']",300,3,0.1,1.0,1.0,0.11132706903152573,0.08480059430528222,-0.13097314676414817
10,0.1,"['sma_5', 'sma_20', 'sma_60', 'price_to_sma_60', 'rsi_14', 'macd', 'macd_hist', 'volatility_20', 'atr_14', 'volume_sma_20']",300,5,0.03,0.8,0.8,0.10766101006353694,0.08112798366474244,-0.057712514391600855
10,0.1,"['sma_5', 'sma_20', 'sma_60', 'price_to_sma_60', 'rsi_14', 'macd', 'macd_hist', 'volatility_20', 'atr_14', 'volume_sma_20']",300,5,0.03,0.8,1.0,0.1085649356935728,0.08219620794045629,-0.075548259152596
10,0.1,"['sma_5', 'sma_20', 'sma_60', 'price_to_sma_60', 'rsi_14', 'macd', 'macd_hist', 'volatility_20', 'atr_14', 'volume_sma_20']",300,5,0.03,1.0,0.8,0.10839007856375762,0.08200715399143171,-0.0720864447523284
10,0.1,"['sma_5', 'sma_20', 'sma_60', 'price_to_sma_60', 'rsi_14', 'macd', 'macd_hist', 'volatility_20', 'atr_14', 'volume_sma_20']",300,5,0.03,1.0,1.0,0.10431923833914258,0.07848396454849203,0.006930696408360748
10,0.1,"['sma_5', 'sma_20', 'sma_60', 'price_to_sma_60', 'rsi_14', 'macd', 'macd_hist', 'volatility_20', 'atr_14', 'volume_sma_20']",300,5,0.1,0.8,0.8,0.1139737521881864,0.08626798802749526,-0.18538775052500345
10,0.1,"['sma_5', 'sma_20', 'sma_60', 'price_to_sma_60', 'rsi_14', 'macd', 'macd_hist', 'volatility_20', 'atr_14', 'volume_sma_20']",300,5,0.1,0.8,1.0,0.11305236930572833,0.08685023231283708,-0.16629947425099512
10,0.1,"['sma_5', 'sma_20', 'sma_60', 'price_to_sma_60', 'rsi_14', 'macd', 'macd_hist', 'volatility_20', 'atr_14', 'volume_sma_20']",300,5,0.1,1.0,0.8,0.11364067759379792,0.08622182953379193,-0.17846956759410038
10,0.1,"['sma_5', 'sma_20', 'sma_60', 'price_to_sma_60', 'rsi_14', 'macd', 'macd_hist', 'volatility_20', 'atr_14', 'volume_sma_20']",300,5,0.1,1.0,1.0,0.10928771416580045,0.0841167609650051,-0.08991700285792548
10,0.1,"['sma_5', 'sma_20', 'sma_60', 'price_to_sma_60', 'rsi_14', 'macd', 'macd_hist', 'volatility_20', 'atr_14', 'volume_sma_20']",500,2,0.03,0.8,0.8,0.10435999600791293,0.07863512721795021,0.006154557754700307
10,0.1,"['sma_5', 'sma_20', 'sma_60', 'price_to_sma_60', 'rsi_14', 'macd', 'macd_hist', 'volatility_20', 'atr_14', 'volume_sma_20']",500,2,0.03,0.8,1.0,0.1044776766905272,0.07901175852322324,0.003911890890095027
10,0.1,"['sma_5', 'sma_20', 'sma_60', 'price_to_sma_60', 'rsi_14', 'macd', 'macd_hist', 'volatility_20', 'atr_14', 'volume_sma_20']",500,2,0.03,1.0,0.8,0.10430853571662317,0.0782832315558479,0.007134453660598616
10,0.1,"['sma_5', 'sma_20', 'sma_60', 'price_to_sma_60', 'rsi_14', 'macd', 'macd_hist', 'volatility_20', 'atr_14', 'volume_sma_20']",500,2,0.03,1.0,1.0,0.10419901617446678,0.07803417006889525,0.009218292611472001
10,0.1,"['sma_5', 'sma_20', 'sma_60', 'price_to_sma_60', 'rsi_14', 'macd', 'macd_hist', 'volatility_20', 'atr_14', 'volume_sma_20']",500,2,0.1,0.8,0.8,0.11287376697291526,0.0865128296595591,-0.1626172999288742
10,0.1,"['sma_5', 'sma_20', 'sma_60', 'price_to_sma_60', 'rsi_14', 'macd', 'macd_hist', 'volatility_20', 'atr_14', 'volume_sma_20']",500,2,0.1,0.8,1.0,0.11452426864712877,0.08753101914863941,-0.1968667356528344
10,0.1,"['sma_5', 'sma_20', 'sma_60', 'price_to_sma_60', 'rsi_14', 'macd', 'macd_hist', 'volatility_20', 'atr_14', 'volume_sma_20']",500,2,0.1,1.0,0.8,0.11105063769842484,0.0841380128588774,-0.12536358081519827
10,0.1,"['sma_5', 'sma_20', 'sma_60', 'price_to_sma_60', 'rsi_14', 'macd', 'macd_hist', 'volatility_20', 'atr_14', 'volume_sma_20']",500,2,0.1,1.0,1.0,0.11322407502564658,0.08512180807490109,-0.16984495271093336
10,0.1,"['sma_5', 'sma_20', 'sma_60', 'price_to_sma_60', 'rsi_14', 'macd', 'macd_hist', 'volatility_20', 'atr_14', 'volume_sma_20']",500,3,0.03,0.8,0.8,0.10759910059331507,0.08130534436684013,-0.0564964085080808
10,0.1,"['sma_5', 'sma_20', 'sma_60', 'price_to_sma_60', 'rsi_14', 'macd', 'macd_hist', 'volatility_20', 'atr_14', 'volume_sma_20']",500,3,0.03,0.8,1.0,0.10718269632416601,0.08059461030944516,-0.04833503248716364
10,0.1,"['sma_5', 'sma_20', 'sma_60', 'price_to_sma_60', 'rsi_14', 'macd', 'macd_hist', 'volatility_20', 'atr_14', 'volume_sma_20']",500,3,0.03,1.0,0.8,0.10900999671967292,0.08264799991091074,-0.08438473642791533
10,0.1,"['sma_5', 'sma_20', 'sma_60', 'price_to_sma_60', 'rsi_14', 'macd', 'macd_hist', 'volatility_20', 'atr_14', 'volume_sma_20']",500,3,0.03,1.0,1.0,0.1079595678574753,0.0815830952868411,-0.06358699347159003
10,0.1,"['sma_5', 'sma_20', 'sma_60', 'price_to_sma_60', 'rsi_14', 'macd', 'macd_hist', 'volatility_20', 'atr_14', 'volume_sma_20']",500,3,0.1,0.8,0.8,0.11258861176613544,0.08586841871636504,-0.156750434408927
10,0.1,"['sma_5', 'sma_20', 'sma_60', 'price_to_sma_60', 'rsi_14', 'macd', 'macd_hist', 'volatility_20', 'atr_14', 'volume_sma_20']",500,3,0.1,0.8,1.0,0.11198250261018812,0.08495124175627382,-0.14432946530845991
10,0.1,"['sma_5', 'sma_20', 'sma_60', 'price_to_sma_60', 'rsi_14', 'macd', 'macd_hist', 'volatility_20', 'atr_14', 'volume_sma_20']",500,3,0.1,1.0,0.8,0.11541804902714115,0.08858845127768501,-0.2156210186089227
10,0.1,"['sma_5', 'sma_20', 'sma_60', 'price_to_sma_60', 'rsi_14', 'macd', 'macd_hist', 'volatility_20', 'atr_14', 'volume_sma_20']",500,3,0.1,1.0,1.0,0.11453891381007696,0.08717415475839911,-0.19717286167001258
10,0.1,"['sma_5', 'sma_20', 'sma_60', 'price_to_sma_60', 'rsi_14', 'macd', 'macd_hist', 'volatility_20', 'atr_14', 'volume_sma_20']",500,5,0.03,0.8,0.8,0.11036042984006945,0.08376953878094916,-0.11141821316573641
10,0.1,"['sma_5', 'sma_20', 'sma_60', 'price_to_sma_60', 'rsi_14', 'macd', 'macd_hist', 'volatility_20', 'atr_14', 'volume_sma_20']",500,5,0.03,0.8,1.0,0.11084486976556222,0.08451536815009784,-0.12119702746597061
10,0.1,"['sma_5', 'sma_20', 'sma_60', 'price_to_sma_60', 'rsi_14', 'macd', 'macd_hist', 'volatility_20', 'atr_14', 'volume_sma_20']",500,5,0.03,1.0,0.8,0.10982725783294008,0.08364104708810002,-0.10070521296029256
10,0.1,"['sma_5', 'sma_20', 'sma_60', 'price_to_sma_60', 'rsi_14', 'macd', 'macd_hist', 'volatility_20', 'atr_14', 'volume_sma_20']",500,5,0.03,1.0,1.0,0.10513865092616805,0.07995720605608798,-0.008731407337947417
10,0.1,"['sma_5', 'sma_20', 'sma_60', 'price_to_sma_60', 'rsi_14', 'macd', 'macd_hist', 'volatility_20', 'atr_14', 'volume_sma_20']",500,5,0.1,0.8,0.8,0.11449964644096082,0.08663647729836481,-0.19635214897241293
10,0.1,"['sma_5', 'sma_20', 'sma_60', 'price_to_sma_60', 'rsi_14', 'macd', 'macd_hist', 'volatility_20', 'atr_14', 'volume_sma_20']",500,5,0.1,0.8,1.0,0.11430326896649252,0.08787496678907755,-0.1922519591135794
10,0.1,"['sma_5', 'sma_20', 'sma_60', 'price_to_sma_60', 'rsi_14', 'macd', 'macd_hist', 'volatility_20', 'atr_14', 'volume_sma_20']",500,5,0.1,1.0,0.8,0.1154868294467808,0.0877264786067231,-0.21707028650728266
10,0.1,"['sma_5', 'sma_20', 'sma_60', 'price_to_sma_60', 'rsi_14', 'macd', 'macd_hist', 'volatility_20', 'atr_14', 'volume_sma_20']",500,5,0.1,1.0,1.0,0.11099392718932338,0.08554237402866816,-0.12421448978124494
15,1.0,"['return_10d', 'return_20d', 'sma_5', 'sma_20', 'sma_60', 'price_to_sma_20', 'price_to_sma_60', 'rsi_14', 'macd', 'macd_signal', 'macd_hist', 'volatility_20', 'atr_14', 'volume_sma_20', 'volume_ratio_20']",100,2,0.03,0.8,0.8,0.10276189440135171,0.07647851978278616,0.03635971716718833
15,1.0,"['return_10d', 'return_20d', 'sma_5', 'sma_20', 'sma_60', 'price_to_sma_20', 'price_to_sma_60', 'rsi_14', 'macd', 'macd_signal', 'macd_hist', 'volatility_20', 'atr_14', 'volume_sma_20', 'volume_ratio_20']",100,2,0.03,0.8,1.0,0.10248826775398043,0.07598936527102622,0.04148470266637616
15,1.0,"['return_10d', 'return_20d', 'sma_5', 'sma_20', 'sma_60', 'price_to_sma_20', 'price_to_sma_60', 'rsi_14', 'macd', 'macd_signal', 'macd_hist', 'volatility_20', 'atr_14', 'volume_sma_20', 'volume_ratio_20']",100,2,0.03,1.0,0.8,0.10246608678139492,0.07607085357231404,0.04189955016686753
15,1.0,"['return_10d', 'return_20d', 'sma_5', 'sma_20', 'sma_60', 'price_to_sma_20', 'price_to_sma_60', 'rsi_14', 'macd', 'macd_signal', 'macd_hist', 'volatility_20', 'atr_14', 'volume_sma_20', 'volume_ratio_20']",100,2,0.03,1.0,1.0,0.10279458708901601,0.07610503267913046,0.03574647424648092
15,1.0,"['return_10d', 'return_20d', 'sma_5', 'sma_20', 'sma_60', 'price_to_sma_20', 'price_to_sma_60', 'rsi_14', 'macd', 'macd_signal', 'macd_hist', 'volatility_20', 'atr_14', 'volume_sma_20', 'volume_ratio_20']",100,2,0.1,0.8,0.8,0.10571856343585696,0.07870888390020946,-0.01988980114921035
15,1.0,"['return_10d', 'return_20d', 'sma_5', 'sma_20', 'sma_60', 'price_to_sma_20', 'price_to_sma_60', 'rsi_14', 'macd', 'macd_signal', 'macd_hist', 'volatility_20', 'atr_14', 'volume_sma_20', 'volume_ratio_20']",100,2,0.1,0.8,1.0,0.10518062703218359,0.07796965819730316,-0.009537030553893544
15,1.0,"['return_10d', 'return_20d', 'sma_5', 'sma_20', 'sma_60', 'price_to_sma_20', 'price_to_sma_60', 'rsi_14', 'macd', 'macd_signal', 'macd_hist', 'volatility_20', 'atr_14', 'volume_sma_20', 'volume_ratio_20']",100,2,0.1,1.0,0.8,0.10489492831720806,0.07775313484967804,-0.00406013384992443
15,1.0,"['return_10d', 'return_20d', 'sma_5', 'sma_20', 'sma_60', 'price_to_sma_20', 'price_to_sma_60', 'rsi_14', 'macd', 'macd_signal', 'macd_hist', 'volatility_20', 'atr_14', 'volume_sma_20', 'volume_ratio_20']",100,2,0.1,1.0,1.0,0.10530878566225664,0.07780512019358547,-0.011998695013624605
15,1.0,"['return_10d', 'return_20d', 'sma_5', 'sma_20', 'sma_60', 'price_to_sma_20', 'price_to_sma_60', 'rsi_14', 'macd', 'macd_signal', 'macd_hist', 'volatility_20', 'atr_14', 'volume_sma_20', 'volume_ratio_20']",100,3,0.03,0.8,0.8,0.10344648555723455,0.07676644048485722,0.023477567596119076
15,1.0,"['return_10d', 'return_20d', 'sma_5', 'sma_20', 'sma_60', 'price_to_sma_20', 'price_to_sma_60', 'rsi_14', 'macd', 'macd_signal', 'macd_hist', 'volatility_20', 'atr_14', 'volume_sma_20', 'volume_ratio_20']",100,3,0.03,0.8,1.0,0.10396187793405305,0.07674472928654895,0.013722843322363176
15,1.0,"['return_10d', 'return_20d', 'sma_5', 'sma_20', 'sma_60', 'price_to_sma_20', 'price_to_sma_60', 'rsi_14', 'macd', 'macd_signal', 'macd_hist', 'volatility_20', 'atr_14', 'volume_sma_20', 'volume_ratio_20']",100,3,0.03,1.0,0.8,0.10405123956234727,0.07724928631153585,0.01202658286051106
15,1.0,"['return_10d', 'return_20d', 'sma_5', 'sma_20', 'sma_60', 'price_to_sma_20', 'price_to_sma_60', 'rsi_14', 'macd', 'macd_signal', 'macd_hist', 'volatility_20', 'atr_14', 'volume_sma_20', 'volume_ratio_20']",100,3,0.03,1.0,1.0,0.10438465393102202,0.07735180310835564,0.005684855559168089
15,1.0,"['return_10d', 'return_20d', 'sma_5', 'sma_20', 'sma_60', 'price_to_sma_20', 'price_to_sma_60', 'rsi_14', 'macd', 'macd_signal', 'macd_hist', 'volatility_20', 'atr_14', 'volume_sma_20', 'volume_ratio_20']",100,3,0.1,0.8,0.8,0.107282512326928,0.08020480409774502,-0.050288507076011735
15,1.0,"['return_10d', 'return_20d', 'sma_5', 'sma_20', 'sma_60', 'price_to_sma_20', 'price_to_sma_60', 'rsi_14', 'macd', 'macd_signal', 'macd_hist', 'volatility_20', 'atr_14', 'volume_sma_20', 'volume_ratio_20']",100,3,0.1,0.8,1.0,0.10617524915772038,0.07880905129656383,-0.02872032467269814
15,1.0,"['return_10d', 'return_20d', 'sma_5', 'sma_20', 'sma_60', 'price_to_sma_20', 'price_to_sma_60', 'rsi_14', 'macd', 'macd_signal', 'macd_hist', 'volatility_20', 'atr_14', 'volume_sma_20', 'volume_ratio_20']",100,3,0.1,1.0,0.8,0.11095605484109752,0.0823592417912241,-0.12344743198076413
15,1.0,"['return_10d', 'return_20d', 'sma_5', 'sma_20', 'sma_60', 'price_to_sma_20', 'price_to_sma_60', 'rsi_14', 'macd', 'macd_signal', 'macd_hist', 'volatility_20', 'atr_14', 'volume_sma_20', 'volume_ratio_20']",100,3,0.1,1.0,1.0,0.10736544902899303,0.07931977699994426,-0.05191302412190413
15,1.0,"['return_10d', 'return_20d', 'sma_5', 'sma_20', 'sma_60', 'price_to_sma_20', 'price_to_sma_60', 'rsi_14', 'macd', 'macd_signal', 'macd_hist', 'volatility_20', 'atr_14', 'volume_sma_20', 'volume_ratio_20']",100,5,0.03,0.8,0.8,0.10557597855586637,0.07777499085821779,-0.017140562149599248
15,1.0,"['return_10d', 'return_20d', 'sma_5', 'sma_20', 'sma_60', 'price_to_sma_20', 'price_to_sma_60', 'rsi_14', 'macd', 'macd_signal', 'macd_hist', 'volatility_20', 'atr_14', 'volume_sma_20', 'volume_ratio_20']",100,5,0.03,0.8,1.0,0.10660128056618023,0.07876263407846011,-0.036992430506609386
15,1.0,"['return_10d', 'return_20d', 'sma_5', 'sma_20', 'sma_60', 'price_to_sma_20', 'price_to_sma_60', 'rsi_14', 'macd', 'macd_signal', 'macd_hist', 'volatility_20', 'atr_14', 'volume_sma_20', 'volume_ratio_20']",100,5,0.03,1.0,0.8,0.10609079553319103,0.07808661278161823,-0.027084451752345418
15,1.0,"['return_10d', 'return_20d', 'sma_5', 'sma_20', 'sma_60', 'price_to_sma_20', 'price_to_sma_60', 'rsi_14', 'macd', 'macd_signal', 'macd_hist', 'volatility_20', 'atr_14', 'volume_sma_20', 'volume_ratio_20']",100,5,0.03,1.0,1.0,0.10618563134264052,0.07839988431550311,-0.02892151820712696
15,1.0,"['return_10d', 'return_20d', 'sma_5', 'sma_20', 'sma_60', 'price_to_sma_20', 'price_to_sma_60', 'rsi_14', 'macd', 'macd_signal', 'macd_hist', 'volatility_20', 'atr_14', 'volume_sma_20', 'volume_ratio_20']",100,5,0.1,0.8,0.8,0.1097923472033079,0.0824390589599409,-0.10000556506733438
15,1.0,"['return_10d', 'return_20d', 'sma_5', 'sma_20', 'sma_60', 'price_to_sma_20', 'price_to_sma_60', 'rsi_14', 'macd', 'macd_signal', 'macd_hist', 'volatility_20', 'atr_14', 'volume_sma_20', 'volume_ratio_20']",100,5,0.1,0.8,1.0,0.11058654739785385,0.08292434813843101,-0.11597724991860336
15,1.0,"['return_10d', 'return_20d', 'sma_5', 'sma_20', 'sma_60', 'price_to_sma_20', 'price_to_sma_60', 'rsi_14', 'macd', 'macd_signal', 'macd_hist', 'volatility_20', 'atr_14', 'volume_sma_20', 'volume_ratio_20']",100,5,0.1,1.0,0.8,0.10975960400177091,0.08153485462265185,-0.09934955699256198
15,1.0,"['return_10d', 'return_20d', 'sma_5', 'sma_20', 'sma_60', 'price_to_sma_20', 'price_to_sma_60', 'rsi_14', 'macd', 'macd_signal', 'macd_hist', 'volatility_20', 'atr_14', 'volume_sma_20', 'volume_ratio_20']",100,5,0.1,1.0,1.0,0.11008837819342053,0.08274704280699584,-0.10594540964745391
15,1.0,"['return_10d', 'return_20d', 'sma_5', 'sma_20', 'sma_60', 'price_to_sma_20', 'price_to_sma_60', 'rsi_14', 'macd', 'macd_signal', 'macd_hist', 'volatility_20', 'atr_14', 'volume_sma_20', 'volume_ratio_20']",300,2,0.03,0.8,0.8,0.10525209500960458,0.07824326161324305,-0.010909414115076066
15,1.0,"['return_10d', 'return_20d', 'sma_5', 'sma_20', 'sma_60', 'price_to_sma_20', 'price_to_sma_60', 'rsi_14', 'macd', 'macd_signal', 'macd_hist', 'volatility_20', 'atr_14', 'volume_sma_20', 'volume_ratio_20']",300,2,0.03,0.8,1.0,0.1056575105924375,0.07837748498232518,-0.018712161375159297
15,1.0,"['return_10d', 'return_20d', 'sma_5', 'sma_20', 'sma_60', 'price_to_sma_20', 'price_to_sma_60', 'rsi_14', 'macd', 'macd_signal', 'macd_hist', 'volatility_20', 'atr_14', 'volume_sma_20', 'volume_ratio_20']",300,2,0.03,1.0,0.8,0.10504316253328913,0.07776335610783665,-0.006899951455121123
15,1.0,"['return_10d', 'return_20d', 'sma_5', 'sma_20', 'sma_60', 'price_to_sma_20', 'price_to_sma_60', 'rsi_14', 'macd', 'macd_signal', 'macd_hist', 'volatility_20', 'atr_14', 'volume_sma_20', 'volume_ratio_20']",300,2,0.03,1.0,1.0,0.10527432593105623,0.07772562648118277,-0.011336499602604189
15,1.0,"['return_10d', 'return_20d', 'sma_5', 'sma_20', 'sma_60', 'price_to_sma_20', 'price_to_sma_60', 'rsi_14', 'macd', 'macd_signal', 'macd_hist', 'volatility_20', 'atr_14', 'volume_sma_20', 'volume_ratio_20']",300,2,0.1,0.8,0.8,0.11250201776826736,0.08455927817715908,-0.1549717620782174
15,1.0,"['return_10d', 'return_20d', 'sma_5', 'sma_20', 'sma_60', 'price_to_sma_20', 'price_to_sma_60', 'rsi_14', 'macd', 'macd_signal', 'macd_hist', 'volatility_20', 'atr_14', 'volume_sma_20', 'volume_ratio_20']",300,2,0.1,0.8,1.0,0.110555918325512,0.08258606690377784,-0.115359152778711
15,1.0,"['return_10d', 'return_20d', 'sma_5', 'sma_20', 'sma_60', 'price_to_sma_20', 'price_to_sma_60', 'rsi_14', 'macd', 'macd_signal', 'macd_hist', 'volatility_20', 'atr_14', 'volume_sma_20', 'volume_ratio_20']",300,2,0.1,1.0,0.8,0.11025434298323461,0.08186675337233616,-0.10928248037633259
15,1.0,"['return_10d', 'return_20d', 'sma_5', 'sma_20', 'sma_60', 'price_to_sma_20', 'price_to_sma_60', 'rsi_14', 'macd', 'macd_signal', 'macd_hist', 'volatility_20', 'atr_14', 'volume_sma_20', 'volume_ratio_20']",300,2,0.1,1.0,1.0,0.11139217725416997,0.08285357778143851,-0.13229640416278077
15,1.0,"['return_10d', 'return_20d', 'sma_5', 'sma_20', 'sma_60', 'price_to_sma_20', 'price_to_sma_60', 'rsi_14', 'macd', 'macd_signal', 'macd_hist', 'volatility_20', 'atr_14', 'volume_sma_20', 'volume_ratio_20']",300,3,0.03,0.8,0.8,0.10587905798354279,0.07870675964347404,-0.022988802798588726
15,1.0,"['return_10d', 'return_20d', 'sma_5', 'sma_20', 'sma_60', 'price_to_sma_20', 'price_to_sma_60', 'rsi_14', 'macd', 'macd_signal', 'macd_hist', 'volatility_20', 'atr_14', 'volume_sma_20', 'volume_ratio_20']",300,3,0.03,0.8,1.0,0.10646266867192003,0.07909038449471018,-0.034297415337612325
15,1.0,"['return_10d', 'return_20d', 'sma_5', 'sma_20', 'sma_60', 'price_to_sma_20', 'price_to_sma_60', 'rsi_14', 'macd', 'macd_signal', 'macd_hist', 'volatility_20', 'atr_14', 'volume_sma_20', 'volume_ratio_20']",300,3,0.03,1.0,0.8,0.10655298486517711,0.07936281278606898,-0.03605302469056637
15,1.0,"['return_10d', 'return_20d', 'sma_5', 'sma_20', 'sma_60', 'price_to_sma_20', 'price_to_sma_60', 'rsi_14', 'macd', 'macd_signal', 'macd_hist', 'volatility_20', 'atr_14', 'volume_sma_20', 'volume_ratio_20']",300,3,0.03,1.0,1.0,0.10703309178874611,0.079569755809103,-0.04541056378016095
15,1.0,"['return_10d', 'return_20d', 'sma_5', 'sma_20', 'sma_60', 'price_to_sma_20', 'price_to_sma_60', 'rsi_14', 'macd', 'macd_signal', 'macd_hist', 'volatility_20', 'atr_14', 'volume_sma_20', 'volume_ratio_20']",300,3,0.1,0.8,0.8,0.1144654347633601,0.08677499332447028,-0.1956373328029135
15,1.0,"['return_10d', 'return_20d', 'sma_5', 'sma_20', 'sma_60', 'price_to_sma_20', 'price_to_sma_60', 'rsi_14', 'macd', 'macd_signal', 'macd_hist', 'volatility_20', 'atr_14', 'volume_sma_20', 'volume_ratio_20']",300,3,0.1,0.8,1.0,0.11185727303662313,0.08397598484200929,-0.1417714984914451
15,1.0,"['return_10d', 'return_20d', 'sma_5', 'sma_20', 'sma_60', 'price_to_sma_20', 'price_to_sma_60', 'rsi_14', 'macd', 'macd_signal', 'macd_hist', 'volatility_20', 'atr_14', 'volume_sma_20', 'volume_ratio_20']",300,3,0.1,1.0,0.8,0.11620240127204677,0.08717430658284338,-0.23219927256907114
15,1.0,"['return_10d', 'return_20d', 'sma_5', 'sma_20', 'sma_60', 'price_to_sma_20', 'price_to_sma_60', 'rsi_14', 'macd', 'macd_signal', 'macd_hist', 'volatility_20', 'atr_14', 'volume_sma_20', 'volume_ratio_20']",300,3,0.1,1.0,1.0,0.11356918597995129,0.08509943871591522,-0.17698727812017
15,1.0,"['return_10d', 'return_20d', 'sma_5', 'sma_20', 'sma_60', 'price_to_sma_20', 'price_to_sma_60', 'rsi_14', 'macd', 'macd_signal', 'macd_hist', 'volatility_20', 'atr_14', 'volume_sma_20', 'volume_ratio_20']",300,5,0.03,0.8,0.8,0.10859844646313097,0.08053903409464329,-0.07621234120169373
15,1.0,"['return_10d', 'return_20d', 'sma_5', 'sma_20', 'sma_60', 'price_to_sma_20', 'price_to_sma_60', 'rsi_14', 'macd', 'macd_signal', 'macd_hist', 'volatility_20', 'atr_14', 'volume_sma_20', 'volume_ratio_20']",300,5,0.03,0.8,1.0,0.10990531171573709,0.08234688488576762,-0.10227030430278283
15,1.0,"['return_10d', 'return_20d', 'sma_5', 'sma_20', 'sma_60', 'price_to_sma_20', 'price_to_sma_60', 'rsi_14', 'macd', 'macd_signal', 'macd_hist', 'volatility_20', 'atr_14', 'volume_sma_20', 'volume_ratio_20']",300,5,0.03,1.0,0.8,0.10998639522987645,0.08167027072169764,-0.10389732154728137
15,1.0,"['return_10d', 'return_20d', 'sma_5', 'sma_20', 'sma_60', 'price_to_sma_20', 'price_to_sma_60', 'rsi_14', 'macd', 'macd_signal', 'macd_hist', 'volatility_20', 'atr_14', 'volume_sma_20', 'volume_ratio_20']",300,5,0.03,1.0,1.0,0.10960789263645886,0.08130026084149634,-0.09631258253886799
15,1.0,"['return_10d', 'return_20d', 'sma_5', 'sma_20', 'sma_60', 'price_to_sma_20', 'price_to_sma_60', 'rsi_14', 'macd', 'macd_signal', 'macd_hist', 'volatility_20', 'atr_14', 'volume_sma_20', 'volume_ratio_20']",300,5,0.1,0.8,0.8,0.11340451671291471,0.08600341781106015,-0.1735766149018081
15,1.0,"['return_10d', 'return_20d', 'sma_5', 'sma_20', 'sma_60', 'price_to_sma_20', 'price_to_sma_60', 'rsi_14', 'macd', 'macd_signal', 'macd_hist', 'volatility_20', 'atr_14', 'volume_sma_20', 'volume_ratio_20']",300,5,0.1,0.8,1.0,0.11388644611156275,0.08585158138504202,-0.18357238666211528
15,1.0,"['return_10d', 'return_20d', 'sma_5', 'sma_20', 'sma_60', 'price_to_sma_20', 'price_to_sma_60', 'rsi_14', 'macd', 'macd_signal', 'macd_hist', 'volatility_20', 'atr_14', 'volume_sma_20', 'volume_ratio_20']",300,5,0.1,1.0,0.8,0.11323543459069799,0.0850954417363303,-0.17007970130948769
15,1.0,"['return_10d', 'return_20d', 'sma_5', 'sma_20', 'sma_60', 'price_to_sma_20', 'price_to_sma_60', 'rsi_14', 'macd', 'macd_signal', 'macd_hist', 'volatility_20', 'atr_14', 'volume_sma_20', 'volume_ratio_20']",300,5,0.1,1.0,1.0,0.11417452769229273,0.08658887302291662,-0.18956777347791864
15,1.0,"['return_10d', 'return_20d', 'sma_5', 'sma_20', 'sma_60', 'price_to_sma_20', 'price_to_sma_60', 'rsi_14', 'macd', 'macd_signal', 'macd_hist', 'volatility_20', 'atr_14', 'volume_sma_20', 'volume_ratio_20']",500,2,0.03,0.8,0.8,0.1078591043961713,0.08040171445657167,-0.06160843952486661
15,1.0,"['return_10d', 'return_20d', 'sma_5', 'sma_20', 'sma_60', 'price_to_sma_20', 'price_to_sma_60', 'rsi_14', 'macd', 'macd_signal', 'macd_hist', 'volatility_20', 'atr_14', 'volume_sma_20', 'volume_ratio_20']",500,2,0.03,0.8,1.0,0.10729768251825503,0.07972980265139672,-0.05058555836157286
15,1.0,"['return_10d', 'return_20d', 'sma_5', 'sma_20', 'sma_60', 'price_to_sma_20', 'price_to_sma_60', 'rsi_14', 'macd', 'macd_signal', 'macd_hist', 'volatility_20', 'atr_14', 'volume_sma_20', 'volume_ratio_20']",500,2,0.03,1.0,0.8,0.10819513410639445,0.08035749600736895,-0.06823352080524381
15,1.0,"['return_10d', 'return_20d', 'sma_5', 'sma_20', 'sma_60', 'price_to_sma_20', 'price_to_sma_60', 'rsi_14', 'macd', 'macd_signal', 'macd_hist', 'volatility_20', 'atr_14', 'volume_sma_20', 'volume_ratio_20']",500,2,0.03,1.0,1.0,0.10836521566348645,0.080459624600395,-0.07159466318741958
15,1.0,"['return_10d', 'return_20d', 'sma_5', 'sma_20', 'sma_60', 'price_to_sma_20', 'price_to_sma_60', 'rsi_14', 'macd', 'macd_signal', 'macd_hist', 'volatility_20', 'atr_14', 'volume_sma_20', 'volume_ratio_20']",500,2,0.1,0.8,0.8,0.11737231419228909,0.0893966266116545,-0.25713546314990365
15,1.0,"['return_10d', 'return_20d', 'sma_5', 'sma_20', 'sma_60', 'price_to_sma_20', 'price_to_sma_60', 'rsi_14', 'macd', 'macd_signal', 'macd_hist', 'volatility_20', 'atr_14', 'volume_sma_20', 'volume_ratio_20']",500,2,0.1,0.8,1.0,0.11455380920740345,0.08562548175883722,-0.19748425845856565
15,1.0,"['return_10d', 'return_20d', 'sma_5', 'sma_20', 'sma_60', 'price_to_sma_20', 'price_to_sma_60', 'rsi_14', 'macd', 'macd_signal', 'macd_hist', 'volatility_20', 'atr_14', 'volume_sma_20', 'volume_ratio_20']",500,2,0.1,1.0,0.8,0.11597246534138078,0.08591232543006437,-0.2273276594811462
15,1.0,"['return_10d', 'return_20d', 'sma_5', 'sma_20', 'sma_60', 'price_to_sma_20', 'price_to_sma_60', 'rsi_14', 'macd', 'macd_signal', 'macd_hist', 'volatility_20', 'atr_14', 'volume_sma_20', 'volume_ratio_20']",500,2,0.1,1.0,1.0,0.11651481164274859,0.0873129641231687,-0.23883371900318284
15,1.0,"['return_10d', 'return_20d', 'sma_5', 'sma_20', 'sma_60', 'price_to_sma_20', 'price_to_sma_60', 'rsi_14', 'macd', 'macd_signal', 'macd_hist', 'volatility_20', 'atr_14', 'volume_sma_20', 'volume_ratio_20']",500,3,0.03,0.8,0.8,0.10807705416525831,0.08066165003362175,-0.06590313650787327
15,1.0,"['return_10d', 'return_20d', 'sma_5', 'sma_20', 'sma_60', 'price_to_sma_20', 'price_to_sma_60', 'rsi_14', 'macd', 'macd_signal', 'macd_hist', 'volatility_20', 'atr_14', 'volume_sma_20', 'volume_ratio_20']",500,3,0.03,0.8,1.0,0.10840754609369582,0.08083437457815283,-0.07243201532968602
15,1.0,"['return_10d', 'return_20d', 'sma_5', 'sma_20', 'sma_60', 'price_to_sma_20', 'price_to_sma_60', 'rsi_14', 'macd', 'macd_signal', 'macd_hist', 'volatility_20', 'atr_14', 'volume_sma_20', 'volume_ratio_20']",500,3,0.03,1.0,0.8,0.10853553696795812,0.08119623401798663,-0.07496583414149538
15,1.0,"['return_10d', 'return_20d', 'sma_5', 'sma_20', 'sma_60', 'price_to_sma_20', 'price_to_sma_60', 'rsi_14', 'macd', 'macd_signal', 'macd_hist', 'volatility_20', 'atr_14', 'volume_sma_20', 'volume_ratio_20']",500,3,0.03,1.0,1.0,0.10911511459839593,0.08115579576370903,-0.08647707998952336
15,1.0,"['return_10d', 'return_20d', 'sma_5', 'sma_20', 'sma_60', 'price_to_sma_20', 'price_to_sma_60', 'rsi_14', 'macd', 'macd_signal', 'macd_hist', 'volatility_20', 'atr_14', 'volume_sma_20', 'volume_ratio_20']",500,3,0.1,0.8,0.8,0.11752020453524327,0.0898473218227396,-0.26030546666393284
15,1.0,"['return_10d', 'return_20d', 'sma_5', 'sma_20', 'sma_60', 'price_to_sma_20', 'price_to_sma_60', 'rsi_14', 'macd', 'macd_signal', 'macd_hist', 'volatility_20', 'atr_14', 'volume_sma_20', 'volume_ratio_20']",500,3,0.1,0.8,1.0,0.11457373168470977,0.08648092591813378,-0.19790081252421787
15,1.0,"['return_10d', 'return_20d', 'sma_5', 'sma_20', 'sma_60', 'price_to_sma_20', 'price_to_sma_60', 'rsi_14', 'macd', 'macd_signal', 'macd_hist', 'volatility_20', 'atr_14', 'volume_sma_20', 'volume_ratio_20']",500,3,0.1,1.0,0.8,0.11913661323547603,0.08990026702685641,-0.29521314316135494
15,1.0,"['return_10d', 'return_20d', 'sma_5', 'sma_20', 'sma_60', 'price_to_sma_20', 'price_to_sma_60', 'rsi_14', 'macd', 'macd_signal', 'macd_hist', 'volatility_20', 'atr_14', 'volume_sma_20', 'volume_ratio_20']",500,3,0.1,1.0,1.0,0.11612501312826057,0.08746090410088558,-0.2305585859663979
15,1.0,"['return_10d', 'return_20d', 'sma_5', 'sma_20', 'sma_60', 'price_to_sma_20', 'price_to_sma_60', 'rsi_14', 'macd', 'macd_signal', 'macd_hist', 'volatility_20', 'atr_14', 'volume_sma_20', 'volume_ratio_20']",500,5,0.03,0.8,0.8,0.11021783998366444,0.08249347742570044,-0.10854807964903346
15,1.0,"['return_10d', 'return_20d', 'sma_5', 'sma_20', 'sma_60', 'price_to_sma_20', 'price_to_sma_60', 'rsi_14', 'macd', 'macd_signal', 'macd_hist', 'volatility_20', 'atr_14', 'volume_sma_20', 'volume_ratio_20']",500,5,0.03,0.8,1.0,0.11144194483226288,0.08404820145733122,-0.1333084005066456
15,1.0,"['return_10d', 'return_20d', 'sma_5', 'sma_20', 'sma_60', 'price_to_sma_20', 'price_to_sma_60', 'rsi_14', 'macd', 'macd_signal', 'macd_hist', 'volatility_20', 'atr_14', 'volume_sma_20', 'volume_ratio_20']",500,5,0.03,1.0,0.8,0.11224345979039546,0.0836750285482929,-0.14966903046514712
15,1.0,"['return_10d', 'return_20d', 'sma_5', 'sma_20', 'sma_60', 'price_to_sma_20', 'price_to_sma_60', 'rsi_14', 'macd', 'macd_signal', 'macd_hist', 'volatility_20', 'atr_14', 'volume_sma_20', 'volume_ratio_20']",500,5,0.03,1.0,1.0,0.11169792328082392,0.08311317738646305,-0.1385207234695489
15,1.0,"['return_10d', 'return_20d', 'sma_5', 'sma_20', 'sma_60', 'price_to_sma_20', 'price_to_sma_60', 'rsi_14', 'macd', 'macd_signal', 'macd_hist', 'volatility_20', 'atr_14', 'volume_sma_20', 'volume_ratio_20']",500,5,0.1,0.8,0.8,0.114230286915568,0.08674229062380934,-0.1907299516450882
15,1.0,"['return_10d', 'return_20d', 'sma_5', 'sma_20', 'sma_60', 'price_to_sma_20', 'price_to_sma_60', 'rsi_14', 'macd', 'macd_signal', 'macd_hist', 'volatility_20', 'atr_14', 'volume_sma_20', 'volume_ratio_20']",500,5,0.1,0.8,1.0,0.11483128275986663,0.08666150575126541,-0.20329240447965513
15,1.0,"['return_10d', 'return_20d', 'sma_5', 'sma_20', 'sma_60', 'price_to_sma_20', 'price_to_sma_60', 'rsi_14', 'macd', 'macd_signal', 'macd_hist', 'volatility_20', 'atr_14', 'volume_sma_20', 'volume_ratio_20']",500,5,0.1,1.0,0.8,0.11361973431602679,0.08540509060187818,-0.1780352382370105
15,1.0,"['return_10d', 'return_20d', 'sma_5', 'sma_20', 'sma_60', 'price_to_sma_20', 'price_to_sma_60', 'rsi_14', 'macd', 'macd_signal', 'macd_hist', 'volatility_20', 'atr_14', 'volume_sma_20', 'volume_ratio_20']",500,5,0.1,1.0,1.0,0.1150114169018255,0.08752825131692336,-0.20707053965383038
15,0.1,"['return_10d', 'return_20d', 'sma_5', 'sma_20', 'sma_60', 'price_to_sma_20', 'price_to_sma_60', 'rsi_14', 'roc_10', 'macd', 'macd_signal', 'macd_hist', 'volatility_20', 'atr_14', 'volume_sma_20']",100,2,0.03,0.8,0.8,0.10273318490780553,0.0762857895990917,0.036898083261890036
15,0.1,"['return_10d', 'return_20d', 'sma_5', 'sma_20', 'sma_60', 'price_to_sma_20', 'price_to_sma_60', 'rsi_14', 'roc_10', 'macd', 'macd_signal', 'macd_hist', 'volatility_20', 'atr_14', 'volume_sma_20']",100,2,0.03,0.8,1.0,0.10262036978302753,0.07614062941973927,0.03901215780082956
15,0.1,"['return_10d', 'return_20d', 'sma_5', 'sma_20', 'sma_60', 'price_to_sma_20', 'price_to_sma_60', 'rsi_14', 'roc_10', 'macd', 'macd_signal', 'macd_hist', 'volatility_20', 'atr_14', 'volume_sma_20']",100,2,0.03,1.0,0.8,0.10277046265275358,0.07618205174148412,0.03619901447727969
15,0.1,"['return_10d', 'return_20d', 'sma_5', 'sma_20', 'sma_60', 'price_to_sma_20', 'price_to_sma_60', 'rsi_14', 'roc_10', 'macd', 'macd_signal', 'macd_hist', 'volatility_20', 'atr_14', 'volume_sma_20']",100,2,0.03,1.0,1.0,0.10276294957129031,0.07607313876718114,0.036339927546058304
15,0.1,"['return_10d', 'return_20d', 'sma_5', 'sma_20', 'sma_60', 'price_to_sma_20', 'price_to_sma_60', 'rsi_14', 'roc_10', 'macd', 'macd_signal', 'macd_hist', 'volatility_20', 'atr_14', 'volume_sma_20']",100,2,0.1,0.8,0.8,0.10626755181134909,0.07927503907188838,-0.03050972267587171
15,0.1,"['return_10d', 'return_20d', 'sma_5', 'sma_20', 'sma_60', 'price_to_sma_20', 'price_to_sma_60', 'rsi_14', 'roc_10', 'macd', 'macd_signal', 'macd_hist', 'volatility_20', 'atr_14', 'volume_sma_20']",100,2,0.1,0.8,1.0,0.10557292936056913,0.07808671645052244,-0.01708180985625174
15,0.1,"['return_10d', 'return_20d', 'sma_5', 'sma_20', 'sma_60', 'price_to_sma_20', 'price_to_sma_60', 'rsi_14', 'roc_10', 'macd', 'macd_signal', 'macd_hist', 'volatility_20', 'atr_14', 'volume_sma_20']",100,2,0.1,1.0,0.8,0.10497134110246098,0.07765349159365785,-0.005523521600410586
15,0.1,"['return_10d', 'return_20d', 'sma_5', 'sma_20', 'sma_60', 'price_to_sma_20', 'price_to_sma_60', 'rsi_14', 'roc_10', 'macd', 'macd_signal', 'macd_hist', 'volatility_20', 'atr_14', 'volume_sma_20']",100,2,0.1,1.0,1.0,0.1053113125452321,0.07772484635881104,-0.012047261387978958
15,0.1,"['return_10d', 'return_20d', 'sma_5', 'sma_20', 'sma_60', 'price_to_sma_20', 'price_to_sma_60', 'rsi_14', 'roc_10', 'macd', 'macd_signal', 'macd_hist', 'volatility_20', 'atr_14', 'volume_sma_20']",100,3,0.03,0.8,0.8,0.10345930956602,0.0767130162962054,0.02323543837532316
15,0.1,"['return_10d', 'return_20d', 'sma_5', 'sma_20', 'sma_60', 'price_to_sma_20', 'price_to_sma_60', 'rsi_14', 'roc_10', 'macd', 'macd_signal', 'macd_hist', 'volatility_20', 'atr_14', 'volume_sma_20']",100,3,0.03,0.8,1.0,0.10393675964428603,0.07674898934003366,0.014199375742185993
15,0.1,"['return_10d', 'return_20d', 'sma_5', 'sma_20', 'sma_60', 'price_to_sma_20', 'price_to_sma_60', 'rsi_14', 'roc_10', 'macd', 'macd_signal', 'macd_hist', 'volatility_20', 'atr_14', 'volume_sma_20']",100,3,0.03,1.0,0.8,0.1041734871270176,0.07733375349573994,0.009703721661252551
15,0.1,"['return_10d', 'return_20d', 'sma_5', 'sma_20', 'sma_60', 'price_to_sma_20', 'price_to_sma_60', 'rsi_14', 'roc_10', 'macd', 'macd_signal', 'macd_hist', 'volatility_20', 'atr_14', 'volume_sma_20']",100,3,0.03,1.0,1.0,0.10407339984353277,0.07719323674758855,0.011605711370097693
15,0.1,"['return_10d', 'return_20d', 'sma_5', 'sma_20', 'sma_60', 'price_to_sma_20', 'price_to_sma_60', 'rsi_14', 'roc_10', 'macd', 'macd_signal', 'macd_hist', 'volatility_20', 'atr_14', 'volume_sma_20']",100,3,0.1,0.8,0.8,0.10773987449225718,0.08089392304286394,-0.05926268460234674
15,0.1,"['return_10d', 'return_20d', 'sma_5', 'sma_20', 'sma_60', 'price_to_sma_20', 'price_to_sma_60', 'rsi_14', 'roc_10', 'macd', 'macd_signal', 'macd_hist', 'volatility_20', 'atr_14', 'volume_sma_20']",100,3,0.1,0.8,1.0,0.105698817203486,0.07906481876551164,-0.01950884439836109
15,0.1,"['return_10d', 'return_20d', 'sma_5', 'sma_20', 'sma_60', 'price_to_sma_20', 'price_to_sma_60', 'rsi_14', 'roc_10', 'macd', 'macd_signal', 'macd_hist', 'volatility_20', 'atr_14', 'volume_sma_20']",100,3,0.1,1.0,0.8,0.10741048026809036,0.08013173555893983,-0.05279559632877584
15,0.1,"['return_10d', 'return_20d', 'sma_5', 'sma_20', 'sma_60', 'price_to_sma_20', 'price_to_sma_60', 'rsi_14', 'roc_10', 'macd', 'macd_signal', 'macd_hist', 'volatility_20', 'atr_14', 'volume_sma_20']",100,3,0.1,1.0,1.0,0.10809932034086656,0.08040725058568464,-0.06634237925767605
15,0.1,"['return_10d', 'return_20d', 'sma_5', 'sma_20', 'sma_60', 'price_to_sma_20', 'price_to_sma_60', 'rsi_14', 'roc_10', 'macd', 'macd_signal', 'macd_hist', 'volatility_20', 'atr_14', 'volume_sma_20']",100,5,0.03,0.8,0.8,0.10538065214705467,0.07779974858288274,-0.013380414586928513
15,0.1,"['return_10d', 'return_20d', 'sma_5', 'sma_20', 'sma_60', 'price_to_sma_20', 'price_to_sma_60', 'rsi_14', 'roc_10', 'macd', 'macd_signal', 'macd_hist', 'volatility_20', 'atr_14', 'volume_sma_20']",100,5,0.03,0.8,1.0,0.10629922806439641,0.0784033092269871,-0.031124163326023524
15,0.1,"['return_10d', 'return_20d', 'sma_5', 'sma_20', 'sma_60', 'price_to_sma_20', 'price_to_sma_60', 'rsi_14', 'roc_10', 'macd', 'macd_signal', 'macd_hist', 'volatility_20', 'atr_14', 'volume_sma_20']",100,5,0.03,1.0,0.8,0.10578596506653971,0.07833613040206568,-0.021190691873276046
15,0.1,"['return_10d', 'return_20d', 'sma_5', 'sma_20', 'sma_60', 'price_to_sma_20', 'price_to_sma_60', 'rsi_14', 'roc_10', 'macd', 'macd_signal', 'macd_hist', 'volatility_20', 'atr_14', 'volume_sma_20']",100,5,0.03,1.0,1.0,0.10585734640195438,0.0784845722794723,-0.02256929722282952
15,0.1,"['return_10d', 'return_20d', 'sma_5', 'sma_20', 'sma_60', 'price_to_sma_20', 'price_to_sma_60', 'rsi_14', 'roc_10', 'macd', 'macd_signal', 'macd_hist', 'volatility_20', 'atr_14', 'volume_sma_20']",100,5,0.1,0.8,0.8,0.10899352893625096,0.08133717945315562,-0.08405713226880307
15,0.1,"['return_10d', 'return_20d', 'sma_5', 'sma_20', 'sma_60', 'price_to_sma_20', 'price_to_sma_60', 'rsi_14', 'roc_10', 'macd', 'macd_signal', 'macd_hist', 'volatility_20', 'atr_14', 'volume_sma_20']",100,5,0.1,0.8,1.0,0.10931360951001522,0.08143824311008242,-0.09043356814493553
15,0.1,"['return_10d', 'return_20d', 'sma_5', 'sma_20', 'sma_60', 'price_to_sma_20', 'price_to_sma_60', 'rsi_14', 'roc_10', 'macd', 'macd_signal', 'macd_hist', 'volatility_20', 'atr_14', 'volume_sma_20']",100,5,0.1,1.0,0.8,0.11069100025784631,0.08319432220030615,-0.1180864045851564
15,0.1,"['return_10d', 'return_20d', 'sma_5', 'sma_20', 'sma_60', 'price_to_sma_20', 'price_to_sma_60', 'rsi_14', 'roc_10', 'macd', 'macd_signal', 'macd_hist', 'volatility_20', 'atr_14', 'volume_sma_20']",100,5,0.1,1.0,1.0,0.11254344691591353,0.08554231483335814,-0.15582256114752324
15,0.1,"['return_10d', 'return_20d', 'sma_5', 'sma_20', 'sma_60', 'price_to_sma_20', 'price_to_sma_60', 'rsi_14', 'roc_10', 'macd', 'macd_signal', 'macd_hist', 'volatility_20', 'atr_14', 'volume_sma_20']",300,2,0.03,0.8,0.8,0.10519767714530477,0.07826472316346528,-0.009864355388798485
15,0.1,"['return_10d', 'return_20d', 'sma_5', 'sma_20', 'sma_60', 'price_to_sma_20', 'price_to_sma_60', 'rsi_14', 'roc_10', 'macd', 'macd_signal', 'macd_hist', 'volatility_20', 'atr_14', 'volume_sma_20']",300,2,0.03,0.8,1.0,0.10581473031356682,0.07862316097195376,-0.021746130324550972
15,0.1,"['return_10d', 'return_20d', 'sma_5', 'sma_20', 'sma_60', 'price_to_sma_20', 'price_to_sma_60', 'rsi_14', 'roc_10', 'macd', 'macd_signal', 'macd_hist', 'volatility_20', 'atr_14', 'volume_sma_20']",300,2,0.03,1.0,0.8,0.10578923208541975,0.07828761420376922,-0.02125376830852055
15,0.1,"['return_10d', 'return_20d', 'sma_5', 'sma_20', 'sma_60', 'price_to_sma_20', 'price_to_sma_60', 'rsi_14', 'roc_10', 'macd', 'macd_signal', 'macd_hist', 'volatility_20', 'atr_14', 'volume_sma_20']",300,2,0.03,1.0,1.0,0.10493195989958728,0.07730862064425613,-0.004769195754432243
15,0.1,"['return_10d', 'return_20d', 'sma_5', 'sma_20', 'sma_60', 'price_to_sma_20', 'price_to_sma_60', 'rsi_14', 'roc_10', 'macd', 'macd_signal', 'macd_hist', 'volatility_20', 'atr_14', 'volume_sma_20']",300,2,0.1,0.8,0.8,0.11279932321419711,0.08460839914221827,-0.16108424113228859
15,0.1,"['return_10d', 'return_20d', 'sma_5', 'sma_20', 'sma_60', 'price_to_sma_20', 'price_to_sma_60', 'rsi_14', 'roc_10', 'macd', 'macd_signal', 'macd_hist', 'volatility_20', 'atr_14', 'volume_sma_20']",300,2,0.1,0.8,1.0,0.1112651584888928,0.08308179098196654,-0.129715596511363
15,0.1,"['return_10d', 'return_20d', 'sma_5', 'sma_20', 'sma_60', 'price_to_sma_20', 'price_to_sma_60', 'rsi_14', 'roc_10', 'macd', 'macd_signal', 'macd_hist', 'volatility_20', 'atr_14', 'volume_sma_20']",300,2,0.1,1.0,0.8,0.11176153657864506,0.08325254361270591,-0.1398178949691844
15,0.1,"['return_10d', 'return_20d', 'sma_5', 'sma_20', 'sma_60', 'price_to_sma_20', 'price_to_sma_60', 'rsi_14', 'roc_10', 'macd', 'macd_signal', 'macd_hist', 'volatility_20', 'atr_14', 'volume_sma_20']",300,2,0.1,1.0,1.0,0.11244451613399024,0.08375869567784025,-0.1537914136213312
15,0.1,"['return_10d', 'return_20d', 'sma_5', 'sma_20', 'sma_60', 'price_to_sma_20', 'price_to_sma_60', 'rsi_14', 'roc_10', 'macd', 'macd_signal', 'macd_hist', 'volatility_20', 'atr_14', 'volume_sma_20']",300,3,0.03,0.8,0.8,0.10679278640416195,0.07954580924655046,-0.04072162557365444
15,0.1,"['return_10d', 'return_20d', 'sma_5', 'sma_20', 'sma_60', 'price_to_sma_20', 'price_to_sma_60', 'rsi_14', 'roc_10', 'macd', 'macd_signal', 'macd_hist', 'volatility_20', 'atr_14', 'volume_sma_20']",300,3,0.03,0.8,1.0,0.10690065481005047,0.07943919682520968,-0.04282509496227527
15,0.1,"['return_10d', 'return_20d', 'sma_5', 'sma_20', 'sma_60', 'price_to_sma_20', 'price_to_sma_60', 'rsi_14', 'roc_10', 'macd', 'macd_signal', 'macd_hist', 'volatility_20', 'atr_14', 'volume_sma_20']",300,3,0.03,1.0,0.8,0.10712854317532379,0.07956283856438588,-0.047275975315546725
15,0.1,"['return_10d', 'return_20d', 'sma_5', 'sma_20', 'sma_60', 'price_to_sma_20', 'price_to_sma_60', 'rsi_14', 'roc_10', 'macd', 'macd_signal', 'macd_hist', 'volatility_20', 'atr_14', 'volume_sma_20']",300,3,0.03,1.0,1.0,0.10762972439980666,0.07991256414702773,-0.05709787349294437
15,0.1,"['return_10d', 'return_20d', 'sma_5', 'sma_20', 'sma_60', 'price_to_sma_20', 'price_to_sma_60', 'rsi_14', 'roc_10', 'macd', 'macd_signal', 'macd_hist', 'volatility_20', 'atr_14', 'volume_sma_20']",300,3,0.1,0.8,0.8,0.1129661857840429,0.08586829159598831,-0.16452193551550276
15,0.1,"['return_10d', 'return_20d', 'sma_5', 'sma_20', 'sma_60', 'price_to_sma_20', 'price_to_sma_60', 'rsi_14', 'roc_10', 'macd', 'macd_signal', 'macd_hist', 'volatility_20', 'atr_14', 'volume_sma_20']",300,3,0.1,0.8,1.0,0.11218428095831333,0.08453469259774589,-0.1484570554407456
15,0.1,"['return_10d', 'return_20d', 'sma_5', 'sma_20', 'sma_60', 'price_to_sma_20', 'price_to_sma_60', 'rsi_14', 'roc_10', 'macd', 'macd_signal', 'macd_hist', 'volatility_20', 'atr_14', 'volume_sma_20']",300,3,0.1,1.0,0.8,0.1146080188124278,0.08620496103685871,-0.1986178830638825
15,0.1,"['return_10d', 'return_20d', 'sma_5', 'sma_20', 'sma_60', 'price_to_sma_20', 'price_to_sma_60', 'rsi_14', 'roc_10', 'macd', 'macd_signal', 'macd_hist', 'volatility_20', 'atr_14', 'volume_sma_20']",300,3,0.1,1.0,1.0,0.1155591386170966,0.08719602634385987,-0.2185948394666064
15,0.1,"['return_10d', 'return_20d', 'sma_5', 'sma_20', 'sma_60', 'price_to_sma_20', 'price_to_sma_60', 'rsi_14', 'roc_10', 'macd', 'macd_signal', 'macd_hist', 'volatility_20', 'atr_14', 'volume_sma_20']",300,5,0.03,0.8,0.8,0.10866101842379637,0.08118109475966387,-0.07745287674472312
15,0.1,"['return_10d', 'return_20d', 'sma_5', 'sma_20', 'sma_60', 'price_to_sma_20', 'price_to_sma_60', 'rsi_14', 'roc_10', 'macd', 'macd_signal', 'macd_hist', 'volatility_20', 'atr_14', 'volume_sma_20']",300,5,0.03,0.8,1.0,0.10975893027174816,0.08197344513392961,-0.09933606090653657
15,0.1,"['return_10d', 'return_20d', 'sma_5', 'sma_20', 'sma_60', 'price_to_sma_20', 'price_to_sma_60', 'rsi_14', 'roc_10', 'macd', 'macd_signal', 'macd_hist', 'volatility_20', 'atr_14', 'volume_sma_20']",300,5,0.03,1.0,0.8,0.10963967694964404,0.08227615910929187,-0.09694849650315662
15,0.1,"['return_10d', 'return_20d', 'sma_5', 'sma_20', 'sma_60', 'price_to_sma_20', 'price_to_sma_60', 'rsi_14', 'roc_10', 'macd', 'macd_signal', 'macd_hist', 'volatility_20', 'atr_14', 'volume_sma_20']",300,5,0.03,1.0,1.0,0.10923735249567225,0.08172646225073074,-0.08891272906844061
15,0.1,"['return_10d', 'return_20d', 'sma_5', 'sma_20', 'sma_60', 'price_to_sma_20', 'price_to_sma_60', 'rsi_14', 'roc_10', 'macd', 'macd_signal', 'macd_hist', 'volatility_20', 'atr_14', 'volume_sma_20']",300,5,0.1,0.8,0.8,0.11230163586301681,0.08461292956849836,-0.1508610921141058
15,0.1,"['return_10d', 'return_20d', 'sma_5', 'sma_20', 'sma_60', 'price_to_sma_20', 'price_to_sma_60', 'rsi_14', 'roc_10', 'macd', 'macd_signal', 'macd_hist', 'volatility_20', 'atr_14', 'volume_sma_20']",300,5,0.1,0.8,1.0,0.11261502762913973,0.08488241404924378,-0.1572932982947164
15,0.1,"['return_10d', 'return_20d', 'sma_5', 'sma_20', 'sma_60', 'price_to_sma_20', 'price_to_sma_60', 'rsi_14', 'roc_10', 'macd', 'macd_signal', 'macd_hist', 'volatility_20', 'atr_14', 'volume_sma_20']",300,5,0.1,1.0,0.8,0.11340897902969693,0.08615552619971391,-0.173668974074223
15,0.1,"['return_10d', 'return_20d', 'sma_5', 'sma_20', 'sma_60', 'price_to_sma_20', 'price_to_sma_60', 'rsi_14', 'roc_10', 'macd', 'macd_signal', 'macd_hist', 'volatility_20', 'atr_14', 'volume_sma_20']",300,5,0.1,1.0,1.0,0.11487216268930449,0.08773836755978523,-0.20414930102064566
15,0.1,"['return_10d', 'return_20d', 'sma_5', 'sma_20', 'sma_60', 'price_to_sma_20', 'price_to_sma_60', 'rsi_14', 'roc_10', 'macd', 'macd_signal', 'macd_hist', 'volatility_20', 'atr_14', 'volume_sma_20']",500,2,0.03,0.8,0.8,0.10769955358687083,0.08014997667823612,-0.05846998944385917
15,0.1,"['return_10d', 'return_20d', 'sma_5', 'sma_20', 'sma_60', 'price_to_sma_20', 'price_to_sma_60', 'rsi_14', 'roc_10', 'macd', 'macd_signal', 'macd_hist', 'volatility_20', 'atr_14', 'volume_sma_20']",500,2,0.03,0.8,1.0,0.10771574560182336,0.08026465247355336,-0.0587882832469937
15,0.1,"['return_10d', 'return_20d', 'sma_5', 'sma_20', 'sma_60', 'price_to_sma_20', 'price_to_sma_60', 'rsi_14', 'roc_10', 'macd', 'macd_signal', 'macd_hist', 'volatility_20', 'atr_14', 'volume_sma_20']",500,2,0.03,1.0,0.8,0.10885968436904842,0.08086466738971536,-0.08139631248733803
15,0.1,"['return_10d', 'return_20d', 'sma_5', 'sma_20', 'sma_60', 'price_to_sma_20', 'price_to_sma_60', 'rsi_14', 'roc_10', 'macd', 'macd_signal', 'macd_hist', 'volatility_20', 'atr_14', 'volume_sma_20']",500,2,0.03,1.0,1.0,0.10822516863449068,0.08006495487160539,-0.06882667766275818
15,0.1,"['return_10d', 'return_20d', 'sma_5', 'sma_20', 'sma_60', 'price_to_sma_20', 'price_to_sma_60', 'rsi_14', 'roc_10', 'macd', 'macd_signal', 'macd_hist', 'volatility_20', 'atr_14', 'volume_sma_20']",500,2,0.1,0.8,0.8,0.11663534567859626,0.08846576337946009,-0.2413981803288685
15,0.1,"['return_10d', 'return_20d', 'sma_5', 'sma_20', 'sma_60', 'price_to_sma_20', 'price_to_sma_60', 'rsi_14', 'roc_10', 'macd', 'macd_signal', 'macd_hist', 'volatility_20', 'atr_14', 'volume_sma_20']",500,2,0.1,0.8,1.0,0.11523962002491298,0.08661996089497569,-0.2118653774619006
15,0.1,"['return_10d', 'return_20d', 'sma_5', 'sma_20', 'sma_60', 'price_to_sma_20', 'price_to_sma_60', 'rsi_14', 'roc_10', 'macd', 'macd_signal', 'macd_hist', 'volatility_20', 'atr_14', 'volume_sma_20']",500,2,0.1,1.0,0.8,0.11642941845911821,0.08626123007010934,-0.23701851305633248
15,0.1,"['return_10d', 'return_20d', 'sma_5', 'sma_20', 'sma_60', 'price_to_sma_20', 'price_to_sma_60', 'rsi_14', 'roc_10', 'macd', 'macd_signal', 'macd_hist', 'volatility_20', 'atr_14', 'volume_sma_20']",500,2,0.1,1.0,1.0,0.11912129773432611,0.08875686173094549,-0.2948801546233861
15,0.1,"['return_10d', 'return_20d', 'sma_5', 'sma_20', 'sma_60', 'price_to_sma_20', 'price_to_sma_60', 'rsi_14', 'roc_10', 'macd', 'macd_signal', 'macd_hist', 'volatility_20', 'atr_14', 'volume_sma_20']",500,3,0.03,0.8,0.8,0.10879764384870401,0.08134144272208035,-0.08016406066738835
15,0.1,"['return_10d', 'return_20d', 'sma_5', 'sma_20', 'sma_60', 'price_to_sma_20', 'price_to_sma_60', 'rsi_14', 'roc_10', 'macd', 'macd_signal', 'macd_hist', 'volatility_20', 'atr_14', 'volume_sma_20']",500,3,0.03,0.8,1.0,0.10857305401286317,0.0806569200646298,-0.07570912086349191
15,0.1,"['return_10d', 'return_20d', 'sma_5', 'sma_20', 'sma_60', 'price_to_sma_20', 'price_to_sma_60', 'rsi_14', 'roc_10', 'macd', 'macd_signal', 'macd_hist', 'volatility_20', 'atr_14', 'volume_sma_20']",500,3,0.03,1.0,0.8,0.10865680914429277,0.0808004050530898,-0.07736940223781374
15,0.1,"['return_10d', 'return_20d', 'sma_5', 'sma_20', 'sma_60', 'price_to_sma_20', 'price_to_sma_60', 'rsi_14', 'roc_10', 'macd', 'macd_signal', 'macd_hist', 'volatility_20', 'atr_14', 'volume_sma_20']",500,3,0.03,1.0,1.0,0.10975183209102367,0.08170959042718613,-0.09919387596183671
15,0.1,"['return_10d', 'return_20d', 'sma_5', 'sma_20', 'sma_60', 'price_to_sma_20', 'price_to_sma_60', 'rsi_14', 'roc_10', 'macd', 'macd_signal', 'macd_hist', 'volatility_20', 'atr_14', 'volume_sma_20']",500,3,0.1,0.8,0.8,0.11637976286402049,0.088928323266478,-0.23596359424325342
15,0.1,"['return_10d', 'return_20d', 'sma_5', 'sma_20', 'sma_60', 'price_to_sma_20', 'price_to_sma_60', 'rsi_14', 'roc_10', 'macd', 'macd_signal', 'macd_hist', 'volatility_20', 'atr_14', 'volume_sma_20']",500,3,0.1,0.8,1.0,0.11548418496188195,0.08738814232230777,-0.2170145487723547
15,0.1,"['return_10d', 'return_20d', 'sma_5', 'sma_20', 'sma_60', 'price_to_sma_20', 'price_to_sma_60', 'rsi_14', 'roc_10', 'macd', 'macd_signal', 'macd_hist', 'volatility_20', 'atr_14', 'volume_sma_20']",500,3,0.1,1.0,0.8,0.11802744112320394,0.08964560429278584,-0.27120831781514565
15,0.1,"['return_10d', 'return_20d', 'sma_5', 'sma_20', 'sma_60', 'price_to_sma_20', 'price_to_sma_60', 'rsi_14', 'roc_10', 'macd', 'macd_signal', 'macd_hist', 'volatility_20', 'atr_14', 'volume_sma_20']",500,3,0.1,1.0,1.0,0.11914964522592816,0.09027573192763028,-0.2954965174833055
15,0.1,"['return_10d', 'return_20d', 'sma_5', 'sma_20', 'sma_60', 'price_to_sma_20', 'price_to_sma_60', 'rsi_14', 'roc_10', 'macd', 'macd_signal', 'macd_hist', 'volatility_20', 'atr_14', 'volume_sma_20']",500,5,0.03,0.8,0.8,0.1107650412404331,0.08344251883254976,-0.11958267624076502
15,0.1,"['return_10d', 'return_20d', 'sma_5', 'sma_20', 'sma_60', 'price_to_sma_20', 'price_to_sma_60', 'rsi_14', 'roc_10', 'macd', 'macd_signal', 'macd_hist', 'volatility_20', 'atr_14', 'volume_sma_20']",500,5,0.03,0.8,1.0,0.1114532816707539,0.083985616714047,-0.1335389920999286
15,0.1,"['return_10d', 'return_20d', 'sma_5', 'sma_20', 'sma_60', 'price_to_sma_20', 'price_to_sma_60', 'rsi_14', 'roc_10', 'macd', 'macd_signal', 'macd_hist', 'volatility_20', 'atr_14', 'volume_sma_20']",500,5,0.03,1.0,0.8,0.11133539888778092,0.0841274732331858,-0.13114239933267768
15,0.1,"['return_10d', 'return_20d', 'sma_5', 'sma_20', 'sma_60', 'price_to_sma_20', 'price_to_sma_60', 'rsi_14', 'roc_10', 'macd', 'macd_signal', 'macd_hist', 'volatility_20', 'atr_14', 'volume_sma_20']",500,5,0.03,1.0,1.0,0.11144193342629516,0.0838265580501937,-0.13330816852077332
15,0.1,"['return_10d', 'return_20d', 'sma_5', 'sma_20', 'sma_60', 'price_to_sma_20', 'price_to_sma_60', 'rsi_14', 'roc_10', 'macd', 'macd_signal', 'macd_hist', 'volatility_20', 'atr_14', 'volume_sma_20']",500,5,0.1,0.8,0.8,0.11313391341956365,0.08541852406598145,-0.16798257310172726
15,0.1,"['return_10d', 'return_20d', 'sma_5', 'sma_20', 'sma_60', 'price_to_sma_20', 'price_to_sma_60', 'rsi_14', 'roc_10', 'macd', 'macd_signal', 'macd_hist', 'volatility_20', 'atr_14', 'volume_sma_20']",500,5,0.1,0.8,1.0,0.11351211553376779,0.08560522212092067,-0.17580466311411724
15,0.1,"['return_10d', 'return_20d', 'sma_5', 'sma_20', 'sma_60', 'price_to_sma_20', 'price_to_sma_60', 'rsi_14', 'roc_10', 'macd', 'macd_signal', 'macd_hist', 'volatility_20', 'atr_14', 'volume_sma_20']",500,5,0.1,1.0,0.8,0.11381788938246636,0.08647960932762175,-0.18214785491864882
15,0.1,"['return_10d', 'return_20d', 'sma_5', 'sma_20', 'sma_60', 'price_to_sma_20', 'price_to_sma_60', 'rsi_14', 'roc_10', 'macd', 'macd_signal', 'macd_hist', 'volatility_20', 'atr_14', 'volume_sma_20']",500,5,0.1,1.0,1.0,0.11592222870173971,0.0886269203679193,-0.22626458881169853
20,1.0,"['return_5d', 'return_10d', 'return_20d', 'sma_5', 'sma_20', 'sma_60', 'price_to_sma_5', 'price_to_sma_20', 'price_to_sma_60', 'rsi_14', 'roc_10', 'roc_20', 'macd', 'macd_signal', 'macd_hist', 'volatility_5', 'volatility_20', 'atr_14', 'volume_sma_20', 'volume_ratio_20']",100,2,0.03,0.8,0.8,0.10213906693092098,0.07610076073022022,0.048005334035512104
20,1.0,"['return_5d', 'return_10d', 'return_20d', 'sma_5', 'sma_20', 'sma_60', 'price_to_sma_5', 'price_to_sma_20', 'price_to_sma_60', 'rsi_14', 'roc_10', 'roc_20', 'macd', 'macd_signal', 'macd_hist', 'volatility_5', 'volatility_20', 'atr_14', 'volume_sma_20', 'volume_ratio_20']",100,2,0.03,0.8,1.0,0.10193927568670161,0.07584798407495441,0.051726029396989004
20,1.0,"['return_5d', 'return_10d', 'return_20d', 'sma_5', 'sma_20', 'sma_60', 'price_to_sma_5', 'price_to_sma_20', 'price_to_sma_60', 'rsi_14', 'roc_10', 'roc_20', 'macd', 'macd_signal', 'macd_hist', 'volatility_5', 'volatility_20', 'atr_14', 'volume_sma_20', 'volume_ratio_20']",100,2,0.03,1.0,0.8,0.10288363052602685,0.07645527642443328,0.034075226025528926
20,1.0,"['return_5d', 'return_10d', 'return_20d', 'sma_5', 'sma_20', 'sma_60', 'price_to_sma_5', 'price_to_sma_20', 'price_to_sma_60', 'rsi_14', 'roc_10', 'roc_20', 'macd', 'macd_signal', 'macd_hist', 'volatility_5', 'volatility_20', 'atr_14', 'volume_sma_20', 'volume_ratio_20']",100,2,0.03,1.0,1.0,0.10262407048357826,0.07610987173904447,0.038942846174519374
20,1.0,"['return_5d', 'return_10d', 'return_20d', 'sma_5', 'sma_20', 'sma_60', 'price_to_sma_5', 'price_to_sma_20', 'price_to_sma_60', 'rsi_14', 'roc_10', 'roc_20', 'macd', 'macd_signal', 'macd_hist', 'volatility_5', 'volatility_20', 'atr_14', 'volume_sma_20', 'volume_ratio_20']",100,2,0.1,0.8,0.8,0.1057101962116193,0.07882057966598341,-0.019728366701301514
20,1.0,"['return_5d', 'return_10d', 'return_20d', 'sma_5', 'sma_20', 'sma_60', 'price_to_sma_5', 'price_to_sma_20', 'price_to_sma_60', 'rsi_14', 'roc_10', 'roc_20', 'macd', 'macd_signal', 'macd_hist', 'volatility_5', 'volatility_20', 'atr_14', 'volume_sma_20', 'volume_ratio_20']",100,2,0.1,0.8,1.0,0.10545123024696976,0.07895234680641522,-0.014738280828583639
20,1.0,"['return_5d', 'return_10d', 'return_20d', 'sma_5', 'sma_20', 'sma_60', 'price_to_sma_5', 'price_to_sma_20', 'price_to_sma_60', 'rsi_14', 'roc_10', 'roc_20', 'macd', 'macd_signal', 'macd_hist', 'volatility_5', 'volatility_20', 'atr_14', 'volume_sma_20', 'volume_ratio_20']",100,2,0.1,1.0,0.8,0.10468054702788328,0.07781592055427111,3.9811625571761766e-05
20,1.0,"['return_5d', 'return_10d', 'return_20d', 'sma_5', 'sma_20', 'sma_60', 'price_to_sma_5', 'price_to_sma_20', 'price_to_sma_60', 'rsi_14', 'roc_10', 'roc_20', 'macd', 'macd_signal', 'macd_hist', 'volatility_5', 'volatility_20', 'atr_14', 'volume_sma_20', 'volume_ratio_20']",100,2,0.1,1.0,1.0,0.1048204504157501,0.07782244231151153,-0.0026348267352627186
20,1.0,"['return_5d', 'return_10d', 'return_20d', 'sma_5', 'sma_20', 'sma_60', 'price_to_sma_5', 'price_to_sma_20', 'price_to_sma_60', 'rsi_14', 'roc_10', 'roc_20', 'macd', 'macd_signal', 'macd_hist', 'volatility_5', 'volatility_20', 'atr_14', 'volume_sma_20', 'volume_ratio_20']",100,3,0.03,0.8,0.8,0.10374974967797113,0.07722704382922736,0.01774362112097716
20,1.0,"['return_5d', 'return_10d', 'return_20d', 'sma_5', 'sma_20', 'sma_60', 'price_to_sma_5', 'price_to_sma_20', 'price_to_sma_60', 'rsi_14', 'roc_10', 'roc_20', 'macd', 'macd_signal', 'macd_hist', 'volatility_5', 'volatility_20', 'atr_14', 'volume_sma_20', 'volume_ratio_20']",100,3,0.03,0.8,1.0,0.10292476366458939,0.07655282694947384,0.03330271324100009
20,1.0,"['return_5d', 'return_10d', 'return_20d', 'sma_5', 'sma_20', 'sma_60', 'price_to_sma_5', 'price_to_sma_20', 'price_to_sma_60', 'rsi_14', 'roc_10', 'roc_20', 'macd', 'macd_signal', 'macd_hist', 'volatility_5', 'volatility_20', 'atr_14', 'volume_sma_20', 'volume_ratio_20']",100,3,0.03,1.0,0.8,0.10417397859622492,0.07742893718710162,0.009694377608587601
20,1.0,"['return_5d', 'return_10d', 'return_20d', 'sma_5', 'sma_20', 'sma_60', 'price_to_sma_5', 'price_to_sma_20', 'price_to_sma_60', 'rsi_14', 'roc_10', 'roc_20', 'macd', 'macd_signal', 'macd_hist', 'volatility_5', 'volatility_20', 'atr_14', 'volume_sma_20', 'volume_ratio_20']",100,3,0.03,1.0,1.0,0.10405566677298962,0.07731108691361496,0.011942507754867049
20,1.0,"['return_5d', 'return_10d', 'return_20d', 'sma_5', 'sma_20', 'sma_60', 'price_to_sma_5', 'price_to_sma_20', 'price_to_sma_60', 'rsi_14', 'roc_10', 'roc_20', 'macd', 'macd_signal', 'macd_hist', 'volatility_5', 'volatility_20', 'atr_14', 'volume_sma_20', 'volume_ratio_20']",100,3,0.1,0.8,0.8,0.10613490138482383,0.07957684249650716,-0.02793862295061511
20,1.0,"['return_5d', 'return_10d', 'return_20d', 'sma_5', 'sma_20', 'sma_60', 'price_to_sma_5', 'price_to_sma_20', 'price_to_sma_60', 'rsi_14', 'roc_10', 'roc_20', 'macd', 'macd_signal', 'macd_hist', 'volatility_5', 'volatility_20', 'atr_14', 'volume_sma_20', 'volume_ratio_20']",100,3,0.1,0.8,1.0,0.10506908561655945,0.07832705478506222,-0.007396988510036451
20,1.0,"['return_5d', 'return_10d', 'return_20d', 'sma_5', 'sma_20', 'sma_60', 'price_to_sma_5', 'price_to_sma_20', 'price_to_sma_60', 'rsi_14', 'roc_10', 'roc_20', 'macd', 'macd_signal', 'macd_hist', 'volatility_5', 'volatility_20', 'atr_14', 'volume_sma_20', 'volume_ratio_20']",100,3,0.1,1.0,0.8,0.10703533686630053,0.08041381938628386,-0.04545442035512792
20,1.0,"['return_5d', 'return_10d', 'return_20d', 'sma_5', 'sma_20', 'sma_60', 'price_to_sma_5', 'price_to_sma_20', 'price_to_sma_60', 'rsi_14', 'roc_10', 'roc_20', 'macd', 'macd_signal', 'macd_hist', 'volatility_5', 'volatility_20', 'atr_14', 'volume_sma_20', 'volume_ratio_20']",100,3,0.1,1.0,1.0,0.1084150096318679,0.08100748708596564,-0.0725796879429379
20,1.0,"['return_5d', 'return_10d', 'return_20d', 'sma_5', 'sma_20', 'sma_60', 'price_to_sma_5', 'price_to_sma_20', 'price_to_sma_60', 'rsi_14', 'roc_10', 'roc_20', 'macd', 'macd_signal', 'macd_hist', 'volatility_5', 'volatility_20', 'atr_14', 'volume_sma_20', 'volume_ratio_20']",100,5,0.03,0.8,0.8,0.1060661434325928,0.07871232788802349,-0.026607184193996325
20,1.0,"['return_5d', 'return_10d', 'return_20d', 'sma_5', 'sma_20', 'sma_60', 'price_to_sma_5', 'price_to_sma_20', 'price_to_sma_60', 'rsi_14', 'roc_10', 'roc_20', 'macd', 'macd_signal', 'macd_hist', 'volatility_5', 'volatility_20', 'atr_14', 'volume_sma_20', 'volume_ratio_20']",100,5,0.03,0.8,1.0,0.10618953848635208,0.0787037988643245,-0.028997238775910983
20,1.0,"['return_5d', 'return_10d', 'return_20d', 'sma_5', 'sma_20', 'sma_60', 'price_to_sma_5', 'price_to_sma_20', 'price_to_sma_60', 'rsi_14', 'roc_10', 'roc_20', 'macd', 'macd_signal', 'macd_hist', 'volatility_5', 'volatility_20', 'atr_14', 'volume_sma_20', 'volume_ratio_20']",100,5,0.03,1.0,0.8,0.10620763757799338,0.07847691177933558,-0.029348036090442564
20,1.0,"['return_5d', 'return_10d', 'return_20d', 'sma_5', 'sma_20', 'sma_60', 'price_to_sma_5', 'price_to_sma_20', 'price_to_sma_60', 'rsi_14', 'roc_10', 'roc_20', 'macd', 'macd_signal', 'macd_hist', 'volatility_5', 'volatility_20', 'atr_14', 'volume_sma_20', 'volume_ratio_20']",100,5,0.03,1.0,1.0,0.10647781207025629,0.0787540157934748,-0.03459167607523406
20,1.0,"['return_5d', 'return_10d', 'return_20d', 'sma_5', 'sma_20', 'sma_60', 'price_to_sma_5', 'price_to_sma_20', 'price_to_sma_60', 'rsi_14', 'roc_10', 'roc_20', 'macd', 'macd_signal', 'macd_hist', 'volatility_5', 'volatility_20', 'atr_14', 'volume_sma_20', 'volume_ratio_20']",100,5,0.1,0.8,0.8,0.11012974899341535,0.08291875504103402,-0.10677678611353869
20,1.0,"['return_5d', 'return_10d', 'return_20d', 'sma_5', 'sma_20', 'sma_60', 'price_to_sma_5', 'price_to_sma_20', 'price_to_sma_60', 'rsi_14', 'roc_10', 'roc_20', 'macd', 'macd_signal', 'macd_hist', 'volatility_5', 'volatility_20', 'atr_14', 'volume_sma_20', 'volume_ratio_20']",100,5,0.1,0.8,1.0,0.10989922656356632,0.08201895509300443,-0.10214824838495784
20,1.0,"['return_5d', 'return_10d', 'return_20d', 'sma_5', 'sma_20', 'sma_60', 'price_to_sma_5', 'price_to_sma_20', 'price_to_sma_60', 'rsi_14', 'roc_10', 'roc_20', 'macd', 'macd_signal', 'macd_hist', 'volatility_5', 'volatility_20', 'atr_14', 'volume_sma_20', 'volume_ratio_20']",100,5,0.1,1.0,0.8,0.11070653977398047,0.08337130787480672,-0.11840035497419676
20,1.0,"['return_5d', 'return_10d', 'return_20d', 'sma_5', 'sma_20', 'sma_60', 'price_to_sma_5', 'price_to_sma_20', 'price_to_sma_60', 'rsi_14', 'roc_10', 'roc_20', 'macd', 'macd_signal', 'macd_hist', 'volatility_5', 'volatility_20', 'atr_14', 'volume_sma_20', 'volume_ratio_20']",100,5,0.1,1.0,1.0,0.10884604583248257,0.08125029231264441,-0.08112536297395478
20,1.0,"['return_5d', 'return_10d', 'return_20d', 'sma_5', 'sma_20', 'sma_60', 'price_to_sma_5', 'price_to_sma_20', 'price_to_sma_60', 'rsi_14', 'roc_10', 'roc_20', 'macd', 'macd_signal', 'macd_hist', 'volatility_5', 'volatility_20', 'atr_14', 'volume_sma_20', 'volume_ratio_20']",300,2,0.03,0.8,0.8,0.10405050672461004,0.07739354718951699,0.012040499497291912
20,1.0,"['return_5d', 'return_10d', 'return_20d', 'sma_5', 'sma_20', 'sma_60', 'price_to_sma_5', 'price_to_sma_20', 'price_to_sma_60', 'rsi_14', 'roc_10', 'roc_20', 'macd', 'macd_signal', 'macd_hist', 'volatility_5', 'volatility_20', 'atr_14', 'volume_sma_20', 'volume_ratio_20']",300,2,0.03,0.8,1.0,0.10471647962606268,0.0782099343541383,-0.0006467979790385492
20,1.0,"['return_5d', 'return_10d', 'return_20d', 'sma_5', 'sma_20', 'sma_60', 'price_to_sma_5', 'price_to_sma_20', 'price_to_sma_60', 'rsi_14', 'roc_10', 'roc_20', 'macd', 'macd_signal', 'macd_hist', 'volatility_5', 'volatility_20', 'atr_14', 'volume_sma_20', 'volume_ratio_20']",300,2,0.03,1.0,0.8,0.10506964623518586,0.07792410704903946,-0.007407738903824512
20,1.0,"['return_5d', 'return_10d', 'return_20d', 'sma_5', 'sma_20', 'sma_60', 'price_to_sma_5', 'price_to_sma_20', 'price_to_sma_60', 'rsi_14', 'roc_10', 'roc_20', 'macd', 'macd_signal', 'macd_hist', 'volatility_5', 'volatility_20', 'atr_14', 'volume_sma_20', 'volume_ratio_20']",300,2,0.03,1.0,1.0,0.10493918205912843,0.07766948148220515,-0.004907511157405731
20,1.0,"['return_5d', 'return_10d', 'return_20d', 'sma_5', 'sma_20', 'sma_60', 'price_to_sma_5', 'price_to_sma_20', 'price_to_sma_60', 'rsi_14', 'roc_10', 'roc_20', 'macd', 'macd_signal', 'macd_hist', 'volatility_5', 'volatility_20', 'atr_14', 'volume_sma_20', 'volume_ratio_20']",300,2,0.1,0.8,0.8,0.1118372655611133,0.08337965917253898,-0.1413630865631339
20,1.0,"['return_5d', 'return_10d', 'return_20d', 'sma_5', 'sma_20', 'sma_60', 'price_to_sma_5', 'price_to_sma_20', 'price_to_sma_60', 'rsi_14', 'roc_10', 'roc_20', 'macd', 'macd_signal', 'macd_hist', 'volatility_5', 'volatility_20', 'atr_14', 'volume_sma_20', 'volume_ratio_20']",300,2,0.1,0.8,1.0,0.11247453305410064,0.08514470032332362,-0.1544075021337914
20,1.0,"['return_5d', 'return_10d', 'return_20d', 'sma_5', 'sma_20', 'sma_60', 'price_to_sma_5', 'price_to_sma_20', 'price_to_sma_60', 'rsi_14', 'roc_10', 'roc_20', 'macd', 'macd_signal', 'macd_hist', 'volatility_5', 'volatility_20', 'atr_14', 'volume_sma_20', 'volume_ratio_20']",300,2,0.1,1.0,0.8,0.11041987695128097,0.082802407534569,-0.11261589601492417
20,1.0,"['return_5d', 'return_10d', 'return_20d', 'sma_5', 'sma_20', 'sma_60', 'price_to_sma_5', 'price_to_sma_20', 'price_to_sma_60', 'rsi_14', 'roc_10', 'roc_20', 'macd', 'macd_signal', 'macd_hist', 'volatility_5', 'volatility_20', 'atr_14', 'volume_sma_20', 'volume_ratio_20']",300,2,0.1,1.0,1.0,0.1111447336526777,0.0832146428436338,-0.12727148561859303
20,1.0,"['return_5d', 'return_10d', 'return_20d', 'sma_5', 'sma_20', 'sma_60', 'price_to_sma_5', 'price_to_sma_20', 'price_to_sma_60', 'rsi_14', 'roc_10', 'roc_20', 'macd', 'macd_signal', 'macd_hist', 'volatility_5', 'volatility_20', 'atr_14', 'volume_sma_20', 'volume_ratio_20']",300,3,0.03,0.8,0.8,0.10631065192433896,0.07938802817499244,-0.031345802771581166
20,1.0,"['return_5d', 'return_10d', 'return_20d', 'sma_5', 'sma_20', 'sma_60', 'price_to_sma_5', 'price_to_sma_20', 'price_to_sma_60', 'rsi_14', 'roc_10', 'roc_20', 'macd', 'macd_signal', 'macd_hist', 'volatility_5', 'volatility_20', 'atr_14', 'volume_sma_20', 'volume_ratio_20']",300,3,0.03,0.8,1.0,0.10607474611828162,0.0792066366826578,-0.026773720598474382
20,1.0,"['return_5d', 'return_10d', 'return_20d', 'sma_5', 'sma_20', 'sma_60', 'price_to_sma_5', 'price_to_sma_20', 'price_to_sma_60', 'rsi_14', 'roc_10', 'roc_20', 'macd', 'macd_signal', 'macd_hist', 'volatility_5', 'volatility_20', 'atr_14', 'volume_sma_20', 'volume_ratio_20']",300,3,0.03,1.0,0.8,0.10683408360106188,0.07977112460164056,-0.04152668361905487
20,1.0,"['return_5d', 'return_10d', 'return_20d', 'sma_5', 'sma_20', 'sma_60', 'price_to_sma_5', 'price_to_sma_20', 'price_to_sma_60', 'rsi_14', 'roc_10', 'roc_20', 'macd', 'macd_signal', 'macd_hist', 'volatility_5', 'volatility_20', 'atr_14', 'volume_sma_20', 'volume_ratio_20']",300,3,0.03,1.0,1.0,0.10708489736511935,0.0797758555493194,-0.0464227965868953
20,1.0,"['return_5d', 'return_10d', 'return_20d', 'sma_5', 'sma_20', 'sma_60', 'price_to_sma_5', 'price_to_sma_20', 'price_to_sma_60', 'rsi_14', 'roc_10', 'roc_20', 'macd', 'macd_signal', 'macd_hist', 'volatility_5', 'volatility_20', 'atr_14', 'volume_sma_20', 'volume_ratio_20']",300,3,0.1,0.8,0.8,0.11100247880165755,0.08357921404050578,-0.12438772839156553
20,1.0,"['return_5d', 'return_10d', 'return_20d', 'sma_5', 'sma_20', 'sma_60', 'price_to_sma_5', 'price_to_sma_20', 'price_to_sma_60', 'rsi_14', 'roc_10', 'roc_20', 'macd', 'macd_signal', 'macd_hist', 'volatility_5', 'volatility_20', 'atr_14', 'volume_sma_20', 'volume_ratio_20']",300,3,0.1,0.8,1.0,0.10855750164014451,0.08199865882311837,-0.07540096648544892
20,1.0,"['return_5d', 'return_10d', 'return_20d', 'sma_5', 'sma_20', 'sma_60', 'price_to_sma_5', 'price_to_sma_20', 'price_to_sma_60', 'rsi_14', 'roc_10', 'roc_20', 'macd', 'macd_signal', 'macd_hist', 'volatility_5', 'volatility_20', 'atr_14', 'volume_sma_20', 'volume_ratio_20']",300,3,0.1,1.0,0.8,0.111615334256681,0.08474831706394699,-0.13683771002944223
20,1.0,"['return_5d', 'return_10d', 'return_20d', 'sma_5', 'sma_20', 'sma_60', 'price_to_sma_5', 'price_to_sma_20', 'price_to_sma_60', 'rsi_14', 'roc_10', 'roc_20', 'macd', 'macd_signal', 'macd_hist', 'volatility_5', 'volatility_20', 'atr_14', 'volume_sma_20', 'volume_ratio_20']",300,3,0.1,1.0,1.0,0.1130608796815488,0.08516004133849481,-0.16647507464749034
20,1.0,"['return_5d', 'return_10d', 'return_20d', 'sma_5', 'sma_20', 'sma_60', 'price_to_sma_5', 'price_to_sma_20', 'price_to_sma_60', 'rsi_14', 'roc_10', 'roc_20', 'macd', 'macd_signal', 'macd_hist', 'volatility_5', 'volatility_20', 'atr_14', 'volume_sma_20', 'volume_ratio_20']",300,5,0.03,0.8,0.8,0.10846056087087319,0.08075895500650984,-0.0734811793091168
20,1.0,"['return_5d', 'return_10d', 'return_20d', 'sma_5', 'sma_20', 'sma_60', 'price_to_sma_5', 'price_to_sma_20', 'price_to_sma_60', 'rsi_14', 'roc_10', 'roc_20', 'macd', 'macd_signal', 'macd_hist', 'volatility_5', 'volatility_20', 'atr_14', 'volume_sma_20', 'volume_ratio_20']",300,5,0.03,0.8,1.0,0.10922028997501959,0.08198861198495652,-0.08857258635227483
20,1.0,"['return_5d', 'return_10d', 'return_20d', 'sma_5', 'sma_20', 'sma_60', 'price_to_sma_5', 'price_to_sma_20', 'price_to_sma_60', 'rsi_14', 'roc_10', 'roc_20', 'macd', 'macd_signal', 'macd_hist', 'volatility_5', 'volatility_20', 'atr_14', 'volume_sma_20', 'volume_ratio_20']",300,5,0.03,1.0,0.8,0.11001230281937929,0.08245724273668478,-0.10441743472897347
20,1.0,"['return_5d', 'return_10d', 'return_20d', 'sma_5', 'sma_20', 'sma_60', 'price_to_sma_5', 'price_to_sma_20', 'price_to_sma_60', 'rsi_14', 'roc_10', 'roc_20', 'macd', 'macd_signal', 'macd_hist', 'volatility_5', 'volatility_20', 'atr_14', 'volume_sma_20', 'volume_ratio_20']",300,5,0.03,1.0,1.0,0.10918342064147117,0.08124643361469827,-0.08783777468606169
20,1.0,"['return_5d', 'return_10d', 'return_20d', 'sma_5', 'sma_20', 'sma_60', 'price_to_sma_5', 'price_to_sma_20', 'price_to_sma_60', 'rsi_14', 'roc_10', 'roc_20', 'macd', 'macd_signal', 'macd_hist', 'volatility_5', 'volatility_20', 'atr_14', 'volume_sma_20', 'volume_ratio_20']",300,5,0.1,0.8,0.8,0.11352880662392989,0.08662220615995582,-0.1761504747385405
20,1.0,"['return_5d', 'return_10d', 'return_20d', 'sma_5', 'sma_20', 'sma_60', 'price_to_sma_5', 'price_to_sma_20', 'price_to_sma_60', 'rsi_14', 'roc_10', 'roc_20', 'macd', 'macd_signal', 'macd_hist', 'volatility_5', 'volatility_20', 'atr_14', 'volume_sma_20', 'volume_ratio_20']",300,5,0.1,0.8,1.0,0.11221874922377151,0.08489931194807086,-0.14916288345067064
20,1.0,"['return_5d', 'return_10d', 'return_20d', 'sma_5', 'sma_20', 'sma_60', 'price_to_sma_5', 'price_to_sma_20', 'price_to_sma_60', 'rsi_14', 'roc_10', 'roc_20', 'macd', 'macd_signal', 'macd_hist', 'volatility_5', 'volatility_20', 'atr_14', 'volume_sma_20', 'volume_ratio_20']",300,5,0.1,1.0,0.8,0.1131013591957365,0.08583290811648393,-0.16731049707348
20,1.0,"['return_5d', 'return_10d', 'return_20d', 'sma_5', 'sma_20', 'sma_60', 'price_to_sma_5', 'price_to_sma_20', 'price_to_sma_60', 'rsi_14', 'roc_10', 'roc_20', 'macd', 'macd_signal', 'macd_hist', 'volatility_5', 'volatility_20', 'atr_14', 'volume_sma_20', 'volume_ratio_20']",300,5,0.1,1.0,1.0,0.11113190529941125,0.08349679955541432,-0.1270112807160082
20,1.0,"['return_5d', 'return_10d', 'return_20d', 'sma_5', 'sma_20', 'sma_60', 'price_to_sma_5', 'price_to_sma_20', 'price_to_sma_60', 'rsi_14', 'roc_10', 'roc_20', 'macd', 'macd_signal', 'macd_hist', 'volatility_5', 'volatility_20', 'atr_14', 'volume_sma_20', 'volume_ratio_20']",500,2,0.03,0.8,0.8,0.10663695391143592,0.07960378944183902,-0.03768659062405244
20,1.0,"['return_5d', 'return_10d', 'return_20d', 'sma_5', 'sma_20', 'sma_60', 'price_to_sma_5', 'price_to_sma_20', 'price_to_sma_60', 'rsi_14', 'roc_10', 'roc_20', 'macd', 'macd_signal', 'macd_hist', 'volatility_5', 'volatility_20', 'atr_14', 'volume_sma_20', 'volume_ratio_20']",500,2,0.03,0.8,1.0,0.10655980423789925,0.07984787407277641,-0.036185643365322706
20,1.0,"['return_5d', 'return_10d', 'return_20d', 'sma_5', 'sma_20', 'sma_60', 'price_to_sma_5', 'price_to_sma_20', 'price_to_sma_60', 'rsi_14', 'roc_10', 'roc_20', 'macd', 'macd_signal', 'macd_hist', 'volatility_5', 'volatility_20', 'atr_14', 'volume_sma_20', 'volume_ratio_20']",500,2,0.03,1.0,0.8,0.10782193871136944,0.08010216937508911,-0.060876955480571926
20,1.0,"['return_5d', 'return_10d', 'return_20d', 'sma_5', 'sma_20', 'sma_60', 'price_to_sma_5', 'price_to_sma_20', 'price_to_sma_60', 'rsi_14', 'roc_10', 'roc_20', 'macd', 'macd_signal', 'macd_hist', 'volatility_5', 'volatility_20', 'atr_14', 'volume_sma_20', 'volume_ratio_20']",500,2,0.03,1.0,1.0,0.10848302605471026,0.08080682505665836,-0.07392592068581072
20,1.0,"['return_5d', 'return_10d', 'return_20d', 'sma_5', 'sma_20', 'sma_60', 'price_to_sma_5', 'price_to_sma_20', 'price_to_sma_60', 'rsi_14', 'roc_10', 'roc_20', 'macd', 'macd_signal', 'macd_hist', 'volatility_5', 'volatility_20', 'atr_14', 'volume_sma_20', 'volume_ratio_20']",500,2,0.1,0.8,0.8,0.1142908522400409,0.08535699686152974,-0.19199294530755262
20,1.0,"['return_5d', 'return_10d', 'return_20d', 'sma_5', 'sma_20', 'sma_60', 'price_to_sma_5', 'price_to_sma_20', 'price_to_sma_60', 'rsi_14', 'roc_10', 'roc_20', 'macd', 'macd_signal', 'macd_hist', 'volatility_5', 'volatility_20', 'atr_14', 'volume_sma_20', 'volume_ratio_20']",500,2,0.1,0.8,1.0,0.11673135538144368,0.08879928221016824,-0.24344276337490256
20,1.0,"['return_5d', 'return_10d', 'return_20d', 'sma_5', 'sma_20', 'sma_60', 'price_to_sma_5', 'price_to_sma_20', 'price_to_sma_60', 'rsi_14', 'roc_10', 'roc_20', 'macd', 'macd_signal', 'macd_hist', 'volatility_5', 'volatility_20', 'atr_14', 'volume_sma_20', 'volume_ratio_20']",500,2,0.1,1.0,0.8,0.11472493940194377,0.08683720996346563,-0.20106473794209911
20,1.0,"['return_5d', 'return_10d', 'return_20d', 'sma_5', 'sma_20', 'sma_60', 'price_to_sma_5', 'price_to_sma_20', 'price_to_sma_60', 'rsi_14', 'roc_10', 'roc_20', 'macd', 'macd_signal', 'macd_hist', 'volatility_5', 'volatility_20', 'atr_14', 'volume_sma_20', 'volume_ratio_20']",500,2,0.1,1.0,1.0,0.11591971111199297,0.08740179267514026,-0.2262113255563929
20,1.0,"['return_5d', 'return_10d', 'return_20d', 'sma_5', 'sma_20', 'sma_60', 'price_to_sma_5', 'price_to_sma_20', 'price_to_sma_60', 'rsi_14', 'roc_10', 'roc_20', 'macd', 'macd_signal', 'macd_hist', 'volatility_5', 'volatility_20', 'atr_14', 'volume_sma_20', 'volume_ratio_20']",500,3,0.03,0.8,0.8,0.10783428898763739,0.08073119747707207,-0.061120002007522656
20,1.0,"['return_5d', 'return_10d', 'return_20d', 'sma_5', 'sma_20', 'sma_60', 'price_to_sma_5', 'price_to_sma_20', 'price_to_sma_60', 'rsi_14', 'roc_10', 'roc_20', 'macd', 'macd_signal', 'macd_hist', 'volatility_5', 'volatility_20', 'atr_14', 'volume_sma_20', 'volume_ratio_20']",500,3,0.03,0.8,1.0,0.10746255161297194,0.08055693475838248,-0.05381660974597402
20,1.0,"['return_5d', 'return_10d', 'return_20d', 'sma_5', 'sma_20', 'sma_60', 'price_to_sma_5', 'price_to_sma_20', 'price_to_sma_60', 'rsi_14', 'roc_10', 'roc_20', 'macd', 'macd_signal', 'macd_hist', 'volatility_5', 'volatility_20', 'atr_14', 'volume_sma_20', 'volume_ratio_20']",500,3,0.03,1.0,0.8,0.10965984751817243,0.0823767704089236,-0.09735214800449832
20,1.0,"['return_5d', 'return_10d', 'return_20d', 'sma_5', 'sma_20', 'sma_60', 'price_to_sma_5', 'price_to_sma_20', 'price_to_sma_60', 'rsi_14', 'roc_10', 'roc_20', 'macd', 'macd_signal', 'macd_hist', 'volatility_5', 'volatility_20', 'atr_14', 'volume_sma_20', 'volume_ratio_20']",500,3,0.03,1.0,1.0,0.10951631765339279,0.0817848731866708,-0.09448145770029548
20,1.0,"['return_5d', 'return_10d', 'return_20d', 'sma_5', 'sma_20', 'sma_60', 'price_to_sma_5', 'price_to_sma_20', 'price_to_sma_60', 'rsi_14', 'roc_10', 'roc_20', 'macd', 'macd_signal', 'macd_hist', 'volatility_5', 'volatility_20', 'atr_14', 'volume_sma_20', 'volume_ratio_20']",500,3,0.1,0.8,0.8,0.11382792088909434,0.08642943344660876,-0.18235624477193513
20,1.0,"['return_5d', 'return_10d', 'return_20d', 'sma_5', 'sma_20', 'sma_60', 'price_to_sma_5', 'price_to_sma_20', 'price_to_sma_60', 'rsi_14', 'roc_10', 'roc_20', 'macd', 'macd_signal', 'macd_hist', 'volatility_5', 'volatility_20', 'atr_14', 'volume_sma_20', 'volume_ratio_20']",500,3,0.1,0.8,1.0,0.11081197763650745,0.0846451741972111,-0.12053171772766791
20,1.0,"['return_5d', 'return_10d', 'return_20d', 'sma_5', 'sma_20', 'sma_60', 'price_to_sma_5', 'price_to_sma_20', 'price_to_sma_60', 'rsi_14', 'roc_10', 'roc_20', 'macd', 'macd_signal', 'macd_hist', 'volatility_5', 'volatility_20', 'atr_14', 'volume_sma_20', 'volume_ratio_20']",500,3,0.1,1.0,0.8,0.11385997214715095,0.08728927072662919,-0.1830221857841341
20,1.0,"['return_5d', 'return_10d', 'return_20d', 'sma_5', 'sma_20', 'sma_60', 'price_to_sma_5', 'price_to_sma_20', 'price_to_sma_60', 'rsi_14', 'roc_10', 'roc_20', 'macd', 'macd_signal', 'macd_hist', 'volatility_5', 'volatility_20', 'atr_14', 'volume_sma_20', 'volume_ratio_20']",500,3,0.1,1.0,1.0,0.11633606954210066,0.08803055288617206,-0.2350357144051336
20,1.0,"['return_5d', 'return_10d', 'return_20d', 'sma_5', 'sma_20', 'sma_60', 'price_to_sma_5', 'price_to_sma_20', 'price_to_sma_60', 'rsi_14', 'roc_10', 'roc_20', 'macd', 'macd_signal', 'macd_hist', 'volatility_5', 'volatility_20', 'atr_14', 'volume_sma_20', 'volume_ratio_20']",500,5,0.03,0.8,0.8,0.11007272005052422,0.08227618905602775,-0.10563082930717904
20,1.0,"['return_5d', 'return_10d', 'return_20d', 'sma_5', 'sma_20', 'sma_60', 'price_to_sma_5', 'price_to_sma_20', 'price_to_sma_60', 'rsi_14', 'roc_10', 'roc_20', 'macd', 'macd_signal', 'macd_hist', 'volatility_5', 'volatility_20', 'atr_14', 'volume_sma_20', 'volume_ratio_20']",500,5,0.03,0.8,1.0,0.1101703966775321,0.08326472594073818,-0.10759393526486183
20,1.0,"['return_5d', 'return_10d', 'return_20d', 'sma_5', 'sma_20', 'sma_60', 'price_to_sma_5', 'price_to_sma_20', 'price_to_sma_60', 'rsi_14', 'roc_10', 'roc_20', 'macd', 'macd_signal', 'macd_hist', 'volatility_5', 'volatility_20', 'atr_14', 'volume_sma_20', 'volume_ratio_20']",500,5,0.03,1.0,0.8,0.11157372706386805,0.08433902930743749,-0.13599030299683323
20,1.0,"['return_5d', 'return_10d', 'return_20d', 'sma_5', 'sma_20', 'sma_60', 'price_to_sma_5', 'price_to_sma_20', 'price_to_sma_60', 'rsi_14', 'roc_10', 'roc_20', 'macd', 'macd_signal', 'macd_hist', 'volatility_5', 'volatility_20', 'atr_14', 'volume_sma_20', 'volume_ratio_20']",500,5,0.03,1.0,1.0,0.11046151811918026,0.08261761078605152,-0.11345522608187641
20,1.0,"['return_5d', 'return_10d', 'return_20d', 'sma_5', 'sma_20', 'sma_60', 'price_to_sma_5', 'price_to_sma_20', 'price_to_sma_60', 'rsi_14', 'roc_10', 'roc_20', 'macd', 'macd_signal', 'macd_hist', 'volatility_5', 'volatility_20', 'atr_14', 'volume_sma_20', 'volume_ratio_20']",500,5,0.1,0.8,0.8,0.114080145108977,0.08722589734290385,-0.18760186959715175
20,1.0,"['return_5d', 'return_10d', 'return_20d', 'sma_5', 'sma_20', 'sma_60', 'price_to_sma_5', 'price_to_sma_20', 'price_to_sma_60', 'rsi_14', 'roc_10', 'roc_20', 'macd', 'macd_signal', 'macd_hist', 'volatility_5', 'volatility_20', 'atr_14', 'volume_sma_20', 'volume_ratio_20']",500,5,0.1,0.8,1.0,0.11256803223112895,0.08523664742324696,-0.15632759927402584
20,1.0,"['return_5d', 'return_10d', 'return_20d', 'sma_5', 'sma_20', 'sma_60', 'price_to_sma_5', 'price_to_sma_20', 'price_to_sma_60', 'rsi_14', 'roc_10', 'roc_20', 'macd', 'macd_signal', 'macd_hist', 'volatility_5', 'volatility_20', 'atr_14', 'volume_sma_20', 'volume_ratio_20']",500,5,0.1,1.0,0.8,0.11376484069632159,0.08653584787882522,-0.18104615154868453
20,1.0,"['return_5d', 'return_10d', 'return_20d', 'sma_5', 'sma_20', 'sma_60', 'price_to_sma_5', 'price_to_sma_20', 'price_to_sma_60', 'rsi_14', 'roc_10', 'roc_20', 'macd', 'macd_signal', 'macd_hist', 'volatility_5', 'volatility_20', 'atr_14', 'volume_sma_20', 'volume_ratio_20']",500,5,0.1,1.0,1.0,0.11168223803682147,0.08400135106830735,-0.1382009910883757
20,0.1,"['return_5d', 'return_10d', 'return_20d', 'gap', 'sma_5', 'sma_20', 'sma_60', 'price_to_sma_20', 'price_to_sma_60', 'rsi_14', 'roc_10', 'roc_20', 'macd', 'macd_signal', 'macd_hist', 'volatility_5', 'volatility_20', 'atr_14', 'volume_sma_20', 'volume_ratio_20']",100,2,0.03,0.8,0.8,0.10173173035218956,0.07564304593563823,0.05558341385697485
20,0.1,"['return_5d', 'return_10d', 'return_20d', 'gap', 'sma_5', 'sma_20', 'sma_60', 'price_to_sma_20', 'price_to_sma_60', 'rsi_14', 'roc_10', 'roc_20', 'macd', 'macd_signal', 'macd_hist', 'volatility_5', 'volatility_20', 'atr_14', 'volume_sma_20', 'volume_ratio_20']",100,2,0.03,0.8,1.0,0.1018546214963996,0.0757458704353391,0.05330033984389548
20,0.1,"['return_5d', 'return_10d', 'return_20d', 'gap', 'sma_5', 'sma_20', 'sma_60', 'price_to_sma_20', 'price_to_sma_60', 'rsi_14', 'roc_10', 'roc_20', 'macd', 'macd_signal', 'macd_hist', 'volatility_5', 'volatility_20', 'atr_14', 'volume_sma_20', 'volume_ratio_20']",100,2,0.03,1.0,0.8,0.10252749282525035,0.07626244919114333,0.040750862071039395
20,0.1,"['return_5d', 'return_10d', 'return_20d', 'gap', 'sma_5', 'sma_20', 'sma_60', 'price_to_sma_20', 'price_to_sma_60', 'rsi_14', 'roc_10', 'roc_20', 'macd', 'macd_signal', 'macd_hist', 'volatility_5', 'volatility_20', 'atr_14', 'volume_sma_20', 'volume_ratio_20']",100,2,0.03,1.0,1.0,0.10262407048357826,0.07610987173904447,0.038942846174519374
20,0.1,"['return_5d', 'return_10d', 'return_20d', 'gap', 'sma_5', 'sma_20', 'sma_60', 'price_to_sma_20', 'price_to_sma_60', 'rsi_14', 'roc_10', 'roc_20', 'macd', 'macd_signal', 'macd_hist', 'volatility_5', 'volatility_20', 'atr_14', 'volume_sma_20', 'volume_ratio_20']",100,2,0.1,0.8,0.8,0.10441411261244393,0.07782503971095284,0.005123559522884902
20,0.1,"['return_5d', 'return_10d', 'return_20d', 'gap', 'sma_5', 'sma_20', 'sma_60', 'price_to_sma_20', 'price_to_sma_60', 'rsi_14', 'roc_10', 'roc_20', 'macd', 'macd_signal', 'macd_hist', 'volatility_5', 'volatility_20', 'atr_14', 'volume_sma_20', 'volume_ratio_20']",100,2,0.1,0.8,1.0,0.10548463636042418,0.07890114252917547,-0.01538130474472954
20,0.1,"['return_5d', 'return_10d', 'return_20d', 'gap', 'sma_5', 'sma_20', 'sma_60', 'price_to_sma_20', 'price_to_sma_60', 'rsi_14', 'roc_10', 'roc_20', 'macd', 'macd_signal', 'macd_hist', 'volatility_5', 'volatility_20', 'atr_14', 'volume_sma_20', 'volume_ratio_20']",100,2,0.1,1.0,0.8,0.10729379682843557,0.08013625431659958,-0.05050946770247822
20,0.1,"['return_5d', 'return_10d', 'return_20d', 'gap', 'sma_5', 'sma_20', 'sma_60', 'price_to_sma_20', 'price_to_sma_60', 'rsi_14', 'roc_10', 'roc_20', 'macd', 'macd_signal', 'macd_hist', 'volatility_5', 'volatility_20', 'atr_14', 'volume_sma_20', 'volume_ratio_20']",100,2,0.1,1.0,1.0,0.1048643227975367,0.07778409877695341,-0.0034743038272797566
20,0.1,"['return_5d', 'return_10d', 'return_20d', 'gap', 'sma_5', 'sma_20', 'sma_60', 'price_to_sma_20', 'price_to_sma_60', 'rsi_14', 'roc_10', 'roc_20', 'macd', 'macd_signal', 'macd_hist', 'volatility_5', 'volatility_20', 'atr_14', 'volume_sma_20', 'volume_ratio_20']",100,3,0.03,0.8,0.8,0.1034049801564102,0.076712683858327,0.024261022417611078
20,0.1,"['return_5d', 'return_10d', 'return_20d', 'gap', 'sma_5', 'sma_20', 'sma_60', 'price_to_sma_20', 'price_to_sma_60', 'rsi_14', 'roc_10', 'roc_20', 'macd', 'macd_signal', 'macd_hist', 'volatility_5', 'volatility_20', 'atr_14', 'volume_sma_20', 'volume_ratio_20']",100,3,0.03,0.8,1.0,0.10306137015226244,0.07638578818701705,0.030734919982518427
20,0.1,"['return_5d', 'return_10d', 'return_20d', 'gap', 'sma_5', 'sma_20', 'sma_60', 'price_to_sma_20', 'price_to_sma_60', 'rsi_14', 'roc_10', 'roc_20', 'macd', 'macd_signal', 'macd_hist', 'volatility_5', 'volatility_20', 'atr_14', 'volume_sma_20', 'volume_ratio_20']",100,3,0.03,1.0,0.8,0.10397907907064358,0.07741441735538125,0.013396444994154155
20,0.1,"['return_5d', 'return_10d', 'return_20d', 'gap', 'sma_5', 'sma_20', 'sma_60', 'price_to_sma_20', 'price_to_sma_60', 'rsi_14', 'roc_10', 'roc_20', 'macd', 'macd_signal', 'macd_hist', 'volatility_5', 'volatility_20', 'atr_14', 'volume_sma_20', 'volume_ratio_20']",100,3,0.03,1.0,1.0,0.1039909563528186,0.07725060840544946,0.01317103737962888
20,0.1,"['return_5d', 'return_10d', 'return_20d', 'gap', 'sma_5', 'sma_20', 'sma_60', 'price_to_sma_20', 'price_to_sma_60', 'rsi_14', 'roc_10', 'roc_20', 'macd', 'macd_signal', 'macd_hist', 'volatility_5', 'volatility_20', 'atr_14', 'volume_sma_20', 'volume_ratio_20']",100,3,0.1,0.8,0.8,0.10755667115416725,0.08089879765036148,-0.05566335857319138
20,0.1,"['return_5d', 'return_10d', 'return_20d', 'gap', 'sma_5', 'sma_20', 'sma_60', 'price_to_sma_20', 'price_to_sma_60', 'rsi_14', 'roc_10', 'roc_20', 'macd', 'macd_signal', 'macd_hist', 'volatility_5', 'volatility_20', 'atr_14', 'volume_sma_20', 'volume_ratio_20']",100,3,0.1,0.8,1.0,0.106117922407018,0.0792601640213734,-0.02760975938578092
20,0.1,"['return_5d', 'return_10d', 'return_20d', 'gap', 'sma_5', 'sma_20', 'sma_60', 'price_to_sma_20', 'price_to_sma_60', 'rsi_14', 'roc_10', 'roc_20', 'macd', 'macd_signal', 'macd_hist', 'volatility_5', 'volatility_20', 'atr_14', 'volume_sma_20', 'volume_ratio_20']",100,3,0.1,1.0,0.8,0.10717368722556503,0.07963755204056532,-0.048158807087472555
20,0.1,"['return_5d', 'return_10d', 'return_20d', 'gap', 'sma_5', 'sma_20', 'sma_60', 'price_to_sma_20', 'price_to_sma_60', 'rsi_14', 'roc_10', 'roc_20', 'macd', 'macd_signal', 'macd_hist', 'volatility_5', 'volatility_20', 'atr_14', 'volume_sma_20', 'volume_ratio_20']",100,3,0.1,1.0,1.0,0.107705888908696,0.08023713673793495,-0.058594520048334875
20,0.1,"['return_5d', 'return_10d', 'return_20d', 'gap', 'sma_5', 'sma_20', 'sma_60', 'price_to_sma_20', 'price_to_sma_60', 'rsi_14', 'roc_10', 'roc_20', 'macd', 'macd_signal', 'macd_hist', 'volatility_5', 'volatility_20', 'atr_14', 'volume_sma_20', 'volume_ratio_20']",100,5,0.03,0.8,0.8,0.10580454618420392,0.0783300782264919,-0.02154946405712921
20,0.1,"['return_5d', 'return_10d', 'return_20d', 'gap', 'sma_5', 'sma_20', 'sma_60', 'price_to_sma_20', 'price_to_sma_60', 'rsi_14', 'roc_10', 'roc_20', 'macd', 'macd_signal', 'macd_hist', 'volatility_5', 'volatility_20', 'atr_14', 'volume_sma_20', 'volume_ratio_20']",100,5,0.03,0.8,1.0,0.10645559614232795,0.07907804000285647,-0.034159998979562234
20,0.1,"['return_5d', 'return_10d', 'return_20d', 'gap', 'sma_5', 'sma_20', 'sma_60', 'price_to_sma_20', 'price_to_sma_60', 'rsi_14', 'roc_10', 'roc_20', 'macd', 'macd_signal', 'macd_hist', 'volatility_5', 'volatility_20', 'atr_14', 'volume_sma_20', 'volume_ratio_20']",100,5,0.03,1.0,0.8,0.10706651058886067,0.07901498260295968,-0.04606347999798377
20,0.1,"['return_5d', 'return_10d', 'return_20d', 'gap', 'sma_5', 'sma_20', 'sma_60', 'price_to_sma_20', 'price_to_sma_60', 'rsi_14', 'roc_10', 'roc_20', 'macd', 'macd_signal', 'macd_hist', 'volatility_5', 'volatility_20', 'atr_14', 'volume_sma_20', 'volume_ratio_20']",100,5,0.03,1.0,1.0,0.1064126740526723,0.0784824571570832,-0.033326236147208865
20,0.1,"['return_5d', 'return_10d', 'return_20d', 'gap', 'sma_5', 'sma_20', 'sma_60', 'price_to_sma_20', 'price_to_sma_60', 'rsi_14', 'roc_10', 'roc_20', 'macd', 'macd_signal', 'macd_hist', 'volatility_5', 'volatility_20', 'atr_14', 'volume_sma_20', 'volume_ratio_20']",100,5,0.1,0.8,0.8,0.10841907151045249,0.08175166146002631,-0.07266006002598058
20,0.1,"['return_5d', 'return_10d', 'return_20d', 'gap', 'sma_5', 'sma_20', 'sma_60', 'price_to_sma_20', 'price_to_sma_60', 'rsi_14', 'roc_10', 'roc_20', 'macd', 'macd_signal', 'macd_hist', 'volatility_5', 'volatility_20', 'atr_14', 'volume_sma_20', 'volume_ratio_20']",100,5,0.1,0.8,1.0,0.10826866237031961,0.08037472505951847,-0.069685934468674
20,0.1,"['return_5d', 'return_10d', 'return_20d', 'gap', 'sma_5', 'sma_20', 'sma_60', 'price_to_sma_20', 'price_to_sma_60', 'rsi_14', 'roc_10', 'roc_20', 'macd', 'macd_signal', 'macd_hist', 'volatility_5', 'volatility_20', 'atr_14', 'volume_sma_20', 'volume_ratio_20']",100,5,0.1,1.0,0.8,0.10965734917952812,0.08154661018982332,-0.09730214745990717
20,0.1,"['return_5d', 'return_10d', 'return_20d', 'gap', 'sma_5', 'sma_20', 'sma_60', 'price_to_sma_20', 'price_to_sma_60', 'rsi_14', 'roc_10', 'roc_20', 'macd', 'macd_signal', 'macd_hist', 'volatility_5', 'volatility_20', 'atr_14', 'volume_sma_20', 'volume_ratio_20']",100,5,0.1,1.0,1.0,0.1072784045363774,0.08074143276010019,-0.05020807863499499
20,0.1,"['return_5d', 'return_10d', 'return_20d', 'gap', 'sma_5', 'sma_20', 'sma_60', 'price_to_sma_20', 'price_to_sma_60', 'rsi_14', 'roc_10', 'roc_20', 'macd', 'macd_signal', 'macd_hist', 'volatility_5', 'volatility_20', 'atr_14', 'volume_sma_20', 'volume_ratio_20']",300,2,0.03,0.8,0.8,0.10362658550851213,0.07693624283851219,0.02007436375616456
20,0.1,"['return_5d', 'return_10d', 'return_20d', 'gap', 'sma_5', 'sma_20', 'sma_60', 'price_to_sma_20', 'price_to_sma_60', 'rsi_14', 'roc_10', 'roc_20', 'macd', 'macd_signal', 'macd_hist', 'volatility_5', 'volatility_20', 'atr_14', 'volume_sma_20', 'volume_ratio_20']",300,2,0.03,0.8,1.0,0.10445375219506867,0.07811586386556489,0.004368029993884526
20,0.1,"['return_5d', 'return_10d', 'return_20d', 'gap', 'sma_5', 'sma_20', 'sma_60', 'price_to_sma_20', 'price_to_sma_60', 'rsi_14', 'roc_10', 'roc_20', 'macd', 'macd_signal', 'macd_hist', 'volatility_5', 'volatility_20', 'atr_14', 'volume_sma_20', 'volume_ratio_20']",300,2,0.03,1.0,0.8,0.10474256591012054,0.0776946254741576,-0.0011454092392846338
20,0.1,"['return_5d', 'return_10d', 'return_20d', 'gap', 'sma_5', 'sma_20', 'sma_60', 'price_to_sma_20', 'price_to_sma_60', 'rsi_14', 'roc_10', 'roc_20', 'macd', 'macd_signal', 'macd_hist', 'volatility_5', 'volatility_20', 'atr_14', 'volume_sma_20', 'volume_ratio_20']",300,2,0.03,1.0,1.0,0.10482064178075724,0.07768816421128713,-0.0026384876505740618
20,0.1,"['return_5d', 'return_10d', 'return_20d', 'gap', 'sma_5', 'sma_20', 'sma_60', 'price_to_sma_20', 'price_to_sma_60', 'rsi_14', 'roc_10', 'roc_20', 'macd', 'macd_signal', 'macd_hist', 'volatility_5', 'volatility_20', 'atr_14', 'volume_sma_20', 'volume_ratio_20']",300,2,0.1,0.8,0.8,0.10897622043676523,0.08131630926937548,-0.08371285655524119
20,0.1,"['return_5d', 'return_10d', 'return_20d', 'gap', 'sma_5', 'sma_20', 'sma_60', 'price_to_sma_20', 'price_to_sma_60', 'rsi_14', 'roc_10', 'roc_20', 'macd', 'macd_signal', 'macd_hist', 'volatility_5', 'volatility_20', 'atr_14', 'volume_sma_20', 'volume_ratio_20']",300,2,0.1,0.8,1.0,0.11217612146606147,0.08496739381441022,-0.14829000020659788
20,0.1,"['return_5d', 'return_10d', 'return_20d', 'gap', 'sma_5', 'sma_20', 'sma_60', 'price_to_sma_20', 'price_to_sma_60', 'rsi_14', 'roc_10', 'roc_20', 'macd', 'macd_signal', 'macd_hist', 'volatility_5', 'volatility_20', 'atr_14', 'volume_sma_20', 'volume_ratio_20']",300,2,0.1,1.0,0.8,0.11251082872859278,0.08495157068762285,-0.15515267987993897
20,0.1,"['return_5d', 'return_10d', 'return_20d', 'gap', 'sma_5', 'sma_20', 'sma_60', 'price_to_sma_20', 'price_to_sma_60', 'rsi_14', 'roc_10', 'roc_20', 'macd', 'macd_signal', 'macd_hist', 'volatility_5', 'volatility_20', 'atr_14', 'volume_sma_20', 'volume_ratio_20']",300,2,0.1,1.0,1.0,0.11172786544271565,0.08359145686128268,-0.13913119750404235
20,0.1,"['return_5d', 'return_10d', 'return_20d', 'gap', 'sma_5', 'sma_20', 'sma_60', 'price_to_sma_20', 'price_to_sma_60', 'rsi_14', 'roc_10', 'roc_20', 'macd', 'macd_signal', 'macd_hist', 'volatility_5', 'volatility_20', 'atr_14', 'volume_sma_20', 'volume_ratio_20']",300,3,0.03,0.8,0.8,0.10517076576475225,0.07813817642435159,-0.009347740030761553
20,0.1,"['return_5d', 'return_10d', 'return_20d', 'gap', 'sma_5', 'sma_20', 'sma_60', 'price_to_sma_20', 'price_to_sma_60', 'rsi_14', 'roc_10', 'roc_20', 'macd', 'macd_signal', 'macd_hist', 'volatility_5', 'volatility_20', 'atr_14', 'volume_sma_20', 'volume_ratio_20']",300,3,0.03,0.8,1.0,0.10605332866439295,0.07927232426988567,-0.026359132592550516
20,0.1,"['return_5d', 'return_10d', 'return_20d', 'gap', 'sma_5', 'sma_20', 'sma_60', 'price_to_sma_20', 'price_to_sma_60', 'rsi_14', 'roc_10', 'roc_20', 'macd', 'macd_signal', 'macd_hist', 'volatility_5', 'volatility_20', 'atr_14', 'volume_sma_20', 'volume_ratio_20']",300,3,0.03,1.0,0.8,0.10629292432945656,0.07934778694138442,-0.03100187192644932
20,0.1,"['return_5d', 'return_10d', 'return_20d', 'gap', 'sma_5', 'sma_20', 'sma_60', 'price_to_sma_20', 'price_to_sma_60', 'rsi_14', 'roc_10', 'roc_20', 'macd', 'macd_signal', 'macd_hist', 'volatility_5', 'volatility_20', 'atr_14', 'volume_sma_20', 'volume_ratio_20']",300,3,0.03,1.0,1.0,0.10767048061779301,0.08008155466142482,-0.05789860895516186
20,0.1,"['return_5d', 'return_10d', 'return_20d', 'gap', 'sma_5', 'sma_20', 'sma_60', 'price_to_sma_20', 'price_to_sma_60', 'rsi_14', 'roc_10', 'roc_20', 'macd', 'macd_signal', 'macd_hist', 'volatility_5', 'volatility_20', 'atr_14', 'volume_sma_20', 'volume_ratio_20']",300,3,0.1,0.8,0.8,0.11181776666366768,0.08445810235419718,-0.140965126517405
20,0.1,"['return_5d', 'return_10d', 'return_20d', 'gap', 'sma_5', 'sma_20', 'sma_60', 'price_to_sma_20', 'price_to_sma_60', 'rsi_14', 'roc_10', 'roc_20', 'macd', 'macd_signal', 'macd_hist', 'volatility_5', 'volatility_20', 'atr_14', 'volume_sma_20', 'volume_ratio_20']",300,3,0.1,0.8,1.0,0.11067129524685237,0.08336948063222921,-0.11768836059235954
20,0.1,"['return_5d', 'return_10d', 'return_20d', 'gap', 'sma_5', 'sma_20', 'sma_60', 'price_to_sma_20', 'price_to_sma_60', 'rsi_14', 'roc_10', 'roc_20', 'macd', 'macd_signal', 'macd_hist', 'volatility_5', 'volatility_20', 'atr_14', 'volume_sma_20', 'volume_ratio_20']",300,3,0.1,1.0,0.8,0.11165781892096019,0.08380014877253553,-0.13770331439734695
20,0.1,"['return_5d', 'return_10d', 'return_20d', 'gap', 'sma_5', 'sma_20', 'sma_60', 'price_to_sma_20', 'price_to_sma_60', 'rsi_14', 'roc_10', 'roc_20', 'macd', 'macd_signal', 'macd_hist', 'volatility_5', 'volatility_20', 'atr_14', 'volume_sma_20', 'volume_ratio_20']",300,3,0.1,1.0,1.0,0.11214626660599938,0.08409005422615545,-0.14767886345376224
20,0.1,"['return_5d', 'return_10d', 'return_20d', 'gap', 'sma_5', 'sma_20', 'sma_60', 'price_to_sma_20', 'price_to_sma_60', 'rsi_14', 'roc_10', 'roc_20', 'macd', 'macd_signal', 'macd_hist', 'volatility_5', 'volatility_20', 'atr_14', 'volume_sma_20', 'volume_ratio_20']",300,5,0.03,0.8,0.8,0.10903354410234123,0.0812590349166744,-0.08485326557162187
20,0.1,"['return_5d', 'return_10d', 'return_20d', 'gap', 'sma_5', 'sma_20', 'sma_60', 'price_to_sma_20', 'price_to_sma_60', 'rsi_14', 'roc_10', 'roc_20', 'macd', 'macd_signal', 'macd_hist', 'volatility_5', 'volatility_20', 'atr_14', 'volume_sma_20', 'volume_ratio_20']",300,5,0.03,0.8,1.0,0.10923468675643469,0.08214828774905049,-0.08885958384103287
20,0.1,"['return_5d', 'return_10d', 'return_20d', 'gap', 'sma_5', 'sma_20', 'sma_60', 'price_to_sma_20', 'price_to_sma_60', 'rsi_14', 'roc_10', 'roc_20', 'macd', 'macd_signal', 'macd_hist', 'volatility_5', 'volatility_20', 'atr_14', 'volume_sma_20', 'volume_ratio_20']",300,5,0.03,1.0,0.8,0.1088181395302439,0.0810049136962585,-0.08057106918518087
20,0.1,"['return_5d', 'return_10d', 'return_20d', 'gap', 'sma_5', 'sma_20', 'sma_60', 'price_to_sma_20', 'price_to_sma_60', 'rsi_14', 'roc_10', 'roc_20', 'macd', 'macd_signal', 'macd_hist', 'volatility_5', 'volatility_20', 'atr_14', 'volume_sma_20', 'volume_ratio_20']",300,5,0.03,1.0,1.0,0.10977493508860264,0.0817838035097898,-0.09965669003588129
20,0.1,"['return_5d', 'return_10d', 'return_20d', 'gap', 'sma_5', 'sma_20', 'sma_60', 'price_to_sma_20', 'price_to_sma_60', 'rsi_14', 'roc_10', 'roc_20', 'macd', 'macd_signal', 'macd_hist', 'volatility_5', 'volatility_20', 'atr_14', 'volume_sma_20', 'volume_ratio_20']",300,5,0.1,0.8,0.8,0.11219955113999916,0.08564241397044263,-0.1487697256525906
20,0.1,"['return_5d', 'return_10d', 'return_20d', 'gap', 'sma_5', 'sma_20', 'sma_60', 'price_to_sma_20', 'price_to_sma_60', 'rsi_14', 'roc_10', 'roc_20', 'macd', 'macd_signal', 'macd_hist', 'volatility_5', 'volatility_20', 'atr_14', 'volume_sma_20', 'volume_ratio_20']",300,5,0.1,0.8,1.0,0.11077845138037726,0.08318524531099941,-0.11985378468878882
20,0.1,"['return_5d', 'return_10d', 'return_20d', 'gap', 'sma_5', 'sma_20', 'sma_60', 'price_to_sma_20', 'price_to_sma_60', 'rsi_14', 'roc_10', 'roc_20', 'macd', 'macd_signal', 'macd_hist', 'volatility_5', 'volatility_20', 'atr_14', 'volume_sma_20', 'volume_ratio_20']",300,5,0.1,1.0,0.8,0.11241296377956365,0.08515680461397236,-0.1531439880428953
20,0.1,"['return_5d', 'return_10d', 'return_20d', 'gap', 'sma_5', 'sma_20', 'sma_60', 'price_to_sma_20', 'price_to_sma_60', 'rsi_14', 'roc_10', 'roc_20', 'macd', 'macd_signal', 'macd_hist', 'volatility_5', 'volatility_20', 'atr_14', 'volume_sma_20', 'volume_ratio_20']",300,5,0.1,1.0,1.0,0.11114907434726093,0.08465434493593345,-0.12735953723597637
20,0.1,"['return_5d', 'return_10d', 'return_20d', 'gap', 'sma_5', 'sma_20', 'sma_60', 'price_to_sma_20', 'price_to_sma_60', 'rsi_14', 'roc_10', 'roc_20', 'macd', 'macd_signal', 'macd_hist', 'volatility_5', 'volatility_20', 'atr_14', 'volume_sma_20', 'volume_ratio_20']",500,2,0.03,0.8,0.8,0.10602823708444058,0.07915045205816615,-0.025873529244492266
20,0.1,"['return_5d', 'return_10d', 'return_20d', 'gap', 'sma_5', 'sma_20', 'sma_60', 'price_to_sma_20', 'price_to_sma_60', 'rsi_14', 'roc_10', 'roc_20', 'macd', 'macd_signal', 'macd_hist', 'volatility_5', 'volatility_20', 'atr_14', 'volume_sma_20', 'volume_ratio_20']",500,2,0.03,0.8,1.0,0.10644596032976653,0.07978738247784402,-0.03397279377324525
20,0.1,"['return_5d', 'return_10d', 'return_20d', 'gap', 'sma_5', 'sma_20', 'sma_60', 'price_to_sma_20', 'price_to_sma_60', 'rsi_14', 'roc_10', 'roc_20', 'macd', 'macd_signal', 'macd_hist', 'volatility_5', 'volatility_20', 'atr_14', 'volume_sma_20', 'volume_ratio_20']",500,2,0.03,1.0,0.8,0.10733704546195706,0.07988776838389865,-0.05135652982623817
20,0.1,"['return_5d', 'return_10d', 'return_20d', 'gap', 'sma_5', 'sma_20', 'sma_60', 'price_to_sma_20', 'price_to_sma_60', 'rsi_14', 'roc_10', 'roc_20', 'macd', 'macd_signal', 'macd_hist', 'volatility_5', 'volatility_20', 'atr_14', 'volume_sma_20', 'volume_ratio_20']",500,2,0.03,1.0,1.0,0.10767238951486667,0.08018516724666482,-0.05793612039652407
20,0.1,"['return_5d', 'return_10d', 'return_20d', 'gap', 'sma_5', 'sma_20', 'sma_60', 'price_to_sma_20', 'price_to_sma_60', 'rsi_14', 'roc_10', 'roc_20', 'macd', 'macd_signal', 'macd_hist', 'volatility_5', 'volatility_20', 'atr_14', 'volume_sma_20', 'volume_ratio_20']",500,2,0.1,0.8,0.8,0.11174538473810719,0.08380202791548437,-0.13948846452071084
20,0.1,"['return_5d', 'return_10d', 'return_20d', 'gap', 'sma_5', 'sma_20', 'sma_60', 'price_to_sma_20', 'price_to_sma_60', 'rsi_14', 'roc_10', 'roc_20', 'macd', 'macd_signal', 'macd_hist', 'volatility_5', 'volatility_20', 'atr_14', 'volume_sma_20', 'volume_ratio_20']",500,2,0.1,0.8,1.0,0.11428691629147861,0.08595725581155035,-0.19191084701110395
20,0.1,"['return_5d', 'return_10d', 'return_20d', 'gap', 'sma_5', 'sma_20', 'sma_60', 'price_to_sma_20', 'price_to_sma_60', 'rsi_14', 'roc_10', 'roc_20', 'macd', 'macd_signal', 'macd_hist', 'volatility_5', 'volatility_20', 'atr_14', 'volume_sma_20', 'volume_ratio_20']",500,2,0.1,1.0,0.8,0.11710980904073495,0.08788190602519232,-0.2515185422055657
20,0.1,"['return_5d', 'return_10d', 'return_20d', 'gap', 'sma_5', 'sma_20', 'sma_60', 'price_to_sma_20', 'price_to_sma_60', 'rsi_14', 'roc_10', 'roc_20', 'macd', 'macd_signal', 'macd_hist', 'volatility_5', 'volatility_20', 'atr_14', 'volume_sma_20', 'volume_ratio_20']",500,2,0.1,1.0,1.0,0.11575296953230699,0.0873786521954162,-0.22268624149242178
20,0.1,"['return_5d', 'return_10d', 'return_20d', 'gap', 'sma_5', 'sma_20', 'sma_60', 'price_to_sma_20', 'price_to_sma_60', 'rsi_14', 'roc_10', 'roc_20', 'macd', 'macd_signal', 'macd_hist', 'volatility_5', 'volatility_20', 'atr_14', 'volume_sma_20', 'volume_ratio_20']",500,3,0.03,0.8,0.8,0.1067674047980821,0.07979032544416287,-0.04022698453731799
20,0.1,"['return_5d', 'return_10d', 'return_20d', 'gap', 'sma_5', 'sma_20', 'sma_60', 'price_to_sma_20', 'price_to_sma_60', 'rsi_14', 'roc_10', 'roc_20', 'macd', 'macd_signal', 'macd_hist', 'volatility_5', 'volatility_20', 'atr_14', 'volume_sma_20', 'volume_ratio_20']",500,3,0.03,0.8,1.0,0.10759287738187653,0.08057781532998336,-0.0563742028322991
20,0.1,"['return_5d', 'return_10d', 'return_20d', 'gap', 'sma_5', 'sma_20', 'sma_60', 'price_to_sma_20', 'price_to_sma_60', 'rsi_14', 'roc_10', 'roc_20', 'macd', 'macd_signal', 'macd_hist', 'volatility_5', 'volatility_20', 'atr_14', 'volume_sma_20', 'volume_ratio_20']",500,3,0.03,1.0,0.8,0.10846854995731937,0.0813456184675175,-0.07363932803571993
20,0.1,"['return_5d', 'return_10d', 'return_20d', 'gap', 'sma_5', 'sma_20', 'sma_60', 'price_to_sma_20', 'price_to_sma_60', 'rsi_14', 'roc_10', 'roc_20', 'macd', 'macd_signal', 'macd_hist', 'volatility_5', 'volatility_20', 'atr_14', 'volume_sma_20', 'volume_ratio_20']",500,3,0.03,1.0,1.0,0.10994747541821555,0.08207919180794673,-0.10311620904286678
20,0.1,"['return_5d', 'return_10d', 'return_20d', 'gap', 'sma_5', 'sma_20', 'sma_60', 'price_to_sma_20', 'price_to_sma_60', 'rsi_14', 'roc_10', 'roc_20', 'macd', 'macd_signal', 'macd_hist', 'volatility_5', 'volatility_20', 'atr_14', 'volume_sma_20', 'volume_ratio_20']",500,3,0.1,0.8,0.8,0.11422270834341305,0.08673162170404569,-0.19057195968427032
20,0.1,"['return_5d', 'return_10d', 'return_20d', 'gap', 'sma_5', 'sma_20', 'sma_60', 'price_to_sma_20', 'price_to_sma_60', 'rsi_14', 'roc_10', 'roc_20', 'macd', 'macd_signal', 'macd_hist', 'volatility_5', 'volatility_20', 'atr_14', 'volume_sma_20', 'volume_ratio_20']",500,3,0.1,0.8,1.0,0.11317541252138848,0.08578778273524965,-0.1688395949450312
20,0.1,"['return_5d', 'return_10d', 'return_20d', 'gap', 'sma_5', 'sma_20', 'sma_60', 'price_to_sma_20', 'price_to_sma_60', 'rsi_14', 'roc_10', 'roc_20', 'macd', 'macd_signal', 'macd_hist', 'volatility_5', 'volatility_20', 'atr_14', 'volume_sma_20', 'volume_ratio_20']",500,3,0.1,1.0,0.8,0.11394726780305398,0.08622004565264763,-0.1848369110987531
20,0.1,"['return_5d', 'return_10d', 'return_20d', 'gap', 'sma_5', 'sma_20', 'sma_60', 'price_to_sma_20', 'price_to_sma_60', 'rsi_14', 'roc_10', 'roc_20', 'macd', 'macd_signal', 'macd_hist', 'volatility_5', 'volatility_20', 'atr_14', 'volume_sma_20', 'volume_ratio_20']",500,3,0.1,1.0,1.0,0.11501845183064478,0.08693528960836747,-0.2072182104722684
20,0.1,"['return_5d', 'return_10d', 'return_20d', 'gap', 'sma_5', 'sma_20', 'sma_60', 'price_to_sma_20', 'price_to_sma_60', 'rsi_14', 'roc_10', 'roc_20', 'macd', 'macd_signal', 'macd_hist', 'volatility_5', 'volatility_20', 'atr_14', 'volume_sma_20', 'volume_ratio_20']",500,5,0.03,0.8,0.8,0.1106017064872337,0.08319566974439949,-0.11628322489967569
20,0.1,"['return_5d', 'return_10d', 'return_20d', 'gap', 'sma_5', 'sma_20', 'sma_60', 'price_to_sma_20', 'price_to_sma_60', 'rsi_14', 'roc_10', 'roc_20', 'macd', 'macd_signal', 'macd_hist', 'volatility_5', 'volatility_20', 'atr_14', 'volume_sma_20', 'volume_ratio_20']",500,5,0.03,0.8,1.0,0.11024419187759305,0.08337083723628558,-0.10907822673940437
20,0.1,"['return_5d', 'return_10d', 'return_20d', 'gap', 'sma_5', 'sma_20', 'sma_60', 'price_to_sma_20', 'price_to_sma_60', 'rsi_14', 'roc_10', 'roc_20', 'macd', 'macd_signal', 'macd_hist', 'volatility_5', 'volatility_20', 'atr_14', 'volume_sma_20', 'volume_ratio_20']",500,5,0.03,1.0,0.8,0.11021915774488433,0.08254647017402848,-0.10857458734329817
20,0.1,"['return_5d', 'return_10d', 'return_20d', 'gap', 'sma_5', 'sma_20', 'sma_60', 'price_to_sma_20', 'price_to_sma_60', 'rsi_14', 'roc_10', 'roc_20', 'macd', 'macd_signal', 'macd_hist', 'volatility_5', 'volatility_20', 'atr_14', 'volume_sma_20', 'volume_ratio_20']",500,5,0.03,1.0,1.0,0.1114087750498511,0.0835961976084036,-0.13263386097501972
20,0.1,"['return_5d', 'return_10d', 'return_20d', 'gap', 'sma_5', 'sma_20', 'sma_60', 'price_to_sma_20', 'price_to_sma_60', 'rsi_14', 'roc_10', 'roc_20', 'macd', 'macd_signal', 'macd_hist', 'volatility_5', 'volatility_20', 'atr_14', 'volume_sma_20', 'volume_ratio_20']",500,5,0.1,0.8,0.8,0.11262740392437409,0.08611385509615128,-0.15754768335995895
20,0.1,"['return_5d', 'return_10d', 'return_20d', 'gap', 'sma_5', 'sma_20', 'sma_60', 'price_to_sma_20', 'price_to_sma_60', 'rsi_14', 'roc_10', 'roc_20', 'macd', 'macd_signal', 'macd_hist', 'volatility_5', 'volatility_20', 'atr_14', 'volume_sma_20', 'volume_ratio_20']",500,5,0.1,0.8,1.0,0.11130296873919678,0.08362164344778152,-0.1304835293981197
20,0.1,"['return_5d', 'return_10d', 'return_20d', 'gap', 'sma_5', 'sma_20', 'sma_60', 'price_to_sma_20', 'price_to_sma_60', 'rsi_14', 'roc_10', 'roc_20', 'macd', 'macd_signal', 'macd_hist', 'volatility_5', 'volatility_20', 'atr_14', 'volume_sma_20', 'volume_ratio_20']",500,5,0.1,1.0,0.8,0.11293711623241051,0.08569971304524682,-0.1639226805310534
20,0.1,"['return_5d', 'return_10d', 'return_20d', 'gap', 'sma_5', 'sma_20', 'sma_60', 'price_to_sma_20', 'price_to_sma_60', 'rsi_14', 'roc_10', 'roc_20', 'macd', 'macd_signal', 'macd_hist', 'volatility_5', 'volatility_20', 'atr_14', 'volume_sma_20', 'volume_ratio_20']",500,5,0.1,1.0,1.0,0.11171976464195843,0.08523672728726554,-0.13896601865097136
25,1.0,"['return_1d', 'return_5d', 'return_10d', 'return_20d', 'intraday_return', 'high_low_range', 'gap', 'sma_5', 'sma_20', 'sma_60', 'price_to_sma_5', 'price_to_sma_20', 'price_to_sma_60', 'rsi_14', 'roc_10', 'roc_20', 'macd', 'macd_signal', 'macd_hist', 'volatility_5', 'volatility_20', 'atr_14', 'volume_change_1d', 'volume_sma_20', 'volume_ratio_20']",100,2,0.03,0.8,0.8,0.10182482180821976,0.07584585383998392,0.053854212164048954
25,1.0,"['return_1d', 'return_5d', 'return_10d', 'return_20d', 'intraday_return', 'high_low_range', 'gap', 'sma_5', 'sma_20', 'sma_60', 'price_to_sma_5', 'price_to_sma_20', 'price_to_sma_60', 'rsi_14', 'roc_10', 'roc_20', 'macd', 'macd_signal', 'macd_hist', 'volatility_5', 'volatility_20', 'atr_14', 'volume_change_1d', 'volume_sma_20', 'volume_ratio_20']",100,2,0.03,0.8,1.0,0.1018381505875481,0.07577402659450982,0.05360649665467032
25,1.0,"['return_1d', 'return_5d', 'return_10d', 'return_20d', 'intraday_return', 'high_low_range', 'gap', 'sma_5', 'sma_20', 'sma_60', 'price_to_sma_5', 'price_to_sma_20', 'price_to_sma_60', 'rsi_14', 'roc_10', 'roc_20', 'macd', 'macd_signal', 'macd_hist', 'volatility_5', 'volatility_20', 'atr_14', 'volume_change_1d', 'volume_sma_20', 'volume_ratio_20']",100,2,0.03,1.0,0.8,0.10264320047301588,0.07620137293946032,0.03858451451459788
25,1.0,"['return_1d', 'return_5d', 'return_10d', 'return_20d', 'intraday_return', 'high_low_range', 'gap', 'sma_5', 'sma_20', 'sma_60', 'price_to_sma_5', 'price_to_sma_20', 'price_to_sma_60', 'rsi_14', 'roc_10', 'roc_20', 'macd', 'macd_signal', 'macd_hist', 'volatility_5', 'volatility_20', 'atr_14', 'volume_change_1d', 'volume_sma_20', 'volume_ratio_20']",100,2,0.03,1.0,1.0,0.10254548112231086,0.07606164834329707,0.04041423485667228
25,1.0,"['return_1d', 'return_5d', 'return_10d', 'return_20d', 'intraday_return', 'high_low_range', 'gap', 'sma_5', 'sma_20', 'sma_60', 'price_to_sma_5', 'price_to_sma_20', 'price_to_sma_60', 'rsi_14', 'roc_10', 'roc_20', 'macd', 'macd_signal', 'macd_hist', 'volatility_5', 'volatility_20', 'atr_14', 'volume_change_1d', 'volume_sma_20', 'volume_ratio_20']",100,2,0.1,0.8,0.8,0.10604460246548258,0.0795845963872666,-0.02619023934623632
25,1.0,"['return_1d', 'return_5d', 'return_10d', 'return_20d', 'intraday_return', 'high_low_range', 'gap', 'sma_5', 'sma_20', 'sma_60', 'price_to_sma_5', 'price_to_sma_20', 'price_to_sma_60', 'rsi_14', 'roc_10', 'roc_20', 'macd', 'macd_signal', 'macd_hist', 'volatility_5', 'volatility_20', 'atr_14', 'volume_change_1d', 'volume_sma_20', 'volume_ratio_20']",100,2,0.1,0.8,1.0,0.10494582807163465,0.07832672723197838,-0.005034800874006429
25,1.0,"['return_1d', 'return_5d', 'return_10d', 'return_20d', 'intraday_return', 'high_low_range', 'gap', 'sma_5', 'sma_20', 'sma_60', 'price_to_sma_5', 'price_to_sma_20', 'price_to_sma_60', 'rsi_14', 'roc_10', 'roc_20', 'macd', 'macd_signal', 'macd_hist', 'volatility_5', 'volatility_20', 'atr_14', 'volume_change_1d', 'volume_sma_20', 'volume_ratio_20']",100,2,0.1,1.0,0.8,0.10556698131751863,0.07858305489734556,-0.01696720706920818
25,1.0,"['return_1d', 'return_5d', 'return_10d', 'return_20d', 'intraday_return', 'high_low_range', 'gap', 'sma_5', 'sma_20', 'sma_60', 'price_to_sma_5', 'price_to_sma_20', 'price_to_sma_60', 'rsi_14', 'roc_10', 'roc_20', 'macd', 'macd_signal', 'macd_hist', 'volatility_5', 'volatility_20', 'atr_14', 'volume_change_1d', 'volume_sma_20', 'volume_ratio_20']",100,2,0.1,1.0,1.0,0.10517368331087945,0.07798137533661224,-0.009403741513962283
25,1.0,"['return_1d', 'return_5d', 'return_10d', 'return_20d', 'intraday_return', 'high_low_range', 'gap', 'sma_5', 'sma_20', 'sma_60', 'price_to_sma_5', 'price_to_sma_20', 'price_to_sma_60', 'rsi_14', 'roc_10', 'roc_20', 'macd', 'macd_signal', 'macd_hist', 'volatility_5', 'volatility_20', 'atr_14', 'volume_change_1d', 'volume_sma_20', 'volume_ratio_20']",100,3,0.03,0.8,0.8,0.1035219743092379,0.07697428896950692,0.0220518380287813
25,1.0,"['return_1d', 'return_5d', 'return_10d', 'return_20d', 'intraday_return', 'high_low_range', 'gap', 'sma_5', 'sma_20', 'sma_60', 'price_to_sma_5', 'price_to_sma_20', 'price_to_sma_60', 'rsi_14', 'roc_10', 'roc_20', 'macd', 'macd_signal', 'macd_hist', 'volatility_5', 'volatility_20', 'atr_14', 'volume_change_1d', 'volume_sma_20', 'volume_ratio_20']",100,3,0.03,0.8,1.0,0.10335921151923677,0.07650839531246392,0.025124585467673155
25,1.0,"['return_1d', 'return_5d', 'return_10d', 'return_20d', 'intraday_return', 'high_low_range', 'gap', 'sma_5', 'sma_20', 'sma_60', 'price_to_sma_5', 'price_to_sma_20', 'price_to_sma_60', 'rsi_14', 'roc_10', 'roc_20', 'macd', 'macd_signal', 'macd_hist', 'volatility_5', 'volatility_20', 'atr_14', 'volume_change_1d', 'volume_sma_20', 'volume_ratio_20']",100,3,0.03,1.0,0.8,0.10314783258015481,0.07701245382386805,0.029107925004598467
25,1.0,"['return_1d', 'return_5d', 'return_10d', 'return_20d', 'intraday_return', 'high_low_range', 'gap', 'sma_5', 'sma_20', 'sma_60', 'price_to_sma_5', 'price_to_sma_20', 'price_to_sma_60', 'rsi_14', 'roc_10', 'roc_20', 'macd', 'macd_signal', 'macd_hist', 'volatility_5', 'volatility_20', 'atr_14', 'volume_change_1d', 'volume_sma_20', 'volume_ratio_20']",100,3,0.03,1.0,1.0,0.10344490137248873,0.07697549152863237,0.02350747639558548
25,1.0,"['return_1d', 'return_5d', 'return_10d', 'return_20d', 'intraday_return', 'high_low_range', 'gap', 'sma_5', 'sma_20', 'sma_60', 'price_to_sma_5', 'price_to_sma_20', 'price_to_sma_60', 'rsi_14', 'roc_10', 'roc_20', 'macd', 'macd_signal', 'macd_hist', 'volatility_5', 'volatility_20', 'atr_14', 'volume_change_1d', 'volume_sma_20', 'volume_ratio_20']",100,3,0.1,0.8,0.8,0.1059584721722982,0.07944374341833643,-0.024523956099735456
25,1.0,"['return_1d', 'return_5d', 'return_10d', 'return_20d', 'intraday_return', 'high_low_range', 'gap', 'sma_5', 'sma_20', 'sma_60', 'price_to_sma_5', 'price_to_sma_20', 'price_to_sma_60', 'rsi_14', 'roc_10', 'roc_20', 'macd', 'macd_signal', 'macd_hist', 'volatility_5', 'volatility_20', 'atr_14', 'volume_change_1d', 'volume_sma_20', 'volume_ratio_20']",100,3,0.1,0.8,1.0,0.10582948271741559,0.07949071012408547,-0.022031048355036997
25,1.0,"['return_1d', 'return_5d', 'return_10d', 'return_20d', 'intraday_return', 'high_low_range', 'gap', 'sma_5', 'sma_20', 'sma_60', 'price_to_sma_5', 'price_to_sma_20', 'price_to_sma_60', 'rsi_14', 'roc_10', 'roc_20', 'macd', 'macd_signal', 'macd_hist', 'volatility_5', 'volatility_20', 'atr_14', 'volume_change_1d', 'volume_sma_20', 'volume_ratio_20']",100,3,0.1,1.0,0.8,0.10627640630225108,0.07926976661597657,-0.03068145937165001
25,1.0,"['return_1d', 'return_5d', 'return_10d', 'return_20d', 'intraday_return', 'high_low_range', 'gap', 'sma_5', 'sma_20', 'sma_60', 'price_to_sma_5', 'price_to_sma_20', 'price_to_sma_60', 'rsi_14', 'roc_10', 'roc_20', 'macd', 'macd_signal', 'macd_hist', 'volatility_5', 'volatility_20', 'atr_14', 'volume_change_1d', 'volume_sma_20', 'volume_ratio_20']",100,3,0.1,1.0,1.0,0.10648049876685693,0.07925575796966763,-0.034643887309736554
25,1.0,"['return_1d', 'return_5d', 'return_10d', 'return_20d', 'intraday_return', 'high_low_range', 'gap', 'sma_5', 'sma_20', 'sma_60', 'price_to_sma_5', 'price_to_sma_20', 'price_to_sma_60', 'rsi_14', 'roc_10', 'roc_20', 'macd', 'macd_signal', 'macd_hist', 'volatility_5', 'volatility_20', 'atr_14', 'volume_change_1d', 'volume_sma_20', 'volume_ratio_20']",100,5,0.03,0.8,0.8,0.10530894282657986,0.07799625395893202,-0.012001715658249479
25,1.0,"['return_1d', 'return_5d', 'return_10d', 'return_20d', 'intraday_return', 'high_low_range', 'gap', 'sma_5', 'sma_20', 'sma_60', 'price_to_sma_5', 'price_to_sma_20', 'price_to_sma_60', 'rsi_14', 'roc_10', 'roc_20', 'macd', 'macd_signal', 'macd_hist', 'volatility_5', 'volatility_20', 'atr_14', 'volume_change_1d', 'volume_sma_20', 'volume_ratio_20']",100,5,0.03,0.8,1.0,0.10622950703412123,0.07900449860365664,-0.02977199052354318
25,1.0,"['return_1d', 'return_5d', 'return_10d', 'return_20d', 'intraday_return', 'high_low_range', 'gap', 'sma_5', 'sma_20', 'sma_60', 'price_to_sma_5', 'price_to_sma_20', 'price_to_sma_60', 'rsi_14', 'roc_10', 'roc_20', 'macd', 'macd_signal', 'macd_hist', 'volatility_5', 'volatility_20', 'atr_14', 'volume_change_1d', 'volume_sma_20', 'volume_ratio_20']",100,5,0.03,1.0,0.8,0.10521386133577587,0.07775185665514553,-0.010175105487738367
25,1.0,"['return_1d', 'return_5d', 'return_10d', 'return_20d', 'intraday_return', 'high_low_range', 'gap', 'sma_5', 'sma_20', 'sma_60', 'price_to_sma_5', 'price_to_sma_20', 'price_to_sma_60', 'rsi_14', 'roc_10', 'roc_20', 'macd', 'macd_signal', 'macd_hist', 'volatility_5', 'volatility_20', 'atr_14', 'volume_change_1d', 'volume_sma_20', 'volume_ratio_20']",100,5,0.03,1.0,1.0,0.10570789197787565,0.07824531123063175,-0.019683911823962674
25,1.0,"['return_1d', 'return_5d', 'return_10d', 'return_20d', 'intraday_return', 'high_low_range', 'gap', 'sma_5', 'sma_20', 'sma_60', 'price_to_sma_5', 'price_to_sma_20', 'price_to_sma_60', 'rsi_14', 'roc_10', 'roc_20', 'macd', 'macd_signal', 'macd_hist', 'volatility_5', 'volatility_20', 'atr_14', 'volume_change_1d', 'volume_sma_20', 'volume_ratio_20']",100,5,0.1,0.8,0.8,0.10821913627787756,0.08040278683128417,-0.06870753044277267
25,1.0,"['return_1d', 'return_5d', 'return_10d', 'return_20d', 'intraday_return', 'high_low_range', 'gap', 'sma_5', 'sma_20', 'sma_60', 'price_to_sma_5', 'price_to_sma_20', 'price_to_sma_60', 'rsi_14', 'roc_10', 'roc_20', 'macd', 'macd_signal', 'macd_hist', 'volatility_5', 'volatility_20', 'atr_14', 'volume_change_1d', 'volume_sma_20', 'volume_ratio_20']",100,5,0.1,0.8,1.0,0.10833480370108552,0.08049530547306093,-0.07099327604627992
25,1.0,"['return_1d', 'return_5d', 'return_10d', 'return_20d', 'intraday_return', 'high_low_range', 'gap', 'sma_5', 'sma_20', 'sma_60', 'price_to_sma_5', 'price_to_sma_20', 'price_to_sma_60', 'rsi_14', 'roc_10', 'roc_20', 'macd', 'macd_signal', 'macd_hist', 'volatility_5', 'volatility_20', 'atr_14', 'volume_change_1d', 'volume_sma_20', 'volume_ratio_20']",100,5,0.1,1.0,0.8,0.10884928057895256,0.08154834979942063,-0.08118962288142484
25,1.0,"['return_1d', 'return_5d', 'return_10d', 'return_20d', 'intraday_return', 'high_low_range', 'gap', 'sma_5', 'sma_20', 'sma_60', 'price_to_sma_5', 'price_to_sma_20', 'price_to_sma_60', 'rsi_14', 'roc_10', 'roc_20', 'macd', 'macd_signal', 'macd_hist', 'volatility_5', 'volatility_20', 'atr_14', 'volume_change_1d', 'volume_sma_20', 'volume_ratio_20']",100,5,0.1,1.0,1.0,0.10874887755814365,0.08181042782988404,-0.07919595534451052
25,1.0,"['return_1d', 'return_5d', 'return_10d', 'return_20d', 'intraday_return', 'high_low_range', 'gap', 'sma_5', 'sma_20', 'sma_60', 'price_to_sma_5', 'price_to_sma_20', 'price_to_sma_60', 'rsi_14', 'roc_10', 'roc_20', 'macd', 'macd_signal', 'macd_hist', 'volatility_5', 'volatility_20', 'atr_14', 'volume_change_1d', 'volume_sma_20', 'volume_ratio_20']",300,2,0.03,0.8,0.8,0.10385724235296535,0.07732749803729935,0.015707181259087544
25,1.0,"['return_1d', 'return_5d', 'return_10d', 'return_20d', 'intraday_return', 'high_low_range', 'gap', 'sma_5', 'sma_20', 'sma_60', 'price_to_sma_5', 'price_to_sma_20', 'price_to_sma_60', 'rsi_14', 'roc_10', 'roc_20', 'macd', 'macd_signal', 'macd_hist', 'volatility_5', 'volatility_20', 'atr_14', 'volume_change_1d', 'volume_sma_20', 'volume_ratio_20']",300,2,0.03,0.8,1.0,0.10398662188426948,0.07782020979973496,0.013253300109171917
25,1.0,"['return_1d', 'return_5d', 'return_10d', 'return_20d', 'intraday_return', 'high_low_range', 'gap', 'sma_5', 'sma_20', 'sma_60', 'price_to_sma_5', 'price_to_sma_20', 'price_to_sma_60', 'rsi_14', 'roc_10', 'roc_20', 'macd', 'macd_signal', 'macd_hist', 'volatility_5', 'volatility_20', 'atr_14', 'volume_change_1d', 'volume_sma_20', 'volume_ratio_20']",300,2,0.03,1.0,0.8,0.10491529113440688,0.07781860045408699,-0.004449999743149302
25,1.0,"['return_1d', 'return_5d', 'return_10d', 'return_20d', 'intraday_return', 'high_low_range', 'gap', 'sma_5', 'sma_20', 'sma_60', 'price_to_sma_5', 'price_to_sma_20', 'price_to_sma_60', 'rsi_14', 'roc_10', 'roc_20', 'macd', 'macd_signal', 'macd_hist', 'volatility_5', 'volatility_20', 'atr_14', 'volume_change_1d', 'volume_sma_20', 'volume_ratio_20']",300,2,0.03,1.0,1.0,0.10506783133710028,0.07782947541756975,-0.007372936719720835
25,1.0,"['return_1d', 'return_5d', 'return_10d', 'return_20d', 'intraday_return', 'high_low_range', 'gap', 'sma_5', 'sma_20', 'sma_60', 'price_to_sma_5', 'price_to_sma_20', 'price_to_sma_60', 'rsi_14', 'roc_10', 'roc_20', 'macd', 'macd_signal', 'macd_hist', 'volatility_5', 'volatility_20', 'atr_14', 'volume_change_1d', 'volume_sma_20', 'volume_ratio_20']",300,2,0.1,0.8,0.8,0.1108351845886846,0.0832166510880034,-0.12100110469315806
25,1.0,"['return_1d', 'return_5d', 'return_10d', 'return_20d', 'intraday_return', 'high_low_range', 'gap', 'sma_5', 'sma_20', 'sma_60', 'price_to_sma_5', 'price_to_sma_20', 'price_to_sma_60', 'rsi_14', 'roc_10', 'roc_20', 'macd', 'macd_signal', 'macd_hist', 'volatility_5', 'volatility_20', 'atr_14', 'volume_change_1d', 'volume_sma_20', 'volume_ratio_20']",300,2,0.1,0.8,1.0,0.10949541355139365,0.08265007071803142,-0.0940636757848552
25,1.0,"['return_1d', 'return_5d', 'return_10d', 'return_20d', 'intraday_return', 'high_low_range', 'gap', 'sma_5', 'sma_20', 'sma_60', 'price_to_sma_5', 'price_to_sma_20', 'price_to_sma_60', 'rsi_14', 'roc_10', 'roc_20', 'macd', 'macd_signal', 'macd_hist', 'volatility_5', 'volatility_20', 'atr_14', 'volume_change_1d', 'volume_sma_20', 'volume_ratio_20']",300,2,0.1,1.0,0.8,0.10973988441631174,0.08203816572276731,-0.09895457068918945
25,1.0,"['return_1d', 'return_5d', 'return_10d', 'return_20d', 'intraday_return', 'high_low_range', 'gap', 'sma_5', 'sma_20', 'sma_60', 'price_to_sma_5', 'price_to_sma_20', 'price_to_sma_60', 'rsi_14', 'roc_10', 'roc_20', 'macd', 'macd_signal', 'macd_hist', 'volatility_5', 'volatility_20', 'atr_14', 'volume_change_1d', 'volume_sma_20', 'volume_ratio_20']",300,2,0.1,1.0,1.0,0.11109158483104234,0.08340033871009869,-0.1261936329110498
25,1.0,"['return_1d', 'return_5d', 'return_10d', 'return_20d', 'intraday_return', 'high_low_range', 'gap', 'sma_5', 'sma_20', 'sma_60', 'price_to_sma_5', 'price_to_sma_20', 'price_to_sma_60', 'rsi_14', 'roc_10', 'roc_20', 'macd', 'macd_signal', 'macd_hist', 'volatility_5', 'volatility_20', 'atr_14', 'volume_change_1d', 'volume_sma_20', 'volume_ratio_20']",300,3,0.03,0.8,0.8,0.10563118717322266,0.07916929069244401,-0.01820462250400756
25,1.0,"['return_1d', 'return_5d', 'return_10d', 'return_20d', 'intraday_return', 'high_low_range', 'gap', 'sma_5', 'sma_20', 'sma_60', 'price_to_sma_5', 'price_to_sma_20', 'price_to_sma_60', 'rsi_14', 'roc_10', 'roc_20', 'macd', 'macd_signal', 'macd_hist', 'volatility_5', 'volatility_20', 'atr_14', 'volume_change_1d', 'volume_sma_20', 'volume_ratio_20']",300,3,0.03,0.8,1.0,0.10492431645055954,0.07827566754538641,-0.0046228223820068415
25,1.0,"['return_1d', 'return_5d', 'return_10d', 'return_20d', 'intraday_return', 'high_low_range', 'gap', 'sma_5', 'sma_20', 'sma_60', 'price_to_sma_5', 'price_to_sma_20', 'price_to_sma_60', 'rsi_14', 'roc_10', 'roc_20', 'macd', 'macd_signal', 'macd_hist', 'volatility_5', 'volatility_20', 'atr_14', 'volume_change_1d', 'volume_sma_20', 'volume_ratio_20']",300,3,0.03,1.0,0.8,0.10612759555593562,0.07963008106062545,-0.027797110872792796
25,1.0,"['return_1d', 'return_5d', 'return_10d', 'return_20d', 'intraday_return', 'high_low_range', 'gap', 'sma_5', 'sma_20', 'sma_60', 'price_to_sma_5', 'price_to_sma_20', 'price_to_sma_60', 'rsi_14', 'roc_10', 'roc_20', 'macd', 'macd_signal', 'macd_hist', 'volatility_5', 'volatility_20', 'atr_14', 'volume_change_1d', 'volume_sma_20', 'volume_ratio_20']",300,3,0.03,1.0,1.0,0.10594568533946527,0.07910284712887362,-0.02427669647383035
25,1.0,"['return_1d', 'return_5d', 'return_10d', 'return_20d', 'intraday_return', 'high_low_range', 'gap', 'sma_5', 'sma_20', 'sma_60', 'price_to_sma_5', 'price_to_sma_20', 'price_to_sma_60', 'rsi_14', 'roc_10', 'roc_20', 'macd', 'macd_signal', 'macd_hist', 'volatility_5', 'volatility_20', 'atr_14', 'volume_change_1d', 'volume_sma_20', 'volume_ratio_20']",300,3,0.1,0.8,0.8,0.10988013474627084,0.08268456934575993,-0.10176534877906418
25,1.0,"['return_1d', 'return_5d', 'return_10d', 'return_20d', 'intraday_return', 'high_low_range', 'gap', 'sma_5', 'sma_20', 'sma_60', 'price_to_sma_5', 'price_to_sma_20', 'price_to_sma_60', 'rsi_14', 'roc_10', 'roc_20', 'macd', 'macd_signal', 'macd_hist', 'volatility_5', 'volatility_20', 'atr_14', 'volume_change_1d', 'volume_sma_20', 'volume_ratio_20']",300,3,0.1,0.8,1.0,0.10901215365640748,0.08311676183997165,-0.08442764941723224
25,1.0,"['return_1d', 'return_5d', 'return_10d', 'return_20d', 'intraday_return', 'high_low_range', 'gap', 'sma_5', 'sma_20', 'sma_60', 'price_to_sma_5', 'price_to_sma_20', 'price_to_sma_60', 'rsi_14', 'roc_10', 'roc_20', 'macd', 'macd_signal', 'macd_hist', 'volatility_5', 'volatility_20', 'atr_14', 'volume_change_1d', 'volume_sma_20', 'volume_ratio_20']",300,3,0.1,1.0,0.8,0.11240654216050629,0.08486151628812122,-0.15301224452056816
25,1.0,"['return_1d', 'return_5d', 'return_10d', 'return_20d', 'intraday_return', 'high_low_range', 'gap', 'sma_5', 'sma_20', 'sma_60', 'price_to_sma_5', 'price_to_sma_20', 'price_to_sma_60', 'rsi_14', 'roc_10', 'roc_20', 'macd', 'macd_signal', 'macd_hist', 'volatility_5', 'volatility_20', 'atr_14', 'volume_change_1d', 'volume_sma_20', 'volume_ratio_20']",300,3,0.1,1.0,1.0,0.11136187050805364,0.08366691443639841,-0.13168035459367
25,1.0,"['return_1d', 'return_5d', 'return_10d', 'return_20d', 'intraday_return', 'high_low_range', 'gap', 'sma_5', 'sma_20', 'sma_60', 'price_to_sma_5', 'price_to_sma_20', 'price_to_sma_60', 'rsi_14', 'roc_10', 'roc_20', 'macd', 'macd_signal', 'macd_hist', 'volatility_5', 'volatility_20', 'atr_14', 'volume_change_1d', 'volume_sma_20', 'volume_ratio_20']",300,5,0.03,0.8,0.8,0.1075764014876724,0.0801697450828554,-0.05605069857399103
25,1.0,"['return_1d', 'return_5d', 'return_10d', 'return_20d', 'intraday_return', 'high_low_range', 'gap', 'sma_5', 'sma_20', 'sma_60', 'price_to_sma_5', 'price_to_sma_20', 'price_to_sma_60', 'rsi_14', 'roc_10', 'roc_20', 'macd', 'macd_signal', 'macd_hist', 'volatility_5', 'volatility_20', 'atr_14', 'volume_change_1d', 'volume_sma_20', 'volume_ratio_20']",300,5,0.03,0.8,1.0,0.10917075661486517,0.08236076029328332,-0.08758543586963707
25,1.0,"['return_1d', 'return_5d', 'return_10d', 'return_20d', 'intraday_return', 'high_low_range', 'gap', 'sma_5', 'sma_20', 'sma_60', 'price_to_sma_5', 'price_to_sma_20', 'price_to_sma_60', 'rsi_14', 'roc_10', 'roc_20', 'macd', 'macd_signal', 'macd_hist', 'volatility_5', 'volatility_20', 'atr_14', 'volume_change_1d', 'volume_sma_20', 'volume_ratio_20']",300,5,0.03,1.0,0.8,0.10808665027381661,0.08110630751165658,-0.06609242694296702
25,1.0,"['return_1d', 'return_5d', 'return_10d', 'return_20d', 'intraday_return', 'high_low_range', 'gap', 'sma_5', 'sma_20', 'sma_60', 'price_to_sma_5', 'price_to_sma_20', 'price_to_sma_60', 'rsi_14', 'roc_10', 'roc_20', 'macd', 'macd_signal', 'macd_hist', 'volatility_5', 'volatility_20', 'atr_14', 'volume_change_1d', 'volume_sma_20', 'volume_ratio_20']",300,5,0.03,1.0,1.0,0.10917193633933571,0.08232738766343946,-0.08760894139666209
25,1.0,"['return_1d', 'return_5d', 'return_10d', 'return_20d', 'intraday_return', 'high_low_range', 'gap', 'sma_5', 'sma_20', 'sma_60', 'price_to_sma_5', 'price_to_sma_20', 'price_to_sma_60', 'rsi_14', 'roc_10', 'roc_20', 'macd', 'macd_signal', 'macd_hist', 'volatility_5', 'volatility_20', 'atr_14', 'volume_change_1d', 'volume_sma_20', 'volume_ratio_20']",300,5,0.1,0.8,0.8,0.11025050086504104,0.0828396456658334,-0.1092051696777454
25,1.0,"['return_1d', 'return_5d', 'return_10d', 'return_20d', 'intraday_return', 'high_low_range', 'gap', 'sma_5', 'sma_20', 'sma_60', 'price_to_sma_5', 'price_to_sma_20', 'price_to_sma_60', 'rsi_14', 'roc_10', 'roc_20', 'macd', 'macd_signal', 'macd_hist', 'volatility_5', 'volatility_20', 'atr_14', 'volume_change_1d', 'volume_sma_20', 'volume_ratio_20']",300,5,0.1,0.8,1.0,0.11008812847615763,0.08268791044382336,-0.10594039234495756
25,1.0,"['return_1d', 'return_5d', 'return_10d', 'return_20d', 'intraday_return', 'high_low_range', 'gap', 'sma_5', 'sma_20', 'sma_60', 'price_to_sma_5', 'price_to_sma_20', 'price_to_sma_60', 'rsi_14', 'roc_10', 'roc_20', 'macd', 'macd_signal', 'macd_hist', 'volatility_5', 'volatility_20', 'atr_14', 'volume_change_1d', 'volume_sma_20', 'volume_ratio_20']",300,5,0.1,1.0,0.8,0.1104248415316431,0.08303005188338432,-0.11271594675497476
25,1.0,"['return_1d', 'return_5d', 'return_10d', 'return_20d', 'intraday_return', 'high_low_range', 'gap', 'sma_5', 'sma_20', 'sma_60', 'price_to_sma_5', 'price_to_sma_20', 'price_to_sma_60', 'rsi_14', 'roc_10', 'roc_20', 'macd', 'macd_signal', 'macd_hist', 'volatility_5', 'volatility_20', 'atr_14', 'volume_change_1d', 'volume_sma_20', 'volume_ratio_20']",300,5,0.1,1.0,1.0,0.11117069872208393,0.08431808370883771,-0.1277982420436461
25,1.0,"['return_1d', 'return_5d', 'return_10d', 'return_20d', 'intraday_return', 'high_low_range', 'gap', 'sma_5', 'sma_20', 'sma_60', 'price_to_sma_5', 'price_to_sma_20', 'price_to_sma_60', 'rsi_14', 'roc_10', 'roc_20', 'macd', 'macd_signal', 'macd_hist', 'volatility_5', 'volatility_20', 'atr_14', 'volume_change_1d', 'volume_sma_20', 'volume_ratio_20']",500,2,0.03,0.8,0.8,0.10553381473891461,0.07876556593339414,-0.01632829471378172
25,1.0,"['return_1d', 'return_5d', 'return_10d', 'return_20d', 'intraday_return', 'high_low_range', 'gap', 'sma_5', 'sma_20', 'sma_60', 'price_to_sma_5', 'price_to_sma_20', 'price_to_sma_60', 'rsi_14', 'roc_10', 'roc_20', 'macd', 'macd_signal', 'macd_hist', 'volatility_5', 'volatility_20', 'atr_14', 'volume_change_1d', 'volume_sma_20', 'volume_ratio_20']",500,2,0.03,0.8,1.0,0.10568354052681218,0.07937670177457339,-0.019214165954726026
25,1.0,"['return_1d', 'return_5d', 'return_10d', 'return_20d', 'intraday_return', 'high_low_range', 'gap', 'sma_5', 'sma_20', 'sma_60', 'price_to_sma_5', 'price_to_sma_20', 'price_to_sma_60', 'rsi_14', 'roc_10', 'roc_20', 'macd', 'macd_signal', 'macd_hist', 'volatility_5', 'volatility_20', 'atr_14', 'volume_change_1d', 'volume_sma_20', 'volume_ratio_20']",500,2,0.03,1.0,0.8,0.1078772135423245,0.08020455767464957,-0.06196494974039024
25,1.0,"['return_1d', 'return_5d', 'return_10d', 'return_20d', 'intraday_return', 'high_low_range', 'gap', 'sma_5', 'sma_20', 'sma_60', 'price_to_sma_5', 'price_to_sma_20', 'price_to_sma_60', 'rsi_14', 'roc_10', 'roc_20', 'macd', 'macd_signal', 'macd_hist', 'volatility_5', 'volatility_20', 'atr_14', 'volume_change_1d', 'volume_sma_20', 'volume_ratio_20']",500,2,0.03,1.0,1.0,0.10741777665662527,0.07978359152704573,-0.05293863389093967
25,1.0,"['return_1d', 'return_5d', 'return_10d', 'return_20d', 'intraday_return', 'high_low_range', 'gap', 'sma_5', 'sma_20', 'sma_60', 'price_to_sma_5', 'price_to_sma_20', 'price_to_sma_60', 'rsi_14', 'roc_10', 'roc_20', 'macd', 'macd_signal', 'macd_hist', 'volatility_5', 'volatility_20', 'atr_14', 'volume_change_1d', 'volume_sma_20', 'volume_ratio_20']",500,2,0.1,0.8,0.8,0.11378473714492232,0.08568737320322738,-0.1814592963965067
25,1.0,"['return_1d', 'return_5d', 'return_10d', 'return_20d', 'intraday_return', 'high_low_range', 'gap', 'sma_5', 'sma_20', 'sma_60', 'price_to_sma_5', 'price_to_sma_20', 'price_to_sma_60', 'rsi_14', 'roc_10', 'roc_20', 'macd', 'macd_signal', 'macd_hist', 'volatility_5', 'volatility_20', 'atr_14', 'volume_change_1d', 'volume_sma_20', 'volume_ratio_20']",500,2,0.1,0.8,1.0,0.1121526939096885,0.08481244234687471,-0.1478104182918485
25,1.0,"['return_1d', 'return_5d', 'return_10d', 'return_20d', 'intraday_return', 'high_low_range', 'gap', 'sma_5', 'sma_20', 'sma_60', 'price_to_sma_5', 'price_to_sma_20', 'price_to_sma_60', 'rsi_14', 'roc_10', 'roc_20', 'macd', 'macd_signal', 'macd_hist', 'volatility_5', 'volatility_20', 'atr_14', 'volume_change_1d', 'volume_sma_20', 'volume_ratio_20']",500,2,0.1,1.0,0.8,0.11241424209706326,0.08437127203422451,-0.15317021442233192
25,1.0,"['return_1d', 'return_5d', 'return_10d', 'return_20d', 'intraday_return', 'high_low_range', 'gap', 'sma_5', 'sma_20', 'sma_60', 'price_to_sma_5', 'price_to_sma_20', 'price_to_sma_60', 'rsi_14', 'roc_10', 'roc_20', 'macd', 'macd_signal', 'macd_hist', 'volatility_5', 'volatility_20', 'atr_14', 'volume_change_1d', 'volume_sma_20', 'volume_ratio_20']",500,2,0.1,1.0,1.0,0.11346308825153406,0.0848814286101462,-0.17478919339653443
25,1.0,"['return_1d', 'return_5d', 'return_10d', 'return_20d', 'intraday_return', 'high_low_range', 'gap', 'sma_5', 'sma_20', 'sma_60', 'price_to_sma_5', 'price_to_sma_20', 'price_to_sma_60', 'rsi_14', 'roc_10', 'roc_20', 'macd', 'macd_signal', 'macd_hist', 'volatility_5', 'volatility_20', 'atr_14', 'volume_change_1d', 'volume_sma_20', 'volume_ratio_20']",500,3,0.03,0.8,0.8,0.10743078463494984,0.08058496000496591,-0.05319366490465738
25,1.0,"['return_1d', 'return_5d', 'return_10d', 'return_20d', 'intraday_return', 'high_low_range', 'gap', 'sma_5', 'sma_20', 'sma_60', 'price_to_sma_5', 'price_to_sma_20', 'price_to_sma_60', 'rsi_14', 'roc_10', 'roc_20', 'macd', 'macd_signal', 'macd_hist', 'volatility_5', 'volatility_20', 'atr_14', 'volume_change_1d', 'volume_sma_20', 'volume_ratio_20']",500,3,0.03,0.8,1.0,0.10699429355301408,0.08022294807614884,-0.04465280310006059
25,1.0,"['return_1d', 'return_5d', 'return_10d', 'return_20d', 'intraday_return', 'high_low_range', 'gap', 'sma_5', 'sma_20', 'sma_60', 'price_to_sma_5', 'price_to_sma_20', 'price_to_sma_60', 'rsi_14', 'roc_10', 'roc_20', 'macd', 'macd_signal', 'macd_hist', 'volatility_5', 'volatility_20', 'atr_14', 'volume_change_1d', 'volume_sma_20', 'volume_ratio_20']",500,3,0.03,1.0,0.8,0.10795286327859681,0.08109605220427585,-0.06345489436061236
25,1.0,"['return_1d', 'return_5d', 'return_10d', 'return_20d', 'intraday_return', 'high_low_range', 'gap', 'sma_5', 'sma_20', 'sma_60', 'price_to_sma_5', 'price_to_sma_20', 'price_to_sma_60', 'rsi_14', 'roc_10', 'roc_20', 'macd', 'macd_signal', 'macd_hist', 'volatility_5', 'volatility_20', 'atr_14', 'volume_change_1d', 'volume_sma_20', 'volume_ratio_20']",500,3,0.03,1.0,1.0,0.1078713690877901,0.08097577529165771,-0.06184988488962695
25,1.0,"['return_1d', 'return_5d', 'return_10d', 'return_20d', 'intraday_return', 'high_low_range', 'gap', 'sma_5', 'sma_20', 'sma_60', 'price_to_sma_5', 'price_to_sma_20', 'price_to_sma_60', 'rsi_14', 'roc_10', 'roc_20', 'macd', 'macd_signal', 'macd_hist', 'volatility_5', 'volatility_20', 'atr_14', 'volume_change_1d', 'volume_sma_20', 'volume_ratio_20']",500,3,0.1,0.8,0.8,0.11202567802432109,0.08468619247615403,-0.14521203931700355
25,1.0,"['return_1d', 'return_5d', 'return_10d', 'return_20d', 'intraday_return', 'high_low_range', 'gap', 'sma_5', 'sma_20', 'sma_60', 'price_to_sma_5', 'price_to_sma_20', 'price_to_sma_60', 'rsi_14', 'roc_10', 'roc_20', 'macd', 'macd_signal', 'macd_hist', 'volatility_5', 'volatility_20', 'atr_14', 'volume_change_1d', 'volume_sma_20', 'volume_ratio_20']",500,3,0.1,0.8,1.0,0.11131451048435057,0.08543836419789275,-0.13071799626722114
25,1.0,"['return_1d', 'return_5d', 'return_10d', 'return_20d', 'intraday_return', 'high_low_range', 'gap', 'sma_5', 'sma_20', 'sma_60', 'price_to_sma_5', 'price_to_sma_20', 'price_to_sma_60', 'rsi_14', 'roc_10', 'roc_20', 'macd', 'macd_signal', 'macd_hist', 'volatility_5', 'volatility_20', 'atr_14', 'volume_change_1d', 'volume_sma_20', 'volume_ratio_20']",500,3,0.1,1.0,0.8,0.11443623897429368,0.08695417946887389,-0.19502748715576868
25,1.0,"['return_1d', 'return_5d', 'return_10d', 'return_20d', 'intraday_return', 'high_low_range', 'gap', 'sma_5', 'sma_20', 'sma_60', 'price_to_sma_5', 'price_to_sma_20', 'price_to_sma_60', 'rsi_14', 'roc_10', 'roc_20', 'macd', 'macd_signal', 'macd_hist', 'volatility_5', 'volatility_20', 'atr_14', 'volume_change_1d', 'volume_sma_20', 'volume_ratio_20']",500,3,0.1,1.0,1.0,0.11374595509458695,0.086044943754675,-0.18065406352300561
25,1.0,"['return_1d', 'return_5d', 'return_10d', 'return_20d', 'intraday_return', 'high_low_range', 'gap', 'sma_5', 'sma_20', 'sma_60', 'price_to_sma_5', 'price_to_sma_20', 'price_to_sma_60', 'rsi_14', 'roc_10', 'roc_20', 'macd', 'macd_signal', 'macd_hist', 'volatility_5', 'volatility_20', 'atr_14', 'volume_change_1d', 'volume_sma_20', 'volume_ratio_20']",500,5,0.03,0.8,0.8,0.10897569936349583,0.0817608880907206,-0.08370249296492838
25,1.0,"['return_1d', 'return_5d', 'return_10d', 'return_20d', 'intraday_return', 'high_low_range', 'gap', 'sma_5', 'sma_20', 'sma_60', 'price_to_sma_5', 'price_to_sma_20', 'price_to_sma_60', 'rsi_14', 'roc_10', 'roc_20', 'macd', 'macd_signal', 'macd_hist', 'volatility_5', 'volatility_20', 'atr_14', 'volume_change_1d', 'volume_sma_20', 'volume_ratio_20']",500,5,0.03,0.8,1.0,0.10974128732686857,0.08294733622958585,-0.09898266885662665
25,1.0,"['return_1d', 'return_5d', 'return_10d', 'return_20d', 'intraday_return', 'high_low_range', 'gap', 'sma_5', 'sma_20', 'sma_60', 'price_to_sma_5', 'price_to_sma_20', 'price_to_sma_60', 'rsi_14', 'roc_10', 'roc_20', 'macd', 'macd_signal', 'macd_hist', 'volatility_5', 'volatility_20', 'atr_14', 'volume_change_1d', 'volume_sma_20', 'volume_ratio_20']",500,5,0.03,1.0,0.8,0.1098939269851299,0.08313210441684896,-0.10204195500250957
25,1.0,"['return_1d', 'return_5d', 'return_10d', 'return_20d', 'intraday_return', 'high_low_range', 'gap', 'sma_5', 'sma_20', 'sma_60', 'price_to_sma_5', 'price_to_sma_20', 'price_to_sma_60', 'rsi_14', 'roc_10', 'roc_20', 'macd', 'macd_signal', 'macd_hist', 'volatility_5', 'volatility_20', 'atr_14', 'volume_change_1d', 'volume_sma_20', 'volume_ratio_20']",500,5,0.03,1.0,1.0,0.11033534361434028,0.08356871858597664,-0.11091299368910379
25,1.0,"['return_1d', 'return_5d', 'return_10d', 'return_20d', 'intraday_return', 'high_low_range', 'gap', 'sma_5', 'sma_20', 'sma_60', 'price_to_sma_5', 'price_to_sma_20', 'price_to_sma_60', 'rsi_14', 'roc_10', 'roc_20', 'macd', 'macd_signal', 'macd_hist', 'volatility_5', 'volatility_20', 'atr_14', 'volume_change_1d', 'volume_sma_20', 'volume_ratio_20']",500,5,0.1,0.8,0.8,0.1105552017141996,0.08320496860498727,-0.11534469355467403
25,1.0,"['return_1d', 'return_5d', 'return_10d', 'return_20d', 'intraday_return', 'high_low_range', 'gap', 'sma_5', 'sma_20', 'sma_60', 'price_to_sma_5', 'price_to_sma_20', 'price_to_sma_60', 'rsi_14', 'roc_10', 'roc_20', 'macd', 'macd_signal', 'macd_hist', 'volatility_5', 'volatility_20', 'atr_14', 'volume_change_1d', 'volume_sma_20', 'volume_ratio_20']",500,5,0.1,0.8,1.0,0.11031412005082546,0.08296025209914622,-0.11048565528456922
25,1.0,"['return_1d', 'return_5d', 'return_10d', 'return_20d', 'intraday_return', 'high_low_range', 'gap', 'sma_5', 'sma_20', 'sma_60', 'price_to_sma_5', 'price_to_sma_20', 'price_to_sma_60', 'rsi_14', 'roc_10', 'roc_20', 'macd', 'macd_signal', 'macd_hist', 'volatility_5', 'volatility_20', 'atr_14', 'volume_change_1d', 'volume_sma_20', 'volume_ratio_20']",500,5,0.1,1.0,0.8,0.11077893756280982,0.08347763472521509,-0.11986361429779868
25,1.0,"['return_1d', 'return_5d', 'return_10d', 'return_20d', 'intraday_return', 'high_low_range', 'gap', 'sma_5', 'sma_20', 'sma_60', 'price_to_sma_5', 'price_to_sma_20', 'price_to_sma_60', 'rsi_14', 'roc_10', 'roc_20', 'macd', 'macd_signal', 'macd_hist', 'volatility_5', 'volatility_20', 'atr_14', 'volume_change_1d', 'volume_sma_20', 'volume_ratio_20']",500,5,0.1,1.0,1.0,0.11140935657896935,0.08452239312302953,-0.13264568520141817
25,0.1,"['return_1d', 'return_5d', 'return_10d', 'return_20d', 'intraday_return', 'high_low_range', 'gap', 'sma_5', 'sma_20', 'sma_60', 'price_to_sma_5', 'price_to_sma_20', 'price_to_sma_60', 'rsi_14', 'roc_10', 'roc_20', 'macd', 'macd_signal', 'macd_hist', 'volatility_5', 'volatility_20', 'atr_14', 'volume_change_1d', 'volume_sma_20', 'volume_ratio_20']",100,2,0.03,0.8,0.8,0.10182482180821976,0.07584585383998392,0.053854212164048954
25,0.1,"['return_1d', 'return_5d', 'return_10d', 'return_20d', 'intraday_return', 'high_low_range', 'gap', 'sma_5', 'sma_20', 'sma_60', 'price_to_sma_5', 'price_to_sma_20', 'price_to_sma_60', 'rsi_14', 'roc_10', 'roc_20', 'macd', 'macd_signal', 'macd_hist', 'volatility_5', 'volatility_20', 'atr_14', 'volume_change_1d', 'volume_sma_20', 'volume_ratio_20']",100,2,0.03,0.8,1.0,0.1018381505875481,0.07577402659450982,0.05360649665467032
25,0.1,"['return_1d', 'return_5d', 'return_10d', 'return_20d', 'intraday_return', 'high_low_range', 'gap', 'sma_5', 'sma_20', 'sma_60', 'price_to_sma_5', 'price_to_sma_20', 'price_to_sma_60', 'rsi_14', 'roc_10', 'roc_20', 'macd', 'macd_signal', 'macd_hist', 'volatility_5', 'volatility_20', 'atr_14', 'volume_change_1d', 'volume_sma_20', 'volume_ratio_20']",100,2,0.03,1.0,0.8,0.10264320047301588,0.07620137293946032,0.03858451451459788
25,0.1,"['return_1d', 'return_5d', 'return_10d', 'return_20d', 'intraday_return', 'high_low_range', 'gap', 'sma_5', 'sma_20', 'sma_60', 'price_to_sma_5', 'price_to_sma_20', 'price_to_sma_60', 'rsi_14', 'roc_10', 'roc_20', 'macd', 'macd_signal', 'macd_hist', 'volatility_5', 'volatility_20', 'atr_14', 'volume_change_1d', 'volume_sma_20', 'volume_ratio_20']",100,2,0.03,1.0,1.0,0.10254548112231086,0.07606164834329707,0.04041423485667228
25,0.1,"['return_1d', 'return_5d', 'return_10d', 'return_20d', 'intraday_return', 'high_low_range', 'gap', 'sma_5', 'sma_20', 'sma_60', 'price_to_sma_5', 'price_to_sma_20', 'price_to_sma_60', 'rsi_14', 'roc_10', 'roc_20', 'macd', 'macd_signal', 'macd_hist', 'volatility_5', 'volatility_20', 'atr_14', 'volume_change_1d', 'volume_sma_20', 'volume_ratio_20']",100,2,0.1,0.8,0.8,0.10604460246548258,0.0795845963872666,-0.02619023934623632
25,0.1,"['return_1d', 'return_5d', 'return_10d', 'return_20d', 'intraday_return', 'high_low_range', 'gap', 'sma_5', 'sma_20', 'sma_60', 'price_to_sma_5', 'price_to_sma_20', 'price_to_sma_60', 'rsi_14', 'roc_10', 'roc_20', 'macd', 'macd_signal', 'macd_hist', 'volatility_5', 'volatility_20', 'atr_14', 'volume_change_1d', 'volume_sma_20', 'volume_ratio_20']",100,2,0.1,0.8,1.0,0.10494582807163465,0.07832672723197838,-0.005034800874006429
25,0.1,"['return_1d', 'return_5d', 'return_10d', 'return_20d', 'intraday_return', 'high_low_range', 'gap', 'sma_5', 'sma_20', 'sma_60', 'price_to_sma_5', 'price_to_sma_20', 'price_to_sma_60', 'rsi_14', 'roc_10', 'roc_20', 'macd', 'macd_signal', 'macd_hist', 'volatility_5', 'volatility_20', 'atr_14', 'volume_change_1d', 'volume_sma_20', 'volume_ratio_20']",100,2,0.1,1.0,0.8,0.10556698131751863,0.07858305489734556,-0.01696720706920818
25,0.1,"['return_1d', 'return_5d', 'return_10d', 'return_20d', 'intraday_return', 'high_low_range', 'gap', 'sma_5', 'sma_20', 'sma_60', 'price_to_sma_5', 'price_to_sma_20', 'price_to_sma_60', 'rsi_14', 'roc_10', 'roc_20', 'macd', 'macd_signal', 'macd_hist', 'volatility_5', 'volatility_20', 'atr_14', 'volume_change_1d', 'volume_sma_20', 'volume_ratio_20']",100,2,0.1,1.0,1.0,0.10517368331087945,0.07798137533661224,-0.009403741513962283
25,0.1,"['return_1d', 'return_5d', 'return_10d', 'return_20d', 'intraday_return', 'high_low_range', 'gap', 'sma_5', 'sma_20', 'sma_60', 'price_to_sma_5', 'price_to_sma_20', 'price_to_sma_60', 'rsi_14', 'roc_10', 'roc_20', 'macd', 'macd_signal', 'macd_hist', 'volatility_5', 'volatility_20', 'atr_14', 'volume_change_1d', 'volume_sma_20', 'volume_ratio_20']",100,3,0.03,0.8,0.8,0.1035219743092379,0.07697428896950692,0.0220518380287813
25,0.1,"['return_1d', 'return_5d', 'return_10d', 'return_20d', 'intraday_return', 'high_low_range', 'gap', 'sma_5', 'sma_20', 'sma_60', 'price_to_sma_5', 'price_to_sma_20', 'price_to_sma_60', 'rsi_14', 'roc_10', 'roc_20', 'macd', 'macd_signal', 'macd_hist', 'volatility_5', 'volatility_20', 'atr_14', 'volume_change_1d', 'volume_sma_20', 'volume_ratio_20']",100,3,0.03,0.8,1.0,0.10335921151923677,0.07650839531246392,0.025124585467673155
25,0.1,"['return_1d', 'return_5d', 'return_10d', 'return_20d', 'intraday_return', 'high_low_range', 'gap', 'sma_5', 'sma_20', 'sma_60', 'price_to_sma_5', 'price_to_sma_20', 'price_to_sma_60', 'rsi_14', 'roc_10', 'roc_20', 'macd', 'macd_signal', 'macd_hist', 'volatility_5', 'volatility_20', 'atr_14', 'volume_change_1d', 'volume_sma_20', 'volume_ratio_20']",100,3,0.03,1.0,0.8,0.10314783258015481,0.07701245382386805,0.029107925004598467
25,0.1,"['return_1d', 'return_5d', 'return_10d', 'return_20d', 'intraday_return', 'high_low_range', 'gap', 'sma_5', 'sma_20', 'sma_60', 'price_to_sma_5', 'price_to_sma_20', 'price_to_sma_60', 'rsi_14', 'roc_10', 'roc_20', 'macd', 'macd_signal', 'macd_hist', 'volatility_5', 'volatility_20', 'atr_14', 'volume_change_1d', 'volume_sma_20', 'volume_ratio_20']",100,3,0.03,1.0,1.0,0.10344490137248873,0.07697549152863237,0.02350747639558548
25,0.1,"['return_1d', 'return_5d', 'return_10d', 'return_20d', 'intraday_return', 'high_low_range', 'gap', 'sma_5', 'sma_20', 'sma_60', 'price_to_sma_5', 'price_to_sma_20', 'price_to_sma_60', 'rsi_14', 'roc_10', 'roc_20', 'macd', 'macd_signal', 'macd_hist', 'volatility_5', 'volatility_20', 'atr_14', 'volume_change_1d', 'volume_sma_20', 'volume_ratio_20']",100,3,0.1,0.8,0.8,0.1059584721722982,0.07944374341833643,-0.024523956099735456
25,0.1,"['return_1d', 'return_5d', 'return_10d', 'return_20d', 'intraday_return', 'high_low_range', 'gap', 'sma_5', 'sma_20', 'sma_60', 'price_to_sma_5', 'price_to_sma_20', 'price_to_sma_60', 'rsi_14', 'roc_10', 'roc_20', 'macd', 'macd_signal', 'macd_hist', 'volatility_5', 'volatility_20', 'atr_14', 'volume_change_1d', 'volume_sma_20', 'volume_ratio_20']",100,3,0.1,0.8,1.0,0.10582948271741559,0.07949071012408547,-0.022031048355036997
25,0.1,"['return_1d', 'return_5d', 'return_10d', 'return_20d', 'intraday_return', 'high_low_range', 'gap', 'sma_5', 'sma_20', 'sma_60', 'price_to_sma_5', 'price_to_sma_20', 'price_to_sma_60', 'rsi_14', 'roc_10', 'roc_20', 'macd', 'macd_signal', 'macd_hist', 'volatility_5', 'volatility_20', 'atr_14', 'volume_change_1d', 'volume_sma_20', 'volume_ratio_20']",100,3,0.1,1.0,0.8,0.10627640630225108,0.07926976661597657,-0.03068145937165001
25,0.1,"['return_1d', 'return_5d', 'return_10d', 'return_20d', 'intraday_return', 'high_low_range', 'gap', 'sma_5', 'sma_20', 'sma_60', 'price_to_sma_5', 'price_to_sma_20', 'price_to_sma_60', 'rsi_14', 'roc_10', 'roc_20', 'macd', 'macd_signal', 'macd_hist', 'volatility_5', 'volatility_20', 'atr_14', 'volume_change_1d', 'volume_sma_20', 'volume_ratio_20']",100,3,0.1,1.0,1.0,0.10648049876685693,0.07925575796966763,-0.034643887309736554
25,0.1,"['return_1d', 'return_5d', 'return_10d', 'return_20d', 'intraday_return', 'high_low_range', 'gap', 'sma_5', 'sma_20', 'sma_60', 'price_to_sma_5', 'price_to_sma_20', 'price_to_sma_60', 'rsi_14', 'roc_10', 'roc_20', 'macd', 'macd_signal', 'macd_hist', 'volatility_5', 'volatility_20', 'atr_14', 'volume_change_1d', 'volume_sma_20', 'volume_ratio_20']",100,5,0.03,0.8,0.8,0.10530894282657986,0.07799625395893202,-0.012001715658249479
25,0.1,"['return_1d', 'return_5d', 'return_10d', 'return_20d', 'intraday_return', 'high_low_range', 'gap', 'sma_5', 'sma_20', 'sma_60', 'price_to_sma_5', 'price_to_sma_20', 'price_to_sma_60', 'rsi_14', 'roc_10', 'roc_20', 'macd', 'macd_signal', 'macd_hist', 'volatility_5', 'volatility_20', 'atr_14', 'volume_change_1d', 'volume_sma_20', 'volume_ratio_20']",100,5,0.03,0.8,1.0,0.10622950703412123,0.07900449860365664,-0.02977199052354318
25,0.1,"['return_1d', 'return_5d', 'return_10d', 'return_20d', 'intraday_return', 'high_low_range', 'gap', 'sma_5', 'sma_20', 'sma_60', 'price_to_sma_5', 'price_to_sma_20', 'price_to_sma_60', 'rsi_14', 'roc_10', 'roc_20', 'macd', 'macd_signal', 'macd_hist', 'volatility_5', 'volatility_20', 'atr_14', 'volume_change_1d', 'volume_sma_20', 'volume_ratio_20']",100,5,0.03,1.0,0.8,0.10521386133577587,0.07775185665514553,-0.010175105487738367
25,0.1,"['return_1d', 'return_5d', 'return_10d', 'return_20d', 'intraday_return', 'high_low_range', 'gap', 'sma_5', 'sma_20', 'sma_60', 'price_to_sma_5', 'price_to_sma_20', 'price_to_sma_60', 'rsi_14', 'roc_10', 'roc_20', 'macd', 'macd_signal', 'macd_hist', 'volatility_5', 'volatility_20', 'atr_14', 'volume_change_1d', 'volume_sma_20', 'volume_ratio_20']",100,5,0.03,1.0,1.0,0.10570789197787565,0.07824531123063175,-0.019683911823962674
25,0.1,"['return_1d', 'return_5d', 'return_10d', 'return_20d', 'intraday_return', 'high_low_range', 'gap', 'sma_5', 'sma_20', 'sma_60', 'price_to_sma_5', 'price_to_sma_20', 'price_to_sma_60', 'rsi_14', 'roc_10', 'roc_20', 'macd', 'macd_signal', 'macd_hist', 'volatility_5', 'volatility_20', 'atr_14', 'volume_change_1d', 'volume_sma_20', 'volume_ratio_20']",100,5,0.1,0.8,0.8,0.10821913627787756,0.08040278683128417,-0.06870753044277267
25,0.1,"['return_1d', 'return_5d', 'return_10d', 'return_20d', 'intraday_return', 'high_low_range', 'gap', 'sma_5', 'sma_20', 'sma_60', 'price_to_sma_5', 'price_to_sma_20', 'price_to_sma_60', 'rsi_14', 'roc_10', 'roc_20', 'macd', 'macd_signal', 'macd_hist', 'volatility_5', 'volatility_20', 'atr_14', 'volume_change_1d', 'volume_sma_20', 'volume_ratio_20']",100,5,0.1,0.8,1.0,0.10833480370108552,0.08049530547306093,-0.07099327604627992
25,0.1,"['return_1d', 'return_5d', 'return_10d', 'return_20d', 'intraday_return', 'high_low_range', 'gap', 'sma_5', 'sma_20', 'sma_60', 'price_to_sma_5', 'price_to_sma_20', 'price_to_sma_60', 'rsi_14', 'roc_10', 'roc_20', 'macd', 'macd_signal', 'macd_hist', 'volatility_5', 'volatility_20', 'atr_14', 'volume_change_1d', 'volume_sma_20', 'volume_ratio_20']",100,5,0.1,1.0,0.8,0.10884928057895256,0.08154834979942063,-0.08118962288142484
25,0.1,"['return_1d', 'return_5d', 'return_10d', 'return_20d', 'intraday_return', 'high_low_range', 'gap', 'sma_5', 'sma_20', 'sma_60', 'price_to_sma_5', 'price_to_sma_20', 'price_to_sma_60', 'rsi_14', 'roc_10', 'roc_20', 'macd', 'macd_signal', 'macd_hist', 'volatility_5', 'volatility_20', 'atr_14', 'volume_change_1d', 'volume_sma_20', 'volume_ratio_20']",100,5,0.1,1.0,1.0,0.10874887755814365,0.08181042782988404,-0.07919595534451052
25,0.1,"['return_1d', 'return_5d', 'return_10d', 'return_20d', 'intraday_return', 'high_low_range', 'gap', 'sma_5', 'sma_20', 'sma_60', 'price_to_sma_5', 'price_to_sma_20', 'price_to_sma_60', 'rsi_14', 'roc_10', 'roc_20', 'macd', 'macd_signal', 'macd_hist', 'volatility_5', 'volatility_20', 'atr_14', 'volume_change_1d', 'volume_sma_20', 'volume_ratio_20']",300,2,0.03,0.8,0.8,0.10385724235296535,0.07732749803729935,0.015707181259087544
25,0.1,"['return_1d', 'return_5d', 'return_10d', 'return_20d', 'intraday_return', 'high_low_range', 'gap', 'sma_5', 'sma_20', 'sma_60', 'price_to_sma_5', 'price_to_sma_20', 'price_to_sma_60', 'rsi_14', 'roc_10', 'roc_20', 'macd', 'macd_signal', 'macd_hist', 'volatility_5', 'volatility_20', 'atr_14', 'volume_change_1d', 'volume_sma_20', 'volume_ratio_20']",300,2,0.03,0.8,1.0,0.10398662188426948,0.07782020979973496,0.013253300109171917
25,0.1,"['return_1d', 'return_5d', 'return_10d', 'return_20d', 'intraday_return', 'high_low_range', 'gap', 'sma_5', 'sma_20', 'sma_60', 'price_to_sma_5', 'price_to_sma_20', 'price_to_sma_60', 'rsi_14', 'roc_10', 'roc_20', 'macd', 'macd_signal', 'macd_hist', 'volatility_5', 'volatility_20', 'atr_14', 'volume_change_1d', 'volume_sma_20', 'volume_ratio_20']",300,2,0.03,1.0,0.8,0.10491529113440688,0.07781860045408699,-0.004449999743149302
25,0.1,"['return_1d', 'return_5d', 'return_10d', 'return_20d', 'intraday_return', 'high_low_range', 'gap', 'sma_5', 'sma_20', 'sma_60', 'price_to_sma_5', 'price_to_sma_20', 'price_to_sma_60', 'rsi_14', 'roc_10', 'roc_20', 'macd', 'macd_signal', 'macd_hist', 'volatility_5', 'volatility_20', 'atr_14', 'volume_change_1d', 'volume_sma_20', 'volume_ratio_20']",300,2,0.03,1.0,1.0,0.10506783133710028,0.07782947541756975,-0.007372936719720835
25,0.1,"['return_1d', 'return_5d', 'return_10d', 'return_20d', 'intraday_return', 'high_low_range', 'gap', 'sma_5', 'sma_20', 'sma_60', 'price_to_sma_5', 'price_to_sma_20', 'price_to_sma_60', 'rsi_14', 'roc_10', 'roc_20', 'macd', 'macd_signal', 'macd_hist', 'volatility_5', 'volatility_20', 'atr_14', 'volume_change_1d', 'volume_sma_20', 'volume_ratio_20']",300,2,0.1,0.8,0.8,0.1108351845886846,0.0832166510880034,-0.12100110469315806
25,0.1,"['return_1d', 'return_5d', 'return_10d', 'return_20d', 'intraday_return', 'high_low_range', 'gap', 'sma_5', 'sma_20', 'sma_60', 'price_to_sma_5', 'price_to_sma_20', 'price_to_sma_60', 'rsi_14', 'roc_10', 'roc_20', 'macd', 'macd_signal', 'macd_hist', 'volatility_5', 'volatility_20', 'atr_14', 'volume_change_1d', 'volume_sma_20', 'volume_ratio_20']",300,2,0.1,0.8,1.0,0.10949541355139365,0.08265007071803142,-0.0940636757848552
25,0.1,"['return_1d', 'return_5d', 'return_10d', 'return_20d', 'intraday_return', 'high_low_range', 'gap', 'sma_5', 'sma_20', 'sma_60', 'price_to_sma_5', 'price_to_sma_20', 'price_to_sma_60', 'rsi_14', 'roc_10', 'roc_20', 'macd', 'macd_signal', 'macd_hist', 'volatility_5', 'volatility_20', 'atr_14', 'volume_change_1d', 'volume_sma_20', 'volume_ratio_20']",300,2,0.1,1.0,0.8,0.10973988441631174,0.08203816572276731,-0.09895457068918945
25,0.1,"['return_1d', 'return_5d', 'return_10d', 'return_20d', 'intraday_return', 'high_low_range', 'gap', 'sma_5', 'sma_20', 'sma_60', 'price_to_sma_5', 'price_to_sma_20', 'price_to_sma_60', 'rsi_14', 'roc_10', 'roc_20', 'macd', 'macd_signal', 'macd_hist', 'volatility_5', 'volatility_20', 'atr_14', 'volume_change_1d', 'volume_sma_20', 'volume_ratio_20']",300,2,0.1,1.0,1.0,0.11109158483104234,0.08340033871009869,-0.1261936329110498
25,0.1,"['return_1d', 'return_5d', 'return_10d', 'return_20d', 'intraday_return', 'high_low_range', 'gap', 'sma_5', 'sma_20', 'sma_60', 'price_to_sma_5', 'price_to_sma_20', 'price_to_sma_60', 'rsi_14', 'roc_10', 'roc_20', 'macd', 'macd_signal', 'macd_hist', 'volatility_5', 'volatility_20', 'atr_14', 'volume_change_1d', 'volume_sma_20', 'volume_ratio_20']",300,3,0.03,0.8,0.8,0.10563118717322266,0.07916929069244401,-0.01820462250400756
25,0.1,"['return_1d', 'return_5d', 'return_10d', 'return_20d', 'intraday_return', 'high_low_range', 'gap', 'sma_5', 'sma_20', 'sma_60', 'price_to_sma_5', 'price_to_sma_20', 'price_to_sma_60', 'rsi_14', 'roc_10', 'roc_20', 'macd', 'macd_signal', 'macd_hist', 'volatility_5', 'volatility_20', 'atr_14', 'volume_change_1d', 'volume_sma_20', 'volume_ratio_20']",300,3,0.03,0.8,1.0,0.10492431645055954,0.07827566754538641,-0.0046228223820068415
25,0.1,"['return_1d', 'return_5d', 'return_10d', 'return_20d', 'intraday_return', 'high_low_range', 'gap', 'sma_5', 'sma_20', 'sma_60', 'price_to_sma_5', 'price_to_sma_20', 'price_to_sma_60', 'rsi_14', 'roc_10', 'roc_20', 'macd', 'macd_signal', 'macd_hist', 'volatility_5', 'volatility_20', 'atr_14', 'volume_change_1d', 'volume_sma_20', 'volume_ratio_20']",300,3,0.03,1.0,0.8,0.10612759555593562,0.07963008106062545,-0.027797110872792796
25,0.1,"['return_1d', 'return_5d', 'return_10d', 'return_20d', 'intraday_return', 'high_low_range', 'gap', 'sma_5', 'sma_20', 'sma_60', 'price_to_sma_5', 'price_to_sma_20', 'price_to_sma_60', 'rsi_14', 'roc_10', 'roc_20', 'macd', 'macd_signal', 'macd_hist', 'volatility_5', 'volatility_20', 'atr_14', 'volume_change_1d', 'volume_sma_20', 'volume_ratio_20']",300,3,0.03,1.0,1.0,0.10594568533946527,0.07910284712887362,-0.02427669647383035
25,0.1,"['return_1d', 'return_5d', 'return_10d', 'return_20d', 'intraday_return', 'high_low_range', 'gap', 'sma_5', 'sma_20', 'sma_60', 'price_to_sma_5', 'price_to_sma_20', 'price_to_sma_60', 'rsi_14', 'roc_10', 'roc_20', 'macd', 'macd_signal', 'macd_hist', 'volatility_5', 'volatility_20', 'atr_14', 'volume_change_1d', 'volume_sma_20', 'volume_ratio_20']",300,3,0.1,0.8,0.8,0.10988013474627084,0.08268456934575993,-0.10176534877906418
25,0.1,"['return_1d', 'return_5d', 'return_10d', 'return_20d', 'intraday_return', 'high_low_range', 'gap', 'sma_5', 'sma_20', 'sma_60', 'price_to_sma_5', 'price_to_sma_20', 'price_to_sma_60', 'rsi_14', 'roc_10', 'roc_20', 'macd', 'macd_signal', 'macd_hist', 'volatility_5', 'volatility_20', 'atr_14', 'volume_change_1d', 'volume_sma_20', 'volume_ratio_20']",300,3,0.1,0.8,1.0,0.10901215365640748,0.08311676183997165,-0.08442764941723224
25,0.1,"['return_1d', 'return_5d', 'return_10d', 'return_20d', 'intraday_return', 'high_low_range', 'gap', 'sma_5', 'sma_20', 'sma_60', 'price_to_sma_5', 'price_to_sma_20', 'price_to_sma_60', 'rsi_14', 'roc_10', 'roc_20', 'macd', 'macd_signal', 'macd_hist', 'volatility_5', 'volatility_20', 'atr_14', 'volume_change_1d', 'volume_sma_20', 'volume_ratio_20']",300,3,0.1,1.0,0.8,0.11240654216050629,0.08486151628812122,-0.15301224452056816
25,0.1,"['return_1d', 'return_5d', 'return_10d', 'return_20d', 'intraday_return', 'high_low_range', 'gap', 'sma_5', 'sma_20', 'sma_60', 'price_to_sma_5', 'price_to_sma_20', 'price_to_sma_60', 'rsi_14', 'roc_10', 'roc_20', 'macd', 'macd_signal', 'macd_hist', 'volatility_5', 'volatility_20', 'atr_14', 'volume_change_1d', 'volume_sma_20', 'volume_ratio_20']",300,3,0.1,1.0,1.0,0.11136187050805364,0.08366691443639841,-0.13168035459367
25,0.1,"['return_1d', 'return_5d', 'return_10d', 'return_20d', 'intraday_return', 'high_low_range', 'gap', 'sma_5', 'sma_20', 'sma_60', 'price_to_sma_5', 'price_to_sma_20', 'price_to_sma_60', 'rsi_14', 'roc_10', 'roc_20', 'macd', 'macd_signal', 'macd_hist', 'volatility_5', 'volatility_20', 'atr_14', 'volume_change_1d', 'volume_sma_20', 'volume_ratio_20']",300,5,0.03,0.8,0.8,0.1075764014876724,0.0801697450828554,-0.05605069857399103
25,0.1,"['return_1d', 'return_5d', 'return_10d', 'return_20d', 'intraday_return', 'high_low_range', 'gap', 'sma_5', 'sma_20', 'sma_60', 'price_to_sma_5', 'price_to_sma_20', 'price_to_sma_60', 'rsi_14', 'roc_10', 'roc_20', 'macd', 'macd_signal', 'macd_hist', 'volatility_5', 'volatility_20', 'atr_14', 'volume_change_1d', 'volume_sma_20', 'volume_ratio_20']",300,5,0.03,0.8,1.0,0.10917075661486517,0.08236076029328332,-0.08758543586963707
25,0.1,"['return_1d', 'return_5d', 'return_10d', 'return_20d', 'intraday_return', 'high_low_range', 'gap', 'sma_5', 'sma_20', 'sma_60', 'price_to_sma_5', 'price_to_sma_20', 'price_to_sma_60', 'rsi_14', 'roc_10', 'roc_20', 'macd', 'macd_signal', 'macd_hist', 'volatility_5', 'volatility_20', 'atr_14', 'volume_change_1d', 'volume_sma_20', 'volume_ratio_20']",300,5,0.03,1.0,0.8,0.10808665027381661,0.08110630751165658,-0.06609242694296702
25,0.1,"['return_1d', 'return_5d', 'return_10d', 'return_20d', 'intraday_return', 'high_low_range', 'gap', 'sma_5', 'sma_20', 'sma_60', 'price_to_sma_5', 'price_to_sma_20', 'price_to_sma_60', 'rsi_14', 'roc_10', 'roc_20', 'macd', 'macd_signal', 'macd_hist', 'volatility_5', 'volatility_20', 'atr_14', 'volume_change_1d', 'volume_sma_20', 'volume_ratio_20']",300,5,0.03,1.0,1.0,0.10917193633933571,0.08232738766343946,-0.08760894139666209
25,0.1,"['return_1d', 'return_5d', 'return_10d', 'return_20d', 'intraday_return', 'high_low_range', 'gap', 'sma_5', 'sma_20', 'sma_60', 'price_to_sma_5', 'price_to_sma_20', 'price_to_sma_60', 'rsi_14', 'roc_10', 'roc_20', 'macd', 'macd_signal', 'macd_hist', 'volatility_5', 'volatility_20', 'atr_14', 'volume_change_1d', 'volume_sma_20', 'volume_ratio_20']",300,5,0.1,0.8,0.8,0.11025050086504104,0.0828396456658334,-0.1092051696777454
25,0.1,"['return_1d', 'return_5d', 'return_10d', 'return_20d', 'intraday_return', 'high_low_range', 'gap', 'sma_5', 'sma_20', 'sma_60', 'price_to_sma_5', 'price_to_sma_20', 'price_to_sma_60', 'rsi_14', 'roc_10', 'roc_20', 'macd', 'macd_signal', 'macd_hist', 'volatility_5', 'volatility_20', 'atr_14', 'volume_change_1d', 'volume_sma_20', 'volume_ratio_20']",300,5,0.1,0.8,1.0,0.11008812847615763,0.08268791044382336,-0.10594039234495756
25,0.1,"['return_1d', 'return_5d', 'return_10d', 'return_20d', 'intraday_return', 'high_low_range', 'gap', 'sma_5', 'sma_20', 'sma_60', 'price_to_sma_5', 'price_to_sma_20', 'price_to_sma_60', 'rsi_14', 'roc_10', 'roc_20', 'macd', 'macd_signal', 'macd_hist', 'volatility_5', 'volatility_20', 'atr_14', 'volume_change_1d', 'volume_sma_20', 'volume_ratio_20']",300,5,0.1,1.0,0.8,0.1104248415316431,0.08303005188338432,-0.11271594675497476
25,0.1,"['return_1d', 'return_5d', 'return_10d', 'return_20d', 'intraday_return', 'high_low_range', 'gap', 'sma_5', 'sma_20', 'sma_60', 'price_to_sma_5', 'price_to_sma_20', 'price_to_sma_60', 'rsi_14', 'roc_10', 'roc_20', 'macd', 'macd_signal', 'macd_hist', 'volatility_5', 'volatility_20', 'atr_14', 'volume_change_1d', 'volume_sma_20', 'volume_ratio_20']",300,5,0.1,1.0,1.0,0.11117069872208393,0.08431808370883771,-0.1277982420436461
25,0.1,"['return_1d', 'return_5d', 'return_10d', 'return_20d', 'intraday_return', 'high_low_range', 'gap', 'sma_5', 'sma_20', 'sma_60', 'price_to_sma_5', 'price_to_sma_20', 'price_to_sma_60', 'rsi_14', 'roc_10', 'roc_20', 'macd', 'macd_signal', 'macd_hist', 'volatility_5', 'volatility_20', 'atr_14', 'volume_change_1d', 'volume_sma_20', 'volume_ratio_20']",500,2,0.03,0.8,0.8,0.10553381473891461,0.07876556593339414,-0.01632829471378172
25,0.1,"['return_1d', 'return_5d', 'return_10d', 'return_20d', 'intraday_return', 'high_low_range', 'gap', 'sma_5', 'sma_20', 'sma_60', 'price_to_sma_5', 'price_to_sma_20', 'price_to_sma_60', 'rsi_14', 'roc_10', 'roc_20', 'macd', 'macd_signal', 'macd_hist', 'volatility_5', 'volatility_20', 'atr_14', 'volume_change_1d', 'volume_sma_20', 'volume_ratio_20']",500,2,0.03,0.8,1.0,0.10568354052681218,0.07937670177457339,-0.019214165954726026
25,0.1,"['return_1d', 'return_5d', 'return_10d', 'return_20d', 'intraday_return', 'high_low_range', 'gap', 'sma_5', 'sma_20', 'sma_60', 'price_to_sma_5', 'price_to_sma_20', 'price_to_sma_60', 'rsi_14', 'roc_10', 'roc_20', 'macd', 'macd_signal', 'macd_hist', 'volatility_5', 'volatility_20', 'atr_14', 'volume_change_1d', 'volume_sma_20', 'volume_ratio_20']",500,2,0.03,1.0,0.8,0.1078772135423245,0.08020455767464957,-0.06196494974039024
25,0.1,"['return_1d', 'return_5d', 'return_10d', 'return_20d', 'intraday_return', 'high_low_range', 'gap', 'sma_5', 'sma_20', 'sma_60', 'price_to_sma_5', 'price_to_sma_20', 'price_to_sma_60', 'rsi_14', 'roc_10', 'roc_20', 'macd', 'macd_signal', 'macd_hist', 'volatility_5', 'volatility_20', 'atr_14', 'volume_change_1d', 'volume_sma_20', 'volume_ratio_20']",500,2,0.03,1.0,1.0,0.10741777665662527,0.07978359152704573,-0.05293863389093967
25,0.1,"['return_1d', 'return_5d', 'return_10d', 'return_20d', 'intraday_return', 'high_low_range', 'gap', 'sma_5', 'sma_20', 'sma_60', 'price_to_sma_5', 'price_to_sma_20', 'price_to_sma_60', 'rsi_14', 'roc_10', 'roc_20', 'macd', 'macd_signal', 'macd_hist', 'volatility_5', 'volatility_20', 'atr_14', 'volume_change_1d', 'volume_sma_20', 'volume_ratio_20']",500,2,0.1,0.8,0.8,0.11378473714492232,0.08568737320322738,-0.1814592963965067
25,0.1,"['return_1d', 'return_5d', 'return_10d', 'return_20d', 'intraday_return', 'high_low_range', 'gap', 'sma_5', 'sma_20', 'sma_60', 'price_to_sma_5', 'price_to_sma_20', 'price_to_sma_60', 'rsi_14', 'roc_10', 'roc_20', 'macd', 'macd_signal', 'macd_hist', 'volatility_5', 'volatility_20', 'atr_14', 'volume_change_1d', 'volume_sma_20', 'volume_ratio_20']",500,2,0.1,0.8,1.0,0.1121526939096885,0.08481244234687471,-0.1478104182918485
25,0.1,"['return_1d', 'return_5d', 'return_10d', 'return_20d', 'intraday_return', 'high_low_range', 'gap', 'sma_5', 'sma_20', 'sma_60', 'price_to_sma_5', 'price_to_sma_20', 'price_to_sma_60', 'rsi_14', 'roc_10', 'roc_20', 'macd', 'macd_signal', 'macd_hist', 'volatility_5', 'volatility_20', 'atr_14', 'volume_change_1d', 'volume_sma_20', 'volume_ratio_20']",500,2,0.1,1.0,0.8,0.11241424209706326,0.08437127203422451,-0.15317021442233192
25,0.1,"['return_1d', 'return_5d', 'return_10d', 'return_20d', 'intraday_return', 'high_low_range', 'gap', 'sma_5', 'sma_20', 'sma_60', 'price_to_sma_5', 'price_to_sma_20', 'price_to_sma_60', 'rsi_14', 'roc_10', 'roc_20', 'macd', 'macd_signal', 'macd_hist', 'volatility_5', 'volatility_20', 'atr_14', 'volume_change_1d', 'volume_sma_20', 'volume_ratio_20']",500,2,0.1,1.0,1.0,0.11346308825153406,0.0848814286101462,-0.17478919339653443
25,0.1,"['return_1d', 'return_5d', 'return_10d', 'return_20d', 'intraday_return', 'high_low_range', 'gap', 'sma_5', 'sma_20', 'sma_60', 'price_to_sma_5', 'price_to_sma_20', 'price_to_sma_60', 'rsi_14', 'roc_10', 'roc_20', 'macd', 'macd_signal', 'macd_hist', 'volatility_5', 'volatility_20', 'atr_14', 'volume_change_1d', 'volume_sma_20', 'volume_ratio_20']",500,3,0.03,0.8,0.8,0.10743078463494984,0.08058496000496591,-0.05319366490465738
25,0.1,"['return_1d', 'return_5d', 'return_10d', 'return_20d', 'intraday_return', 'high_low_range', 'gap', 'sma_5', 'sma_20', 'sma_60', 'price_to_sma_5', 'price_to_sma_20', 'price_to_sma_60', 'rsi_14', 'roc_10', 'roc_20', 'macd', 'macd_signal', 'macd_hist', 'volatility_5', 'volatility_20', 'atr_14', 'volume_change_1d', 'volume_sma_20', 'volume_ratio_20']",500,3,0.03,0.8,1.0,0.10699429355301408,0.08022294807614884,-0.04465280310006059
25,0.1,"['return_1d', 'return_5d', 'return_10d', 'return_20d', 'intraday_return', 'high_low_range', 'gap', 'sma_5', 'sma_20', 'sma_60', 'price_to_sma_5', 'price_to_sma_20', 'price_to_sma_60', 'rsi_14', 'roc_10', 'roc_20', 'macd', 'macd_signal', 'macd_hist', 'volatility_5', 'volatility_20', 'atr_14', 'volume_change_1d', 'volume_sma_20', 'volume_ratio_20']",500,3,0.03,1.0,0.8,0.10795286327859681,0.08109605220427585,-0.06345489436061236
25,0.1,"['return_1d', 'return_5d', 'return_10d', 'return_20d', 'intraday_return', 'high_low_range', 'gap', 'sma_5', 'sma_20', 'sma_60', 'price_to_sma_5', 'price_to_sma_20', 'price_to_sma_60', 'rsi_14', 'roc_10', 'roc_20', 'macd', 'macd_signal', 'macd_hist', 'volatility_5', 'volatility_20', 'atr_14', 'volume_change_1d', 'volume_sma_20', 'volume_ratio_20']",500,3,0.03,1.0,1.0,0.1078713690877901,0.08097577529165771,-0.06184988488962695
25,0.1,"['return_1d', 'return_5d', 'return_10d', 'return_20d', 'intraday_return', 'high_low_range', 'gap', 'sma_5', 'sma_20', 'sma_60', 'price_to_sma_5', 'price_to_sma_20', 'price_to_sma_60', 'rsi_14', 'roc_10', 'roc_20', 'macd', 'macd_signal', 'macd_hist', 'volatility_5', 'volatility_20', 'atr_14', 'volume_change_1d', 'volume_sma_20', 'volume_ratio_20']",500,3,0.1,0.8,0.8,0.11202567802432109,0.08468619247615403,-0.14521203931700355
25,0.1,"['return_1d', 'return_5d', 'return_10d', 'return_20d', 'intraday_return', 'high_low_range', 'gap', 'sma_5', 'sma_20', 'sma_60', 'price_to_sma_5', 'price_to_sma_20', 'price_to_sma_60', 'rsi_14', 'roc_10', 'roc_20', 'macd', 'macd_signal', 'macd_hist', 'volatility_5', 'volatility_20', 'atr_14', 'volume_change_1d', 'volume_sma_20', 'volume_ratio_20']",500,3,0.1,0.8,1.0,0.11131451048435057,0.08543836419789275,-0.13071799626722114
25,0.1,"['return_1d', 'return_5d', 'return_10d', 'return_20d', 'intraday_return', 'high_low_range', 'gap', 'sma_5', 'sma_20', 'sma_60', 'price_to_sma_5', 'price_to_sma_20', 'price_to_sma_60', 'rsi_14', 'roc_10', 'roc_20', 'macd', 'macd_signal', 'macd_hist', 'volatility_5', 'volatility_20', 'atr_14', 'volume_change_1d', 'volume_sma_20', 'volume_ratio_20']",500,3,0.1,1.0,0.8,0.11443623897429368,0.08695417946887389,-0.19502748715576868
25,0.1,"['return_1d', 'return_5d', 'return_10d', 'return_20d', 'intraday_return', 'high_low_range', 'gap', 'sma_5', 'sma_20', 'sma_60', 'price_to_sma_5', 'price_to_sma_20', 'price_to_sma_60', 'rsi_14', 'roc_10', 'roc_20', 'macd', 'macd_signal', 'macd_hist', 'volatility_5', 'volatility_20', 'atr_14', 'volume_change_1d', 'volume_sma_20', 'volume_ratio_20']",500,3,0.1,1.0,1.0,0.11374595509458695,0.086044943754675,-0.18065406352300561
25,0.1,"['return_1d', 'return_5d', 'return_10d', 'return_20d', 'intraday_return', 'high_low_range', 'gap', 'sma_5', 'sma_20', 'sma_60', 'price_to_sma_5', 'price_to_sma_20', 'price_to_sma_60', 'rsi_14', 'roc_10', 'roc_20', 'macd', 'macd_signal', 'macd_hist', 'volatility_5', 'volatility_20', 'atr_14', 'volume_change_1d', 'volume_sma_20', 'volume_ratio_20']",500,5,0.03,0.8,0.8,0.10897569936349583,0.0817608880907206,-0.08370249296492838
25,0.1,"['return_1d', 'return_5d', 'return_10d', 'return_20d', 'intraday_return', 'high_low_range', 'gap', 'sma_5', 'sma_20', 'sma_60', 'price_to_sma_5', 'price_to_sma_20', 'price_to_sma_60', 'rsi_14', 'roc_10', 'roc_20', 'macd', 'macd_signal', 'macd_hist', 'volatility_5', 'volatility_20', 'atr_14', 'volume_change_1d', 'volume_sma_20', 'volume_ratio_20']",500,5,0.03,0.8,1.0,0.10974128732686857,0.08294733622958585,-0.09898266885662665
25,0.1,"['return_1d', 'return_5d', 'return_10d', 'return_20d', 'intraday_return', 'high_low_range', 'gap', 'sma_5', 'sma_20', 'sma_60', 'price_to_sma_5', 'price_to_sma_20', 'price_to_sma_60', 'rsi_14', 'roc_10', 'roc_20', 'macd', 'macd_signal', 'macd_hist', 'volatility_5', 'volatility_20', 'atr_14', 'volume_change_1d', 'volume_sma_20', 'volume_ratio_20']",500,5,0.03,1.0,0.8,0.1098939269851299,0.08313210441684896,-0.10204195500250957
25,0.1,"['return_1d', 'return_5d', 'return_10d', 'return_20d', 'intraday_return', 'high_low_range', 'gap', 'sma_5', 'sma_20', 'sma_60', 'price_to_sma_5', 'price_to_sma_20', 'price_to_sma_60', 'rsi_14', 'roc_10', 'roc_20', 'macd', 'macd_signal', 'macd_hist', 'volatility_5', 'volatility_20', 'atr_14', 'volume_change_1d', 'volume_sma_20', 'volume_ratio_20']",500,5,0.03,1.0,1.0,0.11033534361434028,0.08356871858597664,-0.11091299368910379
25,0.1,"['return_1d', 'return_5d', 'return_10d', 'return_20d', 'intraday_return', 'high_low_range', 'gap', 'sma_5', 'sma_20', 'sma_60', 'price_to_sma_5', 'price_to_sma_20', 'price_to_sma_60', 'rsi_14', 'roc_10', 'roc_20', 'macd', 'macd_signal', 'macd_hist', 'volatility_5', 'volatility_20', 'atr_14', 'volume_change_1d', 'volume_sma_20', 'volume_ratio_20']",500,5,0.1,0.8,0.8,0.1105552017141996,0.08320496860498727,-0.11534469355467403
25,0.1,"['return_1d', 'return_5d', 'return_10d', 'return_20d', 'intraday_return', 'high_low_range', 'gap', 'sma_5', 'sma_20', 'sma_60', 'price_to_sma_5', 'price_to_sma_20', 'price_to_sma_60', 'rsi_14', 'roc_10', 'roc_20', 'macd', 'macd_signal', 'macd_hist', 'volatility_5', 'volatility_20', 'atr_14', 'volume_change_1d', 'volume_sma_20', 'volume_ratio_20']",500,5,0.1,0.8,1.0,0.11031412005082546,0.08296025209914622,-0.11048565528456922
25,0.1,"['return_1d', 'return_5d', 'return_10d', 'return_20d', 'intraday_return', 'high_low_range', 'gap', 'sma_5', 'sma_20', 'sma_60', 'price_to_sma_5', 'price_to_sma_20', 'price_to_sma_60', 'rsi_14', 'roc_10', 'roc_20', 'macd', 'macd_signal', 'macd_hist', 'volatility_5', 'volatility_20', 'atr_14', 'volume_change_1d', 'volume_sma_20', 'volume_ratio_20']",500,5,0.1,1.0,0.8,0.11077893756280982,0.08347763472521509,-0.11986361429779868
25,0.1,"['return_1d', 'return_5d', 'return_10d', 'return_20d', 'intraday_return', 'high_low_range', 'gap', 'sma_5', 'sma_20', 'sma_60', 'price_to_sma_5', 'price_to_sma_20', 'price_to_sma_60', 'rsi_14', 'roc_10', 'roc_20', 'macd', 'macd_signal', 'macd_hist', 'volatility_5', 'volatility_20', 'atr_14', 'volume_change_1d', 'volume_sma_20', 'volume_ratio_20']",500,5,0.1,1.0,1.0,0.11140935657896935,0.08452239312302953,-0.13264568520141817
