method,model,n_features,selected_features,rmse,mae,r2
RFE,XGBoost,5,"['sma_5', 'sma_60', 'macd_hist', 'volatility_20', 'atr_14']",0.1003589790917545,0.0748592634308646,0.0808990556771264
RFE,XGBoost,5,"['sma_5', 'sma_60', 'macd_hist', 'volatility_20', 'atr_14']",0.1005453976854199,0.074699457801763,0.0774813916421701
RFE,XGBoost,5,"['sma_5', 'sma_60', 'macd_hist', 'volatility_20', 'atr_14']",0.1006283516327887,0.0750569259013272,0.0759585346925163
RFE,XGBoost,5,"['sma_5', 'sma_60', 'price_to_sma_60', 'volatility_20', 'atr_14']",0.1008266875023936,0.074978936887942,0.0723124215372796
RFE,XGBoost,5,"['sma_5', 'sma_60', 'macd_hist', 'volatility_20', 'atr_14']",0.100850110100268,0.075127052427985,0.0718813575499934
RFE,XGBoost,5,"['sma_5', 'sma_60', 'macd_hist', 'volatility_20', 'atr_14']",0.1008723317807676,0.0754150725634171,0.0714723024058675
RFE,XGBoost,10,"['sma_5', 'sma_20', 'sma_60', 'price_to_sma_60', 'rsi_14', 'macd', 'macd_hist', 'volatility_20', 'atr_14', 'volume_sma_20']",0.1009155825163269,0.0749303134381425,0.0706758874774884
RFE,XGBoost,5,"['sma_5', 'sma_60', 'price_to_sma_60', 'volatility_20', 'atr_14']",0.1009179239662595,0.0749045461704935,0.0706327624997632
RFE,XGBoost,10,"['sma_5', 'sma_20', 'sma_60', 'price_to_sma_60', 'rsi_14', 'macd', 'macd_hist', 'volatility_20', 'atr_14', 'volume_sma_20']",0.1009433636658006,0.0749542717133279,0.070164147959675
RFE,XGBoost,5,"['sma_5', 'sma_60', 'macd_hist', 'volatility_20', 'atr_14']",0.1009745502637152,0.0755635836177169,0.0695895109485381
RFE,XGBoost,5,"['sma_5', 'sma_60', 'price_to_sma_60', 'volatility_20', 'atr_14']",0.1011078225509615,0.0752091518734194,0.0671318666491191
RFE,XGBoost,5,"['sma_5', 'sma_60', 'macd_hist', 'volatility_20', 'atr_14']",0.1011193621293513,0.0756608688732891,0.0669189153860535
RFE,XGBoost,10,"['sma_5', 'sma_20', 'sma_60', 'price_to_sma_60', 'rsi_14', 'macd', 'macd_hist', 'volatility_20', 'atr_14', 'volume_sma_20']",0.1011691962572477,0.0750334622984802,0.0659989977930549
RFE,XGBoost,5,"['sma_5', 'sma_60', 'price_to_sma_60', 'volatility_20', 'atr_14']",0.1012679521268801,0.0753817153976696,0.0641746658120807
RFE,XGBoost,10,"['sma_5', 'sma_20', 'sma_60', 'price_to_sma_60', 'rsi_14', 'macd', 'macd_hist', 'volatility_20', 'atr_14', 'volume_sma_20']",0.1013478142383062,0.0753627131121625,0.0626980593408047
RFE,XGBoost,20,"['return_5d', 'return_10d', 'return_20d', 'gap', 'sma_5', 'sma_20', 'sma_60', 'price_to_sma_20', 'price_to_sma_60', 'rsi_14', 'roc_10', 'roc_20', 'macd', 'macd_signal', 'macd_hist', 'volatility_5', 'volatility_20', 'atr_14', 'volume_sma_20', 'volume_ratio_20']",0.1017317303521895,0.0756430459356382,0.0555834138569748
RFE,XGBoost,25,"['return_1d', 'return_5d', 'return_10d', 'return_20d', 'intraday_return', 'high_low_range', 'gap', 'sma_5', 'sma_20', 'sma_60', 'price_to_sma_5', 'price_to_sma_20', 'price_to_sma_60', 'rsi_14', 'roc_10', 'roc_20', 'macd', 'macd_signal', 'macd_hist', 'volatility_5', 'volatility_20', 'atr_14', 'volume_change_1d', 'volume_sma_20', 'volume_ratio_20']",0.1018248218082197,0.0758458538399839,0.0538542121640489
RFE,XGBoost,25,"['return_1d', 'return_5d', 'return_10d', 'return_20d', 'intraday_return', 'high_low_range', 'gap', 'sma_5', 'sma_20', 'sma_60', 'price_to_sma_5', 'price_to_sma_20', 'price_to_sma_60', 'rsi_14', 'roc_10', 'roc_20', 'macd', 'macd_signal', 'macd_hist', 'volatility_5', 'volatility_20', 'atr_14', 'volume_change_1d', 'volume_sma_20', 'volume_ratio_20']",0.1018248218082197,0.0758458538399839,0.0538542121640489
RFE,XGBoost,25,"['return_1d', 'return_5d', 'return_10d', 'return_20d', 'intraday_return', 'high_low_range', 'gap', 'sma_5', 'sma_20', 'sma_60', 'price_to_sma_5', 'price_to_sma_20', 'price_to_sma_60', 'rsi_14', 'roc_10', 'roc_20', 'macd', 'macd_signal', 'macd_hist', 'volatility_5', 'volatility_20', 'atr_14', 'volume_change_1d', 'volume_sma_20', 'volume_ratio_20']",0.1018381505875481,0.0757740265945098,0.0536064966546703
RFE,XGBoost,25,"['return_1d', 'return_5d', 'return_10d', 'return_20d', 'intraday_return', 'high_low_range', 'gap', 'sma_5', 'sma_20', 'sma_60', 'price_to_sma_5', 'price_to_sma_20', 'price_to_sma_60', 'rsi_14', 'roc_10', 'roc_20', 'macd', 'macd_signal', 'macd_hist', 'volatility_5', 'volatility_20', 'atr_14', 'volume_change_1d', 'volume_sma_20', 'volume_ratio_20']",0.1018381505875481,0.0757740265945098,0.0536064966546703
RFE,XGBoost,5,"['sma_5', 'sma_60', 'macd_hist', 'volatility_20', 'atr_14']",0.1018445123555291,0.0764474173593327,0.05348825169621
RFE,XGBoost,20,"['return_5d', 'return_10d', 'return_20d', 'gap', 'sma_5', 'sma_20', 'sma_60', 'price_to_sma_20', 'price_to_sma_60', 'rsi_14', 'roc_10', 'roc_20', 'macd', 'macd_signal', 'macd_hist', 'volatility_5', 'volatility_20', 'atr_14', 'volume_sma_20', 'volume_ratio_20']",0.1018546214963996,0.0757458704353391,0.0533003398438954
RFE,XGBoost,5,"['sma_5', 'sma_60', 'price_to_sma_60', 'volatility_20', 'atr_14']",0.1019085211775885,0.076434725271263,0.0522981209880181
RFE,XGBoost,20,"['return_5d', 'return_10d', 'return_20d', 'sma_5', 'sma_20', 'sma_60', 'price_to_sma_5', 'price_to_sma_20', 'price_to_sma_60', 'rsi_14', 'roc_10', 'roc_20', 'macd', 'macd_signal', 'macd_hist', 'volatility_5', 'volatility_20', 'atr_14', 'volume_sma_20', 'volume_ratio_20']",0.1019392756867016,0.0758479840749544,0.051726029396989
RFE,XGBoost,5,"['sma_5', 'sma_60', 'price_to_sma_60', 'volatility_20', 'atr_14']",0.1019701159766576,0.0756321386199071,0.0511521687755174
RFE,XGBoost,5,"['sma_5', 'sma_60', 'macd_hist', 'volatility_20', 'atr_14']",0.1019895880281239,0.0765228382731933,0.0507897532246195
RFE,XGBoost,20,"['return_5d', 'return_10d', 'return_20d', 'sma_5', 'sma_20', 'sma_60', 'price_to_sma_5', 'price_to_sma_20', 'price_to_sma_60', 'rsi_14', 'roc_10', 'roc_20', 'macd', 'macd_signal', 'macd_hist', 'volatility_5', 'volatility_20', 'atr_14', 'volume_sma_20', 'volume_ratio_20']",0.1021390669309209,0.0761007607302202,0.0480053340355121
RFE,XGBoost,5,"['sma_5', 'sma_60', 'price_to_sma_60', 'volatility_20', 'atr_14']",0.1021617739196015,0.0765976310702829,0.0475820026769709
RFE,XGBoost,10,"['sma_5', 'sma_20', 'sma_60', 'price_to_sma_60', 'rsi_14', 'macd', 'macd_hist', 'volatility_20', 'atr_14', 'volume_sma_20']",0.1022039062619733,0.0761744641842659,0.0467962709090465
RFE,Random Forest,5,"['sma_5', 'sma_60', 'roc_20', 'volatility_20', 'atr_14']",0.1022514356752617,,
RFE,Random Forest,5,"['sma_5', 'sma_60', 'roc_20', 'volatility_20', 'atr_14']",0.1022625661575798,,
RFE,Random Forest,5,"['sma_5', 'sma_60', 'roc_20', 'volatility_20', 'atr_14']",0.1022625661575798,,
RFE,XGBoost,10,"['sma_5', 'sma_20', 'sma_60', 'price_to_sma_60', 'rsi_14', 'macd', 'macd_hist', 'volatility_20', 'atr_14', 'volume_sma_20']",0.1022786867202097,0.0763143825213199,0.0454008821871487
RFE,XGBoost,5,"['sma_5', 'sma_60', 'macd_hist', 'volatility_20', 'atr_14']",0.1023661391641277,0.0769303276660488,0.0437677420137775
RFE,XGBoost,5,"['sma_5', 'sma_60', 'macd_hist', 'volatility_20', 'atr_14']",0.1024394103160008,0.0769498173813677,0.0423983572797563
RFE,XGBoost,15,"['return_10d', 'return_20d', 'sma_5', 'sma_20', 'sma_60', 'price_to_sma_20', 'price_to_sma_60', 'rsi_14', 'macd', 'macd_signal', 'macd_hist', 'volatility_20', 'atr_14', 'volume_sma_20', 'volume_ratio_20']",0.1024660867813949,0.076070853572314,0.0418995501668675
RFE,XGBoost,15,"['return_10d', 'return_20d', 'sma_5', 'sma_20', 'sma_60', 'price_to_sma_20', 'price_to_sma_60', 'rsi_14', 'macd', 'macd_signal', 'macd_hist', 'volatility_20', 'atr_14', 'volume_sma_20', 'volume_ratio_20']",0.1024882677539804,0.0759893652710262,0.0414847026663761
RFE,XGBoost,10,"['sma_5', 'sma_60', 'price_to_sma_20', 'price_to_sma_60', 'macd', 'macd_signal', 'macd_hist', 'volatility_20', 'atr_14', 'volume_sma_20']",0.1025159917812191,0.0759746372628955,0.0409660579660948
RFE,XGBoost,20,"['return_5d', 'return_10d', 'return_20d', 'gap', 'sma_5', 'sma_20', 'sma_60', 'price_to_sma_20', 'price_to_sma_60', 'rsi_14', 'roc_10', 'roc_20', 'macd', 'macd_signal', 'macd_hist', 'volatility_5', 'volatility_20', 'atr_14', 'volume_sma_20', 'volume_ratio_20']",0.1025274928252503,0.0762624491911433,0.0407508620710393
RFE,XGBoost,10,"['sma_5', 'sma_20', 'sma_60', 'price_to_sma_60', 'rsi_14', 'macd', 'macd_hist', 'volatility_20', 'atr_14', 'volume_sma_20']",0.1025327972443327,0.0768734796725443,0.040651603015418
RFE,XGBoost,10,"['sma_5', 'sma_60', 'price_to_sma_20', 'price_to_sma_60', 'macd', 'macd_signal', 'macd_hist', 'volatility_20', 'atr_14', 'volume_sma_20']",0.10253786654053,0.0762191850713873,0.0405567389030169
RFE,XGBoost,25,"['return_1d', 'return_5d', 'return_10d', 'return_20d', 'intraday_return', 'high_low_range', 'gap', 'sma_5', 'sma_20', 'sma_60', 'price_to_sma_5', 'price_to_sma_20', 'price_to_sma_60', 'rsi_14', 'roc_10', 'roc_20', 'macd', 'macd_signal', 'macd_hist', 'volatility_5', 'volatility_20', 'atr_14', 'volume_change_1d', 'volume_sma_20', 'volume_ratio_20']",0.1025454811223108,0.076061648343297,0.0404142348566722
RFE,XGBoost,25,"['return_1d', 'return_5d', 'return_10d', 'return_20d', 'intraday_return', 'high_low_range', 'gap', 'sma_5', 'sma_20', 'sma_60', 'price_to_sma_5', 'price_to_sma_20', 'price_to_sma_60', 'rsi_14', 'roc_10', 'roc_20', 'macd', 'macd_signal', 'macd_hist', 'volatility_5', 'volatility_20', 'atr_14', 'volume_change_1d', 'volume_sma_20', 'volume_ratio_20']",0.1025454811223108,0.076061648343297,0.0404142348566722
RFE,XGBoost,5,"['sma_5', 'sma_60', 'price_to_sma_60', 'volatility_20', 'atr_14']",0.1025530895335925,0.075708718371412,0.0402718357196436
RFE,XGBoost,10,"['sma_5', 'sma_20', 'sma_60', 'price_to_sma_60', 'rsi_14', 'macd', 'macd_hist', 'volatility_20', 'atr_14', 'volume_sma_20']",0.102568117977726,0.076655794515247,0.0399905320948118
RFE,XGBoost,10,"['sma_5', 'sma_60', 'price_to_sma_20', 'price_to_sma_60', 'macd', 'macd_signal', 'macd_hist', 'volatility_20', 'atr_14', 'volume_sma_20']",0.1025702164185905,0.0758755165242319,0.0399512500304622
RFE,XGBoost,5,"['sma_5', 'sma_60', 'macd_hist', 'volatility_20', 'atr_14']",0.1025755537638309,0.0766962348248156,0.039851333210076
RFE,XGBoost,5,"['sma_5', 'sma_60', 'price_to_sma_60', 'volatility_20', 'atr_14']",0.1026086187050597,0.0772917041301117,0.0392322309992071
RFE,XGBoost,15,"['return_10d', 'return_20d', 'sma_5', 'sma_20', 'sma_60', 'price_to_sma_20', 'price_to_sma_60', 'rsi_14', 'roc_10', 'macd', 'macd_signal', 'macd_hist', 'volatility_20', 'atr_14', 'volume_sma_20']",0.1026203697830275,0.0761406294197392,0.0390121578008295
RFE,XGBoost,20,"['return_5d', 'return_10d', 'return_20d', 'sma_5', 'sma_20', 'sma_60', 'price_to_sma_5', 'price_to_sma_20', 'price_to_sma_60', 'rsi_14', 'roc_10', 'roc_20', 'macd', 'macd_signal', 'macd_hist', 'volatility_5', 'volatility_20', 'atr_14', 'volume_sma_20', 'volume_ratio_20']",0.1026240704835782,0.0761098717390444,0.0389428461745193
RFE,XGBoost,20,"['return_5d', 'return_10d', 'return_20d', 'gap', 'sma_5', 'sma_20', 'sma_60', 'price_to_sma_20', 'price_to_sma_60', 'rsi_14', 'roc_10', 'roc_20', 'macd', 'macd_signal', 'macd_hist', 'volatility_5', 'volatility_20', 'atr_14', 'volume_sma_20', 'volume_ratio_20']",0.1026240704835782,0.0761098717390444,0.0389428461745193
RFE,XGBoost,25,"['return_1d', 'return_5d', 'return_10d', 'return_20d', 'intraday_return', 'high_low_range', 'gap', 'sma_5', 'sma_20', 'sma_60', 'price_to_sma_5', 'price_to_sma_20', 'price_to_sma_60', 'rsi_14', 'roc_10', 'roc_20', 'macd', 'macd_signal', 'macd_hist', 'volatility_5', 'volatility_20', 'atr_14', 'volume_change_1d', 'volume_sma_20', 'volume_ratio_20']",0.1026432004730158,0.0762013729394603,0.0385845145145978
RFE,XGBoost,25,"['return_1d', 'return_5d', 'return_10d', 'return_20d', 'intraday_return', 'high_low_range', 'gap', 'sma_5', 'sma_20', 'sma_60', 'price_to_sma_5', 'price_to_sma_20', 'price_to_sma_60', 'rsi_14', 'roc_10', 'roc_20', 'macd', 'macd_signal', 'macd_hist', 'volatility_5', 'volatility_20', 'atr_14', 'volume_change_1d', 'volume_sma_20', 'volume_ratio_20']",0.1026432004730158,0.0762013729394603,0.0385845145145978
RFE,XGBoost,5,"['sma_5', 'sma_60', 'macd_hist', 'volatility_20', 'atr_14']",0.1026582801995302,0.0764109277732585,0.0383020029114494
RFE,XGBoost,5,"['sma_5', 'sma_60', 'macd_hist', 'volatility_20', 'atr_14']",0.1026911740692664,0.0777147749580723,0.0376856076888842
RFE,Random Forest,5,"['return_20d', 'sma_5', 'sma_60', 'volatility_20', 'atr_14']",0.1026934393597961,,
RFE,Random Forest,5,"['return_20d', 'sma_5', 'sma_60', 'volatility_20', 'atr_14']",0.1026934393597961,,
RFE,Random Forest,5,"['return_20d', 'sma_5', 'sma_60', 'volatility_20', 'atr_14']",0.1026934393597961,,
RFE,Random Forest,5,"['return_20d', 'sma_5', 'sma_60', 'volatility_20', 'atr_14']",0.1026934393597961,,
RFE,Random Forest,5,"['return_20d', 'sma_5', 'sma_60', 'volatility_20', 'atr_14']",0.1026934393597961,,
RFE,Random Forest,5,"['return_20d', 'sma_5', 'sma_60', 'volatility_20', 'atr_14']",0.1026934393597961,,
RFE,XGBoost,5,"['sma_5', 'sma_60', 'macd_hist', 'volatility_20', 'atr_14']",0.1027237578404615,0.0775494442469593,0.037074828683916
RFE,XGBoost,15,"['return_10d', 'return_20d', 'sma_5', 'sma_20', 'sma_60', 'price_to_sma_20', 'price_to_sma_60', 'rsi_14', 'roc_10', 'macd', 'macd_signal', 'macd_hist', 'volatility_20', 'atr_14', 'volume_sma_20']",0.1027331849078055,0.0762857895990917,0.03689808326189
RFE,XGBoost,15,"['return_10d', 'return_20d', 'sma_5', 'sma_20', 'sma_60', 'price_to_sma_20', 'price_to_sma_60', 'rsi_14', 'macd', 'macd_signal', 'macd_hist', 'volatility_20', 'atr_14', 'volume_sma_20', 'volume_ratio_20']",0.1027618944013517,0.0764785197827861,0.0363597171671883
RFE,XGBoost,15,"['return_10d', 'return_20d', 'sma_5', 'sma_20', 'sma_60', 'price_to_sma_20', 'price_to_sma_60', 'rsi_14', 'roc_10', 'macd', 'macd_signal', 'macd_hist', 'volatility_20', 'atr_14', 'volume_sma_20']",0.1027629495712903,0.0760731387671811,0.0363399275460583
RFE,XGBoost,10,"['sma_5', 'sma_20', 'sma_60', 'price_to_sma_60', 'rsi_14', 'macd', 'macd_hist', 'volatility_20', 'atr_14', 'volume_sma_20']",0.1027676707514874,0.0760465575904226,0.0362513797303344
RFE,Random Forest,5,"['sma_5', 'sma_60', 'price_to_sma_20', 'volatility_20', 'atr_14']",0.1027694871491562,,
RFE,Random Forest,5,"['sma_5', 'sma_60', 'price_to_sma_20', 'volatility_20', 'atr_14']",0.1027694871491562,,
RFE,XGBoost,15,"['return_10d', 'return_20d', 'sma_5', 'sma_20', 'sma_60', 'price_to_sma_20', 'price_to_sma_60', 'rsi_14', 'roc_10', 'macd', 'macd_signal', 'macd_hist', 'volatility_20', 'atr_14', 'volume_sma_20']",0.1027704626527535,0.0761820517414841,0.0361990144772796
RFE,XGBoost,5,"['sma_5', 'sma_60', 'price_to_sma_60', 'volatility_20', 'atr_14']",0.1027720813218034,0.0762470261891279,0.0361686538644906
RFE,XGBoost,5,"['sma_5', 'sma_60', 'macd_hist', 'volatility_20', 'atr_14']",0.1027881921046406,0.0764941661516689,0.0358664454355535
RFE,XGBoost,15,"['return_10d', 'return_20d', 'sma_5', 'sma_20', 'sma_60', 'price_to_sma_20', 'price_to_sma_60', 'rsi_14', 'macd', 'macd_signal', 'macd_hist', 'volatility_20', 'atr_14', 'volume_sma_20', 'volume_ratio_20']",0.102794587089016,0.0761050326791304,0.0357464742464809
RFE,XGBoost,10,"['sma_5', 'sma_60', 'price_to_sma_20', 'price_to_sma_60', 'macd', 'macd_signal', 'macd_hist', 'volatility_20', 'atr_14', 'volume_sma_20']",0.1028681297452413,0.0761687221811284,0.0343662628054486
RFE,XGBoost,5,"['sma_5', 'sma_60', 'macd_hist', 'volatility_20', 'atr_14']",0.1028757998068437,0.0776996142434327,0.0342222581192767
RFE,Random Forest,5,"['return_20d', 'sma_5', 'sma_60', 'volatility_20', 'atr_14']",0.1028778319402684,,
RFE,Random Forest,5,"['return_20d', 'sma_5', 'sma_60', 'volatility_20', 'atr_14']",0.1028778319402684,,
RFE,Random Forest,5,"['return_20d', 'sma_5', 'sma_60', 'volatility_20', 'atr_14']",0.1028778319402684,,
RFE,XGBoost,20,"['return_5d', 'return_10d', 'return_20d', 'sma_5', 'sma_20', 'sma_60', 'price_to_sma_5', 'price_to_sma_20', 'price_to_sma_60', 'rsi_14', 'roc_10', 'roc_20', 'macd', 'macd_signal', 'macd_hist', 'volatility_5', 'volatility_20', 'atr_14', 'volume_sma_20', 'volume_ratio_20']",0.1028836305260268,0.0764552764244332,0.0340752260255289
RFE,XGBoost,10,"['sma_5', 'sma_20', 'sma_60', 'price_to_sma_60', 'rsi_14', 'macd', 'macd_hist', 'volatility_20', 'atr_14', 'volume_sma_20']",0.1028968686437485,0.0761952251501851,0.0338266374315782
RFE,XGBoost,20,"['return_5d', 'return_10d', 'return_20d', 'sma_5', 'sma_20', 'sma_60', 'price_to_sma_5', 'price_to_sma_20', 'price_to_sma_60', 'rsi_14', 'roc_10', 'roc_20', 'macd', 'macd_signal', 'macd_hist', 'volatility_5', 'volatility_20', 'atr_14', 'volume_sma_20', 'volume_ratio_20']",0.1029247636645893,0.0765528269494738,0.033302713241
RFE,XGBoost,10,"['sma_5', 'sma_20', 'sma_60', 'price_to_sma_60', 'rsi_14', 'macd', 'macd_hist', 'volatility_20', 'atr_14', 'volume_sma_20']",0.1029317381581995,0.0774503834752345,0.0331716961320713
RFE,XGBoost,10,"['sma_5', 'sma_60', 'price_to_sma_20', 'price_to_sma_60', 'macd', 'macd_signal', 'macd_hist', 'volatility_20', 'atr_14', 'volume_sma_20']",0.1029440919825133,0.0760166587793719,0.0329396055450513
RFE,XGBoost,5,"['sma_5', 'sma_60', 'macd_hist', 'volatility_20', 'atr_14']",0.1029922040445074,0.0760313910548308,0.0320354615330659
RFE,XGBoost,10,"['sma_5', 'sma_20', 'sma_60', 'price_to_sma_60', 'rsi_14', 'macd', 'macd_hist', 'volatility_20', 'atr_14', 'volume_sma_20']",0.1030351748559162,0.0773241368394558,0.0312275771097548
RFE,XGBoost,5,"['sma_5', 'sma_60', 'price_to_sma_60', 'volatility_20', 'atr_14']",0.10305271641224,0.0774816490934622,0.030897685446544
RFE,XGBoost,20,"['return_5d', 'return_10d', 'return_20d', 'gap', 'sma_5', 'sma_20', 'sma_60', 'price_to_sma_20', 'price_to_sma_60', 'rsi_14', 'roc_10', 'roc_20', 'macd', 'macd_signal', 'macd_hist', 'volatility_5', 'volatility_20', 'atr_14', 'volume_sma_20', 'volume_ratio_20']",0.1030613701522624,0.076385788187017,0.0307349199825184
RFE,Random Forest,5,"['sma_5', 'sma_60', 'price_to_sma_20', 'volatility_20', 'atr_14']",0.1031016859630421,,
RFE,Random Forest,5,"['sma_5', 'sma_60', 'price_to_sma_20', 'volatility_20', 'atr_14']",0.1031016859630421,,
RFE,Random Forest,5,"['sma_5', 'sma_60', 'price_to_sma_20', 'volatility_20', 'atr_14']",0.1031016859630421,,
RFE,Random Forest,5,"['sma_5', 'sma_60', 'price_to_sma_20', 'volatility_20', 'atr_14']",0.1031016859630421,,
RFE,Random Forest,5,"['sma_5', 'sma_60', 'price_to_sma_20', 'volatility_20', 'atr_14']",0.1031016859630421,,
RFE,Random Forest,5,"['sma_5', 'sma_60', 'price_to_sma_20', 'volatility_20', 'atr_14']",0.1031016859630421,,
RFE,XGBoost,25,"['return_1d', 'return_5d', 'return_10d', 'return_20d', 'intraday_return', 'high_low_range', 'gap', 'sma_5', 'sma_20', 'sma_60', 'price_to_sma_5', 'price_to_sma_20', 'price_to_sma_60', 'rsi_14', 'roc_10', 'roc_20', 'macd', 'macd_signal', 'macd_hist', 'volatility_5', 'volatility_20', 'atr_14', 'volume_change_1d', 'volume_sma_20', 'volume_ratio_20']",0.1031478325801548,0.077012453823868,0.0291079250045984
RFE,XGBoost,25,"['return_1d', 'return_5d', 'return_10d', 'return_20d', 'intraday_return', 'high_low_range', 'gap', 'sma_5', 'sma_20', 'sma_60', 'price_to_sma_5', 'price_to_sma_20', 'price_to_sma_60', 'rsi_14', 'roc_10', 'roc_20', 'macd', 'macd_signal', 'macd_hist', 'volatility_5', 'volatility_20', 'atr_14', 'volume_change_1d', 'volume_sma_20', 'volume_ratio_20']",0.1031478325801548,0.077012453823868,0.0291079250045984
RFE,Random Forest,5,"['return_20d', 'sma_5', 'sma_60', 'volatility_20', 'atr_14']",0.1032387693019097,,
RFE,Random Forest,5,"['return_20d', 'sma_5', 'sma_60', 'volatility_20', 'atr_14']",0.1032387693019097,,
RFE,Random Forest,5,"['return_20d', 'sma_5', 'sma_60', 'volatility_20', 'atr_14']",0.1032387693019097,,
RFE,Random Forest,5,"['return_20d', 'sma_5', 'sma_60', 'volatility_20', 'atr_14']",0.1032387693019097,,
RFE,Random Forest,5,"['return_20d', 'sma_5', 'sma_60', 'volatility_20', 'atr_14']",0.1032387693019097,,
RFE,Random Forest,5,"['return_20d', 'sma_5', 'sma_60', 'volatility_20', 'atr_14']",0.1032387693019097,,
RFE,Random Forest,5,"['return_20d', 'sma_5', 'sma_60', 'volatility_20', 'atr_14']",0.1032387693019097,,
RFE,XGBoost,5,"['sma_5', 'sma_60', 'macd_hist', 'volatility_20', 'atr_14']",0.1032584477607417,0.0768013346671166,0.0270244495762959
RFE,XGBoost,25,"['return_1d', 'return_5d', 'return_10d', 'return_20d', 'intraday_return', 'high_low_range', 'gap', 'sma_5', 'sma_20', 'sma_60', 'price_to_sma_5', 'price_to_sma_20', 'price_to_sma_60', 'rsi_14', 'roc_10', 'roc_20', 'macd', 'macd_signal', 'macd_hist', 'volatility_5', 'volatility_20', 'atr_14', 'volume_change_1d', 'volume_sma_20', 'volume_ratio_20']",0.1033592115192367,0.0765083953124639,0.0251245854676731
RFE,XGBoost,25,"['return_1d', 'return_5d', 'return_10d', 'return_20d', 'intraday_return', 'high_low_range', 'gap', 'sma_5', 'sma_20', 'sma_60', 'price_to_sma_5', 'price_to_sma_20', 'price_to_sma_60', 'rsi_14', 'roc_10', 'roc_20', 'macd', 'macd_signal', 'macd_hist', 'volatility_5', 'volatility_20', 'atr_14', 'volume_change_1d', 'volume_sma_20', 'volume_ratio_20']",0.1033592115192367,0.0765083953124639,0.0251245854676731
RFE,XGBoost,5,"['sma_5', 'sma_60', 'price_to_sma_60', 'volatility_20', 'atr_14']",0.1033730889749412,0.0766831407944838,0.0248627858970162
RFE,XGBoost,20,"['return_5d', 'return_10d', 'return_20d', 'gap', 'sma_5', 'sma_20', 'sma_60', 'price_to_sma_20', 'price_to_sma_60', 'rsi_14', 'roc_10', 'roc_20', 'macd', 'macd_signal', 'macd_hist', 'volatility_5', 'volatility_20', 'atr_14', 'volume_sma_20', 'volume_ratio_20']",0.1034049801564102,0.076712683858327,0.024261022417611
RFE,XGBoost,10,"['sma_5', 'sma_20', 'sma_60', 'price_to_sma_60', 'rsi_14', 'macd', 'macd_hist', 'volatility_20', 'atr_14', 'volume_sma_20']",0.1034176625536657,0.0767336054950916,0.0240216631879424
RFE,XGBoost,5,"['sma_5', 'sma_60', 'macd_hist', 'volatility_20', 'atr_14']",0.1034177740620576,0.0770727667120854,0.0240195585216632
RFE,XGBoost,25,"['return_1d', 'return_5d', 'return_10d', 'return_20d', 'intraday_return', 'high_low_range', 'gap', 'sma_5', 'sma_20', 'sma_60', 'price_to_sma_5', 'price_to_sma_20', 'price_to_sma_60', 'rsi_14', 'roc_10', 'roc_20', 'macd', 'macd_signal', 'macd_hist', 'volatility_5', 'volatility_20', 'atr_14', 'volume_change_1d', 'volume_sma_20', 'volume_ratio_20']",0.1034449013724887,0.0769754915286323,0.0235074763955854
RFE,XGBoost,25,"['return_1d', 'return_5d', 'return_10d', 'return_20d', 'intraday_return', 'high_low_range', 'gap', 'sma_5', 'sma_20', 'sma_60', 'price_to_sma_5', 'price_to_sma_20', 'price_to_sma_60', 'rsi_14', 'roc_10', 'roc_20', 'macd', 'macd_signal', 'macd_hist', 'volatility_5', 'volatility_20', 'atr_14', 'volume_change_1d', 'volume_sma_20', 'volume_ratio_20']",0.1034449013724887,0.0769754915286323,0.0235074763955854
RFE,XGBoost,15,"['return_10d', 'return_20d', 'sma_5', 'sma_20', 'sma_60', 'price_to_sma_20', 'price_to_sma_60', 'rsi_14', 'macd', 'macd_signal', 'macd_hist', 'volatility_20', 'atr_14', 'volume_sma_20', 'volume_ratio_20']",0.1034464855572345,0.0767664404848572,0.023477567596119
RFE,XGBoost,15,"['return_10d', 'return_20d', 'sma_5', 'sma_20', 'sma_60', 'price_to_sma_20', 'price_to_sma_60', 'rsi_14', 'roc_10', 'macd', 'macd_signal', 'macd_hist', 'volatility_20', 'atr_14', 'volume_sma_20']",0.10345930956602,0.0767130162962054,0.0232354383753231
RFE,Random Forest,5,"['return_20d', 'sma_5', 'sma_60', 'volatility_20', 'atr_14']",0.1034810326613233,,
RFE,Random Forest,5,"['return_20d', 'sma_5', 'sma_60', 'volatility_20', 'atr_14']",0.1034810326613233,,
RFE,Random Forest,5,"['return_20d', 'sma_5', 'sma_60', 'volatility_20', 'atr_14']",0.1034810326613233,,
RFE,Random Forest,5,"['return_20d', 'sma_5', 'sma_60', 'volatility_20', 'atr_14']",0.1034810326613233,,
RFE,Random Forest,5,"['return_20d', 'sma_5', 'sma_60', 'volatility_20', 'atr_14']",0.1034810326613233,,
RFE,Random Forest,5,"['return_20d', 'sma_5', 'sma_60', 'volatility_20', 'atr_14']",0.1034810326613233,,
RFE,XGBoost,5,"['sma_5', 'sma_60', 'macd_hist', 'volatility_20', 'atr_14']",0.1034937626995552,0.0775417710109185,0.0225847825113764
RFE,XGBoost,10,"['sma_5', 'sma_20', 'sma_60', 'price_to_sma_60', 'rsi_14', 'macd', 'macd_hist', 'volatility_20', 'atr_14', 'volume_sma_20']",0.1034969144034605,0.0773057288611172,0.0225252509959806
RFE,XGBoost,25,"['return_1d', 'return_5d', 'return_10d', 'return_20d', 'intraday_return', 'high_low_range', 'gap', 'sma_5', 'sma_20', 'sma_60', 'price_to_sma_5', 'price_to_sma_20', 'price_to_sma_60', 'rsi_14', 'roc_10', 'roc_20', 'macd', 'macd_signal', 'macd_hist', 'volatility_5', 'volatility_20', 'atr_14', 'volume_change_1d', 'volume_sma_20', 'volume_ratio_20']",0.1035219743092379,0.0769742889695069,0.0220518380287813
RFE,XGBoost,25,"['return_1d', 'return_5d', 'return_10d', 'return_20d', 'intraday_return', 'high_low_range', 'gap', 'sma_5', 'sma_20', 'sma_60', 'price_to_sma_5', 'price_to_sma_20', 'price_to_sma_60', 'rsi_14', 'roc_10', 'roc_20', 'macd', 'macd_signal', 'macd_hist', 'volatility_5', 'volatility_20', 'atr_14', 'volume_change_1d', 'volume_sma_20', 'volume_ratio_20']",0.1035219743092379,0.0769742889695069,0.0220518380287813
RFE,XGBoost,10,"['sma_5', 'sma_20', 'sma_60', 'price_to_sma_60', 'rsi_14', 'macd', 'macd_hist', 'volatility_20', 'atr_14', 'volume_sma_20']",0.1035878396870704,0.0776742110159525,0.020807012148444
RFE,XGBoost,10,"['sma_5', 'sma_60', 'price_to_sma_20', 'price_to_sma_60', 'macd', 'macd_signal', 'macd_hist', 'volatility_20', 'atr_14', 'volume_sma_20']",0.103600278685858,0.0769378300831087,0.020571831808095
RFE,XGBoost,20,"['return_5d', 'return_10d', 'return_20d', 'gap', 'sma_5', 'sma_20', 'sma_60', 'price_to_sma_20', 'price_to_sma_60', 'rsi_14', 'roc_10', 'roc_20', 'macd', 'macd_signal', 'macd_hist', 'volatility_5', 'volatility_20', 'atr_14', 'volume_sma_20', 'volume_ratio_20']",0.1036265855085121,0.0769362428385121,0.0200743637561645
RFE,XGBoost,10,"['sma_5', 'sma_20', 'sma_60', 'price_to_sma_60', 'rsi_14', 'macd', 'macd_hist', 'volatility_20', 'atr_14', 'volume_sma_20']",0.1036453511670588,0.0770242146547419,0.0197194236638876
RFE,XGBoost,10,"['sma_5', 'sma_60', 'price_to_sma_20', 'price_to_sma_60', 'macd', 'macd_signal', 'macd_hist', 'volatility_20', 'atr_14', 'volume_sma_20']",0.1037233696915471,0.0767561366865665,0.01824306551997
RFE,XGBoost,10,"['sma_5', 'sma_20', 'sma_60', 'price_to_sma_60', 'rsi_14', 'macd', 'macd_hist', 'volatility_20', 'atr_14', 'volume_sma_20']",0.1037281427029478,0.0777603325430155,0.0181527089326227
RFE,XGBoost,5,"['sma_5', 'sma_60', 'price_to_sma_60', 'volatility_20', 'atr_14']",0.1037347131125875,0.0782800242335871,0.0180283194843235
RFE,XGBoost,20,"['return_5d', 'return_10d', 'return_20d', 'sma_5', 'sma_20', 'sma_60', 'price_to_sma_5', 'price_to_sma_20', 'price_to_sma_60', 'rsi_14', 'roc_10', 'roc_20', 'macd', 'macd_signal', 'macd_hist', 'volatility_5', 'volatility_20', 'atr_14', 'volume_sma_20', 'volume_ratio_20']",0.1037497496779711,0.0772270438292273,0.0177436211209771
RFE,Random Forest,5,"['return_20d', 'sma_5', 'sma_60', 'volatility_20', 'atr_14']",0.1037657060893519,,
RFE,Random Forest,5,"['return_20d', 'sma_5', 'sma_60', 'volatility_20', 'atr_14']",0.1037657060893519,,
RFE,XGBoost,5,"['sma_5', 'sma_60', 'macd_hist', 'volatility_20', 'atr_14']",0.1037686805813669,0.0779554431818992,0.0173851297094226
RFE,XGBoost,10,"['sma_5', 'sma_60', 'price_to_sma_20', 'price_to_sma_60', 'macd', 'macd_signal', 'macd_hist', 'volatility_20', 'atr_14', 'volume_sma_20']",0.1038157438530226,0.0767266539466922,0.016493616830694
RFE,Random Forest,25,"['return_1d', 'return_5d', 'return_10d', 'return_20d', 'intraday_return', 'high_low_range', 'gap', 'sma_5', 'sma_20', 'sma_60', 'price_to_sma_5', 'price_to_sma_20', 'price_to_sma_60', 'rsi_14', 'roc_10', 'roc_20', 'macd', 'macd_signal', 'macd_hist', 'volatility_5', 'volatility_20', 'atr_14', 'volume_change_1d', 'volume_sma_20', 'volume_ratio_20']",0.1038491792695954,,
RFE,Random Forest,25,"['return_1d', 'return_5d', 'return_10d', 'return_20d', 'intraday_return', 'high_low_range', 'gap', 'sma_5', 'sma_20', 'sma_60', 'price_to_sma_5', 'price_to_sma_20', 'price_to_sma_60', 'rsi_14', 'roc_10', 'roc_20', 'macd', 'macd_signal', 'macd_hist', 'volatility_5', 'volatility_20', 'atr_14', 'volume_change_1d', 'volume_sma_20', 'volume_ratio_20']",0.1038491792695954,,
RFE,Random Forest,25,"['return_1d', 'return_5d', 'return_10d', 'return_20d', 'intraday_return', 'high_low_range', 'gap', 'sma_5', 'sma_20', 'sma_60', 'price_to_sma_5', 'price_to_sma_20', 'price_to_sma_60', 'rsi_14', 'roc_10', 'roc_20', 'macd', 'macd_signal', 'macd_hist', 'volatility_5', 'volatility_20', 'atr_14', 'volume_change_1d', 'volume_sma_20', 'volume_ratio_20']",0.1038491792695954,,
RFE,XGBoost,25,"['return_1d', 'return_5d', 'return_10d', 'return_20d', 'intraday_return', 'high_low_range', 'gap', 'sma_5', 'sma_20', 'sma_60', 'price_to_sma_5', 'price_to_sma_20', 'price_to_sma_60', 'rsi_14', 'roc_10', 'roc_20', 'macd', 'macd_signal', 'macd_hist', 'volatility_5', 'volatility_20', 'atr_14', 'volume_change_1d', 'volume_sma_20', 'volume_ratio_20']",0.1038572423529653,0.0773274980372993,0.0157071812590875
RFE,XGBoost,25,"['return_1d', 'return_5d', 'return_10d', 'return_20d', 'intraday_return', 'high_low_range', 'gap', 'sma_5', 'sma_20', 'sma_60', 'price_to_sma_5', 'price_to_sma_20', 'price_to_sma_60', 'rsi_14', 'roc_10', 'roc_20', 'macd', 'macd_signal', 'macd_hist', 'volatility_5', 'volatility_20', 'atr_14', 'volume_change_1d', 'volume_sma_20', 'volume_ratio_20']",0.1038572423529653,0.0773274980372993,0.0157071812590875
RFE,XGBoost,5,"['sma_5', 'sma_60', 'macd_hist', 'volatility_20', 'atr_14']",0.1038620485521378,0.0773308297723011,0.0156160789597166
RFE,XGBoost,5,"['sma_5', 'sma_60', 'macd_hist', 'volatility_20', 'atr_14']",0.1038938018132556,0.0780462657828134,0.0150140847142633
RFE,XGBoost,15,"['return_10d', 'return_20d', 'sma_5', 'sma_20', 'sma_60', 'price_to_sma_20', 'price_to_sma_60', 'rsi_14', 'roc_10', 'macd', 'macd_signal', 'macd_hist', 'volatility_20', 'atr_14', 'volume_sma_20']",0.103936759644286,0.0767489893400336,0.0141993757421859
RFE,XGBoost,15,"['return_10d', 'return_20d', 'sma_5', 'sma_20', 'sma_60', 'price_to_sma_20', 'price_to_sma_60', 'rsi_14', 'macd', 'macd_signal', 'macd_hist', 'volatility_20', 'atr_14', 'volume_sma_20', 'volume_ratio_20']",0.103961877934053,0.0767447292865489,0.0137228433223631
RFE,XGBoost,20,"['return_5d', 'return_10d', 'return_20d', 'gap', 'sma_5', 'sma_20', 'sma_60', 'price_to_sma_20', 'price_to_sma_60', 'rsi_14', 'roc_10', 'roc_20', 'macd', 'macd_signal', 'macd_hist', 'volatility_5', 'volatility_20', 'atr_14', 'volume_sma_20', 'volume_ratio_20']",0.1039790790706435,0.0774144173553812,0.0133964449941541
RFE,XGBoost,25,"['return_1d', 'return_5d', 'return_10d', 'return_20d', 'intraday_return', 'high_low_range', 'gap', 'sma_5', 'sma_20', 'sma_60', 'price_to_sma_5', 'price_to_sma_20', 'price_to_sma_60', 'rsi_14', 'roc_10', 'roc_20', 'macd', 'macd_signal', 'macd_hist', 'volatility_5', 'volatility_20', 'atr_14', 'volume_change_1d', 'volume_sma_20', 'volume_ratio_20']",0.1039866218842694,0.0778202097997349,0.0132533001091719
RFE,XGBoost,25,"['return_1d', 'return_5d', 'return_10d', 'return_20d', 'intraday_return', 'high_low_range', 'gap', 'sma_5', 'sma_20', 'sma_60', 'price_to_sma_5', 'price_to_sma_20', 'price_to_sma_60', 'rsi_14', 'roc_10', 'roc_20', 'macd', 'macd_signal', 'macd_hist', 'volatility_5', 'volatility_20', 'atr_14', 'volume_change_1d', 'volume_sma_20', 'volume_ratio_20']",0.1039866218842694,0.0778202097997349,0.0132533001091719
RFE,XGBoost,20,"['return_5d', 'return_10d', 'return_20d', 'gap', 'sma_5', 'sma_20', 'sma_60', 'price_to_sma_20', 'price_to_sma_60', 'rsi_14', 'roc_10', 'roc_20', 'macd', 'macd_signal', 'macd_hist', 'volatility_5', 'volatility_20', 'atr_14', 'volume_sma_20', 'volume_ratio_20']",0.1039909563528186,0.0772506084054494,0.0131710373796288
RFE,XGBoost,20,"['return_5d', 'return_10d', 'return_20d', 'sma_5', 'sma_20', 'sma_60', 'price_to_sma_5', 'price_to_sma_20', 'price_to_sma_60', 'rsi_14', 'roc_10', 'roc_20', 'macd', 'macd_signal', 'macd_hist', 'volatility_5', 'volatility_20', 'atr_14', 'volume_sma_20', 'volume_ratio_20']",0.10405050672461,0.0773935471895169,0.0120404994972919
RFE,XGBoost,15,"['return_10d', 'return_20d', 'sma_5', 'sma_20', 'sma_60', 'price_to_sma_20', 'price_to_sma_60', 'rsi_14', 'macd', 'macd_signal', 'macd_hist', 'volatility_20', 'atr_14', 'volume_sma_20', 'volume_ratio_20']",0.1040512395623472,0.0772492863115358,0.012026582860511
RFE,XGBoost,20,"['return_5d', 'return_10d', 'return_20d', 'sma_5', 'sma_20', 'sma_60', 'price_to_sma_5', 'price_to_sma_20', 'price_to_sma_60', 'rsi_14', 'roc_10', 'roc_20', 'macd', 'macd_signal', 'macd_hist', 'volatility_5', 'volatility_20', 'atr_14', 'volume_sma_20', 'volume_ratio_20']",0.1040556667729896,0.0773110869136149,0.011942507754867
RFE,XGBoost,15,"['return_10d', 'return_20d', 'sma_5', 'sma_20', 'sma_60', 'price_to_sma_20', 'price_to_sma_60', 'rsi_14', 'roc_10', 'macd', 'macd_signal', 'macd_hist', 'volatility_20', 'atr_14', 'volume_sma_20']",0.1040733998435327,0.0771932367475885,0.0116057113700976
RFE,XGBoost,5,"['sma_5', 'sma_60', 'macd_hist', 'volatility_20', 'atr_14']",0.1041411351587135,0.0780210593457754,0.0103187161257572
RFE,XGBoost,10,"['sma_5', 'sma_20', 'sma_60', 'price_to_sma_60', 'rsi_14', 'macd', 'macd_hist', 'volatility_20', 'atr_14', 'volume_sma_20']",0.1041476029260268,0.077429797985593,0.0101957824354509
RFE,XGBoost,5,"['sma_5', 'sma_60', 'price_to_sma_60', 'volatility_20', 'atr_14']",0.1041480607499207,0.0788215307094774,0.0101870802281133
RFE,Random Forest,25,"['return_1d', 'return_5d', 'return_10d', 'return_20d', 'intraday_return', 'high_low_range', 'gap', 'sma_5', 'sma_20', 'sma_60', 'price_to_sma_5', 'price_to_sma_20', 'price_to_sma_60', 'rsi_14', 'roc_10', 'roc_20', 'macd', 'macd_signal', 'macd_hist', 'volatility_5', 'volatility_20', 'atr_14', 'volume_change_1d', 'volume_sma_20', 'volume_ratio_20']",0.1041585579463968,,
RFE,Random Forest,25,"['return_1d', 'return_5d', 'return_10d', 'return_20d', 'intraday_return', 'high_low_range', 'gap', 'sma_5', 'sma_20', 'sma_60', 'price_to_sma_5', 'price_to_sma_20', 'price_to_sma_60', 'rsi_14', 'roc_10', 'roc_20', 'macd', 'macd_signal', 'macd_hist', 'volatility_5', 'volatility_20', 'atr_14', 'volume_change_1d', 'volume_sma_20', 'volume_ratio_20']",0.1041585579463969,,
RFE,Random Forest,25,"['return_1d', 'return_5d', 'return_10d', 'return_20d', 'intraday_return', 'high_low_range', 'gap', 'sma_5', 'sma_20', 'sma_60', 'price_to_sma_5', 'price_to_sma_20', 'price_to_sma_60', 'rsi_14', 'roc_10', 'roc_20', 'macd', 'macd_signal', 'macd_hist', 'volatility_5', 'volatility_20', 'atr_14', 'volume_change_1d', 'volume_sma_20', 'volume_ratio_20']",0.1041585579463969,,
RFE,XGBoost,15,"['return_10d', 'return_20d', 'sma_5', 'sma_20', 'sma_60', 'price_to_sma_20', 'price_to_sma_60', 'rsi_14', 'roc_10', 'macd', 'macd_signal', 'macd_hist', 'volatility_20', 'atr_14', 'volume_sma_20']",0.1041734871270176,0.0773337534957399,0.0097037216612525
RFE,XGBoost,20,"['return_5d', 'return_10d', 'return_20d', 'sma_5', 'sma_20', 'sma_60', 'price_to_sma_5', 'price_to_sma_20', 'price_to_sma_60', 'rsi_14', 'roc_10', 'roc_20', 'macd', 'macd_signal', 'macd_hist', 'volatility_5', 'volatility_20', 'atr_14', 'volume_sma_20', 'volume_ratio_20']",0.1041739785962249,0.0774289371871016,0.0096943776085876
RFE,XGBoost,10,"['sma_5', 'sma_20', 'sma_60', 'price_to_sma_60', 'rsi_14', 'macd', 'macd_hist', 'volatility_20', 'atr_14', 'volume_sma_20']",0.1041990161744667,0.0780341700688952,0.009218292611472
RFE,Random Forest,10,"['return_20d', 'sma_5', 'sma_20', 'sma_60', 'price_to_sma_60', 'roc_20', 'macd_hist', 'volatility_20', 'atr_14', 'volume_sma_20']",0.1042139814025068,,
RFE,Random Forest,10,"['return_20d', 'sma_5', 'sma_20', 'sma_60', 'price_to_sma_60', 'roc_20', 'macd_hist', 'volatility_20', 'atr_14', 'volume_sma_20']",0.1042139814025068,,
RFE,Random Forest,10,"['return_20d', 'sma_5', 'sma_20', 'sma_60', 'price_to_sma_60', 'roc_20', 'macd_hist', 'volatility_20', 'atr_14', 'volume_sma_20']",0.1042139814025068,,
RFE,Random Forest,10,"['return_20d', 'sma_5', 'sma_20', 'sma_60', 'price_to_sma_60', 'roc_20', 'macd_hist', 'volatility_20', 'atr_14', 'volume_sma_20']",0.1042139814025068,,
RFE,XGBoost,5,"['sma_5', 'sma_60', 'price_to_sma_60', 'volatility_20', 'atr_14']",0.104251967940113,0.0786864720985245,0.0082110475689255
RFE,XGBoost,5,"['sma_5', 'sma_60', 'price_to_sma_60', 'volatility_20', 'atr_14']",0.1042734007259911,0.0787713915517461,0.0078032090268205
RFE,XGBoost,5,"['sma_5', 'sma_60', 'macd_hist', 'volatility_20', 'atr_14']",0.1042740248308405,0.0776361700666468,0.0077913318524378
RFE,Random Forest,25,"['return_1d', 'return_5d', 'return_10d', 'return_20d', 'intraday_return', 'high_low_range', 'gap', 'sma_5', 'sma_20', 'sma_60', 'price_to_sma_5', 'price_to_sma_20', 'price_to_sma_60', 'rsi_14', 'roc_10', 'roc_20', 'macd', 'macd_signal', 'macd_hist', 'volatility_5', 'volatility_20', 'atr_14', 'volume_change_1d', 'volume_sma_20', 'volume_ratio_20']",0.1043015563714916,,
RFE,Random Forest,25,"['return_1d', 'return_5d', 'return_10d', 'return_20d', 'intraday_return', 'high_low_range', 'gap', 'sma_5', 'sma_20', 'sma_60', 'price_to_sma_5', 'price_to_sma_20', 'price_to_sma_60', 'rsi_14', 'roc_10', 'roc_20', 'macd', 'macd_signal', 'macd_hist', 'volatility_5', 'volatility_20', 'atr_14', 'volume_change_1d', 'volume_sma_20', 'volume_ratio_20']",0.1043015563714916,,
RFE,Random Forest,25,"['return_1d', 'return_5d', 'return_10d', 'return_20d', 'intraday_return', 'high_low_range', 'gap', 'sma_5', 'sma_20', 'sma_60', 'price_to_sma_5', 'price_to_sma_20', 'price_to_sma_60', 'rsi_14', 'roc_10', 'roc_20', 'macd', 'macd_signal', 'macd_hist', 'volatility_5', 'volatility_20', 'atr_14', 'volume_change_1d', 'volume_sma_20', 'volume_ratio_20']",0.1043015563714916,,
RFE,XGBoost,10,"['sma_5', 'sma_20', 'sma_60', 'price_to_sma_60', 'rsi_14', 'macd', 'macd_hist', 'volatility_20', 'atr_14', 'volume_sma_20']",0.1043085357166231,0.0782832315558479,0.0071344536605986
RFE,XGBoost,10,"['sma_5', 'sma_20', 'sma_60', 'price_to_sma_60', 'rsi_14', 'macd', 'macd_hist', 'volatility_20', 'atr_14', 'volume_sma_20']",0.1043192383391425,0.078483964548492,0.0069306964083607
RFE,Random Forest,20,"['return_5d', 'return_10d', 'return_20d', 'gap', 'sma_5', 'sma_20', 'sma_60', 'price_to_sma_20', 'price_to_sma_60', 'rsi_14', 'roc_10', 'roc_20', 'macd', 'macd_signal', 'macd_hist', 'volatility_5', 'volatility_20', 'atr_14', 'volume_sma_20', 'volume_ratio_20']",0.1043321972460506,,
RFE,Random Forest,20,"['return_5d', 'return_10d', 'return_20d', 'gap', 'sma_5', 'sma_20', 'sma_60', 'price_to_sma_20', 'price_to_sma_60', 'rsi_14', 'roc_10', 'roc_20', 'macd', 'macd_signal', 'macd_hist', 'volatility_5', 'volatility_20', 'atr_14', 'volume_sma_20', 'volume_ratio_20']",0.1043321972460506,,
RFE,Random Forest,20,"['return_5d', 'return_10d', 'return_20d', 'gap', 'sma_5', 'sma_20', 'sma_60', 'price_to_sma_20', 'price_to_sma_60', 'rsi_14', 'roc_10', 'roc_20', 'macd', 'macd_signal', 'macd_hist', 'volatility_5', 'volatility_20', 'atr_14', 'volume_sma_20', 'volume_ratio_20']",0.1043321972460506,,
RFE,Random Forest,20,"['return_5d', 'return_10d', 'return_20d', 'gap', 'sma_5', 'sma_20', 'sma_60', 'price_to_sma_20', 'price_to_sma_60', 'rsi_14', 'roc_10', 'roc_20', 'macd', 'macd_signal', 'macd_hist', 'volatility_5', 'volatility_20', 'atr_14', 'volume_sma_20', 'volume_ratio_20']",0.1043321972460506,,
RFE,Random Forest,20,"['return_5d', 'return_10d', 'return_20d', 'gap', 'sma_5', 'sma_20', 'sma_60', 'price_to_sma_20', 'price_to_sma_60', 'rsi_14', 'roc_10', 'roc_20', 'macd', 'macd_signal', 'macd_hist', 'volatility_5', 'volatility_20', 'atr_14', 'volume_sma_20', 'volume_ratio_20']",0.1043321972460506,,
RFE,Random Forest,20,"['return_5d', 'return_10d', 'return_20d', 'gap', 'sma_5', 'sma_20', 'sma_60', 'price_to_sma_20', 'price_to_sma_60', 'rsi_14', 'roc_10', 'roc_20', 'macd', 'macd_signal', 'macd_hist', 'volatility_5', 'volatility_20', 'atr_14', 'volume_sma_20', 'volume_ratio_20']",0.1043321972460506,,
RFE,XGBoost,5,"['sma_5', 'sma_60', 'macd_hist', 'volatility_20', 'atr_14']",0.1043599928044783,0.0775869150292994,0.0061546187688624
RFE,XGBoost,10,"['sma_5', 'sma_20', 'sma_60', 'price_to_sma_60', 'rsi_14', 'macd', 'macd_hist', 'volatility_20', 'atr_14', 'volume_sma_20']",0.1043599960079129,0.0786351272179502,0.0061545577547003
RFE,XGBoost,5,"['sma_5', 'sma_60', 'macd_hist', 'volatility_20', 'atr_14']",0.1043803706914397,0.0782802301907597,0.0057664538103574
RFE,XGBoost,15,"['return_10d', 'return_20d', 'sma_5', 'sma_20', 'sma_60', 'price_to_sma_20', 'price_to_sma_60', 'rsi_14', 'macd', 'macd_signal', 'macd_hist', 'volatility_20', 'atr_14', 'volume_sma_20', 'volume_ratio_20']",0.104384653931022,0.0773518031083556,0.005684855559168
RFE,XGBoost,20,"['return_5d', 'return_10d', 'return_20d', 'gap', 'sma_5', 'sma_20', 'sma_60', 'price_to_sma_20', 'price_to_sma_60', 'rsi_14', 'roc_10', 'roc_20', 'macd', 'macd_signal', 'macd_hist', 'volatility_5', 'volatility_20', 'atr_14', 'volume_sma_20', 'volume_ratio_20']",0.1044141126124439,0.0778250397109528,0.0051235595228849
RFE,Random Forest,25,"['return_1d', 'return_5d', 'return_10d', 'return_20d', 'intraday_return', 'high_low_range', 'gap', 'sma_5', 'sma_20', 'sma_60', 'price_to_sma_5', 'price_to_sma_20', 'price_to_sma_60', 'rsi_14', 'roc_10', 'roc_20', 'macd', 'macd_signal', 'macd_hist', 'volatility_5', 'volatility_20', 'atr_14', 'volume_change_1d', 'volume_sma_20', 'volume_ratio_20']",0.1044316279464336,,
RFE,Random Forest,25,"['return_1d', 'return_5d', 'return_10d', 'return_20d', 'intraday_return', 'high_low_range', 'gap', 'sma_5', 'sma_20', 'sma_60', 'price_to_sma_5', 'price_to_sma_20', 'price_to_sma_60', 'rsi_14', 'roc_10', 'roc_20', 'macd', 'macd_signal', 'macd_hist', 'volatility_5', 'volatility_20', 'atr_14', 'volume_change_1d', 'volume_sma_20', 'volume_ratio_20']",0.1044316279464336,,
RFE,Random Forest,25,"['return_1d', 'return_5d', 'return_10d', 'return_20d', 'intraday_return', 'high_low_range', 'gap', 'sma_5', 'sma_20', 'sma_60', 'price_to_sma_5', 'price_to_sma_20', 'price_to_sma_60', 'rsi_14', 'roc_10', 'roc_20', 'macd', 'macd_signal', 'macd_hist', 'volatility_5', 'volatility_20', 'atr_14', 'volume_change_1d', 'volume_sma_20', 'volume_ratio_20']",0.1044316279464336,,
RFE,XGBoost,5,"['sma_5', 'sma_60', 'macd_hist', 'volatility_20', 'atr_14']",0.1044388643596368,0.0779157260243565,0.0046518254202522
RFE,XGBoost,20,"['return_5d', 'return_10d', 'return_20d', 'gap', 'sma_5', 'sma_20', 'sma_60', 'price_to_sma_20', 'price_to_sma_60', 'rsi_14', 'roc_10', 'roc_20', 'macd', 'macd_signal', 'macd_hist', 'volatility_5', 'volatility_20', 'atr_14', 'volume_sma_20', 'volume_ratio_20']",0.1044537521950686,0.0781158638655648,0.0043680299938845
RFE,XGBoost,10,"['sma_5', 'sma_20', 'sma_60', 'price_to_sma_60', 'rsi_14', 'macd', 'macd_hist', 'volatility_20', 'atr_14', 'volume_sma_20']",0.1044776766905272,0.0790117585232232,0.003911890890095
RFE,Random Forest,25,"['return_1d', 'return_5d', 'return_10d', 'return_20d', 'intraday_return', 'high_low_range', 'gap', 'sma_5', 'sma_20', 'sma_60', 'price_to_sma_5', 'price_to_sma_20', 'price_to_sma_60', 'rsi_14', 'roc_10', 'roc_20', 'macd', 'macd_signal', 'macd_hist', 'volatility_5', 'volatility_20', 'atr_14', 'volume_change_1d', 'volume_sma_20', 'volume_ratio_20']",0.1045148258598129,,
RFE,Random Forest,25,"['return_1d', 'return_5d', 'return_10d', 'return_20d', 'intraday_return', 'high_low_range', 'gap', 'sma_5', 'sma_20', 'sma_60', 'price_to_sma_5', 'price_to_sma_20', 'price_to_sma_60', 'rsi_14', 'roc_10', 'roc_20', 'macd', 'macd_signal', 'macd_hist', 'volatility_5', 'volatility_20', 'atr_14', 'volume_change_1d', 'volume_sma_20', 'volume_ratio_20']",0.1045148258598129,,
RFE,Random Forest,25,"['return_1d', 'return_5d', 'return_10d', 'return_20d', 'intraday_return', 'high_low_range', 'gap', 'sma_5', 'sma_20', 'sma_60', 'price_to_sma_5', 'price_to_sma_20', 'price_to_sma_60', 'rsi_14', 'roc_10', 'roc_20', 'macd', 'macd_signal', 'macd_hist', 'volatility_5', 'volatility_20', 'atr_14', 'volume_change_1d', 'volume_sma_20', 'volume_ratio_20']",0.1045148258598129,,
RFE,Random Forest,20,"['return_5d', 'return_10d', 'return_20d', 'gap', 'sma_5', 'sma_20', 'sma_60', 'price_to_sma_20', 'price_to_sma_60', 'rsi_14', 'roc_10', 'roc_20', 'macd', 'macd_signal', 'macd_hist', 'volatility_5', 'volatility_20', 'atr_14', 'volume_sma_20', 'volume_ratio_20']",0.1045325825629713,,
RFE,Random Forest,20,"['return_5d', 'return_10d', 'return_20d', 'gap', 'sma_5', 'sma_20', 'sma_60', 'price_to_sma_20', 'price_to_sma_60', 'rsi_14', 'roc_10', 'roc_20', 'macd', 'macd_signal', 'macd_hist', 'volatility_5', 'volatility_20', 'atr_14', 'volume_sma_20', 'volume_ratio_20']",0.1045325825629713,,
RFE,Random Forest,20,"['return_5d', 'return_10d', 'return_20d', 'gap', 'sma_5', 'sma_20', 'sma_60', 'price_to_sma_20', 'price_to_sma_60', 'rsi_14', 'roc_10', 'roc_20', 'macd', 'macd_signal', 'macd_hist', 'volatility_5', 'volatility_20', 'atr_14', 'volume_sma_20', 'volume_ratio_20']",0.1045325825629713,,
RFE,Random Forest,20,"['return_5d', 'return_10d', 'return_20d', 'gap', 'sma_5', 'sma_20', 'sma_60', 'price_to_sma_20', 'price_to_sma_60', 'rsi_14', 'roc_10', 'roc_20', 'macd', 'macd_signal', 'macd_hist', 'volatility_5', 'volatility_20', 'atr_14', 'volume_sma_20', 'volume_ratio_20']",0.1045325825629713,,
RFE,Random Forest,20,"['return_5d', 'return_10d', 'return_20d', 'gap', 'sma_5', 'sma_20', 'sma_60', 'price_to_sma_20', 'price_to_sma_60', 'rsi_14', 'roc_10', 'roc_20', 'macd', 'macd_signal', 'macd_hist', 'volatility_5', 'volatility_20', 'atr_14', 'volume_sma_20', 'volume_ratio_20']",0.1045325825629713,,
RFE,Random Forest,20,"['return_5d', 'return_10d', 'return_20d', 'gap', 'sma_5', 'sma_20', 'sma_60', 'price_to_sma_20', 'price_to_sma_60', 'rsi_14', 'roc_10', 'roc_20', 'macd', 'macd_signal', 'macd_hist', 'volatility_5', 'volatility_20', 'atr_14', 'volume_sma_20', 'volume_ratio_20']",0.1045325825629713,,
RFE,XGBoost,5,"['sma_5', 'sma_60', 'price_to_sma_60', 'volatility_20', 'atr_14']",0.1045810121466447,0.0787768525294303,0.001940520061361
RFE,XGBoost,5,"['sma_5', 'sma_60', 'price_to_sma_60', 'volatility_20', 'atr_14']",0.1045940551498586,0.0789238434364479,0.0016915550819732
RFE,XGBoost,10,"['sma_5', 'sma_20', 'sma_60', 'price_to_sma_60', 'rsi_14', 'macd', 'macd_hist', 'volatility_20', 'atr_14', 'volume_sma_20']",0.1045940956094641,0.0781604085262184,0.0016907827403025
RFE,XGBoost,10,"['sma_5', 'sma_60', 'price_to_sma_20', 'price_to_sma_60', 'macd', 'macd_signal', 'macd_hist', 'volatility_20', 'atr_14', 'volume_sma_20']",0.1046184384049294,0.0771363370008536,0.001226043982799
RFE,Random Forest,20,"['return_5d', 'return_10d', 'return_20d', 'gap', 'sma_5', 'sma_20', 'sma_60', 'price_to_sma_5', 'price_to_sma_20', 'price_to_sma_60', 'rsi_14', 'roc_10', 'roc_20', 'macd', 'macd_signal', 'macd_hist', 'volatility_5', 'volatility_20', 'atr_14', 'volume_sma_20']",0.1046200750261984,,
RFE,Random Forest,20,"['return_5d', 'return_10d', 'return_20d', 'gap', 'sma_5', 'sma_20', 'sma_60', 'price_to_sma_5', 'price_to_sma_20', 'price_to_sma_60', 'rsi_14', 'roc_10', 'roc_20', 'macd', 'macd_signal', 'macd_hist', 'volatility_5', 'volatility_20', 'atr_14', 'volume_sma_20']",0.1046200750261984,,
RFE,Random Forest,20,"['return_5d', 'return_10d', 'return_20d', 'gap', 'sma_5', 'sma_20', 'sma_60', 'price_to_sma_5', 'price_to_sma_20', 'price_to_sma_60', 'rsi_14', 'roc_10', 'roc_20', 'macd', 'macd_signal', 'macd_hist', 'volatility_5', 'volatility_20', 'atr_14', 'volume_sma_20']",0.1046200750261984,,
RFE,Random Forest,20,"['return_5d', 'return_10d', 'return_20d', 'gap', 'sma_5', 'sma_20', 'sma_60', 'price_to_sma_5', 'price_to_sma_20', 'price_to_sma_60', 'rsi_14', 'roc_10', 'roc_20', 'macd', 'macd_signal', 'macd_hist', 'volatility_5', 'volatility_20', 'atr_14', 'volume_sma_20']",0.1046200750261984,,
RFE,Random Forest,20,"['return_5d', 'return_10d', 'return_20d', 'gap', 'sma_5', 'sma_20', 'sma_60', 'price_to_sma_5', 'price_to_sma_20', 'price_to_sma_60', 'rsi_14', 'roc_10', 'roc_20', 'macd', 'macd_signal', 'macd_hist', 'volatility_5', 'volatility_20', 'atr_14', 'volume_sma_20']",0.1046200750261984,,
RFE,Random Forest,20,"['return_5d', 'return_10d', 'return_20d', 'gap', 'sma_5', 'sma_20', 'sma_60', 'price_to_sma_5', 'price_to_sma_20', 'price_to_sma_60', 'rsi_14', 'roc_10', 'roc_20', 'macd', 'macd_signal', 'macd_hist', 'volatility_5', 'volatility_20', 'atr_14', 'volume_sma_20']",0.1046200750261984,,
RFE,Random Forest,15,"['return_20d', 'sma_5', 'sma_20', 'sma_60', 'price_to_sma_20', 'price_to_sma_60', 'rsi_14', 'roc_20', 'macd', 'macd_signal', 'macd_hist', 'volatility_5', 'volatility_20', 'atr_14', 'volume_sma_20']",0.1046349091408083,,
RFE,Random Forest,15,"['return_20d', 'sma_5', 'sma_20', 'sma_60', 'price_to_sma_20', 'price_to_sma_60', 'rsi_14', 'roc_20', 'macd', 'macd_signal', 'macd_hist', 'volatility_5', 'volatility_20', 'atr_14', 'volume_sma_20']",0.1046349091408083,,
RFE,XGBoost,5,"['sma_5', 'sma_60', 'macd_hist', 'volatility_20', 'atr_14']",0.1046410853957272,0.0790405463471135,0.0007935834499637
RFE,XGBoost,5,"['sma_5', 'sma_60', 'macd_hist', 'volatility_20', 'atr_14']",0.1046531198483837,0.0789208314456539,0.0005637388580005
RFE,XGBoost,20,"['return_5d', 'return_10d', 'return_20d', 'sma_5', 'sma_20', 'sma_60', 'price_to_sma_5', 'price_to_sma_20', 'price_to_sma_60', 'rsi_14', 'roc_10', 'roc_20', 'macd', 'macd_signal', 'macd_hist', 'volatility_5', 'volatility_20', 'atr_14', 'volume_sma_20', 'volume_ratio_20']",0.1046805470278832,0.0778159205542711,3.9811625571761766e-05
RFE,Random Forest,5,"['sma_5', 'sma_60', 'volatility_20', 'atr_14', 'volume_sma_20']",0.1047077824823787,,
RFE,Random Forest,5,"['sma_5', 'sma_60', 'volatility_20', 'atr_14', 'volume_sma_20']",0.1047077824823787,,
RFE,XGBoost,20,"['return_5d', 'return_10d', 'return_20d', 'sma_5', 'sma_20', 'sma_60', 'price_to_sma_5', 'price_to_sma_20', 'price_to_sma_60', 'rsi_14', 'roc_10', 'roc_20', 'macd', 'macd_signal', 'macd_hist', 'volatility_5', 'volatility_20', 'atr_14', 'volume_sma_20', 'volume_ratio_20']",0.1047164796260626,0.0782099343541383,-0.0006467979790385
RFE,XGBoost,20,"['return_5d', 'return_10d', 'return_20d', 'gap', 'sma_5', 'sma_20', 'sma_60', 'price_to_sma_20', 'price_to_sma_60', 'rsi_14', 'roc_10', 'roc_20', 'macd', 'macd_signal', 'macd_hist', 'volatility_5', 'volatility_20', 'atr_14', 'volume_sma_20', 'volume_ratio_20']",0.1047425659101205,0.0776946254741576,-0.0011454092392846
RFE,Random Forest,25,"['return_1d', 'return_5d', 'return_10d', 'return_20d', 'intraday_return', 'high_low_range', 'gap', 'sma_5', 'sma_20', 'sma_60', 'price_to_sma_5', 'price_to_sma_20', 'price_to_sma_60', 'rsi_14', 'roc_10', 'roc_20', 'macd', 'macd_signal', 'macd_hist', 'volatility_5', 'volatility_20', 'atr_14', 'volume_change_1d', 'volume_sma_20', 'volume_ratio_20']",0.1047429745840097,,
RFE,Random Forest,25,"['return_1d', 'return_5d', 'return_10d', 'return_20d', 'intraday_return', 'high_low_range', 'gap', 'sma_5', 'sma_20', 'sma_60', 'price_to_sma_5', 'price_to_sma_20', 'price_to_sma_60', 'rsi_14', 'roc_10', 'roc_20', 'macd', 'macd_signal', 'macd_hist', 'volatility_5', 'volatility_20', 'atr_14', 'volume_change_1d', 'volume_sma_20', 'volume_ratio_20']",0.1047429745840097,,
RFE,Random Forest,25,"['return_1d', 'return_5d', 'return_10d', 'return_20d', 'intraday_return', 'high_low_range', 'gap', 'sma_5', 'sma_20', 'sma_60', 'price_to_sma_5', 'price_to_sma_20', 'price_to_sma_60', 'rsi_14', 'roc_10', 'roc_20', 'macd', 'macd_signal', 'macd_hist', 'volatility_5', 'volatility_20', 'atr_14', 'volume_change_1d', 'volume_sma_20', 'volume_ratio_20']",0.1047429745840097,,
RFE,Random Forest,25,"['return_1d', 'return_5d', 'return_10d', 'return_20d', 'intraday_return', 'high_low_range', 'gap', 'sma_5', 'sma_20', 'sma_60', 'price_to_sma_5', 'price_to_sma_20', 'price_to_sma_60', 'rsi_14', 'roc_10', 'roc_20', 'macd', 'macd_signal', 'macd_hist', 'volatility_5', 'volatility_20', 'atr_14', 'volume_change_1d', 'volume_sma_20', 'volume_ratio_20']",0.104743247018249,,
RFE,Random Forest,25,"['return_1d', 'return_5d', 'return_10d', 'return_20d', 'intraday_return', 'high_low_range', 'gap', 'sma_5', 'sma_20', 'sma_60', 'price_to_sma_5', 'price_to_sma_20', 'price_to_sma_60', 'rsi_14', 'roc_10', 'roc_20', 'macd', 'macd_signal', 'macd_hist', 'volatility_5', 'volatility_20', 'atr_14', 'volume_change_1d', 'volume_sma_20', 'volume_ratio_20']",0.104743247018249,,
RFE,Random Forest,25,"['return_1d', 'return_5d', 'return_10d', 'return_20d', 'intraday_return', 'high_low_range', 'gap', 'sma_5', 'sma_20', 'sma_60', 'price_to_sma_5', 'price_to_sma_20', 'price_to_sma_60', 'rsi_14', 'roc_10', 'roc_20', 'macd', 'macd_signal', 'macd_hist', 'volatility_5', 'volatility_20', 'atr_14', 'volume_change_1d', 'volume_sma_20', 'volume_ratio_20']",0.104743247018249,,
RFE,XGBoost,5,"['sma_5', 'sma_60', 'macd_hist', 'volatility_20', 'atr_14']",0.1047633755837345,0.0779799508053636,-0.001543252820231
RFE,XGBoost,5,"['sma_5', 'sma_60', 'price_to_sma_60', 'volatility_20', 'atr_14']",0.1047727244098984,0.0776219101151061,-0.0017220113127092
RFE,Random Forest,15,"['return_5d', 'return_20d', 'sma_5', 'sma_20', 'sma_60', 'price_to_sma_20', 'price_to_sma_60', 'rsi_14', 'roc_20', 'macd_signal', 'macd_hist', 'volatility_5', 'volatility_20', 'atr_14', 'volume_sma_20']",0.104775069185277,,
RFE,Random Forest,15,"['return_5d', 'return_20d', 'sma_5', 'sma_20', 'sma_60', 'price_to_sma_20', 'price_to_sma_60', 'rsi_14', 'roc_20', 'macd_signal', 'macd_hist', 'volatility_5', 'volatility_20', 'atr_14', 'volume_sma_20']",0.1047750691852771,,
RFE,Random Forest,15,"['return_5d', 'return_20d', 'sma_5', 'sma_20', 'sma_60', 'price_to_sma_20', 'price_to_sma_60', 'rsi_14', 'roc_20', 'macd_signal', 'macd_hist', 'volatility_5', 'volatility_20', 'atr_14', 'volume_sma_20']",0.1047750691852771,,
RFE,Random Forest,15,"['return_5d', 'return_20d', 'sma_5', 'sma_20', 'sma_60', 'price_to_sma_20', 'price_to_sma_60', 'rsi_14', 'roc_20', 'macd_signal', 'macd_hist', 'volatility_5', 'volatility_20', 'atr_14', 'volume_sma_20']",0.1047750691852771,,
RFE,XGBoost,5,"['sma_5', 'sma_60', 'macd_hist', 'volatility_20', 'atr_14']",0.104795197353476,0.0787539734766201,-0.002151780733224
RFE,XGBoost,5,"['sma_5', 'sma_60', 'price_to_sma_60', 'volatility_20', 'atr_14']",0.1047962204286929,0.0795522548719891,-0.0021713480737328
RFE,XGBoost,10,"['sma_5', 'sma_20', 'sma_60', 'price_to_sma_60', 'rsi_14', 'macd', 'macd_hist', 'volatility_20', 'atr_14', 'volume_sma_20']",0.1048143838810238,0.0780988765168309,-0.0025187741337786
RFE,XGBoost,20,"['return_5d', 'return_10d', 'return_20d', 'sma_5', 'sma_20', 'sma_60', 'price_to_sma_5', 'price_to_sma_20', 'price_to_sma_60', 'rsi_14', 'roc_10', 'roc_20', 'macd', 'macd_signal', 'macd_hist', 'volatility_5', 'volatility_20', 'atr_14', 'volume_sma_20', 'volume_ratio_20']",0.1048204504157501,0.0778224423115115,-0.0026348267352627
RFE,XGBoost,20,"['return_5d', 'return_10d', 'return_20d', 'gap', 'sma_5', 'sma_20', 'sma_60', 'price_to_sma_20', 'price_to_sma_60', 'rsi_14', 'roc_10', 'roc_20', 'macd', 'macd_signal', 'macd_hist', 'volatility_5', 'volatility_20', 'atr_14', 'volume_sma_20', 'volume_ratio_20']",0.1048206417807572,0.0776881642112871,-0.002638487650574
RFE,Random Forest,10,"['return_20d', 'sma_5', 'sma_20', 'sma_60', 'price_to_sma_20', 'roc_20', 'macd_hist', 'volatility_20', 'atr_14', 'volume_sma_20']",0.1048495048913323,,
RFE,Random Forest,10,"['return_20d', 'sma_5', 'sma_20', 'sma_60', 'price_to_sma_20', 'roc_20', 'macd_hist', 'volatility_20', 'atr_14', 'volume_sma_20']",0.1048495048913323,,
RFE,Random Forest,10,"['return_20d', 'sma_5', 'sma_20', 'sma_60', 'price_to_sma_20', 'roc_20', 'macd_hist', 'volatility_20', 'atr_14', 'volume_sma_20']",0.1048495048913323,,
RFE,Random Forest,10,"['return_20d', 'sma_5', 'sma_20', 'sma_60', 'price_to_sma_20', 'roc_20', 'macd_hist', 'volatility_20', 'atr_14', 'volume_sma_20']",0.1048495048913323,,
RFE,XGBoost,10,"['sma_5', 'sma_20', 'sma_60', 'price_to_sma_60', 'rsi_14', 'macd', 'macd_hist', 'volatility_20', 'atr_14', 'volume_sma_20']",0.1048515297824059,0.0784365849239283,-0.0032294793044875
RFE,XGBoost,20,"['return_5d', 'return_10d', 'return_20d', 'gap', 'sma_5', 'sma_20', 'sma_60', 'price_to_sma_20', 'price_to_sma_60', 'rsi_14', 'roc_10', 'roc_20', 'macd', 'macd_signal', 'macd_hist', 'volatility_5', 'volatility_20', 'atr_14', 'volume_sma_20', 'volume_ratio_20']",0.1048643227975367,0.0777840987769534,-0.0034743038272797
RFE,XGBoost,15,"['return_10d', 'return_20d', 'sma_5', 'sma_20', 'sma_60', 'price_to_sma_20', 'price_to_sma_60', 'rsi_14', 'macd', 'macd_signal', 'macd_hist', 'volatility_20', 'atr_14', 'volume_sma_20', 'volume_ratio_20']",0.104894928317208,0.077753134849678,-0.0040601338499244
RFE,XGBoost,5,"['sma_5', 'sma_60', 'macd_hist', 'volatility_20', 'atr_14']",0.1049049356316061,0.0788951793355347,-0.004251724137432
RFE,XGBoost,25,"['return_1d', 'return_5d', 'return_10d', 'return_20d', 'intraday_return', 'high_low_range', 'gap', 'sma_5', 'sma_20', 'sma_60', 'price_to_sma_5', 'price_to_sma_20', 'price_to_sma_60', 'rsi_14', 'roc_10', 'roc_20', 'macd', 'macd_signal', 'macd_hist', 'volatility_5', 'volatility_20', 'atr_14', 'volume_change_1d', 'volume_sma_20', 'volume_ratio_20']",0.1049152911344068,0.0778186004540869,-0.0044499997431493
RFE,XGBoost,25,"['return_1d', 'return_5d', 'return_10d', 'return_20d', 'intraday_return', 'high_low_range', 'gap', 'sma_5', 'sma_20', 'sma_60', 'price_to_sma_5', 'price_to_sma_20', 'price_to_sma_60', 'rsi_14', 'roc_10', 'roc_20', 'macd', 'macd_signal', 'macd_hist', 'volatility_5', 'volatility_20', 'atr_14', 'volume_change_1d', 'volume_sma_20', 'volume_ratio_20']",0.1049152911344068,0.0778186004540869,-0.0044499997431493
RFE,XGBoost,25,"['return_1d', 'return_5d', 'return_10d', 'return_20d', 'intraday_return', 'high_low_range', 'gap', 'sma_5', 'sma_20', 'sma_60', 'price_to_sma_5', 'price_to_sma_20', 'price_to_sma_60', 'rsi_14', 'roc_10', 'roc_20', 'macd', 'macd_signal', 'macd_hist', 'volatility_5', 'volatility_20', 'atr_14', 'volume_change_1d', 'volume_sma_20', 'volume_ratio_20']",0.1049243164505595,0.0782756675453864,-0.0046228223820068
RFE,XGBoost,25,"['return_1d', 'return_5d', 'return_10d', 'return_20d', 'intraday_return', 'high_low_range', 'gap', 'sma_5', 'sma_20', 'sma_60', 'price_to_sma_5', 'price_to_sma_20', 'price_to_sma_60', 'rsi_14', 'roc_10', 'roc_20', 'macd', 'macd_signal', 'macd_hist', 'volatility_5', 'volatility_20', 'atr_14', 'volume_change_1d', 'volume_sma_20', 'volume_ratio_20']",0.1049243164505595,0.0782756675453864,-0.0046228223820068
RFE,Random Forest,25,"['return_1d', 'return_5d', 'return_10d', 'return_20d', 'intraday_return', 'high_low_range', 'gap', 'sma_5', 'sma_20', 'sma_60', 'price_to_sma_5', 'price_to_sma_20', 'price_to_sma_60', 'rsi_14', 'roc_10', 'roc_20', 'macd', 'macd_signal', 'macd_hist', 'volatility_5', 'volatility_20', 'atr_14', 'volume_change_1d', 'volume_sma_20', 'volume_ratio_20']",0.1049261179128023,,
RFE,Random Forest,25,"['return_1d', 'return_5d', 'return_10d', 'return_20d', 'intraday_return', 'high_low_range', 'gap', 'sma_5', 'sma_20', 'sma_60', 'price_to_sma_5', 'price_to_sma_20', 'price_to_sma_60', 'rsi_14', 'roc_10', 'roc_20', 'macd', 'macd_signal', 'macd_hist', 'volatility_5', 'volatility_20', 'atr_14', 'volume_change_1d', 'volume_sma_20', 'volume_ratio_20']",0.1049261179128023,,
RFE,Random Forest,25,"['return_1d', 'return_5d', 'return_10d', 'return_20d', 'intraday_return', 'high_low_range', 'gap', 'sma_5', 'sma_20', 'sma_60', 'price_to_sma_5', 'price_to_sma_20', 'price_to_sma_60', 'rsi_14', 'roc_10', 'roc_20', 'macd', 'macd_signal', 'macd_hist', 'volatility_5', 'volatility_20', 'atr_14', 'volume_change_1d', 'volume_sma_20', 'volume_ratio_20']",0.1049261179128023,,
RFE,XGBoost,15,"['return_10d', 'return_20d', 'sma_5', 'sma_20', 'sma_60', 'price_to_sma_20', 'price_to_sma_60', 'rsi_14', 'roc_10', 'macd', 'macd_signal', 'macd_hist', 'volatility_20', 'atr_14', 'volume_sma_20']",0.1049319598995872,0.0773086206442561,-0.0047691957544322
RFE,XGBoost,20,"['return_5d', 'return_10d', 'return_20d', 'sma_5', 'sma_20', 'sma_60', 'price_to_sma_5', 'price_to_sma_20', 'price_to_sma_60', 'rsi_14', 'roc_10', 'roc_20', 'macd', 'macd_signal', 'macd_hist', 'volatility_5', 'volatility_20', 'atr_14', 'volume_sma_20', 'volume_ratio_20']",0.1049391820591284,0.0776694814822051,-0.0049075111574057
RFE,XGBoost,25,"['return_1d', 'return_5d', 'return_10d', 'return_20d', 'intraday_return', 'high_low_range', 'gap', 'sma_5', 'sma_20', 'sma_60', 'price_to_sma_5', 'price_to_sma_20', 'price_to_sma_60', 'rsi_14', 'roc_10', 'roc_20', 'macd', 'macd_signal', 'macd_hist', 'volatility_5', 'volatility_20', 'atr_14', 'volume_change_1d', 'volume_sma_20', 'volume_ratio_20']",0.1049458280716346,0.0783267272319783,-0.0050348008740064
RFE,XGBoost,25,"['return_1d', 'return_5d', 'return_10d', 'return_20d', 'intraday_return', 'high_low_range', 'gap', 'sma_5', 'sma_20', 'sma_60', 'price_to_sma_5', 'price_to_sma_20', 'price_to_sma_60', 'rsi_14', 'roc_10', 'roc_20', 'macd', 'macd_signal', 'macd_hist', 'volatility_5', 'volatility_20', 'atr_14', 'volume_change_1d', 'volume_sma_20', 'volume_ratio_20']",0.1049458280716346,0.0783267272319783,-0.0050348008740064
RFE,XGBoost,10,"['sma_5', 'sma_20', 'sma_60', 'price_to_sma_60', 'rsi_14', 'macd', 'macd_hist', 'volatility_20', 'atr_14', 'volume_sma_20']",0.1049602011491662,0.0786595647925817,-0.0053101130533179
RFE,Random Forest,25,"['return_1d', 'return_5d', 'return_10d', 'return_20d', 'intraday_return', 'high_low_range', 'gap', 'sma_5', 'sma_20', 'sma_60', 'price_to_sma_5', 'price_to_sma_20', 'price_to_sma_60', 'rsi_14', 'roc_10', 'roc_20', 'macd', 'macd_signal', 'macd_hist', 'volatility_5', 'volatility_20', 'atr_14', 'volume_change_1d', 'volume_sma_20', 'volume_ratio_20']",0.1049651293109503,,
RFE,Random Forest,25,"['return_1d', 'return_5d', 'return_10d', 'return_20d', 'intraday_return', 'high_low_range', 'gap', 'sma_5', 'sma_20', 'sma_60', 'price_to_sma_5', 'price_to_sma_20', 'price_to_sma_60', 'rsi_14', 'roc_10', 'roc_20', 'macd', 'macd_signal', 'macd_hist', 'volatility_5', 'volatility_20', 'atr_14', 'volume_change_1d', 'volume_sma_20', 'volume_ratio_20']",0.1049651293109503,,
RFE,Random Forest,25,"['return_1d', 'return_5d', 'return_10d', 'return_20d', 'intraday_return', 'high_low_range', 'gap', 'sma_5', 'sma_20', 'sma_60', 'price_to_sma_5', 'price_to_sma_20', 'price_to_sma_60', 'rsi_14', 'roc_10', 'roc_20', 'macd', 'macd_signal', 'macd_hist', 'volatility_5', 'volatility_20', 'atr_14', 'volume_change_1d', 'volume_sma_20', 'volume_ratio_20']",0.1049651293109503,,
RFE,XGBoost,15,"['return_10d', 'return_20d', 'sma_5', 'sma_20', 'sma_60', 'price_to_sma_20', 'price_to_sma_60', 'rsi_14', 'roc_10', 'macd', 'macd_signal', 'macd_hist', 'volatility_20', 'atr_14', 'volume_sma_20']",0.1049713411024609,0.0776534915936578,-0.0055235216004105
RFE,XGBoost,5,"['sma_5', 'sma_60', 'price_to_sma_60', 'volatility_20', 'atr_14']",0.1050260868696036,0.07926151718456,-0.0065726176801776
RFE,XGBoost,10,"['sma_5', 'sma_60', 'price_to_sma_20', 'price_to_sma_60', 'macd', 'macd_signal', 'macd_hist', 'volatility_20', 'atr_14', 'volume_sma_20']",0.1050429277978228,0.077716053250309,-0.0068954513075671
RFE,XGBoost,15,"['return_10d', 'return_20d', 'sma_5', 'sma_20', 'sma_60', 'price_to_sma_20', 'price_to_sma_60', 'rsi_14', 'macd', 'macd_signal', 'macd_hist', 'volatility_20', 'atr_14', 'volume_sma_20', 'volume_ratio_20']",0.1050431625332891,0.0777633561078366,-0.0068999514551211
RFE,XGBoost,5,"['sma_5', 'sma_60', 'macd_hist', 'volatility_20', 'atr_14']",0.1050447099368769,0.0793982546968647,-0.0069296172046284
RFE,Random Forest,15,"['return_20d', 'sma_5', 'sma_20', 'sma_60', 'price_to_sma_20', 'price_to_sma_60', 'rsi_14', 'roc_20', 'macd', 'macd_signal', 'macd_hist', 'volatility_5', 'volatility_20', 'atr_14', 'volume_sma_20']",0.1050566360509481,,
RFE,Random Forest,15,"['return_20d', 'sma_5', 'sma_20', 'sma_60', 'price_to_sma_20', 'price_to_sma_60', 'rsi_14', 'roc_20', 'macd', 'macd_signal', 'macd_hist', 'volatility_5', 'volatility_20', 'atr_14', 'volume_sma_20']",0.1050566360509481,,
RFE,Random Forest,15,"['return_20d', 'sma_5', 'sma_20', 'sma_60', 'price_to_sma_20', 'price_to_sma_60', 'rsi_14', 'roc_20', 'macd', 'macd_signal', 'macd_hist', 'volatility_5', 'volatility_20', 'atr_14', 'volume_sma_20']",0.1050566360509481,,
RFE,Random Forest,15,"['return_20d', 'sma_5', 'sma_20', 'sma_60', 'price_to_sma_20', 'price_to_sma_60', 'rsi_14', 'roc_20', 'macd', 'macd_signal', 'macd_hist', 'volatility_5', 'volatility_20', 'atr_14', 'volume_sma_20']",0.1050566360509481,,
RFE,Random Forest,15,"['return_20d', 'sma_5', 'sma_20', 'sma_60', 'price_to_sma_20', 'price_to_sma_60', 'rsi_14', 'roc_20', 'macd', 'macd_signal', 'macd_hist', 'volatility_5', 'volatility_20', 'atr_14', 'volume_sma_20']",0.1050566360509481,,
RFE,Random Forest,15,"['return_20d', 'sma_5', 'sma_20', 'sma_60', 'price_to_sma_20', 'price_to_sma_60', 'rsi_14', 'roc_20', 'macd', 'macd_signal', 'macd_hist', 'volatility_5', 'volatility_20', 'atr_14', 'volume_sma_20']",0.1050566360509481,,
RFE,XGBoost,10,"['sma_5', 'sma_60', 'price_to_sma_20', 'price_to_sma_60', 'macd', 'macd_signal', 'macd_hist', 'volatility_20', 'atr_14', 'volume_sma_20']",0.105057472259229,0.0774364148866711,-0.0071743042719685
RFE,Random Forest,20,"['return_5d', 'return_10d', 'return_20d', 'intraday_return', 'gap', 'sma_5', 'sma_20', 'sma_60', 'price_to_sma_20', 'price_to_sma_60', 'rsi_14', 'roc_10', 'roc_20', 'macd', 'macd_signal', 'macd_hist', 'volatility_5', 'volatility_20', 'atr_14', 'volume_sma_20']",0.1050608745925533,,
RFE,Random Forest,20,"['return_5d', 'return_10d', 'return_20d', 'intraday_return', 'gap', 'sma_5', 'sma_20', 'sma_60', 'price_to_sma_20', 'price_to_sma_60', 'rsi_14', 'roc_10', 'roc_20', 'macd', 'macd_signal', 'macd_hist', 'volatility_5', 'volatility_20', 'atr_14', 'volume_sma_20']",0.1050608745925533,,
RFE,Random Forest,20,"['return_5d', 'return_10d', 'return_20d', 'intraday_return', 'gap', 'sma_5', 'sma_20', 'sma_60', 'price_to_sma_20', 'price_to_sma_60', 'rsi_14', 'roc_10', 'roc_20', 'macd', 'macd_signal', 'macd_hist', 'volatility_5', 'volatility_20', 'atr_14', 'volume_sma_20']",0.1050608745925533,,
RFE,Random Forest,10,"['return_20d', 'sma_5', 'sma_20', 'sma_60', 'price_to_sma_20', 'roc_20', 'macd_signal', 'volatility_20', 'atr_14', 'volume_sma_20']",0.1050614989929821,,
RFE,Random Forest,10,"['return_20d', 'sma_5', 'sma_20', 'sma_60', 'price_to_sma_20', 'roc_20', 'macd_signal', 'volatility_20', 'atr_14', 'volume_sma_20']",0.1050614989929821,,
RFE,XGBoost,25,"['return_1d', 'return_5d', 'return_10d', 'return_20d', 'intraday_return', 'high_low_range', 'gap', 'sma_5', 'sma_20', 'sma_60', 'price_to_sma_5', 'price_to_sma_20', 'price_to_sma_60', 'rsi_14', 'roc_10', 'roc_20', 'macd', 'macd_signal', 'macd_hist', 'volatility_5', 'volatility_20', 'atr_14', 'volume_change_1d', 'volume_sma_20', 'volume_ratio_20']",0.1050678313371002,0.0778294754175697,-0.0073729367197208
RFE,XGBoost,25,"['return_1d', 'return_5d', 'return_10d', 'return_20d', 'intraday_return', 'high_low_range', 'gap', 'sma_5', 'sma_20', 'sma_60', 'price_to_sma_5', 'price_to_sma_20', 'price_to_sma_60', 'rsi_14', 'roc_10', 'roc_20', 'macd', 'macd_signal', 'macd_hist', 'volatility_5', 'volatility_20', 'atr_14', 'volume_change_1d', 'volume_sma_20', 'volume_ratio_20']",0.1050678313371002,0.0778294754175697,-0.0073729367197208
RFE,XGBoost,20,"['return_5d', 'return_10d', 'return_20d', 'sma_5', 'sma_20', 'sma_60', 'price_to_sma_5', 'price_to_sma_20', 'price_to_sma_60', 'rsi_14', 'roc_10', 'roc_20', 'macd', 'macd_signal', 'macd_hist', 'volatility_5', 'volatility_20', 'atr_14', 'volume_sma_20', 'volume_ratio_20']",0.1050690856165594,0.0783270547850622,-0.0073969885100364
RFE,XGBoost,20,"['return_5d', 'return_10d', 'return_20d', 'sma_5', 'sma_20', 'sma_60', 'price_to_sma_5', 'price_to_sma_20', 'price_to_sma_60', 'rsi_14', 'roc_10', 'roc_20', 'macd', 'macd_signal', 'macd_hist', 'volatility_5', 'volatility_20', 'atr_14', 'volume_sma_20', 'volume_ratio_20']",0.1050696462351858,0.0779241070490394,-0.0074077389038245
RFE,Random Forest,15,"['return_20d', 'sma_5', 'sma_20', 'sma_60', 'price_to_sma_20', 'price_to_sma_60', 'rsi_14', 'roc_20', 'macd', 'macd_signal', 'macd_hist', 'volatility_5', 'volatility_20', 'atr_14', 'volume_sma_20']",0.1050775995472268,,
RFE,Random Forest,15,"['return_20d', 'sma_5', 'sma_20', 'sma_60', 'price_to_sma_20', 'price_to_sma_60', 'rsi_14', 'roc_20', 'macd', 'macd_signal', 'macd_hist', 'volatility_5', 'volatility_20', 'atr_14', 'volume_sma_20']",0.1050775995472268,,
RFE,Random Forest,15,"['return_20d', 'sma_5', 'sma_20', 'sma_60', 'price_to_sma_20', 'price_to_sma_60', 'rsi_14', 'roc_20', 'macd', 'macd_signal', 'macd_hist', 'volatility_5', 'volatility_20', 'atr_14', 'volume_sma_20']",0.1050775995472268,,
RFE,Random Forest,15,"['return_20d', 'sma_5', 'sma_20', 'sma_60', 'price_to_sma_20', 'price_to_sma_60', 'rsi_14', 'roc_20', 'macd', 'macd_signal', 'macd_hist', 'volatility_5', 'volatility_20', 'atr_14', 'volume_sma_20']",0.1050775995472268,,
RFE,Random Forest,15,"['return_20d', 'sma_5', 'sma_20', 'sma_60', 'price_to_sma_20', 'price_to_sma_60', 'rsi_14', 'roc_20', 'macd', 'macd_signal', 'macd_hist', 'volatility_5', 'volatility_20', 'atr_14', 'volume_sma_20']",0.1050775995472268,,
RFE,Random Forest,15,"['return_20d', 'sma_5', 'sma_20', 'sma_60', 'price_to_sma_20', 'price_to_sma_60', 'rsi_14', 'roc_20', 'macd', 'macd_signal', 'macd_hist', 'volatility_5', 'volatility_20', 'atr_14', 'volume_sma_20']",0.1050775995472268,,
RFE,Random Forest,25,"['return_1d', 'return_5d', 'return_10d', 'return_20d', 'intraday_return', 'high_low_range', 'gap', 'sma_5', 'sma_20', 'sma_60', 'price_to_sma_5', 'price_to_sma_20', 'price_to_sma_60', 'rsi_14', 'roc_10', 'roc_20', 'macd', 'macd_signal', 'macd_hist', 'volatility_5', 'volatility_20', 'atr_14', 'volume_change_1d', 'volume_sma_20', 'volume_ratio_20']",0.1051062051622505,,
RFE,Random Forest,25,"['return_1d', 'return_5d', 'return_10d', 'return_20d', 'intraday_return', 'high_low_range', 'gap', 'sma_5', 'sma_20', 'sma_60', 'price_to_sma_5', 'price_to_sma_20', 'price_to_sma_60', 'rsi_14', 'roc_10', 'roc_20', 'macd', 'macd_signal', 'macd_hist', 'volatility_5', 'volatility_20', 'atr_14', 'volume_change_1d', 'volume_sma_20', 'volume_ratio_20']",0.1051062051622505,,
RFE,Random Forest,25,"['return_1d', 'return_5d', 'return_10d', 'return_20d', 'intraday_return', 'high_low_range', 'gap', 'sma_5', 'sma_20', 'sma_60', 'price_to_sma_5', 'price_to_sma_20', 'price_to_sma_60', 'rsi_14', 'roc_10', 'roc_20', 'macd', 'macd_signal', 'macd_hist', 'volatility_5', 'volatility_20', 'atr_14', 'volume_change_1d', 'volume_sma_20', 'volume_ratio_20']",0.1051062051622505,,
RFE,Random Forest,25,"['return_1d', 'return_5d', 'return_10d', 'return_20d', 'intraday_return', 'high_low_range', 'gap', 'sma_5', 'sma_20', 'sma_60', 'price_to_sma_5', 'price_to_sma_20', 'price_to_sma_60', 'rsi_14', 'roc_10', 'roc_20', 'macd', 'macd_signal', 'macd_hist', 'volatility_5', 'volatility_20', 'atr_14', 'volume_change_1d', 'volume_sma_20', 'volume_ratio_20']",0.1051096311879457,,
RFE,Random Forest,25,"['return_1d', 'return_5d', 'return_10d', 'return_20d', 'intraday_return', 'high_low_range', 'gap', 'sma_5', 'sma_20', 'sma_60', 'price_to_sma_5', 'price_to_sma_20', 'price_to_sma_60', 'rsi_14', 'roc_10', 'roc_20', 'macd', 'macd_signal', 'macd_hist', 'volatility_5', 'volatility_20', 'atr_14', 'volume_change_1d', 'volume_sma_20', 'volume_ratio_20']",0.1051096311879457,,
RFE,Random Forest,25,"['return_1d', 'return_5d', 'return_10d', 'return_20d', 'intraday_return', 'high_low_range', 'gap', 'sma_5', 'sma_20', 'sma_60', 'price_to_sma_5', 'price_to_sma_20', 'price_to_sma_60', 'rsi_14', 'roc_10', 'roc_20', 'macd', 'macd_signal', 'macd_hist', 'volatility_5', 'volatility_20', 'atr_14', 'volume_change_1d', 'volume_sma_20', 'volume_ratio_20']",0.1051096311879457,,
RFE,XGBoost,10,"['sma_5', 'sma_20', 'sma_60', 'price_to_sma_60', 'rsi_14', 'macd', 'macd_hist', 'volatility_20', 'atr_14', 'volume_sma_20']",0.105138650926168,0.0799572060560879,-0.0087314073379474
RFE,Random Forest,20,"['return_5d', 'return_10d', 'return_20d', 'gap', 'sma_5', 'sma_20', 'sma_60', 'price_to_sma_20', 'price_to_sma_60', 'rsi_14', 'roc_10', 'roc_20', 'macd', 'macd_signal', 'macd_hist', 'volatility_5', 'volatility_20', 'atr_14', 'volume_sma_20', 'volume_ratio_20']",0.1051601264376497,,
RFE,Random Forest,20,"['return_5d', 'return_10d', 'return_20d', 'gap', 'sma_5', 'sma_20', 'sma_60', 'price_to_sma_20', 'price_to_sma_60', 'rsi_14', 'roc_10', 'roc_20', 'macd', 'macd_signal', 'macd_hist', 'volatility_5', 'volatility_20', 'atr_14', 'volume_sma_20', 'volume_ratio_20']",0.1051601264376497,,
RFE,Random Forest,20,"['return_5d', 'return_10d', 'return_20d', 'gap', 'sma_5', 'sma_20', 'sma_60', 'price_to_sma_20', 'price_to_sma_60', 'rsi_14', 'roc_10', 'roc_20', 'macd', 'macd_signal', 'macd_hist', 'volatility_5', 'volatility_20', 'atr_14', 'volume_sma_20', 'volume_ratio_20']",0.1051601264376497,,
RFE,XGBoost,20,"['return_5d', 'return_10d', 'return_20d', 'gap', 'sma_5', 'sma_20', 'sma_60', 'price_to_sma_20', 'price_to_sma_60', 'rsi_14', 'roc_10', 'roc_20', 'macd', 'macd_signal', 'macd_hist', 'volatility_5', 'volatility_20', 'atr_14', 'volume_sma_20', 'volume_ratio_20']",0.1051707657647522,0.0781381764243515,-0.0093477400307615
RFE,XGBoost,25,"['return_1d', 'return_5d', 'return_10d', 'return_20d', 'intraday_return', 'high_low_range', 'gap', 'sma_5', 'sma_20', 'sma_60', 'price_to_sma_5', 'price_to_sma_20', 'price_to_sma_60', 'rsi_14', 'roc_10', 'roc_20', 'macd', 'macd_signal', 'macd_hist', 'volatility_5', 'volatility_20', 'atr_14', 'volume_change_1d', 'volume_sma_20', 'volume_ratio_20']",0.1051736833108794,0.0779813753366122,-0.0094037415139622
RFE,XGBoost,25,"['return_1d', 'return_5d', 'return_10d', 'return_20d', 'intraday_return', 'high_low_range', 'gap', 'sma_5', 'sma_20', 'sma_60', 'price_to_sma_5', 'price_to_sma_20', 'price_to_sma_60', 'rsi_14', 'roc_10', 'roc_20', 'macd', 'macd_signal', 'macd_hist', 'volatility_5', 'volatility_20', 'atr_14', 'volume_change_1d', 'volume_sma_20', 'volume_ratio_20']",0.1051736833108794,0.0779813753366122,-0.0094037415139622
RFE,XGBoost,15,"['return_10d', 'return_20d', 'sma_5', 'sma_20', 'sma_60', 'price_to_sma_20', 'price_to_sma_60', 'rsi_14', 'macd', 'macd_signal', 'macd_hist', 'volatility_20', 'atr_14', 'volume_sma_20', 'volume_ratio_20']",0.1051806270321835,0.0779696581973031,-0.0095370305538935
RFE,Random Forest,5,"['sma_5', 'sma_60', 'volatility_20', 'atr_14', 'volume_sma_20']",0.1051840704348112,,
RFE,Random Forest,5,"['sma_5', 'sma_60', 'volatility_20', 'atr_14', 'volume_sma_20']",0.1051840704348112,,
RFE,Random Forest,5,"['sma_5', 'sma_60', 'volatility_20', 'atr_14', 'volume_sma_20']",0.1051840704348112,,
RFE,Random Forest,5,"['sma_5', 'sma_60', 'volatility_20', 'atr_14', 'volume_sma_20']",0.1051840704348112,,
RFE,XGBoost,5,"['sma_5', 'sma_60', 'macd_hist', 'volatility_20', 'atr_14']",0.1051849119841967,0.0793339142159636,-0.0096192872577787
RFE,Random Forest,25,"['return_1d', 'return_5d', 'return_10d', 'return_20d', 'intraday_return', 'high_low_range', 'gap', 'sma_5', 'sma_20', 'sma_60', 'price_to_sma_5', 'price_to_sma_20', 'price_to_sma_60', 'rsi_14', 'roc_10', 'roc_20', 'macd', 'macd_signal', 'macd_hist', 'volatility_5', 'volatility_20', 'atr_14', 'volume_change_1d', 'volume_sma_20', 'volume_ratio_20']",0.1051922550563722,,
RFE,Random Forest,25,"['return_1d', 'return_5d', 'return_10d', 'return_20d', 'intraday_return', 'high_low_range', 'gap', 'sma_5', 'sma_20', 'sma_60', 'price_to_sma_5', 'price_to_sma_20', 'price_to_sma_60', 'rsi_14', 'roc_10', 'roc_20', 'macd', 'macd_signal', 'macd_hist', 'volatility_5', 'volatility_20', 'atr_14', 'volume_change_1d', 'volume_sma_20', 'volume_ratio_20']",0.1051922550563722,,
RFE,Random Forest,25,"['return_1d', 'return_5d', 'return_10d', 'return_20d', 'intraday_return', 'high_low_range', 'gap', 'sma_5', 'sma_20', 'sma_60', 'price_to_sma_5', 'price_to_sma_20', 'price_to_sma_60', 'rsi_14', 'roc_10', 'roc_20', 'macd', 'macd_signal', 'macd_hist', 'volatility_5', 'volatility_20', 'atr_14', 'volume_change_1d', 'volume_sma_20', 'volume_ratio_20']",0.1051922550563722,,
RFE,XGBoost,15,"['return_10d', 'return_20d', 'sma_5', 'sma_20', 'sma_60', 'price_to_sma_20', 'price_to_sma_60', 'rsi_14', 'roc_10', 'macd', 'macd_signal', 'macd_hist', 'volatility_20', 'atr_14', 'volume_sma_20']",0.1051976771453047,0.0782647231634652,-0.0098643553887984
RFE,Random Forest,25,"['return_1d', 'return_5d', 'return_10d', 'return_20d', 'intraday_return', 'high_low_range', 'gap', 'sma_5', 'sma_20', 'sma_60', 'price_to_sma_5', 'price_to_sma_20', 'price_to_sma_60', 'rsi_14', 'roc_10', 'roc_20', 'macd', 'macd_signal', 'macd_hist', 'volatility_5', 'volatility_20', 'atr_14', 'volume_change_1d', 'volume_sma_20', 'volume_ratio_20']",0.1051978868976107,,
RFE,Random Forest,25,"['return_1d', 'return_5d', 'return_10d', 'return_20d', 'intraday_return', 'high_low_range', 'gap', 'sma_5', 'sma_20', 'sma_60', 'price_to_sma_5', 'price_to_sma_20', 'price_to_sma_60', 'rsi_14', 'roc_10', 'roc_20', 'macd', 'macd_signal', 'macd_hist', 'volatility_5', 'volatility_20', 'atr_14', 'volume_change_1d', 'volume_sma_20', 'volume_ratio_20']",0.1051978868976107,,
RFE,Random Forest,25,"['return_1d', 'return_5d', 'return_10d', 'return_20d', 'intraday_return', 'high_low_range', 'gap', 'sma_5', 'sma_20', 'sma_60', 'price_to_sma_5', 'price_to_sma_20', 'price_to_sma_60', 'rsi_14', 'roc_10', 'roc_20', 'macd', 'macd_signal', 'macd_hist', 'volatility_5', 'volatility_20', 'atr_14', 'volume_change_1d', 'volume_sma_20', 'volume_ratio_20']",0.1051978868976107,,
RFE,XGBoost,5,"['sma_5', 'sma_60', 'macd_hist', 'volatility_20', 'atr_14']",0.1052088616809335,0.0783888619447163,-0.0100791027976796
RFE,Random Forest,10,"['return_20d', 'sma_5', 'sma_20', 'sma_60', 'price_to_sma_20', 'roc_20', 'macd_hist', 'volatility_20', 'atr_14', 'volume_sma_20']",0.1052110679963737,,
RFE,Random Forest,10,"['return_20d', 'sma_5', 'sma_20', 'sma_60', 'price_to_sma_20', 'roc_20', 'macd_hist', 'volatility_20', 'atr_14', 'volume_sma_20']",0.1052110679963737,,
RFE,XGBoost,25,"['return_1d', 'return_5d', 'return_10d', 'return_20d', 'intraday_return', 'high_low_range', 'gap', 'sma_5', 'sma_20', 'sma_60', 'price_to_sma_5', 'price_to_sma_20', 'price_to_sma_60', 'rsi_14', 'roc_10', 'roc_20', 'macd', 'macd_signal', 'macd_hist', 'volatility_5', 'volatility_20', 'atr_14', 'volume_change_1d', 'volume_sma_20', 'volume_ratio_20']",0.1052138613357758,0.0777518566551455,-0.0101751054877383
RFE,XGBoost,25,"['return_1d', 'return_5d', 'return_10d', 'return_20d', 'intraday_return', 'high_low_range', 'gap', 'sma_5', 'sma_20', 'sma_60', 'price_to_sma_5', 'price_to_sma_20', 'price_to_sma_60', 'rsi_14', 'roc_10', 'roc_20', 'macd', 'macd_signal', 'macd_hist', 'volatility_5', 'volatility_20', 'atr_14', 'volume_change_1d', 'volume_sma_20', 'volume_ratio_20']",0.1052138613357758,0.0777518566551455,-0.0101751054877383
RFE,XGBoost,10,"['sma_5', 'sma_60', 'price_to_sma_20', 'price_to_sma_60', 'macd', 'macd_signal', 'macd_hist', 'volatility_20', 'atr_14', 'volume_sma_20']",0.1052234473354101,0.0784547917120447,-0.0103591873035895
RFE,XGBoost,15,"['return_10d', 'return_20d', 'sma_5', 'sma_20', 'sma_60', 'price_to_sma_20', 'price_to_sma_60', 'rsi_14', 'macd', 'macd_signal', 'macd_hist', 'volatility_20', 'atr_14', 'volume_sma_20', 'volume_ratio_20']",0.1052520950096045,0.078243261613243,-0.010909414115076
RFE,XGBoost,5,"['sma_5', 'sma_60', 'price_to_sma_60', 'volatility_20', 'atr_14']",0.1052570226898371,0.0791381487769498,-0.0110040736075365
RFE,Random Forest,25,"['return_1d', 'return_5d', 'return_10d', 'return_20d', 'intraday_return', 'high_low_range', 'gap', 'sma_5', 'sma_20', 'sma_60', 'price_to_sma_5', 'price_to_sma_20', 'price_to_sma_60', 'rsi_14', 'roc_10', 'roc_20', 'macd', 'macd_signal', 'macd_hist', 'volatility_5', 'volatility_20', 'atr_14', 'volume_change_1d', 'volume_sma_20', 'volume_ratio_20']",0.1052613128092724,,
RFE,Random Forest,25,"['return_1d', 'return_5d', 'return_10d', 'return_20d', 'intraday_return', 'high_low_range', 'gap', 'sma_5', 'sma_20', 'sma_60', 'price_to_sma_5', 'price_to_sma_20', 'price_to_sma_60', 'rsi_14', 'roc_10', 'roc_20', 'macd', 'macd_signal', 'macd_hist', 'volatility_5', 'volatility_20', 'atr_14', 'volume_change_1d', 'volume_sma_20', 'volume_ratio_20']",0.1052613128092724,,
RFE,Random Forest,25,"['return_1d', 'return_5d', 'return_10d', 'return_20d', 'intraday_return', 'high_low_range', 'gap', 'sma_5', 'sma_20', 'sma_60', 'price_to_sma_5', 'price_to_sma_20', 'price_to_sma_60', 'rsi_14', 'roc_10', 'roc_20', 'macd', 'macd_signal', 'macd_hist', 'volatility_5', 'volatility_20', 'atr_14', 'volume_change_1d', 'volume_sma_20', 'volume_ratio_20']",0.1052613128092724,,
RFE,XGBoost,15,"['return_10d', 'return_20d', 'sma_5', 'sma_20', 'sma_60', 'price_to_sma_20', 'price_to_sma_60', 'rsi_14', 'macd', 'macd_signal', 'macd_hist', 'volatility_20', 'atr_14', 'volume_sma_20', 'volume_ratio_20']",0.1052743259310562,0.0777256264811827,-0.0113364996026041
RFE,XGBoost,5,"['sma_5', 'sma_60', 'macd_hist', 'volatility_20', 'atr_14']",0.1052748583854636,0.0782975952188642,-0.011346729864039
RFE,Random Forest,15,"['return_5d', 'return_20d', 'sma_5', 'sma_20', 'sma_60', 'price_to_sma_20', 'price_to_sma_60', 'rsi_14', 'roc_20', 'macd_signal', 'macd_hist', 'volatility_5', 'volatility_20', 'atr_14', 'volume_sma_20']",0.1052955655429522,,
RFE,Random Forest,15,"['return_5d', 'return_20d', 'sma_5', 'sma_20', 'sma_60', 'price_to_sma_20', 'price_to_sma_60', 'rsi_14', 'roc_20', 'macd_signal', 'macd_hist', 'volatility_5', 'volatility_20', 'atr_14', 'volume_sma_20']",0.1052955655429522,,
RFE,Random Forest,15,"['return_5d', 'return_20d', 'sma_5', 'sma_20', 'sma_60', 'price_to_sma_20', 'price_to_sma_60', 'rsi_14', 'roc_20', 'macd_signal', 'macd_hist', 'volatility_5', 'volatility_20', 'atr_14', 'volume_sma_20']",0.1052955655429522,,
RFE,XGBoost,15,"['return_10d', 'return_20d', 'sma_5', 'sma_20', 'sma_60', 'price_to_sma_20', 'price_to_sma_60', 'rsi_14', 'macd', 'macd_signal', 'macd_hist', 'volatility_20', 'atr_14', 'volume_sma_20', 'volume_ratio_20']",0.1053087856622566,0.0778051201935854,-0.0119986950136246
RFE,XGBoost,25,"['return_1d', 'return_5d', 'return_10d', 'return_20d', 'intraday_return', 'high_low_range', 'gap', 'sma_5', 'sma_20', 'sma_60', 'price_to_sma_5', 'price_to_sma_20', 'price_to_sma_60', 'rsi_14', 'roc_10', 'roc_20', 'macd', 'macd_signal', 'macd_hist', 'volatility_5', 'volatility_20', 'atr_14', 'volume_change_1d', 'volume_sma_20', 'volume_ratio_20']",0.1053089428265798,0.077996253958932,-0.0120017156582494
RFE,XGBoost,25,"['return_1d', 'return_5d', 'return_10d', 'return_20d', 'intraday_return', 'high_low_range', 'gap', 'sma_5', 'sma_20', 'sma_60', 'price_to_sma_5', 'price_to_sma_20', 'price_to_sma_60', 'rsi_14', 'roc_10', 'roc_20', 'macd', 'macd_signal', 'macd_hist', 'volatility_5', 'volatility_20', 'atr_14', 'volume_change_1d', 'volume_sma_20', 'volume_ratio_20']",0.1053089428265798,0.077996253958932,-0.0120017156582494
RFE,XGBoost,15,"['return_10d', 'return_20d', 'sma_5', 'sma_20', 'sma_60', 'price_to_sma_20', 'price_to_sma_60', 'rsi_14', 'roc_10', 'macd', 'macd_signal', 'macd_hist', 'volatility_20', 'atr_14', 'volume_sma_20']",0.1053113125452321,0.077724846358811,-0.0120472613879789
RFE,Random Forest,10,"['return_20d', 'sma_5', 'sma_20', 'sma_60', 'price_to_sma_20', 'price_to_sma_60', 'macd_signal', 'volatility_20', 'atr_14', 'volume_sma_20']",0.1053194242404194,,
RFE,Random Forest,10,"['return_20d', 'sma_5', 'sma_20', 'sma_60', 'price_to_sma_20', 'price_to_sma_60', 'macd_signal', 'volatility_20', 'atr_14', 'volume_sma_20']",0.1053194242404194,,
RFE,XGBoost,5,"['sma_5', 'sma_60', 'macd_hist', 'volatility_20', 'atr_14']",0.1053578565722736,0.0787432854218778,-0.0129420401788693
RFE,Random Forest,25,"['return_1d', 'return_5d', 'return_10d', 'return_20d', 'intraday_return', 'high_low_range', 'gap', 'sma_5', 'sma_20', 'sma_60', 'price_to_sma_5', 'price_to_sma_20', 'price_to_sma_60', 'rsi_14', 'roc_10', 'roc_20', 'macd', 'macd_signal', 'macd_hist', 'volatility_5', 'volatility_20', 'atr_14', 'volume_change_1d', 'volume_sma_20', 'volume_ratio_20']",0.105364013531879,,
RFE,Random Forest,25,"['return_1d', 'return_5d', 'return_10d', 'return_20d', 'intraday_return', 'high_low_range', 'gap', 'sma_5', 'sma_20', 'sma_60', 'price_to_sma_5', 'price_to_sma_20', 'price_to_sma_60', 'rsi_14', 'roc_10', 'roc_20', 'macd', 'macd_signal', 'macd_hist', 'volatility_5', 'volatility_20', 'atr_14', 'volume_change_1d', 'volume_sma_20', 'volume_ratio_20']",0.105364013531879,,
RFE,Random Forest,25,"['return_1d', 'return_5d', 'return_10d', 'return_20d', 'intraday_return', 'high_low_range', 'gap', 'sma_5', 'sma_20', 'sma_60', 'price_to_sma_5', 'price_to_sma_20', 'price_to_sma_60', 'rsi_14', 'roc_10', 'roc_20', 'macd', 'macd_signal', 'macd_hist', 'volatility_5', 'volatility_20', 'atr_14', 'volume_change_1d', 'volume_sma_20', 'volume_ratio_20']",0.105364013531879,,
RFE,XGBoost,15,"['return_10d', 'return_20d', 'sma_5', 'sma_20', 'sma_60', 'price_to_sma_20', 'price_to_sma_60', 'rsi_14', 'roc_10', 'macd', 'macd_signal', 'macd_hist', 'volatility_20', 'atr_14', 'volume_sma_20']",0.1053806521470546,0.0777997485828827,-0.0133804145869285
RFE,XGBoost,10,"['sma_5', 'sma_60', 'price_to_sma_20', 'price_to_sma_60', 'macd', 'macd_signal', 'macd_hist', 'volatility_20', 'atr_14', 'volume_sma_20']",0.1053974253325205,0.0783169966861338,-0.0137030349167528
RFE,Random Forest,15,"['return_5d', 'return_20d', 'sma_5', 'sma_20', 'sma_60', 'price_to_sma_20', 'price_to_sma_60', 'rsi_14', 'roc_20', 'macd_signal', 'macd_hist', 'volatility_5', 'volatility_20', 'atr_14', 'volume_sma_20']",0.105413609569459,,
RFE,Random Forest,15,"['return_5d', 'return_20d', 'sma_5', 'sma_20', 'sma_60', 'price_to_sma_20', 'price_to_sma_60', 'rsi_14', 'roc_20', 'macd_signal', 'macd_hist', 'volatility_5', 'volatility_20', 'atr_14', 'volume_sma_20']",0.105413609569459,,
RFE,Random Forest,5,"['sma_5', 'sma_60', 'price_to_sma_20', 'volatility_20', 'volume_sma_20']",0.1054438785077238,,
RFE,XGBoost,20,"['return_5d', 'return_10d', 'return_20d', 'sma_5', 'sma_20', 'sma_60', 'price_to_sma_5', 'price_to_sma_20', 'price_to_sma_60', 'rsi_14', 'roc_10', 'roc_20', 'macd', 'macd_signal', 'macd_hist', 'volatility_5', 'volatility_20', 'atr_14', 'volume_sma_20', 'volume_ratio_20']",0.1054512302469697,0.0789523468064152,-0.0147382808285836
RFE,XGBoost,10,"['sma_5', 'sma_60', 'price_to_sma_20', 'price_to_sma_60', 'macd', 'macd_signal', 'macd_hist', 'volatility_20', 'atr_14', 'volume_sma_20']",0.1054631274077851,0.0784466022448653,-0.0149672622354959
RFE,Random Forest,20,"['return_5d', 'return_10d', 'return_20d', 'gap', 'sma_5', 'sma_20', 'sma_60', 'price_to_sma_5', 'price_to_sma_20', 'price_to_sma_60', 'rsi_14', 'roc_20', 'macd', 'macd_signal', 'macd_hist', 'volatility_5', 'volatility_20', 'atr_14', 'volume_sma_20', 'volume_ratio_20']",0.1054833950172688,,
RFE,Random Forest,20,"['return_5d', 'return_10d', 'return_20d', 'gap', 'sma_5', 'sma_20', 'sma_60', 'price_to_sma_5', 'price_to_sma_20', 'price_to_sma_60', 'rsi_14', 'roc_20', 'macd', 'macd_signal', 'macd_hist', 'volatility_5', 'volatility_20', 'atr_14', 'volume_sma_20', 'volume_ratio_20']",0.1054833950172688,,
RFE,XGBoost,20,"['return_5d', 'return_10d', 'return_20d', 'gap', 'sma_5', 'sma_20', 'sma_60', 'price_to_sma_20', 'price_to_sma_60', 'rsi_14', 'roc_10', 'roc_20', 'macd', 'macd_signal', 'macd_hist', 'volatility_5', 'volatility_20', 'atr_14', 'volume_sma_20', 'volume_ratio_20']",0.1054846363604241,0.0789011425291754,-0.0153813047447295
RFE,XGBoost,5,"['sma_5', 'sma_60', 'price_to_sma_60', 'volatility_20', 'atr_14']",0.105509788314775,0.0779014996754537,-0.0158655813156018
RFE,XGBoost,10,"['sma_5', 'sma_20', 'sma_60', 'price_to_sma_60', 'rsi_14', 'macd', 'macd_hist', 'volatility_20', 'atr_14', 'volume_sma_20']",0.1055201443416087,0.0784675769261772,-0.0160650101588377
RFE,XGBoost,25,"['return_1d', 'return_5d', 'return_10d', 'return_20d', 'intraday_return', 'high_low_range', 'gap', 'sma_5', 'sma_20', 'sma_60', 'price_to_sma_5', 'price_to_sma_20', 'price_to_sma_60', 'rsi_14', 'roc_10', 'roc_20', 'macd', 'macd_signal', 'macd_hist', 'volatility_5', 'volatility_20', 'atr_14', 'volume_change_1d', 'volume_sma_20', 'volume_ratio_20']",0.1055338147389146,0.0787655659333941,-0.0163282947137817
RFE,XGBoost,25,"['return_1d', 'return_5d', 'return_10d', 'return_20d', 'intraday_return', 'high_low_range', 'gap', 'sma_5', 'sma_20', 'sma_60', 'price_to_sma_5', 'price_to_sma_20', 'price_to_sma_60', 'rsi_14', 'roc_10', 'roc_20', 'macd', 'macd_signal', 'macd_hist', 'volatility_5', 'volatility_20', 'atr_14', 'volume_change_1d', 'volume_sma_20', 'volume_ratio_20']",0.1055338147389146,0.0787655659333941,-0.0163282947137817
RFE,Random Forest,5,"['sma_5', 'sma_60', 'volatility_20', 'atr_14', 'volume_sma_20']",0.1055355466338239,,
RFE,Random Forest,5,"['sma_5', 'sma_60', 'volatility_20', 'atr_14', 'volume_sma_20']",0.1055355466338239,,
RFE,Random Forest,5,"['sma_5', 'sma_60', 'volatility_20', 'atr_14', 'volume_sma_20']",0.1055355466338239,,
RFE,XGBoost,25,"['return_1d', 'return_5d', 'return_10d', 'return_20d', 'intraday_return', 'high_low_range', 'gap', 'sma_5', 'sma_20', 'sma_60', 'price_to_sma_5', 'price_to_sma_20', 'price_to_sma_60', 'rsi_14', 'roc_10', 'roc_20', 'macd', 'macd_signal', 'macd_hist', 'volatility_5', 'volatility_20', 'atr_14', 'volume_change_1d', 'volume_sma_20', 'volume_ratio_20']",0.1055669813175186,0.0785830548973455,-0.0169672070692081
RFE,XGBoost,25,"['return_1d', 'return_5d', 'return_10d', 'return_20d', 'intraday_return', 'high_low_range', 'gap', 'sma_5', 'sma_20', 'sma_60', 'price_to_sma_5', 'price_to_sma_20', 'price_to_sma_60', 'rsi_14', 'roc_10', 'roc_20', 'macd', 'macd_signal', 'macd_hist', 'volatility_5', 'volatility_20', 'atr_14', 'volume_change_1d', 'volume_sma_20', 'volume_ratio_20']",0.1055669813175186,0.0785830548973455,-0.0169672070692081
RFE,Random Forest,10,"['return_20d', 'sma_5', 'sma_20', 'sma_60', 'price_to_sma_20', 'roc_20', 'macd_signal', 'volatility_20', 'atr_14', 'volume_sma_20']",0.1055717776763568,,
RFE,Random Forest,10,"['return_20d', 'sma_5', 'sma_20', 'sma_60', 'price_to_sma_20', 'roc_20', 'macd_signal', 'volatility_20', 'atr_14', 'volume_sma_20']",0.1055717776763568,,
RFE,Random Forest,10,"['return_20d', 'sma_5', 'sma_20', 'sma_60', 'price_to_sma_20', 'roc_20', 'macd_signal', 'volatility_20', 'atr_14', 'volume_sma_20']",0.1055717776763568,,
RFE,Random Forest,10,"['return_20d', 'sma_5', 'sma_20', 'sma_60', 'price_to_sma_20', 'roc_20', 'macd_signal', 'volatility_20', 'atr_14', 'volume_sma_20']",0.1055717776763568,,
RFE,Random Forest,10,"['return_20d', 'sma_5', 'sma_20', 'sma_60', 'price_to_sma_20', 'roc_20', 'macd_signal', 'volatility_20', 'atr_14', 'volume_sma_20']",0.1055717776763568,,
RFE,Random Forest,10,"['return_20d', 'sma_5', 'sma_20', 'sma_60', 'price_to_sma_20', 'roc_20', 'macd_signal', 'volatility_20', 'atr_14', 'volume_sma_20']",0.1055717776763568,,
RFE,XGBoost,15,"['return_10d', 'return_20d', 'sma_5', 'sma_20', 'sma_60', 'price_to_sma_20', 'price_to_sma_60', 'rsi_14', 'roc_10', 'macd', 'macd_signal', 'macd_hist', 'volatility_20', 'atr_14', 'volume_sma_20']",0.1055729293605691,0.0780867164505224,-0.0170818098562517
RFE,XGBoost,15,"['return_10d', 'return_20d', 'sma_5', 'sma_20', 'sma_60', 'price_to_sma_20', 'price_to_sma_60', 'rsi_14', 'macd', 'macd_signal', 'macd_hist', 'volatility_20', 'atr_14', 'volume_sma_20', 'volume_ratio_20']",0.1055759785558663,0.0777749908582177,-0.0171405621495992
RFE,Random Forest,20,"['return_5d', 'return_10d', 'return_20d', 'gap', 'sma_5', 'sma_20', 'sma_60', 'price_to_sma_20', 'price_to_sma_60', 'rsi_14', 'roc_10', 'roc_20', 'macd', 'macd_signal', 'macd_hist', 'volatility_5', 'volatility_20', 'atr_14', 'volume_sma_20', 'volume_ratio_20']",0.1056066916465881,,
RFE,XGBoost,10,"['sma_5', 'sma_20', 'sma_60', 'price_to_sma_60', 'rsi_14', 'macd', 'macd_hist', 'volatility_20', 'atr_14', 'volume_sma_20']",0.1056111760484116,0.0805235983400469,-0.0178188748789835
RFE,Random Forest,25,"['return_1d', 'return_5d', 'return_10d', 'return_20d', 'intraday_return', 'high_low_range', 'gap', 'sma_5', 'sma_20', 'sma_60', 'price_to_sma_5', 'price_to_sma_20', 'price_to_sma_60', 'rsi_14', 'roc_10', 'roc_20', 'macd', 'macd_signal', 'macd_hist', 'volatility_5', 'volatility_20', 'atr_14', 'volume_change_1d', 'volume_sma_20', 'volume_ratio_20']",0.1056116859120463,,
RFE,Random Forest,25,"['return_1d', 'return_5d', 'return_10d', 'return_20d', 'intraday_return', 'high_low_range', 'gap', 'sma_5', 'sma_20', 'sma_60', 'price_to_sma_5', 'price_to_sma_20', 'price_to_sma_60', 'rsi_14', 'roc_10', 'roc_20', 'macd', 'macd_signal', 'macd_hist', 'volatility_5', 'volatility_20', 'atr_14', 'volume_change_1d', 'volume_sma_20', 'volume_ratio_20']",0.1056116859120463,,
RFE,Random Forest,25,"['return_1d', 'return_5d', 'return_10d', 'return_20d', 'intraday_return', 'high_low_range', 'gap', 'sma_5', 'sma_20', 'sma_60', 'price_to_sma_5', 'price_to_sma_20', 'price_to_sma_60', 'rsi_14', 'roc_10', 'roc_20', 'macd', 'macd_signal', 'macd_hist', 'volatility_5', 'volatility_20', 'atr_14', 'volume_change_1d', 'volume_sma_20', 'volume_ratio_20']",0.1056116859120463,,
RFE,XGBoost,25,"['return_1d', 'return_5d', 'return_10d', 'return_20d', 'intraday_return', 'high_low_range', 'gap', 'sma_5', 'sma_20', 'sma_60', 'price_to_sma_5', 'price_to_sma_20', 'price_to_sma_60', 'rsi_14', 'roc_10', 'roc_20', 'macd', 'macd_signal', 'macd_hist', 'volatility_5', 'volatility_20', 'atr_14', 'volume_change_1d', 'volume_sma_20', 'volume_ratio_20']",0.1056311871732226,0.079169290692444,-0.0182046225040075
RFE,XGBoost,25,"['return_1d', 'return_5d', 'return_10d', 'return_20d', 'intraday_return', 'high_low_range', 'gap', 'sma_5', 'sma_20', 'sma_60', 'price_to_sma_5', 'price_to_sma_20', 'price_to_sma_60', 'rsi_14', 'roc_10', 'roc_20', 'macd', 'macd_signal', 'macd_hist', 'volatility_5', 'volatility_20', 'atr_14', 'volume_change_1d', 'volume_sma_20', 'volume_ratio_20']",0.1056311871732226,0.079169290692444,-0.0182046225040075
RFE,XGBoost,10,"['sma_5', 'sma_20', 'sma_60', 'price_to_sma_60', 'rsi_14', 'macd', 'macd_hist', 'volatility_20', 'atr_14', 'volume_sma_20']",0.1056492541627607,0.0781719496498355,-0.0185529564753801
RFE,XGBoost,15,"['return_10d', 'return_20d', 'sma_5', 'sma_20', 'sma_60', 'price_to_sma_20', 'price_to_sma_60', 'rsi_14', 'macd', 'macd_signal', 'macd_hist', 'volatility_20', 'atr_14', 'volume_sma_20', 'volume_ratio_20']",0.1056575105924375,0.0783774849823251,-0.0187121613751592
RFE,Random Forest,20,"['return_5d', 'return_10d', 'return_20d', 'gap', 'sma_5', 'sma_20', 'sma_60', 'price_to_sma_5', 'price_to_sma_20', 'price_to_sma_60', 'rsi_14', 'roc_10', 'roc_20', 'macd', 'macd_signal', 'macd_hist', 'volatility_5', 'volatility_20', 'atr_14', 'volume_sma_20']",0.1056631839651443,,
RFE,Random Forest,20,"['return_5d', 'return_10d', 'return_20d', 'gap', 'sma_5', 'sma_20', 'sma_60', 'price_to_sma_5', 'price_to_sma_20', 'price_to_sma_60', 'rsi_14', 'roc_10', 'roc_20', 'macd', 'macd_signal', 'macd_hist', 'volatility_5', 'volatility_20', 'atr_14', 'volume_sma_20']",0.1056631839651443,,
RFE,Random Forest,20,"['return_5d', 'return_10d', 'return_20d', 'gap', 'sma_5', 'sma_20', 'sma_60', 'price_to_sma_5', 'price_to_sma_20', 'price_to_sma_60', 'rsi_14', 'roc_10', 'roc_20', 'macd', 'macd_signal', 'macd_hist', 'volatility_5', 'volatility_20', 'atr_14', 'volume_sma_20']",0.1056631839651443,,
RFE,Random Forest,5,"['sma_5', 'sma_60', 'price_to_sma_20', 'volatility_20', 'volume_sma_20']",0.1056642189830804,,
RFE,Random Forest,5,"['sma_5', 'sma_60', 'price_to_sma_20', 'volatility_20', 'volume_sma_20']",0.1056642189830804,,
RFE,Random Forest,5,"['sma_5', 'sma_60', 'price_to_sma_20', 'volatility_20', 'volume_sma_20']",0.1056642189830804,,
RFE,XGBoost,25,"['return_1d', 'return_5d', 'return_10d', 'return_20d', 'intraday_return', 'high_low_range', 'gap', 'sma_5', 'sma_20', 'sma_60', 'price_to_sma_5', 'price_to_sma_20', 'price_to_sma_60', 'rsi_14', 'roc_10', 'roc_20', 'macd', 'macd_signal', 'macd_hist', 'volatility_5', 'volatility_20', 'atr_14', 'volume_change_1d', 'volume_sma_20', 'volume_ratio_20']",0.1056835405268121,0.0793767017745733,-0.019214165954726
RFE,XGBoost,25,"['return_1d', 'return_5d', 'return_10d', 'return_20d', 'intraday_return', 'high_low_range', 'gap', 'sma_5', 'sma_20', 'sma_60', 'price_to_sma_5', 'price_to_sma_20', 'price_to_sma_60', 'rsi_14', 'roc_10', 'roc_20', 'macd', 'macd_signal', 'macd_hist', 'volatility_5', 'volatility_20', 'atr_14', 'volume_change_1d', 'volume_sma_20', 'volume_ratio_20']",0.1056835405268121,0.0793767017745733,-0.019214165954726
RFE,Random Forest,25,"['return_1d', 'return_5d', 'return_10d', 'return_20d', 'intraday_return', 'high_low_range', 'gap', 'sma_5', 'sma_20', 'sma_60', 'price_to_sma_5', 'price_to_sma_20', 'price_to_sma_60', 'rsi_14', 'roc_10', 'roc_20', 'macd', 'macd_signal', 'macd_hist', 'volatility_5', 'volatility_20', 'atr_14', 'volume_change_1d', 'volume_sma_20', 'volume_ratio_20']",0.1056906089478863,,
RFE,Random Forest,25,"['return_1d', 'return_5d', 'return_10d', 'return_20d', 'intraday_return', 'high_low_range', 'gap', 'sma_5', 'sma_20', 'sma_60', 'price_to_sma_5', 'price_to_sma_20', 'price_to_sma_60', 'rsi_14', 'roc_10', 'roc_20', 'macd', 'macd_signal', 'macd_hist', 'volatility_5', 'volatility_20', 'atr_14', 'volume_change_1d', 'volume_sma_20', 'volume_ratio_20']",0.1056906089478863,,
RFE,Random Forest,25,"['return_1d', 'return_5d', 'return_10d', 'return_20d', 'intraday_return', 'high_low_range', 'gap', 'sma_5', 'sma_20', 'sma_60', 'price_to_sma_5', 'price_to_sma_20', 'price_to_sma_60', 'rsi_14', 'roc_10', 'roc_20', 'macd', 'macd_signal', 'macd_hist', 'volatility_5', 'volatility_20', 'atr_14', 'volume_change_1d', 'volume_sma_20', 'volume_ratio_20']",0.1056906089478863,,
RFE,XGBoost,15,"['return_10d', 'return_20d', 'sma_5', 'sma_20', 'sma_60', 'price_to_sma_20', 'price_to_sma_60', 'rsi_14', 'roc_10', 'macd', 'macd_signal', 'macd_hist', 'volatility_20', 'atr_14', 'volume_sma_20']",0.105698817203486,0.0790648187655116,-0.019508844398361
RFE,XGBoost,25,"['return_1d', 'return_5d', 'return_10d', 'return_20d', 'intraday_return', 'high_low_range', 'gap', 'sma_5', 'sma_20', 'sma_60', 'price_to_sma_5', 'price_to_sma_20', 'price_to_sma_60', 'rsi_14', 'roc_10', 'roc_20', 'macd', 'macd_signal', 'macd_hist', 'volatility_5', 'volatility_20', 'atr_14', 'volume_change_1d', 'volume_sma_20', 'volume_ratio_20']",0.1057078919778756,0.0782453112306317,-0.0196839118239626
RFE,XGBoost,25,"['return_1d', 'return_5d', 'return_10d', 'return_20d', 'intraday_return', 'high_low_range', 'gap', 'sma_5', 'sma_20', 'sma_60', 'price_to_sma_5', 'price_to_sma_20', 'price_to_sma_60', 'rsi_14', 'roc_10', 'roc_20', 'macd', 'macd_signal', 'macd_hist', 'volatility_5', 'volatility_20', 'atr_14', 'volume_change_1d', 'volume_sma_20', 'volume_ratio_20']",0.1057078919778756,0.0782453112306317,-0.0196839118239626
RFE,XGBoost,20,"['return_5d', 'return_10d', 'return_20d', 'sma_5', 'sma_20', 'sma_60', 'price_to_sma_5', 'price_to_sma_20', 'price_to_sma_60', 'rsi_14', 'roc_10', 'roc_20', 'macd', 'macd_signal', 'macd_hist', 'volatility_5', 'volatility_20', 'atr_14', 'volume_sma_20', 'volume_ratio_20']",0.1057101962116193,0.0788205796659834,-0.0197283667013015
RFE,XGBoost,15,"['return_10d', 'return_20d', 'sma_5', 'sma_20', 'sma_60', 'price_to_sma_20', 'price_to_sma_60', 'rsi_14', 'macd', 'macd_signal', 'macd_hist', 'volatility_20', 'atr_14', 'volume_sma_20', 'volume_ratio_20']",0.1057185634358569,0.0787088839002094,-0.0198898011492103
RFE,XGBoost,5,"['sma_5', 'sma_60', 'price_to_sma_60', 'volatility_20', 'atr_14']",0.1057221653463921,0.0793220329921881,-0.0199592991499475
RFE,XGBoost,10,"['sma_5', 'sma_60', 'price_to_sma_20', 'price_to_sma_60', 'macd', 'macd_signal', 'macd_hist', 'volatility_20', 'atr_14', 'volume_sma_20']",0.105731825416144,0.0794559787858593,-0.0201456995718716
RFE,Random Forest,5,"['sma_5', 'sma_60', 'price_to_sma_20', 'volatility_20', 'volume_sma_20']",0.105768264074489,,
RFE,Random Forest,5,"['sma_5', 'sma_60', 'price_to_sma_20', 'volatility_20', 'volume_sma_20']",0.105768264074489,,
RFE,Random Forest,5,"['sma_5', 'sma_60', 'price_to_sma_20', 'volatility_20', 'volume_sma_20']",0.105768264074489,,
RFE,Random Forest,5,"['sma_5', 'sma_60', 'price_to_sma_20', 'volatility_20', 'volume_sma_20']",0.105768264074489,,
RFE,Random Forest,15,"['return_20d', 'sma_5', 'sma_20', 'sma_60', 'price_to_sma_20', 'price_to_sma_60', 'rsi_14', 'roc_10', 'roc_20', 'macd_signal', 'macd_hist', 'volatility_5', 'volatility_20', 'atr_14', 'volume_sma_20']",0.1057695383847534,,
RFE,Random Forest,10,"['return_20d', 'sma_5', 'sma_20', 'sma_60', 'price_to_sma_20', 'price_to_sma_60', 'roc_20', 'volatility_20', 'atr_14', 'volume_sma_20']",0.105779074199112,,
RFE,Random Forest,10,"['return_20d', 'sma_5', 'sma_20', 'sma_60', 'price_to_sma_20', 'price_to_sma_60', 'roc_20', 'volatility_20', 'atr_14', 'volume_sma_20']",0.105779074199112,,
RFE,XGBoost,15,"['return_10d', 'return_20d', 'sma_5', 'sma_20', 'sma_60', 'price_to_sma_20', 'price_to_sma_60', 'rsi_14', 'roc_10', 'macd', 'macd_signal', 'macd_hist', 'volatility_20', 'atr_14', 'volume_sma_20']",0.1057859650665397,0.0783361304020656,-0.021190691873276
RFE,XGBoost,15,"['return_10d', 'return_20d', 'sma_5', 'sma_20', 'sma_60', 'price_to_sma_20', 'price_to_sma_60', 'rsi_14', 'roc_10', 'macd', 'macd_signal', 'macd_hist', 'volatility_20', 'atr_14', 'volume_sma_20']",0.1057892320854197,0.0782876142037692,-0.0212537683085205
RFE,XGBoost,20,"['return_5d', 'return_10d', 'return_20d', 'gap', 'sma_5', 'sma_20', 'sma_60', 'price_to_sma_20', 'price_to_sma_60', 'rsi_14', 'roc_10', 'roc_20', 'macd', 'macd_signal', 'macd_hist', 'volatility_5', 'volatility_20', 'atr_14', 'volume_sma_20', 'volume_ratio_20']",0.1058045461842039,0.0783300782264919,-0.0215494640571292
RFE,XGBoost,15,"['return_10d', 'return_20d', 'sma_5', 'sma_20', 'sma_60', 'price_to_sma_20', 'price_to_sma_60', 'rsi_14', 'roc_10', 'macd', 'macd_signal', 'macd_hist', 'volatility_20', 'atr_14', 'volume_sma_20']",0.1058147303135668,0.0786231609719537,-0.0217461303245509
RFE,Random Forest,5,"['sma_5', 'sma_60', 'price_to_sma_20', 'volatility_20', 'volume_sma_20']",0.1058150150738023,,
RFE,Random Forest,5,"['sma_5', 'sma_60', 'price_to_sma_20', 'volatility_20', 'volume_sma_20']",0.1058150150738023,,
RFE,Random Forest,10,"['return_20d', 'sma_5', 'sma_20', 'sma_60', 'price_to_sma_20', 'roc_20', 'macd_signal', 'volatility_20', 'atr_14', 'volume_sma_20']",0.1058173754643247,,
RFE,Random Forest,10,"['return_20d', 'sma_5', 'sma_20', 'sma_60', 'price_to_sma_20', 'roc_20', 'macd_signal', 'volatility_20', 'atr_14', 'volume_sma_20']",0.1058173754643247,,
RFE,Random Forest,10,"['return_20d', 'sma_5', 'sma_20', 'sma_60', 'price_to_sma_20', 'roc_20', 'macd_signal', 'volatility_20', 'atr_14', 'volume_sma_20']",0.1058173754643247,,
RFE,Random Forest,10,"['return_20d', 'sma_5', 'sma_20', 'sma_60', 'price_to_sma_20', 'roc_20', 'macd_signal', 'volatility_20', 'atr_14', 'volume_sma_20']",0.1058173754643247,,
RFE,Random Forest,10,"['return_20d', 'sma_5', 'sma_20', 'sma_60', 'price_to_sma_20', 'roc_20', 'macd_signal', 'volatility_20', 'atr_14', 'volume_sma_20']",0.1058173754643247,,
RFE,Random Forest,10,"['return_20d', 'sma_5', 'sma_20', 'sma_60', 'price_to_sma_20', 'roc_20', 'macd_signal', 'volatility_20', 'atr_14', 'volume_sma_20']",0.1058173754643247,,
RFE,XGBoost,25,"['return_1d', 'return_5d', 'return_10d', 'return_20d', 'intraday_return', 'high_low_range', 'gap', 'sma_5', 'sma_20', 'sma_60', 'price_to_sma_5', 'price_to_sma_20', 'price_to_sma_60', 'rsi_14', 'roc_10', 'roc_20', 'macd', 'macd_signal', 'macd_hist', 'volatility_5', 'volatility_20', 'atr_14', 'volume_change_1d', 'volume_sma_20', 'volume_ratio_20']",0.1058294827174155,0.0794907101240854,-0.0220310483550369
RFE,XGBoost,25,"['return_1d', 'return_5d', 'return_10d', 'return_20d', 'intraday_return', 'high_low_range', 'gap', 'sma_5', 'sma_20', 'sma_60', 'price_to_sma_5', 'price_to_sma_20', 'price_to_sma_60', 'rsi_14', 'roc_10', 'roc_20', 'macd', 'macd_signal', 'macd_hist', 'volatility_5', 'volatility_20', 'atr_14', 'volume_change_1d', 'volume_sma_20', 'volume_ratio_20']",0.1058294827174155,0.0794907101240854,-0.0220310483550369
RFE,XGBoost,15,"['return_10d', 'return_20d', 'sma_5', 'sma_20', 'sma_60', 'price_to_sma_20', 'price_to_sma_60', 'rsi_14', 'roc_10', 'macd', 'macd_signal', 'macd_hist', 'volatility_20', 'atr_14', 'volume_sma_20']",0.1058573464019543,0.0784845722794723,-0.0225692972228295
RFE,XGBoost,10,"['sma_5', 'sma_20', 'sma_60', 'price_to_sma_60', 'rsi_14', 'macd', 'macd_hist', 'volatility_20', 'atr_14', 'volume_sma_20']",0.1058786668679149,0.0795218695128799,-0.0229812450024293
RFE,XGBoost,15,"['return_10d', 'return_20d', 'sma_5', 'sma_20', 'sma_60', 'price_to_sma_20', 'price_to_sma_60', 'rsi_14', 'macd', 'macd_signal', 'macd_hist', 'volatility_20', 'atr_14', 'volume_sma_20', 'volume_ratio_20']",0.1058790579835427,0.078706759643474,-0.0229888027985887
RFE,Random Forest,25,"['return_1d', 'return_5d', 'return_10d', 'return_20d', 'intraday_return', 'high_low_range', 'gap', 'sma_5', 'sma_20', 'sma_60', 'price_to_sma_5', 'price_to_sma_20', 'price_to_sma_60', 'rsi_14', 'roc_10', 'roc_20', 'macd', 'macd_signal', 'macd_hist', 'volatility_5', 'volatility_20', 'atr_14', 'volume_change_1d', 'volume_sma_20', 'volume_ratio_20']",0.1058802242132228,,
RFE,Random Forest,25,"['return_1d', 'return_5d', 'return_10d', 'return_20d', 'intraday_return', 'high_low_range', 'gap', 'sma_5', 'sma_20', 'sma_60', 'price_to_sma_5', 'price_to_sma_20', 'price_to_sma_60', 'rsi_14', 'roc_10', 'roc_20', 'macd', 'macd_signal', 'macd_hist', 'volatility_5', 'volatility_20', 'atr_14', 'volume_change_1d', 'volume_sma_20', 'volume_ratio_20']",0.1058802242132228,,
RFE,Random Forest,25,"['return_1d', 'return_5d', 'return_10d', 'return_20d', 'intraday_return', 'high_low_range', 'gap', 'sma_5', 'sma_20', 'sma_60', 'price_to_sma_5', 'price_to_sma_20', 'price_to_sma_60', 'rsi_14', 'roc_10', 'roc_20', 'macd', 'macd_signal', 'macd_hist', 'volatility_5', 'volatility_20', 'atr_14', 'volume_change_1d', 'volume_sma_20', 'volume_ratio_20']",0.1058802242132228,,
RFE,Random Forest,15,"['return_20d', 'gap', 'sma_5', 'sma_20', 'sma_60', 'price_to_sma_20', 'price_to_sma_60', 'rsi_14', 'roc_20', 'macd_signal', 'macd_hist', 'volatility_5', 'volatility_20', 'atr_14', 'volume_sma_20']",0.1058828001801672,,
RFE,Random Forest,15,"['return_20d', 'gap', 'sma_5', 'sma_20', 'sma_60', 'price_to_sma_20', 'price_to_sma_60', 'rsi_14', 'roc_20', 'macd_signal', 'macd_hist', 'volatility_5', 'volatility_20', 'atr_14', 'volume_sma_20']",0.1058828001801672,,
RFE,Random Forest,15,"['return_20d', 'gap', 'sma_5', 'sma_20', 'sma_60', 'price_to_sma_20', 'price_to_sma_60', 'rsi_14', 'roc_20', 'macd_signal', 'macd_hist', 'volatility_5', 'volatility_20', 'atr_14', 'volume_sma_20']",0.1058828001801672,,
RFE,XGBoost,10,"['sma_5', 'sma_60', 'price_to_sma_20', 'price_to_sma_60', 'macd', 'macd_signal', 'macd_hist', 'volatility_20', 'atr_14', 'volume_sma_20']",0.1058874898824844,0.0787206745455808,-0.023151744967365
RFE,Random Forest,25,"['return_1d', 'return_5d', 'return_10d', 'return_20d', 'intraday_return', 'high_low_range', 'gap', 'sma_5', 'sma_20', 'sma_60', 'price_to_sma_5', 'price_to_sma_20', 'price_to_sma_60', 'rsi_14', 'roc_10', 'roc_20', 'macd', 'macd_signal', 'macd_hist', 'volatility_5', 'volatility_20', 'atr_14', 'volume_change_1d', 'volume_sma_20', 'volume_ratio_20']",0.1058987732813652,,
RFE,Random Forest,25,"['return_1d', 'return_5d', 'return_10d', 'return_20d', 'intraday_return', 'high_low_range', 'gap', 'sma_5', 'sma_20', 'sma_60', 'price_to_sma_5', 'price_to_sma_20', 'price_to_sma_60', 'rsi_14', 'roc_10', 'roc_20', 'macd', 'macd_signal', 'macd_hist', 'volatility_5', 'volatility_20', 'atr_14', 'volume_change_1d', 'volume_sma_20', 'volume_ratio_20']",0.1058987732813652,,
RFE,Random Forest,25,"['return_1d', 'return_5d', 'return_10d', 'return_20d', 'intraday_return', 'high_low_range', 'gap', 'sma_5', 'sma_20', 'sma_60', 'price_to_sma_5', 'price_to_sma_20', 'price_to_sma_60', 'rsi_14', 'roc_10', 'roc_20', 'macd', 'macd_signal', 'macd_hist', 'volatility_5', 'volatility_20', 'atr_14', 'volume_change_1d', 'volume_sma_20', 'volume_ratio_20']",0.1058987732813652,,
RFE,Random Forest,10,"['return_20d', 'sma_5', 'sma_20', 'sma_60', 'price_to_sma_20', 'rsi_14', 'roc_20', 'volatility_20', 'atr_14', 'volume_sma_20']",0.1059023202900525,,
RFE,Random Forest,10,"['return_20d', 'sma_5', 'sma_20', 'sma_60', 'price_to_sma_20', 'rsi_14', 'roc_20', 'volatility_20', 'atr_14', 'volume_sma_20']",0.1059036502903182,,
RFE,Random Forest,10,"['return_20d', 'sma_5', 'sma_20', 'sma_60', 'price_to_sma_20', 'rsi_14', 'roc_20', 'volatility_20', 'atr_14', 'volume_sma_20']",0.1059036502903182,,
RFE,Random Forest,10,"['return_20d', 'sma_5', 'sma_20', 'sma_60', 'price_to_sma_20', 'rsi_14', 'roc_20', 'volatility_20', 'atr_14', 'volume_sma_20']",0.1059036502903182,,
RFE,Random Forest,25,"['return_1d', 'return_5d', 'return_10d', 'return_20d', 'intraday_return', 'high_low_range', 'gap', 'sma_5', 'sma_20', 'sma_60', 'price_to_sma_5', 'price_to_sma_20', 'price_to_sma_60', 'rsi_14', 'roc_10', 'roc_20', 'macd', 'macd_signal', 'macd_hist', 'volatility_5', 'volatility_20', 'atr_14', 'volume_change_1d', 'volume_sma_20', 'volume_ratio_20']",0.1059167722200437,,
RFE,Random Forest,25,"['return_1d', 'return_5d', 'return_10d', 'return_20d', 'intraday_return', 'high_low_range', 'gap', 'sma_5', 'sma_20', 'sma_60', 'price_to_sma_5', 'price_to_sma_20', 'price_to_sma_60', 'rsi_14', 'roc_10', 'roc_20', 'macd', 'macd_signal', 'macd_hist', 'volatility_5', 'volatility_20', 'atr_14', 'volume_change_1d', 'volume_sma_20', 'volume_ratio_20']",0.1059167722200437,,
RFE,Random Forest,25,"['return_1d', 'return_5d', 'return_10d', 'return_20d', 'intraday_return', 'high_low_range', 'gap', 'sma_5', 'sma_20', 'sma_60', 'price_to_sma_5', 'price_to_sma_20', 'price_to_sma_60', 'rsi_14', 'roc_10', 'roc_20', 'macd', 'macd_signal', 'macd_hist', 'volatility_5', 'volatility_20', 'atr_14', 'volume_change_1d', 'volume_sma_20', 'volume_ratio_20']",0.1059167722200437,,
RFE,XGBoost,10,"['sma_5', 'sma_20', 'sma_60', 'price_to_sma_60', 'rsi_14', 'macd', 'macd_hist', 'volatility_20', 'atr_14', 'volume_sma_20']",0.1059236047012128,0.0795966515033762,-0.0238497923236862
SFS,Random Forest,20,"['return_1d', 'return_5d', 'return_10d', 'intraday_return', 'high_low_range', 'gap', 'sma_5', 'sma_20', 'sma_60', 'price_to_sma_5', 'price_to_sma_20', 'price_to_sma_60', 'rsi_14', 'roc_10', 'roc_20', 'macd_hist', 'volatility_5', 'volatility_20', 'volume_change_1d', 'volume_ratio_20']",0.1059446495143834,0.0799052821852948,-0.0242566679789844
SFS,Random Forest,20,"['return_1d', 'return_5d', 'return_10d', 'intraday_return', 'high_low_range', 'gap', 'sma_5', 'sma_20', 'sma_60', 'price_to_sma_5', 'price_to_sma_20', 'price_to_sma_60', 'rsi_14', 'roc_10', 'roc_20', 'macd_hist', 'volatility_5', 'volatility_20', 'volume_change_1d', 'volume_ratio_20']",0.1059446495143834,0.0799052821852948,-0.0242566679789844
SFS,Random Forest,20,"['return_1d', 'return_5d', 'return_10d', 'intraday_return', 'high_low_range', 'gap', 'sma_5', 'sma_20', 'sma_60', 'price_to_sma_5', 'price_to_sma_20', 'price_to_sma_60', 'rsi_14', 'roc_10', 'roc_20', 'macd_hist', 'volatility_5', 'volatility_20', 'volume_change_1d', 'volume_ratio_20']",0.1059446495143834,0.0799052821852948,-0.0242566679789844
RFE,XGBoost,25,"['return_1d', 'return_5d', 'return_10d', 'return_20d', 'intraday_return', 'high_low_range', 'gap', 'sma_5', 'sma_20', 'sma_60', 'price_to_sma_5', 'price_to_sma_20', 'price_to_sma_60', 'rsi_14', 'roc_10', 'roc_20', 'macd', 'macd_signal', 'macd_hist', 'volatility_5', 'volatility_20', 'atr_14', 'volume_change_1d', 'volume_sma_20', 'volume_ratio_20']",0.1059456853394652,0.0791028471288736,-0.0242766964738303
RFE,XGBoost,25,"['return_1d', 'return_5d', 'return_10d', 'return_20d', 'intraday_return', 'high_low_range', 'gap', 'sma_5', 'sma_20', 'sma_60', 'price_to_sma_5', 'price_to_sma_20', 'price_to_sma_60', 'rsi_14', 'roc_10', 'roc_20', 'macd', 'macd_signal', 'macd_hist', 'volatility_5', 'volatility_20', 'atr_14', 'volume_change_1d', 'volume_sma_20', 'volume_ratio_20']",0.1059456853394652,0.0791028471288736,-0.0242766964738303
RFE,XGBoost,5,"['sma_5', 'sma_60', 'macd_hist', 'volatility_20', 'atr_14']",0.1059495994036709,0.0798854865204637,-0.0243523797599869
RFE,XGBoost,5,"['sma_5', 'sma_60', 'macd_hist', 'volatility_20', 'atr_14']",0.1059569896074693,0.0803795921050106,-0.0244952861401539
RFE,XGBoost,25,"['return_1d', 'return_5d', 'return_10d', 'return_20d', 'intraday_return', 'high_low_range', 'gap', 'sma_5', 'sma_20', 'sma_60', 'price_to_sma_5', 'price_to_sma_20', 'price_to_sma_60', 'rsi_14', 'roc_10', 'roc_20', 'macd', 'macd_signal', 'macd_hist', 'volatility_5', 'volatility_20', 'atr_14', 'volume_change_1d', 'volume_sma_20', 'volume_ratio_20']",0.1059584721722982,0.0794437434183364,-0.0245239560997354
RFE,XGBoost,25,"['return_1d', 'return_5d', 'return_10d', 'return_20d', 'intraday_return', 'high_low_range', 'gap', 'sma_5', 'sma_20', 'sma_60', 'price_to_sma_5', 'price_to_sma_20', 'price_to_sma_60', 'rsi_14', 'roc_10', 'roc_20', 'macd', 'macd_signal', 'macd_hist', 'volatility_5', 'volatility_20', 'atr_14', 'volume_change_1d', 'volume_sma_20', 'volume_ratio_20']",0.1059584721722982,0.0794437434183364,-0.0245239560997354
RFE,XGBoost,5,"['sma_5', 'sma_60', 'price_to_sma_60', 'volatility_20', 'atr_14']",0.1059692253768089,0.0782306414257614,-0.02473191445222
RFE,Random Forest,10,"['return_20d', 'sma_5', 'sma_20', 'sma_60', 'roc_20', 'macd_signal', 'macd_hist', 'volatility_20', 'atr_14', 'volume_sma_20']",0.1059741322255417,,
RFE,Random Forest,10,"['return_20d', 'sma_5', 'sma_20', 'sma_60', 'roc_20', 'macd_signal', 'macd_hist', 'volatility_20', 'atr_14', 'volume_sma_20']",0.1059741322255417,,
RFE,XGBoost,5,"['sma_5', 'sma_60', 'macd_hist', 'volatility_20', 'atr_14']",0.1059818672456806,0.0802476353955395,-0.0249764250479471
RFE,Random Forest,5,"['sma_5', 'sma_60', 'volatility_20', 'atr_14', 'volume_sma_20']",0.1059901669572281,,
RFE,Random Forest,10,"['sma_5', 'sma_20', 'sma_60', 'price_to_sma_20', 'price_to_sma_60', 'roc_20', 'macd_hist', 'volatility_20', 'atr_14', 'volume_sma_20']",0.1059907171671219,,
RFE,XGBoost,5,"['sma_5', 'sma_60', 'price_to_sma_60', 'volatility_20', 'atr_14']",0.1060164062244165,0.0798469151248574,-0.0256446036426702
RFE,Random Forest,25,"['return_1d', 'return_5d', 'return_10d', 'return_20d', 'intraday_return', 'high_low_range', 'gap', 'sma_5', 'sma_20', 'sma_60', 'price_to_sma_5', 'price_to_sma_20', 'price_to_sma_60', 'rsi_14', 'roc_10', 'roc_20', 'macd', 'macd_signal', 'macd_hist', 'volatility_5', 'volatility_20', 'atr_14', 'volume_change_1d', 'volume_sma_20', 'volume_ratio_20']",0.1060201462980117,,
RFE,Random Forest,25,"['return_1d', 'return_5d', 'return_10d', 'return_20d', 'intraday_return', 'high_low_range', 'gap', 'sma_5', 'sma_20', 'sma_60', 'price_to_sma_5', 'price_to_sma_20', 'price_to_sma_60', 'rsi_14', 'roc_10', 'roc_20', 'macd', 'macd_signal', 'macd_hist', 'volatility_5', 'volatility_20', 'atr_14', 'volume_change_1d', 'volume_sma_20', 'volume_ratio_20']",0.1060201462980117,,
RFE,Random Forest,25,"['return_1d', 'return_5d', 'return_10d', 'return_20d', 'intraday_return', 'high_low_range', 'gap', 'sma_5', 'sma_20', 'sma_60', 'price_to_sma_5', 'price_to_sma_20', 'price_to_sma_60', 'rsi_14', 'roc_10', 'roc_20', 'macd', 'macd_signal', 'macd_hist', 'volatility_5', 'volatility_20', 'atr_14', 'volume_change_1d', 'volume_sma_20', 'volume_ratio_20']",0.1060201462980117,,
RFE,XGBoost,10,"['sma_5', 'sma_60', 'price_to_sma_20', 'price_to_sma_60', 'macd', 'macd_signal', 'macd_hist', 'volatility_20', 'atr_14', 'volume_sma_20']",0.1060226914576072,0.0792635807361439,-0.0257662189062621
RFE,XGBoost,20,"['return_5d', 'return_10d', 'return_20d', 'gap', 'sma_5', 'sma_20', 'sma_60', 'price_to_sma_20', 'price_to_sma_60', 'rsi_14', 'roc_10', 'roc_20', 'macd', 'macd_signal', 'macd_hist', 'volatility_5', 'volatility_20', 'atr_14', 'volume_sma_20', 'volume_ratio_20']",0.1060282370844405,0.0791504520581661,-0.0258735292444922
RFE,XGBoost,10,"['sma_5', 'sma_20', 'sma_60', 'price_to_sma_60', 'rsi_14', 'macd', 'macd_hist', 'volatility_20', 'atr_14', 'volume_sma_20']",0.1060312453492665,0.0788688615024904,-0.0259317428509551
RFE,Random Forest,20,"['return_5d', 'return_10d', 'return_20d', 'sma_5', 'sma_20', 'sma_60', 'price_to_sma_5', 'price_to_sma_20', 'price_to_sma_60', 'rsi_14', 'roc_10', 'roc_20', 'macd', 'macd_signal', 'macd_hist', 'volatility_5', 'volatility_20', 'atr_14', 'volume_sma_20', 'volume_ratio_20']",0.1060370226760924,,
RFE,Random Forest,20,"['return_5d', 'return_10d', 'return_20d', 'sma_5', 'sma_20', 'sma_60', 'price_to_sma_5', 'price_to_sma_20', 'price_to_sma_60', 'rsi_14', 'roc_10', 'roc_20', 'macd', 'macd_signal', 'macd_hist', 'volatility_5', 'volatility_20', 'atr_14', 'volume_sma_20', 'volume_ratio_20']",0.1060370226760924,,
RFE,Random Forest,20,"['return_5d', 'return_10d', 'return_20d', 'sma_5', 'sma_20', 'sma_60', 'price_to_sma_5', 'price_to_sma_20', 'price_to_sma_60', 'rsi_14', 'roc_10', 'roc_20', 'macd', 'macd_signal', 'macd_hist', 'volatility_5', 'volatility_20', 'atr_14', 'volume_sma_20', 'volume_ratio_20']",0.1060370226760924,,
RFE,Random Forest,20,"['return_5d', 'return_10d', 'return_20d', 'sma_5', 'sma_20', 'sma_60', 'price_to_sma_5', 'price_to_sma_20', 'price_to_sma_60', 'rsi_14', 'roc_10', 'roc_20', 'macd', 'macd_signal', 'macd_hist', 'volatility_5', 'volatility_20', 'atr_14', 'volume_sma_20', 'volume_ratio_20']",0.1060370226760924,,
RFE,XGBoost,25,"['return_1d', 'return_5d', 'return_10d', 'return_20d', 'intraday_return', 'high_low_range', 'gap', 'sma_5', 'sma_20', 'sma_60', 'price_to_sma_5', 'price_to_sma_20', 'price_to_sma_60', 'rsi_14', 'roc_10', 'roc_20', 'macd', 'macd_signal', 'macd_hist', 'volatility_5', 'volatility_20', 'atr_14', 'volume_change_1d', 'volume_sma_20', 'volume_ratio_20']",0.1060446024654825,0.0795845963872666,-0.0261902393462363
RFE,XGBoost,25,"['return_1d', 'return_5d', 'return_10d', 'return_20d', 'intraday_return', 'high_low_range', 'gap', 'sma_5', 'sma_20', 'sma_60', 'price_to_sma_5', 'price_to_sma_20', 'price_to_sma_60', 'rsi_14', 'roc_10', 'roc_20', 'macd', 'macd_signal', 'macd_hist', 'volatility_5', 'volatility_20', 'atr_14', 'volume_change_1d', 'volume_sma_20', 'volume_ratio_20']",0.1060446024654825,0.0795845963872666,-0.0261902393462363
RFE,XGBoost,5,"['sma_5', 'sma_60', 'price_to_sma_60', 'volatility_20', 'atr_14']",0.1060489787568417,0.0800365406584057,-0.0262749395580186
RFE,XGBoost,20,"['return_5d', 'return_10d', 'return_20d', 'gap', 'sma_5', 'sma_20', 'sma_60', 'price_to_sma_20', 'price_to_sma_60', 'rsi_14', 'roc_10', 'roc_20', 'macd', 'macd_signal', 'macd_hist', 'volatility_5', 'volatility_20', 'atr_14', 'volume_sma_20', 'volume_ratio_20']",0.1060533286643929,0.0792723242698856,-0.0263591325925505
RFE,XGBoost,20,"['return_5d', 'return_10d', 'return_20d', 'sma_5', 'sma_20', 'sma_60', 'price_to_sma_5', 'price_to_sma_20', 'price_to_sma_60', 'rsi_14', 'roc_10', 'roc_20', 'macd', 'macd_signal', 'macd_hist', 'volatility_5', 'volatility_20', 'atr_14', 'volume_sma_20', 'volume_ratio_20']",0.1060661434325928,0.0787123278880234,-0.0266071841939963
RFE,XGBoost,20,"['return_5d', 'return_10d', 'return_20d', 'sma_5', 'sma_20', 'sma_60', 'price_to_sma_5', 'price_to_sma_20', 'price_to_sma_60', 'rsi_14', 'roc_10', 'roc_20', 'macd', 'macd_signal', 'macd_hist', 'volatility_5', 'volatility_20', 'atr_14', 'volume_sma_20', 'volume_ratio_20']",0.1060747461182816,0.0792066366826578,-0.0267737205984743
RFE,Random Forest,25,"['return_1d', 'return_5d', 'return_10d', 'return_20d', 'intraday_return', 'high_low_range', 'gap', 'sma_5', 'sma_20', 'sma_60', 'price_to_sma_5', 'price_to_sma_20', 'price_to_sma_60', 'rsi_14', 'roc_10', 'roc_20', 'macd', 'macd_signal', 'macd_hist', 'volatility_5', 'volatility_20', 'atr_14', 'volume_change_1d', 'volume_sma_20', 'volume_ratio_20']",0.1060904676256768,,
RFE,Random Forest,25,"['return_1d', 'return_5d', 'return_10d', 'return_20d', 'intraday_return', 'high_low_range', 'gap', 'sma_5', 'sma_20', 'sma_60', 'price_to_sma_5', 'price_to_sma_20', 'price_to_sma_60', 'rsi_14', 'roc_10', 'roc_20', 'macd', 'macd_signal', 'macd_hist', 'volatility_5', 'volatility_20', 'atr_14', 'volume_change_1d', 'volume_sma_20', 'volume_ratio_20']",0.1060904676256768,,
RFE,Random Forest,25,"['return_1d', 'return_5d', 'return_10d', 'return_20d', 'intraday_return', 'high_low_range', 'gap', 'sma_5', 'sma_20', 'sma_60', 'price_to_sma_5', 'price_to_sma_20', 'price_to_sma_60', 'rsi_14', 'roc_10', 'roc_20', 'macd', 'macd_signal', 'macd_hist', 'volatility_5', 'volatility_20', 'atr_14', 'volume_change_1d', 'volume_sma_20', 'volume_ratio_20']",0.1060904676256768,,
RFE,XGBoost,15,"['return_10d', 'return_20d', 'sma_5', 'sma_20', 'sma_60', 'price_to_sma_20', 'price_to_sma_60', 'rsi_14', 'macd', 'macd_signal', 'macd_hist', 'volatility_20', 'atr_14', 'volume_sma_20', 'volume_ratio_20']",0.106090795533191,0.0780866127816182,-0.0270844517523454
RFE,XGBoost,20,"['return_5d', 'return_10d', 'return_20d', 'gap', 'sma_5', 'sma_20', 'sma_60', 'price_to_sma_20', 'price_to_sma_60', 'rsi_14', 'roc_10', 'roc_20', 'macd', 'macd_signal', 'macd_hist', 'volatility_5', 'volatility_20', 'atr_14', 'volume_sma_20', 'volume_ratio_20']",0.106117922407018,0.0792601640213734,-0.0276097593857809
RFE,Random Forest,25,"['return_1d', 'return_5d', 'return_10d', 'return_20d', 'intraday_return', 'high_low_range', 'gap', 'sma_5', 'sma_20', 'sma_60', 'price_to_sma_5', 'price_to_sma_20', 'price_to_sma_60', 'rsi_14', 'roc_10', 'roc_20', 'macd', 'macd_signal', 'macd_hist', 'volatility_5', 'volatility_20', 'atr_14', 'volume_change_1d', 'volume_sma_20', 'volume_ratio_20']",0.1061223360554982,,
RFE,Random Forest,25,"['return_1d', 'return_5d', 'return_10d', 'return_20d', 'intraday_return', 'high_low_range', 'gap', 'sma_5', 'sma_20', 'sma_60', 'price_to_sma_5', 'price_to_sma_20', 'price_to_sma_60', 'rsi_14', 'roc_10', 'roc_20', 'macd', 'macd_signal', 'macd_hist', 'volatility_5', 'volatility_20', 'atr_14', 'volume_change_1d', 'volume_sma_20', 'volume_ratio_20']",0.1061223360554982,,
RFE,Random Forest,25,"['return_1d', 'return_5d', 'return_10d', 'return_20d', 'intraday_return', 'high_low_range', 'gap', 'sma_5', 'sma_20', 'sma_60', 'price_to_sma_5', 'price_to_sma_20', 'price_to_sma_60', 'rsi_14', 'roc_10', 'roc_20', 'macd', 'macd_signal', 'macd_hist', 'volatility_5', 'volatility_20', 'atr_14', 'volume_change_1d', 'volume_sma_20', 'volume_ratio_20']",0.1061223360554982,,
RFE,XGBoost,25,"['return_1d', 'return_5d', 'return_10d', 'return_20d', 'intraday_return', 'high_low_range', 'gap', 'sma_5', 'sma_20', 'sma_60', 'price_to_sma_5', 'price_to_sma_20', 'price_to_sma_60', 'rsi_14', 'roc_10', 'roc_20', 'macd', 'macd_signal', 'macd_hist', 'volatility_5', 'volatility_20', 'atr_14', 'volume_change_1d', 'volume_sma_20', 'volume_ratio_20']",0.1061275955559356,0.0796300810606254,-0.0277971108727927
RFE,XGBoost,25,"['return_1d', 'return_5d', 'return_10d', 'return_20d', 'intraday_return', 'high_low_range', 'gap', 'sma_5', 'sma_20', 'sma_60', 'price_to_sma_5', 'price_to_sma_20', 'price_to_sma_60', 'rsi_14', 'roc_10', 'roc_20', 'macd', 'macd_signal', 'macd_hist', 'volatility_5', 'volatility_20', 'atr_14', 'volume_change_1d', 'volume_sma_20', 'volume_ratio_20']",0.1061275955559356,0.0796300810606254,-0.0277971108727927
RFE,XGBoost,20,"['return_5d', 'return_10d', 'return_20d', 'sma_5', 'sma_20', 'sma_60', 'price_to_sma_5', 'price_to_sma_20', 'price_to_sma_60', 'rsi_14', 'roc_10', 'roc_20', 'macd', 'macd_signal', 'macd_hist', 'volatility_5', 'volatility_20', 'atr_14', 'volume_sma_20', 'volume_ratio_20']",0.1061349013848238,0.0795768424965071,-0.0279386229506151
RFE,XGBoost,10,"['sma_5', 'sma_60', 'price_to_sma_20', 'price_to_sma_60', 'macd', 'macd_signal', 'macd_hist', 'volatility_20', 'atr_14', 'volume_sma_20']",0.1061522072812027,0.0785977308248072,-0.0282738727014812
SFS,Random Forest,15,"['return_1d', 'return_5d', 'return_10d', 'intraday_return', 'high_low_range', 'gap', 'sma_5', 'sma_60', 'price_to_sma_5', 'rsi_14', 'roc_10', 'macd_hist', 'volatility_20', 'volume_change_1d', 'volume_ratio_20']",0.106154189708816,0.0798291217714911,-0.0283122797700894
SFS,Random Forest,15,"['return_1d', 'return_5d', 'return_10d', 'intraday_return', 'high_low_range', 'gap', 'sma_5', 'sma_60', 'price_to_sma_5', 'rsi_14', 'roc_10', 'macd_hist', 'volatility_20', 'volume_change_1d', 'volume_ratio_20']",0.106154189708816,0.0798291217714911,-0.0283122797700894
SFS,Random Forest,15,"['return_1d', 'return_5d', 'return_10d', 'intraday_return', 'high_low_range', 'gap', 'sma_5', 'sma_60', 'price_to_sma_5', 'rsi_14', 'roc_10', 'macd_hist', 'volatility_20', 'volume_change_1d', 'volume_ratio_20']",0.106154189708816,0.0798291217714911,-0.0283122797700894
RFE,Random Forest,10,"['sma_5', 'sma_20', 'sma_60', 'price_to_sma_20', 'price_to_sma_60', 'roc_20', 'macd_hist', 'volatility_20', 'atr_14', 'volume_sma_20']",0.1061685902997095,,
RFE,XGBoost,15,"['return_10d', 'return_20d', 'sma_5', 'sma_20', 'sma_60', 'price_to_sma_20', 'price_to_sma_60', 'rsi_14', 'macd', 'macd_signal', 'macd_hist', 'volatility_20', 'atr_14', 'volume_sma_20', 'volume_ratio_20']",0.1061752491577203,0.0788090512965638,-0.0287203246726981
RFE,XGBoost,15,"['return_10d', 'return_20d', 'sma_5', 'sma_20', 'sma_60', 'price_to_sma_20', 'price_to_sma_60', 'rsi_14', 'macd', 'macd_signal', 'macd_hist', 'volatility_20', 'atr_14', 'volume_sma_20', 'volume_ratio_20']",0.1061856313426405,0.0783998843155031,-0.0289215182071269
RFE,XGBoost,20,"['return_5d', 'return_10d', 'return_20d', 'sma_5', 'sma_20', 'sma_60', 'price_to_sma_5', 'price_to_sma_20', 'price_to_sma_60', 'rsi_14', 'roc_10', 'roc_20', 'macd', 'macd_signal', 'macd_hist', 'volatility_5', 'volatility_20', 'atr_14', 'volume_sma_20', 'volume_ratio_20']",0.106189538486352,0.0787037988643245,-0.0289972387759109
RFE,Random Forest,10,"['return_20d', 'sma_5', 'sma_20', 'sma_60', 'price_to_sma_20', 'rsi_14', 'roc_20', 'volatility_20', 'atr_14', 'volume_sma_20']",0.1062052272429024,,
RFE,XGBoost,20,"['return_5d', 'return_10d', 'return_20d', 'sma_5', 'sma_20', 'sma_60', 'price_to_sma_5', 'price_to_sma_20', 'price_to_sma_60', 'rsi_14', 'roc_10', 'roc_20', 'macd', 'macd_signal', 'macd_hist', 'volatility_5', 'volatility_20', 'atr_14', 'volume_sma_20', 'volume_ratio_20']",0.1062076375779933,0.0784769117793355,-0.0293480360904425
RFE,Random Forest,5,"['sma_5', 'sma_60', 'price_to_sma_20', 'volatility_20', 'volume_sma_20']",0.1062192550840848,,
RFE,Random Forest,5,"['sma_5', 'sma_60', 'price_to_sma_20', 'volatility_20', 'volume_sma_20']",0.1062192550840848,,
RFE,Random Forest,5,"['sma_5', 'sma_60', 'price_to_sma_20', 'volatility_20', 'volume_sma_20']",0.1062192550840848,,
RFE,Random Forest,5,"['sma_5', 'sma_60', 'price_to_sma_20', 'volatility_20', 'volume_sma_20']",0.1062192550840848,,
RFE,Random Forest,20,"['return_5d', 'return_10d', 'return_20d', 'gap', 'sma_5', 'sma_20', 'sma_60', 'price_to_sma_20', 'price_to_sma_60', 'rsi_14', 'roc_10', 'roc_20', 'macd', 'macd_signal', 'macd_hist', 'volatility_5', 'volatility_20', 'atr_14', 'volume_sma_20', 'volume_ratio_20']",0.1062245206886453,,
RFE,Random Forest,20,"['return_5d', 'return_10d', 'return_20d', 'gap', 'sma_5', 'sma_20', 'sma_60', 'price_to_sma_20', 'price_to_sma_60', 'rsi_14', 'roc_10', 'roc_20', 'macd', 'macd_signal', 'macd_hist', 'volatility_5', 'volatility_20', 'atr_14', 'volume_sma_20', 'volume_ratio_20']",0.1062245206886453,,
RFE,Random Forest,20,"['return_5d', 'return_10d', 'return_20d', 'gap', 'sma_5', 'sma_20', 'sma_60', 'price_to_sma_20', 'price_to_sma_60', 'rsi_14', 'roc_10', 'roc_20', 'macd', 'macd_signal', 'macd_hist', 'volatility_5', 'volatility_20', 'atr_14', 'volume_sma_20', 'volume_ratio_20']",0.1062245206886453,,
RFE,Random Forest,20,"['return_5d', 'return_10d', 'return_20d', 'gap', 'sma_5', 'sma_20', 'sma_60', 'price_to_sma_20', 'price_to_sma_60', 'rsi_14', 'roc_10', 'roc_20', 'macd', 'macd_signal', 'macd_hist', 'volatility_5', 'volatility_20', 'atr_14', 'volume_sma_20', 'volume_ratio_20']",0.1062245206886453,,
RFE,Random Forest,20,"['return_5d', 'return_10d', 'return_20d', 'gap', 'sma_5', 'sma_20', 'sma_60', 'price_to_sma_20', 'price_to_sma_60', 'rsi_14', 'roc_10', 'roc_20', 'macd', 'macd_signal', 'macd_hist', 'volatility_5', 'volatility_20', 'atr_14', 'volume_sma_20', 'volume_ratio_20']",0.1062245206886453,,
RFE,Random Forest,20,"['return_5d', 'return_10d', 'return_20d', 'gap', 'sma_5', 'sma_20', 'sma_60', 'price_to_sma_20', 'price_to_sma_60', 'rsi_14', 'roc_10', 'roc_20', 'macd', 'macd_signal', 'macd_hist', 'volatility_5', 'volatility_20', 'atr_14', 'volume_sma_20', 'volume_ratio_20']",0.1062245206886453,,
RFE,XGBoost,25,"['return_1d', 'return_5d', 'return_10d', 'return_20d', 'intraday_return', 'high_low_range', 'gap', 'sma_5', 'sma_20', 'sma_60', 'price_to_sma_5', 'price_to_sma_20', 'price_to_sma_60', 'rsi_14', 'roc_10', 'roc_20', 'macd', 'macd_signal', 'macd_hist', 'volatility_5', 'volatility_20', 'atr_14', 'volume_change_1d', 'volume_sma_20', 'volume_ratio_20']",0.1062295070341212,0.0790044986036566,-0.0297719905235431
RFE,XGBoost,25,"['return_1d', 'return_5d', 'return_10d', 'return_20d', 'intraday_return', 'high_low_range', 'gap', 'sma_5', 'sma_20', 'sma_60', 'price_to_sma_5', 'price_to_sma_20', 'price_to_sma_60', 'rsi_14', 'roc_10', 'roc_20', 'macd', 'macd_signal', 'macd_hist', 'volatility_5', 'volatility_20', 'atr_14', 'volume_change_1d', 'volume_sma_20', 'volume_ratio_20']",0.1062295070341212,0.0790044986036566,-0.0297719905235431
RFE,XGBoost,15,"['return_10d', 'return_20d', 'sma_5', 'sma_20', 'sma_60', 'price_to_sma_20', 'price_to_sma_60', 'rsi_14', 'roc_10', 'macd', 'macd_signal', 'macd_hist', 'volatility_20', 'atr_14', 'volume_sma_20']",0.106267551811349,0.0792750390718883,-0.0305097226758717
RFE,XGBoost,25,"['return_1d', 'return_5d', 'return_10d', 'return_20d', 'intraday_return', 'high_low_range', 'gap', 'sma_5', 'sma_20', 'sma_60', 'price_to_sma_5', 'price_to_sma_20', 'price_to_sma_60', 'rsi_14', 'roc_10', 'roc_20', 'macd', 'macd_signal', 'macd_hist', 'volatility_5', 'volatility_20', 'atr_14', 'volume_change_1d', 'volume_sma_20', 'volume_ratio_20']",0.106276406302251,0.0792697666159765,-0.03068145937165
RFE,XGBoost,25,"['return_1d', 'return_5d', 'return_10d', 'return_20d', 'intraday_return', 'high_low_range', 'gap', 'sma_5', 'sma_20', 'sma_60', 'price_to_sma_5', 'price_to_sma_20', 'price_to_sma_60', 'rsi_14', 'roc_10', 'roc_20', 'macd', 'macd_signal', 'macd_hist', 'volatility_5', 'volatility_20', 'atr_14', 'volume_change_1d', 'volume_sma_20', 'volume_ratio_20']",0.106276406302251,0.0792697666159765,-0.03068145937165
RFE,XGBoost,20,"['return_5d', 'return_10d', 'return_20d', 'gap', 'sma_5', 'sma_20', 'sma_60', 'price_to_sma_20', 'price_to_sma_60', 'rsi_14', 'roc_10', 'roc_20', 'macd', 'macd_signal', 'macd_hist', 'volatility_5', 'volatility_20', 'atr_14', 'volume_sma_20', 'volume_ratio_20']",0.1062929243294565,0.0793477869413844,-0.0310018719264493
RFE,Random Forest,10,"['return_20d', 'sma_5', 'sma_20', 'sma_60', 'price_to_sma_20', 'macd_signal', 'macd_hist', 'volatility_20', 'atr_14', 'volume_sma_20']",0.1062939908967162,,
RFE,Random Forest,10,"['return_20d', 'sma_5', 'sma_20', 'sma_60', 'price_to_sma_20', 'macd_signal', 'macd_hist', 'volatility_20', 'atr_14', 'volume_sma_20']",0.1062939908967162,,
RFE,Random Forest,10,"['return_20d', 'sma_5', 'sma_20', 'sma_60', 'price_to_sma_20', 'macd_signal', 'macd_hist', 'volatility_20', 'atr_14', 'volume_sma_20']",0.1062939908967162,,
RFE,Random Forest,10,"['return_20d', 'sma_5', 'sma_20', 'sma_60', 'price_to_sma_20', 'macd_signal', 'macd_hist', 'volatility_20', 'atr_14', 'volume_sma_20']",0.1062939908967162,,
RFE,Random Forest,20,"['return_5d', 'return_10d', 'return_20d', 'gap', 'sma_5', 'sma_20', 'sma_60', 'price_to_sma_20', 'price_to_sma_60', 'rsi_14', 'roc_10', 'roc_20', 'macd', 'macd_signal', 'macd_hist', 'volatility_5', 'volatility_20', 'atr_14', 'volume_sma_20', 'volume_ratio_20']",0.1062959920331912,,
RFE,Random Forest,20,"['return_5d', 'return_10d', 'return_20d', 'gap', 'sma_5', 'sma_20', 'sma_60', 'price_to_sma_20', 'price_to_sma_60', 'rsi_14', 'roc_10', 'roc_20', 'macd', 'macd_signal', 'macd_hist', 'volatility_5', 'volatility_20', 'atr_14', 'volume_sma_20', 'volume_ratio_20']",0.1062959920331912,,
RFE,Random Forest,20,"['return_5d', 'return_10d', 'return_20d', 'gap', 'sma_5', 'sma_20', 'sma_60', 'price_to_sma_20', 'price_to_sma_60', 'rsi_14', 'roc_10', 'roc_20', 'macd', 'macd_signal', 'macd_hist', 'volatility_5', 'volatility_20', 'atr_14', 'volume_sma_20', 'volume_ratio_20']",0.1062959920331912,,
RFE,Random Forest,20,"['return_5d', 'return_10d', 'return_20d', 'gap', 'sma_5', 'sma_20', 'sma_60', 'price_to_sma_20', 'price_to_sma_60', 'rsi_14', 'roc_10', 'roc_20', 'macd', 'macd_signal', 'macd_hist', 'volatility_5', 'volatility_20', 'atr_14', 'volume_sma_20', 'volume_ratio_20']",0.1062959920331912,,
RFE,Random Forest,20,"['return_5d', 'return_10d', 'return_20d', 'gap', 'sma_5', 'sma_20', 'sma_60', 'price_to_sma_20', 'price_to_sma_60', 'rsi_14', 'roc_10', 'roc_20', 'macd', 'macd_signal', 'macd_hist', 'volatility_5', 'volatility_20', 'atr_14', 'volume_sma_20', 'volume_ratio_20']",0.1062959920331912,,
RFE,Random Forest,20,"['return_5d', 'return_10d', 'return_20d', 'gap', 'sma_5', 'sma_20', 'sma_60', 'price_to_sma_20', 'price_to_sma_60', 'rsi_14', 'roc_10', 'roc_20', 'macd', 'macd_signal', 'macd_hist', 'volatility_5', 'volatility_20', 'atr_14', 'volume_sma_20', 'volume_ratio_20']",0.1062959920331912,,
RFE,XGBoost,15,"['return_10d', 'return_20d', 'sma_5', 'sma_20', 'sma_60', 'price_to_sma_20', 'price_to_sma_60', 'rsi_14', 'roc_10', 'macd', 'macd_signal', 'macd_hist', 'volatility_20', 'atr_14', 'volume_sma_20']",0.1062992280643964,0.0784033092269871,-0.0311241633260235
RFE,XGBoost,20,"['return_5d', 'return_10d', 'return_20d', 'sma_5', 'sma_20', 'sma_60', 'price_to_sma_5', 'price_to_sma_20', 'price_to_sma_60', 'rsi_14', 'roc_10', 'roc_20', 'macd', 'macd_signal', 'macd_hist', 'volatility_5', 'volatility_20', 'atr_14', 'volume_sma_20', 'volume_ratio_20']",0.1063106519243389,0.0793880281749924,-0.0313458027715811
RFE,Random Forest,10,"['return_20d', 'sma_5', 'sma_20', 'sma_60', 'roc_20', 'macd_signal', 'macd_hist', 'volatility_20', 'atr_14', 'volume_sma_20']",0.1063299332465763,,
RFE,Random Forest,10,"['return_20d', 'sma_5', 'sma_20', 'sma_60', 'roc_20', 'macd_signal', 'macd_hist', 'volatility_20', 'atr_14', 'volume_sma_20']",0.1063299332465763,,
RFE,Random Forest,20,"['return_5d', 'return_10d', 'return_20d', 'gap', 'sma_5', 'sma_20', 'sma_60', 'price_to_sma_20', 'price_to_sma_60', 'rsi_14', 'roc_10', 'roc_20', 'macd', 'macd_signal', 'macd_hist', 'volatility_5', 'volatility_20', 'atr_14', 'volume_sma_20', 'volume_ratio_20']",0.1063589906592948,,
RFE,Random Forest,20,"['return_5d', 'return_10d', 'return_20d', 'gap', 'sma_5', 'sma_20', 'sma_60', 'price_to_sma_20', 'price_to_sma_60', 'rsi_14', 'roc_10', 'roc_20', 'macd', 'macd_signal', 'macd_hist', 'volatility_5', 'volatility_20', 'atr_14', 'volume_sma_20', 'volume_ratio_20']",0.1063589906592948,,
RFE,Random Forest,20,"['return_5d', 'return_10d', 'return_20d', 'gap', 'sma_5', 'sma_20', 'sma_60', 'price_to_sma_20', 'price_to_sma_60', 'rsi_14', 'roc_10', 'roc_20', 'macd', 'macd_signal', 'macd_hist', 'volatility_5', 'volatility_20', 'atr_14', 'volume_sma_20', 'volume_ratio_20']",0.1063589906592948,,
RFE,Random Forest,25,"['return_1d', 'return_5d', 'return_10d', 'return_20d', 'intraday_return', 'high_low_range', 'gap', 'sma_5', 'sma_20', 'sma_60', 'price_to_sma_5', 'price_to_sma_20', 'price_to_sma_60', 'rsi_14', 'roc_10', 'roc_20', 'macd', 'macd_signal', 'macd_hist', 'volatility_5', 'volatility_20', 'atr_14', 'volume_change_1d', 'volume_sma_20', 'volume_ratio_20']",0.106363369152677,,
RFE,Random Forest,25,"['return_1d', 'return_5d', 'return_10d', 'return_20d', 'intraday_return', 'high_low_range', 'gap', 'sma_5', 'sma_20', 'sma_60', 'price_to_sma_5', 'price_to_sma_20', 'price_to_sma_60', 'rsi_14', 'roc_10', 'roc_20', 'macd', 'macd_signal', 'macd_hist', 'volatility_5', 'volatility_20', 'atr_14', 'volume_change_1d', 'volume_sma_20', 'volume_ratio_20']",0.106363369152677,,
RFE,Random Forest,25,"['return_1d', 'return_5d', 'return_10d', 'return_20d', 'intraday_return', 'high_low_range', 'gap', 'sma_5', 'sma_20', 'sma_60', 'price_to_sma_5', 'price_to_sma_20', 'price_to_sma_60', 'rsi_14', 'roc_10', 'roc_20', 'macd', 'macd_signal', 'macd_hist', 'volatility_5', 'volatility_20', 'atr_14', 'volume_change_1d', 'volume_sma_20', 'volume_ratio_20']",0.106363369152677,,
RFE,XGBoost,10,"['sma_5', 'sma_60', 'price_to_sma_20', 'price_to_sma_60', 'macd', 'macd_signal', 'macd_hist', 'volatility_20', 'atr_14', 'volume_sma_20']",0.1063746528070651,0.0791766127752408,-0.032587953191663
SFS,Random Forest,5,"['return_5d', 'high_low_range', 'gap', 'price_to_sma_5', 'volume_change_1d']",0.1063920995968944,0.0798279250457309,-0.0329266959634897
SFS,Random Forest,5,"['return_5d', 'high_low_range', 'gap', 'price_to_sma_5', 'volume_change_1d']",0.1063920995968944,0.0798279250457309,-0.0329266959634897
SFS,Random Forest,5,"['return_5d', 'high_low_range', 'gap', 'price_to_sma_5', 'volume_change_1d']",0.1063920995968944,0.0798279250457309,-0.0329266959634897
RFE,Random Forest,10,"['return_20d', 'sma_5', 'sma_20', 'sma_60', 'price_to_sma_60', 'macd_signal', 'macd_hist', 'volatility_20', 'atr_14', 'volume_sma_20']",0.106400711011707,,
RFE,Random Forest,10,"['return_20d', 'sma_5', 'sma_20', 'sma_60', 'price_to_sma_60', 'macd_signal', 'macd_hist', 'volatility_20', 'atr_14', 'volume_sma_20']",0.106400711011707,,
RFE,XGBoost,20,"['return_5d', 'return_10d', 'return_20d', 'gap', 'sma_5', 'sma_20', 'sma_60', 'price_to_sma_20', 'price_to_sma_60', 'rsi_14', 'roc_10', 'roc_20', 'macd', 'macd_signal', 'macd_hist', 'volatility_5', 'volatility_20', 'atr_14', 'volume_sma_20', 'volume_ratio_20']",0.1064126740526723,0.0784824571570832,-0.0333262361472088
RFE,XGBoost,20,"['return_5d', 'return_10d', 'return_20d', 'gap', 'sma_5', 'sma_20', 'sma_60', 'price_to_sma_20', 'price_to_sma_60', 'rsi_14', 'roc_10', 'roc_20', 'macd', 'macd_signal', 'macd_hist', 'volatility_5', 'volatility_20', 'atr_14', 'volume_sma_20', 'volume_ratio_20']",0.1064459603297665,0.079787382477844,-0.0339727937732452
RFE,XGBoost,20,"['return_5d', 'return_10d', 'return_20d', 'gap', 'sma_5', 'sma_20', 'sma_60', 'price_to_sma_20', 'price_to_sma_60', 'rsi_14', 'roc_10', 'roc_20', 'macd', 'macd_signal', 'macd_hist', 'volatility_5', 'volatility_20', 'atr_14', 'volume_sma_20', 'volume_ratio_20']",0.1064555961423279,0.0790780400028564,-0.0341599989795622
RFE,XGBoost,15,"['return_10d', 'return_20d', 'sma_5', 'sma_20', 'sma_60', 'price_to_sma_20', 'price_to_sma_60', 'rsi_14', 'macd', 'macd_signal', 'macd_hist', 'volatility_20', 'atr_14', 'volume_sma_20', 'volume_ratio_20']",0.10646266867192,0.0790903844947101,-0.0342974153376123
RFE,XGBoost,20,"['return_5d', 'return_10d', 'return_20d', 'sma_5', 'sma_20', 'sma_60', 'price_to_sma_5', 'price_to_sma_20', 'price_to_sma_60', 'rsi_14', 'roc_10', 'roc_20', 'macd', 'macd_signal', 'macd_hist', 'volatility_5', 'volatility_20', 'atr_14', 'volume_sma_20', 'volume_ratio_20']",0.1064778120702562,0.0787540157934748,-0.034591676075234
RFE,XGBoost,25,"['return_1d', 'return_5d', 'return_10d', 'return_20d', 'intraday_return', 'high_low_range', 'gap', 'sma_5', 'sma_20', 'sma_60', 'price_to_sma_5', 'price_to_sma_20', 'price_to_sma_60', 'rsi_14', 'roc_10', 'roc_20', 'macd', 'macd_signal', 'macd_hist', 'volatility_5', 'volatility_20', 'atr_14', 'volume_change_1d', 'volume_sma_20', 'volume_ratio_20']",0.1064804987668569,0.0792557579696676,-0.0346438873097365
RFE,XGBoost,25,"['return_1d', 'return_5d', 'return_10d', 'return_20d', 'intraday_return', 'high_low_range', 'gap', 'sma_5', 'sma_20', 'sma_60', 'price_to_sma_5', 'price_to_sma_20', 'price_to_sma_60', 'rsi_14', 'roc_10', 'roc_20', 'macd', 'macd_signal', 'macd_hist', 'volatility_5', 'volatility_20', 'atr_14', 'volume_change_1d', 'volume_sma_20', 'volume_ratio_20']",0.1064804987668569,0.0792557579696676,-0.0346438873097365
RFE,Random Forest,10,"['return_20d', 'sma_5', 'sma_20', 'sma_60', 'price_to_sma_60', 'macd_signal', 'macd_hist', 'volatility_20', 'atr_14', 'volume_sma_20']",0.1064822703549961,,
RFE,Random Forest,10,"['return_20d', 'sma_5', 'sma_20', 'sma_60', 'price_to_sma_60', 'macd_signal', 'macd_hist', 'volatility_20', 'atr_14', 'volume_sma_20']",0.1064822703549961,,
RFE,Random Forest,10,"['return_20d', 'sma_5', 'sma_20', 'sma_60', 'price_to_sma_60', 'macd_signal', 'macd_hist', 'volatility_20', 'atr_14', 'volume_sma_20']",0.1064822703549961,,
RFE,Random Forest,10,"['return_20d', 'sma_5', 'sma_20', 'sma_60', 'price_to_sma_60', 'macd_signal', 'macd_hist', 'volatility_20', 'atr_14', 'volume_sma_20']",0.1064822703549961,,
RFE,Random Forest,10,"['return_20d', 'sma_5', 'sma_20', 'sma_60', 'price_to_sma_60', 'macd_signal', 'macd_hist', 'volatility_20', 'atr_14', 'volume_sma_20']",0.1064822703549961,,
RFE,Random Forest,10,"['return_20d', 'sma_5', 'sma_20', 'sma_60', 'price_to_sma_60', 'macd_signal', 'macd_hist', 'volatility_20', 'atr_14', 'volume_sma_20']",0.1064822703549961,,
RFE,XGBoost,5,"['sma_5', 'sma_60', 'macd_hist', 'volatility_20', 'atr_14']",0.1065079952804188,0.0806308846501298,-0.0351783095414404
RFE,XGBoost,5,"['sma_5', 'sma_60', 'macd_hist', 'volatility_20', 'atr_14']",0.1065099191420488,0.0797777694880791,-0.0352157068806986
RFE,XGBoost,10,"['sma_5', 'sma_60', 'price_to_sma_20', 'price_to_sma_60', 'macd', 'macd_signal', 'macd_hist', 'volatility_20', 'atr_14', 'volume_sma_20']",0.1065204302476568,0.0795871715257989,-0.0354200408737619
RFE,Random Forest,20,"['return_5d', 'return_20d', 'high_low_range', 'gap', 'sma_5', 'sma_20', 'sma_60', 'price_to_sma_5', 'price_to_sma_20', 'price_to_sma_60', 'rsi_14', 'roc_10', 'roc_20', 'macd', 'macd_signal', 'macd_hist', 'volatility_5', 'volatility_20', 'atr_14', 'volume_sma_20']",0.1065336215248298,,
RFE,Random Forest,15,"['return_5d', 'return_20d', 'sma_5', 'sma_20', 'sma_60', 'price_to_sma_20', 'price_to_sma_60', 'rsi_14', 'roc_20', 'macd', 'macd_signal', 'macd_hist', 'volatility_20', 'atr_14', 'volume_sma_20']",0.1065394727619948,,
RFE,Random Forest,15,"['return_5d', 'return_20d', 'sma_5', 'sma_20', 'sma_60', 'price_to_sma_20', 'price_to_sma_60', 'rsi_14', 'roc_20', 'macd', 'macd_signal', 'macd_hist', 'volatility_20', 'atr_14', 'volume_sma_20']",0.1065394727619948,,
RFE,Random Forest,15,"['return_5d', 'return_20d', 'sma_5', 'sma_20', 'sma_60', 'price_to_sma_20', 'price_to_sma_60', 'rsi_14', 'roc_20', 'macd', 'macd_signal', 'macd_hist', 'volatility_20', 'atr_14', 'volume_sma_20']",0.1065394727619948,,
RFE,Random Forest,10,"['return_20d', 'sma_5', 'sma_20', 'sma_60', 'price_to_sma_60', 'macd_signal', 'macd_hist', 'volatility_20', 'atr_14', 'volume_sma_20']",0.1065499934696112,,
RFE,Random Forest,10,"['return_20d', 'sma_5', 'sma_20', 'sma_60', 'price_to_sma_60', 'macd_signal', 'macd_hist', 'volatility_20', 'atr_14', 'volume_sma_20']",0.1065499934696112,,
RFE,XGBoost,15,"['return_10d', 'return_20d', 'sma_5', 'sma_20', 'sma_60', 'price_to_sma_20', 'price_to_sma_60', 'rsi_14', 'macd', 'macd_signal', 'macd_hist', 'volatility_20', 'atr_14', 'volume_sma_20', 'volume_ratio_20']",0.1065529848651771,0.0793628127860689,-0.0360530246905663
RFE,XGBoost,10,"['sma_5', 'sma_60', 'price_to_sma_20', 'price_to_sma_60', 'macd', 'macd_signal', 'macd_hist', 'volatility_20', 'atr_14', 'volume_sma_20']",0.1065569458593902,0.0794027626091791,-0.0361300544672118
RFE,XGBoost,20,"['return_5d', 'return_10d', 'return_20d', 'sma_5', 'sma_20', 'sma_60', 'price_to_sma_5', 'price_to_sma_20', 'price_to_sma_60', 'rsi_14', 'roc_10', 'roc_20', 'macd', 'macd_signal', 'macd_hist', 'volatility_5', 'volatility_20', 'atr_14', 'volume_sma_20', 'volume_ratio_20']",0.1065598042378992,0.0798478740727764,-0.0361856433653227
RFE,XGBoost,10,"['sma_5', 'sma_20', 'sma_60', 'price_to_sma_60', 'rsi_14', 'macd', 'macd_hist', 'volatility_20', 'atr_14', 'volume_sma_20']",0.1065682773268067,0.0798776406108705,-0.0363504342487475
RFE,XGBoost,10,"['sma_5', 'sma_60', 'price_to_sma_20', 'price_to_sma_60', 'macd', 'macd_signal', 'macd_hist', 'volatility_20', 'atr_14', 'volume_sma_20']",0.1065872810873886,0.0787685890527648,-0.0367200810524441
RFE,XGBoost,15,"['return_10d', 'return_20d', 'sma_5', 'sma_20', 'sma_60', 'price_to_sma_20', 'price_to_sma_60', 'rsi_14', 'macd', 'macd_signal', 'macd_hist', 'volatility_20', 'atr_14', 'volume_sma_20', 'volume_ratio_20']",0.1066012805661802,0.0787626340784601,-0.0369924305066093
RFE,XGBoost,5,"['sma_5', 'sma_60', 'macd_hist', 'volatility_20', 'atr_14']",0.1066049013836564,0.0800885464953926,-0.0370628766412566
RFE,Random Forest,10,"['sma_5', 'sma_20', 'sma_60', 'price_to_sma_20', 'price_to_sma_60', 'roc_20', 'macd_hist', 'volatility_20', 'atr_14', 'volume_sma_20']",0.1066090311570344,,
RFE,Random Forest,10,"['sma_5', 'sma_20', 'sma_60', 'price_to_sma_20', 'roc_20', 'macd_signal', 'macd_hist', 'volatility_20', 'atr_14', 'volume_sma_20']",0.1066316570066166,,
RFE,Random Forest,10,"['sma_5', 'sma_20', 'sma_60', 'price_to_sma_20', 'roc_20', 'macd_signal', 'macd_hist', 'volatility_20', 'atr_14', 'volume_sma_20']",0.1066316570066166,,
RFE,XGBoost,20,"['return_5d', 'return_10d', 'return_20d', 'sma_5', 'sma_20', 'sma_60', 'price_to_sma_5', 'price_to_sma_20', 'price_to_sma_60', 'rsi_14', 'roc_10', 'roc_20', 'macd', 'macd_signal', 'macd_hist', 'volatility_5', 'volatility_20', 'atr_14', 'volume_sma_20', 'volume_ratio_20']",0.1066369539114359,0.079603789441839,-0.0376865906240524
RFE,Random Forest,20,"['return_5d', 'return_10d', 'return_20d', 'sma_5', 'sma_20', 'sma_60', 'price_to_sma_5', 'price_to_sma_20', 'price_to_sma_60', 'rsi_14', 'roc_10', 'roc_20', 'macd', 'macd_signal', 'macd_hist', 'volatility_5', 'volatility_20', 'atr_14', 'volume_sma_20', 'volume_ratio_20']",0.1066512889862293,,
RFE,Random Forest,20,"['return_5d', 'return_10d', 'return_20d', 'sma_5', 'sma_20', 'sma_60', 'price_to_sma_5', 'price_to_sma_20', 'price_to_sma_60', 'rsi_14', 'roc_10', 'roc_20', 'macd', 'macd_signal', 'macd_hist', 'volatility_5', 'volatility_20', 'atr_14', 'volume_sma_20', 'volume_ratio_20']",0.1066512889862293,,
RFE,Random Forest,20,"['return_5d', 'return_10d', 'return_20d', 'sma_5', 'sma_20', 'sma_60', 'price_to_sma_5', 'price_to_sma_20', 'price_to_sma_60', 'rsi_14', 'roc_10', 'roc_20', 'macd', 'macd_signal', 'macd_hist', 'volatility_5', 'volatility_20', 'atr_14', 'volume_sma_20', 'volume_ratio_20']",0.1066512889862293,,
RFE,Random Forest,20,"['return_5d', 'return_10d', 'return_20d', 'sma_5', 'sma_20', 'sma_60', 'price_to_sma_5', 'price_to_sma_20', 'price_to_sma_60', 'rsi_14', 'roc_10', 'roc_20', 'macd', 'macd_signal', 'macd_hist', 'volatility_5', 'volatility_20', 'atr_14', 'volume_sma_20', 'volume_ratio_20']",0.1066512889862293,,
RFE,Random Forest,20,"['return_5d', 'return_10d', 'return_20d', 'sma_5', 'sma_20', 'sma_60', 'price_to_sma_5', 'price_to_sma_20', 'price_to_sma_60', 'rsi_14', 'roc_10', 'roc_20', 'macd', 'macd_signal', 'macd_hist', 'volatility_5', 'volatility_20', 'atr_14', 'volume_sma_20', 'volume_ratio_20']",0.1066512889862293,,
RFE,Random Forest,20,"['return_5d', 'return_10d', 'return_20d', 'sma_5', 'sma_20', 'sma_60', 'price_to_sma_5', 'price_to_sma_20', 'price_to_sma_60', 'rsi_14', 'roc_10', 'roc_20', 'macd', 'macd_signal', 'macd_hist', 'volatility_5', 'volatility_20', 'atr_14', 'volume_sma_20', 'volume_ratio_20']",0.1066512889862293,,
RFE,Random Forest,15,"['return_5d', 'return_20d', 'sma_5', 'sma_20', 'sma_60', 'price_to_sma_20', 'price_to_sma_60', 'rsi_14', 'roc_20', 'macd', 'macd_signal', 'macd_hist', 'volatility_20', 'atr_14', 'volume_sma_20']",0.1066523601361738,,
RFE,Random Forest,15,"['return_5d', 'return_20d', 'sma_5', 'sma_20', 'sma_60', 'price_to_sma_20', 'price_to_sma_60', 'rsi_14', 'roc_20', 'macd', 'macd_signal', 'macd_hist', 'volatility_20', 'atr_14', 'volume_sma_20']",0.1066523601361738,,
RFE,Random Forest,15,"['return_5d', 'return_20d', 'sma_5', 'sma_20', 'sma_60', 'price_to_sma_20', 'price_to_sma_60', 'rsi_14', 'roc_20', 'macd', 'macd_signal', 'macd_hist', 'volatility_20', 'atr_14', 'volume_sma_20']",0.1066523601361738,,
RFE,Random Forest,15,"['return_5d', 'return_20d', 'sma_5', 'sma_20', 'sma_60', 'price_to_sma_20', 'price_to_sma_60', 'rsi_14', 'roc_20', 'macd', 'macd_signal', 'macd_hist', 'volatility_20', 'atr_14', 'volume_sma_20']",0.1066523601361738,,
RFE,Random Forest,15,"['return_5d', 'return_20d', 'sma_5', 'sma_20', 'sma_60', 'price_to_sma_20', 'price_to_sma_60', 'rsi_14', 'roc_20', 'macd', 'macd_signal', 'macd_hist', 'volatility_20', 'atr_14', 'volume_sma_20']",0.1066523601361738,,
RFE,Random Forest,15,"['return_5d', 'return_20d', 'sma_5', 'sma_20', 'sma_60', 'price_to_sma_20', 'price_to_sma_60', 'rsi_14', 'roc_20', 'macd', 'macd_signal', 'macd_hist', 'volatility_20', 'atr_14', 'volume_sma_20']",0.1066523601361738,,
RFE,XGBoost,10,"['sma_5', 'sma_60', 'price_to_sma_20', 'price_to_sma_60', 'macd', 'macd_signal', 'macd_hist', 'volatility_20', 'atr_14', 'volume_sma_20']",0.106683988579948,0.0791201961960289,-0.038602183329861
RFE,XGBoost,5,"['sma_5', 'sma_60', 'macd_hist', 'volatility_20', 'atr_14']",0.1066883984223936,0.0804313950537207,-0.0386880475108517
RFE,XGBoost,10,"['sma_5', 'sma_60', 'price_to_sma_20', 'price_to_sma_60', 'macd', 'macd_signal', 'macd_hist', 'volatility_20', 'atr_14', 'volume_sma_20']",0.1067300349371427,0.0795797640322927,-0.0394989283519906
RFE,XGBoost,10,"['sma_5', 'sma_60', 'price_to_sma_20', 'price_to_sma_60', 'macd', 'macd_signal', 'macd_hist', 'volatility_20', 'atr_14', 'volume_sma_20']",0.106745011978999,0.0791823756774862,-0.0397906871116089
RFE,Random Forest,15,"['return_20d', 'sma_5', 'sma_20', 'sma_60', 'price_to_sma_20', 'price_to_sma_60', 'rsi_14', 'roc_10', 'roc_20', 'macd', 'macd_signal', 'macd_hist', 'volatility_20', 'atr_14', 'volume_sma_20']",0.1067450922291146,,
RFE,Random Forest,15,"['return_20d', 'sma_5', 'sma_20', 'sma_60', 'price_to_sma_20', 'price_to_sma_60', 'rsi_14', 'roc_10', 'roc_20', 'macd', 'macd_signal', 'macd_hist', 'volatility_20', 'atr_14', 'volume_sma_20']",0.1067450922291146,,
RFE,XGBoost,5,"['sma_5', 'sma_60', 'macd_hist', 'volatility_20', 'atr_14']",0.1067498563473323,0.0805851177208149,-0.0398850661047553
RFE,Random Forest,20,"['return_5d', 'return_10d', 'return_20d', 'sma_5', 'sma_20', 'sma_60', 'price_to_sma_5', 'price_to_sma_20', 'price_to_sma_60', 'rsi_14', 'roc_10', 'roc_20', 'macd', 'macd_signal', 'macd_hist', 'volatility_5', 'volatility_20', 'atr_14', 'volume_sma_20', 'volume_ratio_20']",0.1067544462962727,,
RFE,Random Forest,20,"['return_5d', 'return_10d', 'return_20d', 'sma_5', 'sma_20', 'sma_60', 'price_to_sma_5', 'price_to_sma_20', 'price_to_sma_60', 'rsi_14', 'roc_10', 'roc_20', 'macd', 'macd_signal', 'macd_hist', 'volatility_5', 'volatility_20', 'atr_14', 'volume_sma_20', 'volume_ratio_20']",0.1067544462962727,,
RFE,Random Forest,20,"['return_5d', 'return_10d', 'return_20d', 'sma_5', 'sma_20', 'sma_60', 'price_to_sma_5', 'price_to_sma_20', 'price_to_sma_60', 'rsi_14', 'roc_10', 'roc_20', 'macd', 'macd_signal', 'macd_hist', 'volatility_5', 'volatility_20', 'atr_14', 'volume_sma_20', 'volume_ratio_20']",0.1067544462962727,,
RFE,Random Forest,20,"['return_5d', 'return_10d', 'return_20d', 'sma_5', 'sma_20', 'sma_60', 'price_to_sma_5', 'price_to_sma_20', 'price_to_sma_60', 'rsi_14', 'roc_10', 'roc_20', 'macd', 'macd_signal', 'macd_hist', 'volatility_5', 'volatility_20', 'atr_14', 'volume_sma_20', 'volume_ratio_20']",0.1067544462962727,,
RFE,Random Forest,20,"['return_5d', 'return_10d', 'return_20d', 'sma_5', 'sma_20', 'sma_60', 'price_to_sma_5', 'price_to_sma_20', 'price_to_sma_60', 'rsi_14', 'roc_10', 'roc_20', 'macd', 'macd_signal', 'macd_hist', 'volatility_5', 'volatility_20', 'atr_14', 'volume_sma_20', 'volume_ratio_20']",0.1067544462962727,,
RFE,Random Forest,20,"['return_5d', 'return_10d', 'return_20d', 'sma_5', 'sma_20', 'sma_60', 'price_to_sma_5', 'price_to_sma_20', 'price_to_sma_60', 'rsi_14', 'roc_10', 'roc_20', 'macd', 'macd_signal', 'macd_hist', 'volatility_5', 'volatility_20', 'atr_14', 'volume_sma_20', 'volume_ratio_20']",0.1067544462962727,,
RFE,Random Forest,10,"['return_20d', 'sma_5', 'sma_20', 'sma_60', 'price_to_sma_60', 'roc_20', 'macd_signal', 'volatility_20', 'atr_14', 'volume_sma_20']",0.1067597189935611,,
RFE,Random Forest,10,"['return_20d', 'sma_5', 'sma_20', 'sma_60', 'price_to_sma_60', 'roc_20', 'macd_signal', 'volatility_20', 'atr_14', 'volume_sma_20']",0.1067597189935611,,
RFE,Random Forest,10,"['return_20d', 'sma_5', 'sma_20', 'sma_60', 'price_to_sma_60', 'roc_20', 'macd_signal', 'volatility_20', 'atr_14', 'volume_sma_20']",0.1067597189935611,,
RFE,Random Forest,10,"['return_20d', 'sma_5', 'sma_20', 'sma_60', 'price_to_sma_60', 'roc_20', 'macd_signal', 'volatility_20', 'atr_14', 'volume_sma_20']",0.1067597189935611,,
RFE,XGBoost,20,"['return_5d', 'return_10d', 'return_20d', 'gap', 'sma_5', 'sma_20', 'sma_60', 'price_to_sma_20', 'price_to_sma_60', 'rsi_14', 'roc_10', 'roc_20', 'macd', 'macd_signal', 'macd_hist', 'volatility_5', 'volatility_20', 'atr_14', 'volume_sma_20', 'volume_ratio_20']",0.1067674047980821,0.0797903254441628,-0.0402269845373179
RFE,XGBoost,15,"['return_10d', 'return_20d', 'sma_5', 'sma_20', 'sma_60', 'price_to_sma_20', 'price_to_sma_60', 'rsi_14', 'roc_10', 'macd', 'macd_signal', 'macd_hist', 'volatility_20', 'atr_14', 'volume_sma_20']",0.1067927864041619,0.0795458092465504,-0.0407216255736544
RFE,XGBoost,5,"['sma_5', 'sma_60', 'macd_hist', 'volatility_20', 'atr_14']",0.1067946459866057,0.0806266818436054,-0.0407578700538051
RFE,Random Forest,25,"['return_1d', 'return_5d', 'return_10d', 'return_20d', 'intraday_return', 'high_low_range', 'gap', 'sma_5', 'sma_20', 'sma_60', 'price_to_sma_5', 'price_to_sma_20', 'price_to_sma_60', 'rsi_14', 'roc_10', 'roc_20', 'macd', 'macd_signal', 'macd_hist', 'volatility_5', 'volatility_20', 'atr_14', 'volume_change_1d', 'volume_sma_20', 'volume_ratio_20']",0.1068039301565258,,
RFE,Random Forest,25,"['return_1d', 'return_5d', 'return_10d', 'return_20d', 'intraday_return', 'high_low_range', 'gap', 'sma_5', 'sma_20', 'sma_60', 'price_to_sma_5', 'price_to_sma_20', 'price_to_sma_60', 'rsi_14', 'roc_10', 'roc_20', 'macd', 'macd_signal', 'macd_hist', 'volatility_5', 'volatility_20', 'atr_14', 'volume_change_1d', 'volume_sma_20', 'volume_ratio_20']",0.1068039301565258,,
RFE,Random Forest,25,"['return_1d', 'return_5d', 'return_10d', 'return_20d', 'intraday_return', 'high_low_range', 'gap', 'sma_5', 'sma_20', 'sma_60', 'price_to_sma_5', 'price_to_sma_20', 'price_to_sma_60', 'rsi_14', 'roc_10', 'roc_20', 'macd', 'macd_signal', 'macd_hist', 'volatility_5', 'volatility_20', 'atr_14', 'volume_change_1d', 'volume_sma_20', 'volume_ratio_20']",0.1068039301565258,,
RFE,Random Forest,20,"['return_5d', 'return_10d', 'return_20d', 'gap', 'sma_5', 'sma_20', 'sma_60', 'price_to_sma_20', 'price_to_sma_60', 'rsi_14', 'roc_10', 'roc_20', 'macd', 'macd_signal', 'macd_hist', 'volatility_5', 'volatility_20', 'atr_14', 'volume_sma_20', 'volume_ratio_20']",0.1068054046117397,,
RFE,Random Forest,20,"['return_5d', 'return_10d', 'return_20d', 'gap', 'sma_5', 'sma_20', 'sma_60', 'price_to_sma_20', 'price_to_sma_60', 'rsi_14', 'roc_10', 'roc_20', 'macd', 'macd_signal', 'macd_hist', 'volatility_5', 'volatility_20', 'atr_14', 'volume_sma_20', 'volume_ratio_20']",0.1068054046117397,,
RFE,Random Forest,20,"['return_5d', 'return_10d', 'return_20d', 'gap', 'sma_5', 'sma_20', 'sma_60', 'price_to_sma_20', 'price_to_sma_60', 'rsi_14', 'roc_10', 'roc_20', 'macd', 'macd_signal', 'macd_hist', 'volatility_5', 'volatility_20', 'atr_14', 'volume_sma_20', 'volume_ratio_20']",0.1068054046117397,,
RFE,Random Forest,20,"['return_5d', 'return_10d', 'return_20d', 'gap', 'sma_5', 'sma_20', 'sma_60', 'price_to_sma_20', 'price_to_sma_60', 'rsi_14', 'roc_10', 'roc_20', 'macd', 'macd_signal', 'macd_hist', 'volatility_5', 'volatility_20', 'atr_14', 'volume_sma_20', 'volume_ratio_20']",0.1068096101128158,,
RFE,Random Forest,20,"['return_5d', 'return_10d', 'return_20d', 'gap', 'sma_5', 'sma_20', 'sma_60', 'price_to_sma_20', 'price_to_sma_60', 'rsi_14', 'roc_10', 'roc_20', 'macd', 'macd_signal', 'macd_hist', 'volatility_5', 'volatility_20', 'atr_14', 'volume_sma_20', 'volume_ratio_20']",0.1068096101128158,,
RFE,Random Forest,20,"['return_5d', 'return_10d', 'return_20d', 'sma_5', 'sma_20', 'sma_60', 'price_to_sma_5', 'price_to_sma_20', 'price_to_sma_60', 'rsi_14', 'roc_10', 'roc_20', 'macd', 'macd_signal', 'macd_hist', 'volatility_5', 'volatility_20', 'atr_14', 'volume_sma_20', 'volume_ratio_20']",0.1068266529579399,,
RFE,Random Forest,20,"['return_5d', 'return_10d', 'return_20d', 'sma_5', 'sma_20', 'sma_60', 'price_to_sma_5', 'price_to_sma_20', 'price_to_sma_60', 'rsi_14', 'roc_10', 'roc_20', 'macd', 'macd_signal', 'macd_hist', 'volatility_5', 'volatility_20', 'atr_14', 'volume_sma_20', 'volume_ratio_20']",0.1068266529579399,,
RFE,Random Forest,20,"['return_5d', 'return_10d', 'return_20d', 'sma_5', 'sma_20', 'sma_60', 'price_to_sma_5', 'price_to_sma_20', 'price_to_sma_60', 'rsi_14', 'roc_10', 'roc_20', 'macd', 'macd_signal', 'macd_hist', 'volatility_5', 'volatility_20', 'atr_14', 'volume_sma_20', 'volume_ratio_20']",0.1068266529579399,,
RFE,Random Forest,20,"['return_5d', 'return_10d', 'return_20d', 'sma_5', 'sma_20', 'sma_60', 'price_to_sma_5', 'price_to_sma_20', 'price_to_sma_60', 'rsi_14', 'roc_10', 'roc_20', 'macd', 'macd_signal', 'macd_hist', 'volatility_5', 'volatility_20', 'atr_14', 'volume_sma_20', 'volume_ratio_20']",0.1068266529579399,,
RFE,Random Forest,20,"['return_5d', 'return_10d', 'return_20d', 'sma_5', 'sma_20', 'sma_60', 'price_to_sma_5', 'price_to_sma_20', 'price_to_sma_60', 'rsi_14', 'roc_10', 'roc_20', 'macd', 'macd_signal', 'macd_hist', 'volatility_5', 'volatility_20', 'atr_14', 'volume_sma_20', 'volume_ratio_20']",0.1068266529579399,,
RFE,Random Forest,20,"['return_5d', 'return_10d', 'return_20d', 'sma_5', 'sma_20', 'sma_60', 'price_to_sma_5', 'price_to_sma_20', 'price_to_sma_60', 'rsi_14', 'roc_10', 'roc_20', 'macd', 'macd_signal', 'macd_hist', 'volatility_5', 'volatility_20', 'atr_14', 'volume_sma_20', 'volume_ratio_20']",0.1068266529579399,,
RFE,Random Forest,15,"['return_5d', 'return_20d', 'sma_5', 'sma_20', 'sma_60', 'price_to_sma_20', 'price_to_sma_60', 'rsi_14', 'roc_20', 'macd', 'macd_signal', 'macd_hist', 'volatility_20', 'atr_14', 'volume_sma_20']",0.1068279268911063,,
RFE,Random Forest,15,"['return_5d', 'return_20d', 'sma_5', 'sma_20', 'sma_60', 'price_to_sma_20', 'price_to_sma_60', 'rsi_14', 'roc_20', 'macd', 'macd_signal', 'macd_hist', 'volatility_20', 'atr_14', 'volume_sma_20']",0.1068279268911063,,
RFE,Random Forest,15,"['return_5d', 'return_20d', 'sma_5', 'sma_20', 'sma_60', 'price_to_sma_20', 'price_to_sma_60', 'rsi_14', 'roc_20', 'macd', 'macd_signal', 'macd_hist', 'volatility_20', 'atr_14', 'volume_sma_20']",0.1068279268911063,,
RFE,Random Forest,15,"['return_5d', 'return_20d', 'sma_5', 'sma_20', 'sma_60', 'price_to_sma_20', 'price_to_sma_60', 'rsi_14', 'roc_20', 'macd', 'macd_signal', 'macd_hist', 'volatility_20', 'atr_14', 'volume_sma_20']",0.1068279268911063,,
RFE,Random Forest,15,"['return_5d', 'return_20d', 'sma_5', 'sma_20', 'sma_60', 'price_to_sma_20', 'price_to_sma_60', 'rsi_14', 'roc_20', 'macd', 'macd_signal', 'macd_hist', 'volatility_20', 'atr_14', 'volume_sma_20']",0.1068279268911063,,
RFE,Random Forest,15,"['return_5d', 'return_20d', 'sma_5', 'sma_20', 'sma_60', 'price_to_sma_20', 'price_to_sma_60', 'rsi_14', 'roc_20', 'macd', 'macd_signal', 'macd_hist', 'volatility_20', 'atr_14', 'volume_sma_20']",0.1068279268911063,,
RFE,XGBoost,20,"['return_5d', 'return_10d', 'return_20d', 'sma_5', 'sma_20', 'sma_60', 'price_to_sma_5', 'price_to_sma_20', 'price_to_sma_60', 'rsi_14', 'roc_10', 'roc_20', 'macd', 'macd_signal', 'macd_hist', 'volatility_5', 'volatility_20', 'atr_14', 'volume_sma_20', 'volume_ratio_20']",0.1068340836010618,0.0797711246016405,-0.0415266836190548
RFE,Random Forest,5,"['sma_5', 'sma_20', 'sma_60', 'volatility_20', 'volume_sma_20']",0.1068440097427495,,
RFE,XGBoost,10,"['sma_5', 'sma_60', 'price_to_sma_20', 'price_to_sma_60', 'macd', 'macd_signal', 'macd_hist', 'volatility_20', 'atr_14', 'volume_sma_20']",0.1068584648426765,0.079736128078382,-0.0420021238622916
RFE,Random Forest,15,"['return_5d', 'sma_5', 'sma_20', 'sma_60', 'price_to_sma_20', 'price_to_sma_60', 'rsi_14', 'roc_20', 'macd', 'macd_signal', 'macd_hist', 'volatility_5', 'volatility_20', 'atr_14', 'volume_sma_20']",0.1068669247877858,,
RFE,XGBoost,15,"['return_10d', 'return_20d', 'sma_5', 'sma_20', 'sma_60', 'price_to_sma_20', 'price_to_sma_60', 'rsi_14', 'roc_10', 'macd', 'macd_signal', 'macd_hist', 'volatility_20', 'atr_14', 'volume_sma_20']",0.1069006548100504,0.0794391968252096,-0.0428250949622752
RFE,XGBoost,5,"['sma_5', 'sma_60', 'macd_hist', 'volatility_20', 'atr_14']",0.1069034932334793,0.0800500809914878,-0.0428804738275157
RFE,XGBoost,5,"['sma_5', 'sma_60', 'macd_hist', 'volatility_20', 'atr_14']",0.1069081195316165,0.0802219946908345,-0.0429707380507407
RFE,Random Forest,20,"['return_5d', 'return_10d', 'return_20d', 'gap', 'sma_5', 'sma_20', 'sma_60', 'price_to_sma_5', 'price_to_sma_20', 'price_to_sma_60', 'rsi_14', 'roc_20', 'macd', 'macd_signal', 'macd_hist', 'volatility_5', 'volatility_20', 'atr_14', 'volume_sma_20', 'volume_ratio_20']",0.1069345251978621,,
RFE,Random Forest,20,"['return_5d', 'return_10d', 'return_20d', 'gap', 'sma_5', 'sma_20', 'sma_60', 'price_to_sma_5', 'price_to_sma_20', 'price_to_sma_60', 'rsi_14', 'roc_20', 'macd', 'macd_signal', 'macd_hist', 'volatility_5', 'volatility_20', 'atr_14', 'volume_sma_20', 'volume_ratio_20']",0.1069345251978621,,
RFE,XGBoost,25,"['return_1d', 'return_5d', 'return_10d', 'return_20d', 'intraday_return', 'high_low_range', 'gap', 'sma_5', 'sma_20', 'sma_60', 'price_to_sma_5', 'price_to_sma_20', 'price_to_sma_60', 'rsi_14', 'roc_10', 'roc_20', 'macd', 'macd_signal', 'macd_hist', 'volatility_5', 'volatility_20', 'atr_14', 'volume_change_1d', 'volume_sma_20', 'volume_ratio_20']",0.106994293553014,0.0802229480761488,-0.0446528031000605
RFE,XGBoost,25,"['return_1d', 'return_5d', 'return_10d', 'return_20d', 'intraday_return', 'high_low_range', 'gap', 'sma_5', 'sma_20', 'sma_60', 'price_to_sma_5', 'price_to_sma_20', 'price_to_sma_60', 'rsi_14', 'roc_10', 'roc_20', 'macd', 'macd_signal', 'macd_hist', 'volatility_5', 'volatility_20', 'atr_14', 'volume_change_1d', 'volume_sma_20', 'volume_ratio_20']",0.106994293553014,0.0802229480761488,-0.0446528031000605
RFE,Random Forest,15,"['return_5d', 'return_20d', 'sma_5', 'sma_20', 'sma_60', 'price_to_sma_20', 'price_to_sma_60', 'rsi_14', 'roc_20', 'macd', 'macd_signal', 'macd_hist', 'volatility_20', 'atr_14', 'volume_sma_20']",0.107019209317788,,
RFE,Random Forest,15,"['return_5d', 'return_20d', 'sma_5', 'sma_20', 'sma_60', 'price_to_sma_20', 'price_to_sma_60', 'rsi_14', 'roc_20', 'macd', 'macd_signal', 'macd_hist', 'volatility_20', 'atr_14', 'volume_sma_20']",0.107019209317788,,
RFE,Random Forest,15,"['return_5d', 'return_20d', 'sma_5', 'sma_20', 'sma_60', 'price_to_sma_20', 'price_to_sma_60', 'rsi_14', 'roc_20', 'macd', 'macd_signal', 'macd_hist', 'volatility_20', 'atr_14', 'volume_sma_20']",0.107019209317788,,
RFE,Random Forest,15,"['return_20d', 'sma_5', 'sma_20', 'sma_60', 'price_to_sma_20', 'price_to_sma_60', 'rsi_14', 'roc_20', 'macd', 'macd_signal', 'macd_hist', 'volatility_5', 'volatility_20', 'atr_14', 'volume_sma_20']",0.1070308300370241,,
RFE,Random Forest,15,"['return_20d', 'sma_5', 'sma_20', 'sma_60', 'price_to_sma_20', 'price_to_sma_60', 'rsi_14', 'roc_20', 'macd', 'macd_signal', 'macd_hist', 'volatility_5', 'volatility_20', 'atr_14', 'volume_sma_20']",0.1070308300370241,,
RFE,Random Forest,15,"['return_20d', 'sma_5', 'sma_20', 'sma_60', 'price_to_sma_20', 'price_to_sma_60', 'rsi_14', 'roc_20', 'macd', 'macd_signal', 'macd_hist', 'volatility_5', 'volatility_20', 'atr_14', 'volume_sma_20']",0.1070308300370241,,
RFE,Random Forest,15,"['return_20d', 'sma_5', 'sma_20', 'sma_60', 'price_to_sma_20', 'price_to_sma_60', 'rsi_14', 'roc_20', 'macd', 'macd_signal', 'macd_hist', 'volatility_5', 'volatility_20', 'atr_14', 'volume_sma_20']",0.1070308300370241,,
RFE,XGBoost,15,"['return_10d', 'return_20d', 'sma_5', 'sma_20', 'sma_60', 'price_to_sma_20', 'price_to_sma_60', 'rsi_14', 'macd', 'macd_signal', 'macd_hist', 'volatility_20', 'atr_14', 'volume_sma_20', 'volume_ratio_20']",0.1070330917887461,0.079569755809103,-0.0454105637801609
RFE,XGBoost,20,"['return_5d', 'return_10d', 'return_20d', 'sma_5', 'sma_20', 'sma_60', 'price_to_sma_5', 'price_to_sma_20', 'price_to_sma_60', 'rsi_14', 'roc_10', 'roc_20', 'macd', 'macd_signal', 'macd_hist', 'volatility_5', 'volatility_20', 'atr_14', 'volume_sma_20', 'volume_ratio_20']",0.1070353368663005,0.0804138193862838,-0.0454544203551279
RFE,XGBoost,5,"['sma_5', 'sma_60', 'price_to_sma_60', 'volatility_20', 'atr_14']",0.107040814196113,0.0810960260844657,-0.045561421376437
RFE,Random Forest,5,"['return_20d', 'sma_5', 'sma_60', 'volatility_20', 'volume_sma_20']",0.1070451370328983,,
RFE,Random Forest,5,"['return_20d', 'sma_5', 'sma_60', 'volatility_20', 'volume_sma_20']",0.1070451370328983,,
RFE,Random Forest,5,"['return_20d', 'sma_5', 'sma_60', 'volatility_20', 'volume_sma_20']",0.1070451370328983,,
RFE,Random Forest,5,"['return_20d', 'sma_5', 'sma_60', 'volatility_20', 'volume_sma_20']",0.1070451370328983,,
RFE,Random Forest,5,"['return_20d', 'sma_5', 'sma_60', 'volatility_20', 'volume_sma_20']",0.1070451370328983,,
RFE,Random Forest,5,"['return_20d', 'sma_5', 'sma_60', 'volatility_20', 'volume_sma_20']",0.1070451370328983,,
RFE,Random Forest,5,"['sma_5', 'sma_20', 'sma_60', 'volatility_20', 'volume_sma_20']",0.1070503685567908,,
RFE,XGBoost,20,"['return_5d', 'return_10d', 'return_20d', 'gap', 'sma_5', 'sma_20', 'sma_60', 'price_to_sma_20', 'price_to_sma_60', 'rsi_14', 'roc_10', 'roc_20', 'macd', 'macd_signal', 'macd_hist', 'volatility_5', 'volatility_20', 'atr_14', 'volume_sma_20', 'volume_ratio_20']",0.1070665105888606,0.0790149826029596,-0.0460634799979837
RFE,Random Forest,25,"['return_1d', 'return_5d', 'return_10d', 'return_20d', 'intraday_return', 'high_low_range', 'gap', 'sma_5', 'sma_20', 'sma_60', 'price_to_sma_5', 'price_to_sma_20', 'price_to_sma_60', 'rsi_14', 'roc_10', 'roc_20', 'macd', 'macd_signal', 'macd_hist', 'volatility_5', 'volatility_20', 'atr_14', 'volume_change_1d', 'volume_sma_20', 'volume_ratio_20']",0.1070777711348267,,
RFE,Random Forest,25,"['return_1d', 'return_5d', 'return_10d', 'return_20d', 'intraday_return', 'high_low_range', 'gap', 'sma_5', 'sma_20', 'sma_60', 'price_to_sma_5', 'price_to_sma_20', 'price_to_sma_60', 'rsi_14', 'roc_10', 'roc_20', 'macd', 'macd_signal', 'macd_hist', 'volatility_5', 'volatility_20', 'atr_14', 'volume_change_1d', 'volume_sma_20', 'volume_ratio_20']",0.1070777711348267,,
RFE,Random Forest,25,"['return_1d', 'return_5d', 'return_10d', 'return_20d', 'intraday_return', 'high_low_range', 'gap', 'sma_5', 'sma_20', 'sma_60', 'price_to_sma_5', 'price_to_sma_20', 'price_to_sma_60', 'rsi_14', 'roc_10', 'roc_20', 'macd', 'macd_signal', 'macd_hist', 'volatility_5', 'volatility_20', 'atr_14', 'volume_change_1d', 'volume_sma_20', 'volume_ratio_20']",0.1070777711348267,,
RFE,XGBoost,20,"['return_5d', 'return_10d', 'return_20d', 'sma_5', 'sma_20', 'sma_60', 'price_to_sma_5', 'price_to_sma_20', 'price_to_sma_60', 'rsi_14', 'roc_10', 'roc_20', 'macd', 'macd_signal', 'macd_hist', 'volatility_5', 'volatility_20', 'atr_14', 'volume_sma_20', 'volume_ratio_20']",0.1070848973651193,0.0797758555493194,-0.0464227965868953
RFE,Random Forest,10,"['sma_5', 'sma_20', 'sma_60', 'price_to_sma_20', 'roc_20', 'macd_signal', 'macd_hist', 'volatility_20', 'atr_14', 'volume_sma_20']",0.1071053966684237,,
RFE,Random Forest,10,"['sma_5', 'sma_20', 'sma_60', 'price_to_sma_20', 'roc_20', 'macd_signal', 'macd_hist', 'volatility_20', 'atr_14', 'volume_sma_20']",0.1071053966684237,,
RFE,Random Forest,15,"['return_5d', 'return_20d', 'sma_5', 'sma_20', 'sma_60', 'price_to_sma_20', 'price_to_sma_60', 'rsi_14', 'macd', 'macd_signal', 'macd_hist', 'volatility_5', 'volatility_20', 'atr_14', 'volume_sma_20']",0.1071064468584295,,
RFE,Random Forest,15,"['return_5d', 'return_20d', 'sma_5', 'sma_20', 'sma_60', 'price_to_sma_20', 'price_to_sma_60', 'rsi_14', 'macd', 'macd_signal', 'macd_hist', 'volatility_5', 'volatility_20', 'atr_14', 'volume_sma_20']",0.1071064468584295,,
RFE,Random Forest,15,"['return_20d', 'sma_5', 'sma_20', 'sma_60', 'price_to_sma_20', 'price_to_sma_60', 'rsi_14', 'roc_20', 'macd', 'macd_signal', 'macd_hist', 'volatility_5', 'volatility_20', 'atr_14', 'volume_sma_20']",0.1071145656812482,,
RFE,Random Forest,15,"['return_20d', 'sma_5', 'sma_20', 'sma_60', 'price_to_sma_20', 'price_to_sma_60', 'rsi_14', 'roc_20', 'macd', 'macd_signal', 'macd_hist', 'volatility_5', 'volatility_20', 'atr_14', 'volume_sma_20']",0.1071145656812482,,
RFE,Random Forest,15,"['return_20d', 'sma_5', 'sma_20', 'sma_60', 'price_to_sma_20', 'price_to_sma_60', 'rsi_14', 'roc_20', 'macd', 'macd_signal', 'macd_hist', 'volatility_5', 'volatility_20', 'atr_14', 'volume_sma_20']",0.1071145656812482,,
RFE,Random Forest,15,"['return_20d', 'sma_5', 'sma_20', 'sma_60', 'price_to_sma_20', 'price_to_sma_60', 'rsi_14', 'roc_20', 'macd', 'macd_signal', 'macd_hist', 'volatility_5', 'volatility_20', 'atr_14', 'volume_sma_20']",0.1071145656812482,,
RFE,Random Forest,5,"['sma_5', 'sma_60', 'price_to_sma_60', 'volatility_20', 'volume_sma_20']",0.1071283914121357,,
RFE,XGBoost,15,"['return_10d', 'return_20d', 'sma_5', 'sma_20', 'sma_60', 'price_to_sma_20', 'price_to_sma_60', 'rsi_14', 'roc_10', 'macd', 'macd_signal', 'macd_hist', 'volatility_20', 'atr_14', 'volume_sma_20']",0.1071285431753237,0.0795628385643858,-0.0472759753155467
RFE,Random Forest,5,"['sma_5', 'sma_20', 'sma_60', 'volatility_20', 'volume_sma_20']",0.1071448896566634,,
RFE,Random Forest,5,"['sma_5', 'sma_20', 'sma_60', 'volatility_20', 'volume_sma_20']",0.1071448896566634,,
RFE,Random Forest,5,"['sma_5', 'sma_20', 'sma_60', 'volatility_20', 'volume_sma_20']",0.1071448896566634,,
RFE,Random Forest,5,"['sma_5', 'sma_20', 'sma_60', 'volatility_20', 'volume_sma_20']",0.1071448896566634,,
RFE,Random Forest,5,"['sma_5', 'sma_20', 'sma_60', 'volatility_20', 'volume_sma_20']",0.1071448896566634,,
RFE,Random Forest,5,"['sma_5', 'sma_20', 'sma_60', 'volatility_20', 'volume_sma_20']",0.1071448896566634,,
RFE,XGBoost,5,"['sma_5', 'sma_60', 'price_to_sma_60', 'volatility_20', 'atr_14']",0.1071666265041567,0.0818981763256085,-0.0480207039068323
RFE,XGBoost,20,"['return_5d', 'return_10d', 'return_20d', 'gap', 'sma_5', 'sma_20', 'sma_60', 'price_to_sma_20', 'price_to_sma_60', 'rsi_14', 'roc_10', 'roc_20', 'macd', 'macd_signal', 'macd_hist', 'volatility_5', 'volatility_20', 'atr_14', 'volume_sma_20', 'volume_ratio_20']",0.107173687225565,0.0796375520405653,-0.0481588070874725
RFE,XGBoost,10,"['sma_5', 'sma_20', 'sma_60', 'price_to_sma_60', 'rsi_14', 'macd', 'macd_hist', 'volatility_20', 'atr_14', 'volume_sma_20']",0.107182696324166,0.0805946103094451,-0.0483350324871636
RFE,XGBoost,5,"['sma_5', 'sma_60', 'macd_hist', 'volatility_20', 'atr_14']",0.1071959803960428,0.0809130338683418,-0.0485949069145545
RFE,Random Forest,15,"['return_5d', 'return_20d', 'sma_5', 'sma_20', 'sma_60', 'price_to_sma_20', 'price_to_sma_60', 'rsi_14', 'roc_20', 'macd', 'macd_signal', 'macd_hist', 'volatility_20', 'atr_14', 'volume_sma_20']",0.1071961554033378,,
RFE,Random Forest,15,"['return_5d', 'return_20d', 'sma_5', 'sma_20', 'sma_60', 'price_to_sma_20', 'price_to_sma_60', 'rsi_14', 'roc_20', 'macd', 'macd_signal', 'macd_hist', 'volatility_20', 'atr_14', 'volume_sma_20']",0.1071961554033378,,
RFE,Random Forest,15,"['return_5d', 'return_20d', 'sma_5', 'sma_20', 'sma_60', 'price_to_sma_20', 'price_to_sma_60', 'rsi_14', 'roc_20', 'macd', 'macd_signal', 'macd_hist', 'volatility_20', 'atr_14', 'volume_sma_20']",0.1071961554033378,,
RFE,Random Forest,15,"['return_5d', 'return_20d', 'sma_5', 'sma_20', 'sma_60', 'price_to_sma_20', 'price_to_sma_60', 'rsi_14', 'roc_20', 'macd', 'macd_signal', 'macd_hist', 'volatility_20', 'atr_14', 'volume_sma_20']",0.1071988660472284,,
RFE,Random Forest,15,"['return_5d', 'return_20d', 'sma_5', 'sma_20', 'sma_60', 'price_to_sma_20', 'price_to_sma_60', 'rsi_14', 'roc_20', 'macd', 'macd_signal', 'macd_hist', 'volatility_20', 'atr_14', 'volume_sma_20']",0.1071988660472284,,
RFE,Random Forest,15,"['return_5d', 'return_20d', 'sma_5', 'sma_20', 'sma_60', 'price_to_sma_20', 'price_to_sma_60', 'rsi_14', 'roc_20', 'macd', 'macd_signal', 'macd_hist', 'volatility_20', 'atr_14', 'volume_sma_20']",0.1071988660472284,,
RFE,Random Forest,15,"['return_5d', 'return_20d', 'sma_5', 'sma_20', 'sma_60', 'price_to_sma_20', 'price_to_sma_60', 'rsi_14', 'roc_20', 'macd', 'macd_signal', 'macd_hist', 'volatility_20', 'atr_14', 'volume_sma_20']",0.1071988660472284,,
RFE,Random Forest,15,"['return_5d', 'return_20d', 'sma_5', 'sma_20', 'sma_60', 'price_to_sma_20', 'price_to_sma_60', 'rsi_14', 'roc_20', 'macd', 'macd_signal', 'macd_hist', 'volatility_20', 'atr_14', 'volume_sma_20']",0.1071988660472284,,
RFE,Random Forest,15,"['return_5d', 'return_20d', 'sma_5', 'sma_20', 'sma_60', 'price_to_sma_20', 'price_to_sma_60', 'rsi_14', 'roc_20', 'macd', 'macd_signal', 'macd_hist', 'volatility_20', 'atr_14', 'volume_sma_20']",0.1071988660472284,,
RFE,XGBoost,5,"['sma_5', 'sma_60', 'price_to_sma_60', 'volatility_20', 'atr_14']",0.1072272904353649,0.0811502007618869,-0.0492075482170115
RFE,Random Forest,15,"['return_5d', 'return_20d', 'sma_5', 'sma_20', 'sma_60', 'price_to_sma_20', 'price_to_sma_60', 'rsi_14', 'roc_20', 'macd', 'macd_signal', 'macd_hist', 'volatility_20', 'atr_14', 'volume_sma_20']",0.1072351773430794,,
RFE,Random Forest,15,"['return_5d', 'return_20d', 'sma_5', 'sma_20', 'sma_60', 'price_to_sma_20', 'price_to_sma_60', 'rsi_14', 'roc_20', 'macd', 'macd_signal', 'macd_hist', 'volatility_20', 'atr_14', 'volume_sma_20']",0.1072351773430794,,
RFE,Random Forest,15,"['return_5d', 'return_20d', 'sma_5', 'sma_20', 'sma_60', 'price_to_sma_20', 'price_to_sma_60', 'rsi_14', 'roc_20', 'macd', 'macd_signal', 'macd_hist', 'volatility_20', 'atr_14', 'volume_sma_20']",0.1072351773430794,,
RFE,Random Forest,15,"['return_5d', 'return_20d', 'sma_5', 'sma_20', 'sma_60', 'price_to_sma_20', 'price_to_sma_60', 'rsi_14', 'roc_20', 'macd', 'macd_signal', 'macd_hist', 'volatility_20', 'atr_14', 'volume_sma_20']",0.1072351773430794,,
RFE,Random Forest,15,"['return_5d', 'return_20d', 'sma_5', 'sma_20', 'sma_60', 'price_to_sma_20', 'price_to_sma_60', 'rsi_14', 'roc_20', 'macd', 'macd_signal', 'macd_hist', 'volatility_20', 'atr_14', 'volume_sma_20']",0.1072351773430794,,
RFE,Random Forest,15,"['return_5d', 'return_20d', 'sma_5', 'sma_20', 'sma_60', 'price_to_sma_20', 'price_to_sma_60', 'rsi_14', 'roc_20', 'macd', 'macd_signal', 'macd_hist', 'volatility_20', 'atr_14', 'volume_sma_20']",0.1072351773430794,,
RFE,XGBoost,5,"['sma_5', 'sma_60', 'price_to_sma_60', 'volatility_20', 'atr_14']",0.1072380869093813,0.0791039665306659,-0.0494188435368609
RFE,Random Forest,15,"['return_20d', 'sma_5', 'sma_20', 'sma_60', 'price_to_sma_20', 'price_to_sma_60', 'rsi_14', 'roc_10', 'roc_20', 'macd', 'macd_signal', 'macd_hist', 'volatility_20', 'atr_14', 'volume_sma_20']",0.1072610526956891,,
RFE,Random Forest,15,"['return_20d', 'sma_5', 'sma_20', 'sma_60', 'price_to_sma_20', 'price_to_sma_60', 'rsi_14', 'roc_10', 'roc_20', 'macd', 'macd_signal', 'macd_hist', 'volatility_20', 'atr_14', 'volume_sma_20']",0.1072610526956891,,
RFE,XGBoost,20,"['return_5d', 'return_10d', 'return_20d', 'gap', 'sma_5', 'sma_20', 'sma_60', 'price_to_sma_20', 'price_to_sma_60', 'rsi_14', 'roc_10', 'roc_20', 'macd', 'macd_signal', 'macd_hist', 'volatility_5', 'volatility_20', 'atr_14', 'volume_sma_20', 'volume_ratio_20']",0.1072784045363774,0.0807414327601001,-0.0502080786349949
RFE,XGBoost,15,"['return_10d', 'return_20d', 'sma_5', 'sma_20', 'sma_60', 'price_to_sma_20', 'price_to_sma_60', 'rsi_14', 'macd', 'macd_signal', 'macd_hist', 'volatility_20', 'atr_14', 'volume_sma_20', 'volume_ratio_20']",0.107282512326928,0.080204804097745,-0.0502885070760117
RFE,XGBoost,10,"['sma_5', 'sma_60', 'price_to_sma_20', 'price_to_sma_60', 'macd', 'macd_signal', 'macd_hist', 'volatility_20', 'atr_14', 'volume_sma_20']",0.1072826975187127,0.0797350296124797,-0.050292133109123
RFE,XGBoost,20,"['return_5d', 'return_10d', 'return_20d', 'gap', 'sma_5', 'sma_20', 'sma_60', 'price_to_sma_20', 'price_to_sma_60', 'rsi_14', 'roc_10', 'roc_20', 'macd', 'macd_signal', 'macd_hist', 'volatility_5', 'volatility_20', 'atr_14', 'volume_sma_20', 'volume_ratio_20']",0.1072937968284355,0.0801362543165995,-0.0505094677024782
RFE,XGBoost,15,"['return_10d', 'return_20d', 'sma_5', 'sma_20', 'sma_60', 'price_to_sma_20', 'price_to_sma_60', 'rsi_14', 'macd', 'macd_signal', 'macd_hist', 'volatility_20', 'atr_14', 'volume_sma_20', 'volume_ratio_20']",0.107297682518255,0.0797298026513967,-0.0505855583615728
RFE,Random Forest,5,"['sma_5', 'sma_20', 'sma_60', 'volatility_20', 'volume_sma_20']",0.1072978894155991,,
RFE,Random Forest,5,"['sma_5', 'sma_20', 'sma_60', 'volatility_20', 'volume_sma_20']",0.1072978894155991,,
RFE,Random Forest,5,"['sma_5', 'sma_20', 'sma_60', 'volatility_20', 'volume_sma_20']",0.1072978894155991,,
RFE,Random Forest,5,"['sma_5', 'sma_20', 'sma_60', 'volatility_20', 'volume_sma_20']",0.1072978894155991,,
RFE,Random Forest,5,"['sma_5', 'sma_20', 'sma_60', 'volatility_20', 'volume_sma_20']",0.1072978894155991,,
RFE,Random Forest,25,"['return_1d', 'return_5d', 'return_10d', 'return_20d', 'intraday_return', 'high_low_range', 'gap', 'sma_5', 'sma_20', 'sma_60', 'price_to_sma_5', 'price_to_sma_20', 'price_to_sma_60', 'rsi_14', 'roc_10', 'roc_20', 'macd', 'macd_signal', 'macd_hist', 'volatility_5', 'volatility_20', 'atr_14', 'volume_change_1d', 'volume_sma_20', 'volume_ratio_20']",0.1073012683042108,,
RFE,Random Forest,25,"['return_1d', 'return_5d', 'return_10d', 'return_20d', 'intraday_return', 'high_low_range', 'gap', 'sma_5', 'sma_20', 'sma_60', 'price_to_sma_5', 'price_to_sma_20', 'price_to_sma_60', 'rsi_14', 'roc_10', 'roc_20', 'macd', 'macd_signal', 'macd_hist', 'volatility_5', 'volatility_20', 'atr_14', 'volume_change_1d', 'volume_sma_20', 'volume_ratio_20']",0.1073012683042108,,
RFE,Random Forest,25,"['return_1d', 'return_5d', 'return_10d', 'return_20d', 'intraday_return', 'high_low_range', 'gap', 'sma_5', 'sma_20', 'sma_60', 'price_to_sma_5', 'price_to_sma_20', 'price_to_sma_60', 'rsi_14', 'roc_10', 'roc_20', 'macd', 'macd_signal', 'macd_hist', 'volatility_5', 'volatility_20', 'atr_14', 'volume_change_1d', 'volume_sma_20', 'volume_ratio_20']",0.1073012683042108,,
RFE,Random Forest,15,"['return_5d', 'return_20d', 'sma_5', 'sma_20', 'sma_60', 'price_to_sma_20', 'price_to_sma_60', 'rsi_14', 'macd', 'macd_signal', 'macd_hist', 'volatility_5', 'volatility_20', 'atr_14', 'volume_sma_20']",0.1073137080632967,,
RFE,Random Forest,15,"['return_5d', 'return_20d', 'sma_5', 'sma_20', 'sma_60', 'price_to_sma_20', 'price_to_sma_60', 'rsi_14', 'macd', 'macd_signal', 'macd_hist', 'volatility_5', 'volatility_20', 'atr_14', 'volume_sma_20']",0.1073137080632967,,
RFE,XGBoost,10,"['sma_5', 'sma_60', 'price_to_sma_20', 'price_to_sma_60', 'macd', 'macd_signal', 'macd_hist', 'volatility_20', 'atr_14', 'volume_sma_20']",0.1073277387727644,0.0793762188016077,-0.0511742213935568
RFE,XGBoost,20,"['return_5d', 'return_10d', 'return_20d', 'gap', 'sma_5', 'sma_20', 'sma_60', 'price_to_sma_20', 'price_to_sma_60', 'rsi_14', 'roc_10', 'roc_20', 'macd', 'macd_signal', 'macd_hist', 'volatility_5', 'volatility_20', 'atr_14', 'volume_sma_20', 'volume_ratio_20']",0.107337045461957,0.0798877683838986,-0.0513565298262381
RFE,Random Forest,20,"['return_5d', 'return_10d', 'return_20d', 'gap', 'sma_5', 'sma_20', 'sma_60', 'price_to_sma_5', 'price_to_sma_20', 'price_to_sma_60', 'rsi_14', 'roc_20', 'macd', 'macd_signal', 'macd_hist', 'volatility_5', 'volatility_20', 'atr_14', 'volume_sma_20', 'volume_ratio_20']",0.1073635394498631,,
RFE,Random Forest,20,"['return_5d', 'return_10d', 'return_20d', 'gap', 'sma_5', 'sma_20', 'sma_60', 'price_to_sma_5', 'price_to_sma_20', 'price_to_sma_60', 'rsi_14', 'roc_20', 'macd', 'macd_signal', 'macd_hist', 'volatility_5', 'volatility_20', 'atr_14', 'volume_sma_20', 'volume_ratio_20']",0.1073635394498631,,
RFE,XGBoost,15,"['return_10d', 'return_20d', 'sma_5', 'sma_20', 'sma_60', 'price_to_sma_20', 'price_to_sma_60', 'rsi_14', 'macd', 'macd_signal', 'macd_hist', 'volatility_20', 'atr_14', 'volume_sma_20', 'volume_ratio_20']",0.107365449028993,0.0793197769999442,-0.0519130241219041
RFE,XGBoost,5,"['sma_5', 'sma_60', 'macd_hist', 'volatility_20', 'atr_14']",0.1073786573402524,0.0808047013079446,-0.0521718569102833
RFE,Random Forest,5,"['sma_5', 'sma_60', 'price_to_sma_60', 'volatility_20', 'volume_sma_20']",0.1073872170767873,,
RFE,XGBoost,5,"['sma_5', 'sma_60', 'macd_hist', 'volatility_20', 'atr_14']",0.1073883227778139,0.0805633358692565,-0.052361282990655
RFE,Random Forest,10,"['sma_5', 'sma_60', 'price_to_sma_60', 'rsi_14', 'roc_20', 'macd_signal', 'macd_hist', 'volatility_20', 'atr_14', 'volume_sma_20']",0.1074092354266626,,
RFE,XGBoost,15,"['return_10d', 'return_20d', 'sma_5', 'sma_20', 'sma_60', 'price_to_sma_20', 'price_to_sma_60', 'rsi_14', 'roc_10', 'macd', 'macd_signal', 'macd_hist', 'volatility_20', 'atr_14', 'volume_sma_20']",0.1074104802680903,0.0801317355589398,-0.0527955963287758
RFE,XGBoost,25,"['return_1d', 'return_5d', 'return_10d', 'return_20d', 'intraday_return', 'high_low_range', 'gap', 'sma_5', 'sma_20', 'sma_60', 'price_to_sma_5', 'price_to_sma_20', 'price_to_sma_60', 'rsi_14', 'roc_10', 'roc_20', 'macd', 'macd_signal', 'macd_hist', 'volatility_5', 'volatility_20', 'atr_14', 'volume_change_1d', 'volume_sma_20', 'volume_ratio_20']",0.1074177766566252,0.0797835915270457,-0.0529386338909396
RFE,XGBoost,25,"['return_1d', 'return_5d', 'return_10d', 'return_20d', 'intraday_return', 'high_low_range', 'gap', 'sma_5', 'sma_20', 'sma_60', 'price_to_sma_5', 'price_to_sma_20', 'price_to_sma_60', 'rsi_14', 'roc_10', 'roc_20', 'macd', 'macd_signal', 'macd_hist', 'volatility_5', 'volatility_20', 'atr_14', 'volume_change_1d', 'volume_sma_20', 'volume_ratio_20']",0.1074177766566252,0.0797835915270457,-0.0529386338909396
RFE,XGBoost,5,"['sma_5', 'sma_60', 'price_to_sma_60', 'volatility_20', 'atr_14']",0.1074210437176086,0.0806679731463771,-0.0530026841282265
RFE,XGBoost,25,"['return_1d', 'return_5d', 'return_10d', 'return_20d', 'intraday_return', 'high_low_range', 'gap', 'sma_5', 'sma_20', 'sma_60', 'price_to_sma_5', 'price_to_sma_20', 'price_to_sma_60', 'rsi_14', 'roc_10', 'roc_20', 'macd', 'macd_signal', 'macd_hist', 'volatility_5', 'volatility_20', 'atr_14', 'volume_change_1d', 'volume_sma_20', 'volume_ratio_20']",0.1074307846349498,0.0805849600049659,-0.0531936649046573
RFE,XGBoost,25,"['return_1d', 'return_5d', 'return_10d', 'return_20d', 'intraday_return', 'high_low_range', 'gap', 'sma_5', 'sma_20', 'sma_60', 'price_to_sma_5', 'price_to_sma_20', 'price_to_sma_60', 'rsi_14', 'roc_10', 'roc_20', 'macd', 'macd_signal', 'macd_hist', 'volatility_5', 'volatility_20', 'atr_14', 'volume_change_1d', 'volume_sma_20', 'volume_ratio_20']",0.1074307846349498,0.0805849600049659,-0.0531936649046573
RFE,XGBoost,20,"['return_5d', 'return_10d', 'return_20d', 'sma_5', 'sma_20', 'sma_60', 'price_to_sma_5', 'price_to_sma_20', 'price_to_sma_60', 'rsi_14', 'roc_10', 'roc_20', 'macd', 'macd_signal', 'macd_hist', 'volatility_5', 'volatility_20', 'atr_14', 'volume_sma_20', 'volume_ratio_20']",0.1074625516129719,0.0805569347583824,-0.053816609745974
RFE,XGBoost,5,"['sma_5', 'sma_60', 'macd_hist', 'volatility_20', 'atr_14']",0.1074728390336678,0.0798599452666842,-0.0540183837322916
RFE,Random Forest,15,"['return_5d', 'return_20d', 'sma_5', 'sma_20', 'sma_60', 'price_to_sma_20', 'price_to_sma_60', 'rsi_14', 'macd', 'macd_signal', 'macd_hist', 'volatility_5', 'volatility_20', 'atr_14', 'volume_sma_20']",0.1074753656778412,,
RFE,Random Forest,15,"['return_5d', 'return_20d', 'sma_5', 'sma_20', 'sma_60', 'price_to_sma_20', 'price_to_sma_60', 'rsi_14', 'macd', 'macd_signal', 'macd_hist', 'volatility_5', 'volatility_20', 'atr_14', 'volume_sma_20']",0.1074753656778412,,
RFE,Random Forest,20,"['return_5d', 'return_20d', 'gap', 'sma_5', 'sma_20', 'sma_60', 'price_to_sma_5', 'price_to_sma_20', 'price_to_sma_60', 'rsi_14', 'roc_10', 'roc_20', 'macd', 'macd_signal', 'macd_hist', 'volatility_5', 'volatility_20', 'atr_14', 'volume_sma_20', 'volume_ratio_20']",0.1075160454072687,,
RFE,Random Forest,10,"['sma_5', 'sma_20', 'sma_60', 'price_to_sma_20', 'price_to_sma_60', 'macd_signal', 'macd_hist', 'volatility_20', 'atr_14', 'volume_sma_20']",0.1075229079399896,,
RFE,Random Forest,10,"['sma_5', 'sma_20', 'sma_60', 'price_to_sma_20', 'price_to_sma_60', 'macd_signal', 'macd_hist', 'volatility_20', 'atr_14', 'volume_sma_20']",0.1075229079399896,,
RFE,Random Forest,10,"['sma_5', 'sma_20', 'sma_60', 'price_to_sma_20', 'price_to_sma_60', 'macd_signal', 'macd_hist', 'volatility_20', 'atr_14', 'volume_sma_20']",0.1075290497728808,,
RFE,Random Forest,10,"['sma_5', 'sma_20', 'sma_60', 'price_to_sma_20', 'price_to_sma_60', 'macd_signal', 'macd_hist', 'volatility_20', 'atr_14', 'volume_sma_20']",0.1075290497728808,,
RFE,Random Forest,10,"['sma_5', 'sma_20', 'sma_60', 'price_to_sma_20', 'price_to_sma_60', 'macd_signal', 'macd_hist', 'volatility_20', 'atr_14', 'volume_sma_20']",0.1075290497728808,,
RFE,Random Forest,10,"['sma_5', 'sma_20', 'sma_60', 'price_to_sma_20', 'price_to_sma_60', 'macd_signal', 'macd_hist', 'volatility_20', 'atr_14', 'volume_sma_20']",0.1075290497728808,,
RFE,XGBoost,20,"['return_5d', 'return_10d', 'return_20d', 'gap', 'sma_5', 'sma_20', 'sma_60', 'price_to_sma_20', 'price_to_sma_60', 'rsi_14', 'roc_10', 'roc_20', 'macd', 'macd_signal', 'macd_hist', 'volatility_5', 'volatility_20', 'atr_14', 'volume_sma_20', 'volume_ratio_20']",0.1075566711541672,0.0808987976503614,-0.0556633585731913
RFE,Random Forest,20,"['return_5d', 'return_20d', 'high_low_range', 'sma_5', 'sma_20', 'sma_60', 'price_to_sma_5', 'price_to_sma_20', 'price_to_sma_60', 'rsi_14', 'roc_10', 'roc_20', 'macd', 'macd_signal', 'macd_hist', 'volatility_5', 'volatility_20', 'atr_14', 'volume_sma_20', 'volume_ratio_20']",0.107560158652845,,
RFE,XGBoost,5,"['sma_5', 'sma_60', 'macd_hist', 'volatility_20', 'atr_14']",0.1075668042041491,0.0806875138340087,-0.0558622787025491
RFE,XGBoost,25,"['return_1d', 'return_5d', 'return_10d', 'return_20d', 'intraday_return', 'high_low_range', 'gap', 'sma_5', 'sma_20', 'sma_60', 'price_to_sma_5', 'price_to_sma_20', 'price_to_sma_60', 'rsi_14', 'roc_10', 'roc_20', 'macd', 'macd_signal', 'macd_hist', 'volatility_5', 'volatility_20', 'atr_14', 'volume_change_1d', 'volume_sma_20', 'volume_ratio_20']",0.1075764014876724,0.0801697450828554,-0.056050698573991
RFE,XGBoost,25,"['return_1d', 'return_5d', 'return_10d', 'return_20d', 'intraday_return', 'high_low_range', 'gap', 'sma_5', 'sma_20', 'sma_60', 'price_to_sma_5', 'price_to_sma_20', 'price_to_sma_60', 'rsi_14', 'roc_10', 'roc_20', 'macd', 'macd_signal', 'macd_hist', 'volatility_5', 'volatility_20', 'atr_14', 'volume_change_1d', 'volume_sma_20', 'volume_ratio_20']",0.1075764014876724,0.0801697450828554,-0.056050698573991
RFE,XGBoost,20,"['return_5d', 'return_10d', 'return_20d', 'gap', 'sma_5', 'sma_20', 'sma_60', 'price_to_sma_20', 'price_to_sma_60', 'rsi_14', 'roc_10', 'roc_20', 'macd', 'macd_signal', 'macd_hist', 'volatility_5', 'volatility_20', 'atr_14', 'volume_sma_20', 'volume_ratio_20']",0.1075928773818765,0.0805778153299833,-0.0563742028322991
RFE,XGBoost,10,"['sma_5', 'sma_20', 'sma_60', 'price_to_sma_60', 'rsi_14', 'macd', 'macd_hist', 'volatility_20', 'atr_14', 'volume_sma_20']",0.107599100593315,0.0813053443668401,-0.0564964085080808
RFE,Random Forest,10,"['sma_5', 'sma_20', 'sma_60', 'price_to_sma_20', 'price_to_sma_60', 'roc_20', 'macd_hist', 'volatility_20', 'atr_14', 'volume_sma_20']",0.1076046430648501,,
RFE,XGBoost,15,"['return_10d', 'return_20d', 'sma_5', 'sma_20', 'sma_60', 'price_to_sma_20', 'price_to_sma_60', 'rsi_14', 'roc_10', 'macd', 'macd_signal', 'macd_hist', 'volatility_20', 'atr_14', 'volume_sma_20']",0.1076297243998066,0.0799125641470277,-0.0570978734929443
RFE,XGBoost,5,"['sma_5', 'sma_60', 'macd_hist', 'volatility_20', 'atr_14']",0.107639159939139,0.081280218782165,-0.0572832261141742
RFE,XGBoost,10,"['sma_5', 'sma_60', 'price_to_sma_20', 'price_to_sma_60', 'macd', 'macd_signal', 'macd_hist', 'volatility_20', 'atr_14', 'volume_sma_20']",0.1076543398947336,0.0802537327480025,-0.0575814566862877
RFE,XGBoost,10,"['sma_5', 'sma_20', 'sma_60', 'price_to_sma_60', 'rsi_14', 'macd', 'macd_hist', 'volatility_20', 'atr_14', 'volume_sma_20']",0.1076610100635369,0.0811279836647424,-0.0577125143916008
RFE,XGBoost,20,"['return_5d', 'return_10d', 'return_20d', 'gap', 'sma_5', 'sma_20', 'sma_60', 'price_to_sma_20', 'price_to_sma_60', 'rsi_14', 'roc_10', 'roc_20', 'macd', 'macd_signal', 'macd_hist', 'volatility_5', 'volatility_20', 'atr_14', 'volume_sma_20', 'volume_ratio_20']",0.107670480617793,0.0800815546614248,-0.0578986089551618
RFE,XGBoost,20,"['return_5d', 'return_10d', 'return_20d', 'gap', 'sma_5', 'sma_20', 'sma_60', 'price_to_sma_20', 'price_to_sma_60', 'rsi_14', 'roc_10', 'roc_20', 'macd', 'macd_signal', 'macd_hist', 'volatility_5', 'volatility_20', 'atr_14', 'volume_sma_20', 'volume_ratio_20']",0.1076723895148666,0.0801851672466648,-0.057936120396524
RFE,XGBoost,15,"['return_10d', 'return_20d', 'sma_5', 'sma_20', 'sma_60', 'price_to_sma_20', 'price_to_sma_60', 'rsi_14', 'roc_10', 'macd', 'macd_signal', 'macd_hist', 'volatility_20', 'atr_14', 'volume_sma_20']",0.1076995535868708,0.0801499766782361,-0.0584699894438591
RFE,XGBoost,20,"['return_5d', 'return_10d', 'return_20d', 'gap', 'sma_5', 'sma_20', 'sma_60', 'price_to_sma_20', 'price_to_sma_60', 'rsi_14', 'roc_10', 'roc_20', 'macd', 'macd_signal', 'macd_hist', 'volatility_5', 'volatility_20', 'atr_14', 'volume_sma_20', 'volume_ratio_20']",0.107705888908696,0.0802371367379349,-0.0585945200483348
RFE,XGBoost,15,"['return_10d', 'return_20d', 'sma_5', 'sma_20', 'sma_60', 'price_to_sma_20', 'price_to_sma_60', 'rsi_14', 'roc_10', 'macd', 'macd_signal', 'macd_hist', 'volatility_20', 'atr_14', 'volume_sma_20']",0.1077157456018233,0.0802646524735533,-0.0587882832469937
RFE,XGBoost,10,"['sma_5', 'sma_60', 'price_to_sma_20', 'price_to_sma_60', 'macd', 'macd_signal', 'macd_hist', 'volatility_20', 'atr_14', 'volume_sma_20']",0.1077279546335982,0.0796743463064976,-0.059028313380252
RFE,Random Forest,10,"['sma_5', 'sma_20', 'sma_60', 'price_to_sma_20', 'macd', 'macd_signal', 'macd_hist', 'volatility_20', 'atr_14', 'volume_sma_20']",0.1077371642669372,,
RFE,Random Forest,10,"['sma_5', 'sma_20', 'sma_60', 'price_to_sma_20', 'macd', 'macd_signal', 'macd_hist', 'volatility_20', 'atr_14', 'volume_sma_20']",0.1077371642669372,,
RFE,Random Forest,10,"['sma_5', 'sma_20', 'sma_60', 'price_to_sma_20', 'macd', 'macd_signal', 'macd_hist', 'volatility_20', 'atr_14', 'volume_sma_20']",0.1077371642669372,,
RFE,Random Forest,10,"['sma_5', 'sma_20', 'sma_60', 'price_to_sma_20', 'macd', 'macd_signal', 'macd_hist', 'volatility_20', 'atr_14', 'volume_sma_20']",0.1077371642669372,,
RFE,XGBoost,15,"['return_10d', 'return_20d', 'sma_5', 'sma_20', 'sma_60', 'price_to_sma_20', 'price_to_sma_60', 'rsi_14', 'roc_10', 'macd', 'macd_signal', 'macd_hist', 'volatility_20', 'atr_14', 'volume_sma_20']",0.1077398744922571,0.0808939230428639,-0.0592626846023467
RFE,Random Forest,10,"['sma_5', 'sma_20', 'sma_60', 'price_to_sma_60', 'roc_20', 'macd_signal', 'macd_hist', 'volatility_20', 'atr_14', 'volume_sma_20']",0.1077975576412019,,
RFE,Random Forest,5,"['sma_5', 'sma_60', 'price_to_sma_60', 'volatility_20', 'volume_sma_20']",0.1078099811110179,,
RFE,XGBoost,20,"['return_5d', 'return_10d', 'return_20d', 'sma_5', 'sma_20', 'sma_60', 'price_to_sma_5', 'price_to_sma_20', 'price_to_sma_60', 'rsi_14', 'roc_10', 'roc_20', 'macd', 'macd_signal', 'macd_hist', 'volatility_5', 'volatility_20', 'atr_14', 'volume_sma_20', 'volume_ratio_20']",0.1078219387113694,0.0801021693750891,-0.0608769554805719
RFE,XGBoost,20,"['return_5d', 'return_10d', 'return_20d', 'sma_5', 'sma_20', 'sma_60', 'price_to_sma_5', 'price_to_sma_20', 'price_to_sma_60', 'rsi_14', 'roc_10', 'roc_20', 'macd', 'macd_signal', 'macd_hist', 'volatility_5', 'volatility_20', 'atr_14', 'volume_sma_20', 'volume_ratio_20']",0.1078342889876373,0.080731197477072,-0.0611200020075226
RFE,Random Forest,10,"['return_20d', 'sma_5', 'sma_20', 'sma_60', 'price_to_sma_20', 'price_to_sma_60', 'macd_hist', 'volatility_20', 'atr_14', 'volume_sma_20']",0.107837771235533,,
RFE,Random Forest,10,"['return_20d', 'sma_5', 'sma_20', 'sma_60', 'price_to_sma_20', 'price_to_sma_60', 'macd_hist', 'volatility_20', 'atr_14', 'volume_sma_20']",0.107837771235533,,
RFE,XGBoost,15,"['return_10d', 'return_20d', 'sma_5', 'sma_20', 'sma_60', 'price_to_sma_20', 'price_to_sma_60', 'rsi_14', 'macd', 'macd_signal', 'macd_hist', 'volatility_20', 'atr_14', 'volume_sma_20', 'volume_ratio_20']",0.1078591043961713,0.0804017144565716,-0.0616084395248666
RFE,XGBoost,25,"['return_1d', 'return_5d', 'return_10d', 'return_20d', 'intraday_return', 'high_low_range', 'gap', 'sma_5', 'sma_20', 'sma_60', 'price_to_sma_5', 'price_to_sma_20', 'price_to_sma_60', 'rsi_14', 'roc_10', 'roc_20', 'macd', 'macd_signal', 'macd_hist', 'volatility_5', 'volatility_20', 'atr_14', 'volume_change_1d', 'volume_sma_20', 'volume_ratio_20']",0.1078713690877901,0.0809757752916577,-0.0618498848896269
RFE,XGBoost,25,"['return_1d', 'return_5d', 'return_10d', 'return_20d', 'intraday_return', 'high_low_range', 'gap', 'sma_5', 'sma_20', 'sma_60', 'price_to_sma_5', 'price_to_sma_20', 'price_to_sma_60', 'rsi_14', 'roc_10', 'roc_20', 'macd', 'macd_signal', 'macd_hist', 'volatility_5', 'volatility_20', 'atr_14', 'volume_change_1d', 'volume_sma_20', 'volume_ratio_20']",0.1078713690877901,0.0809757752916577,-0.0618498848896269
RFE,XGBoost,25,"['return_1d', 'return_5d', 'return_10d', 'return_20d', 'intraday_return', 'high_low_range', 'gap', 'sma_5', 'sma_20', 'sma_60', 'price_to_sma_5', 'price_to_sma_20', 'price_to_sma_60', 'rsi_14', 'roc_10', 'roc_20', 'macd', 'macd_signal', 'macd_hist', 'volatility_5', 'volatility_20', 'atr_14', 'volume_change_1d', 'volume_sma_20', 'volume_ratio_20']",0.1078772135423245,0.0802045576746495,-0.0619649497403902
RFE,XGBoost,25,"['return_1d', 'return_5d', 'return_10d', 'return_20d', 'intraday_return', 'high_low_range', 'gap', 'sma_5', 'sma_20', 'sma_60', 'price_to_sma_5', 'price_to_sma_20', 'price_to_sma_60', 'rsi_14', 'roc_10', 'roc_20', 'macd', 'macd_signal', 'macd_hist', 'volatility_5', 'volatility_20', 'atr_14', 'volume_change_1d', 'volume_sma_20', 'volume_ratio_20']",0.1078772135423245,0.0802045576746495,-0.0619649497403902
RFE,Random Forest,15,"['return_5d', 'sma_5', 'sma_20', 'sma_60', 'price_to_sma_20', 'price_to_sma_60', 'rsi_14', 'roc_20', 'macd', 'macd_signal', 'macd_hist', 'volatility_5', 'volatility_20', 'atr_14', 'volume_sma_20']",0.1078810881628023,,
RFE,XGBoost,5,"['sma_5', 'sma_60', 'price_to_sma_60', 'volatility_20', 'atr_14']",0.1079055544431414,0.0823624455332883,-0.0625230100718929
RFE,Random Forest,20,"['return_5d', 'return_10d', 'return_20d', 'high_low_range', 'sma_5', 'sma_20', 'sma_60', 'price_to_sma_5', 'price_to_sma_20', 'price_to_sma_60', 'rsi_14', 'roc_20', 'macd', 'macd_signal', 'macd_hist', 'volatility_5', 'volatility_20', 'atr_14', 'volume_sma_20', 'volume_ratio_20']",0.1079183843845646,,
RFE,Random Forest,20,"['return_5d', 'return_10d', 'return_20d', 'high_low_range', 'sma_5', 'sma_20', 'sma_60', 'price_to_sma_5', 'price_to_sma_20', 'price_to_sma_60', 'rsi_14', 'roc_20', 'macd', 'macd_signal', 'macd_hist', 'volatility_5', 'volatility_20', 'atr_14', 'volume_sma_20', 'volume_ratio_20']",0.1079183843845646,,
RFE,Random Forest,15,"['return_5d', 'sma_5', 'sma_20', 'sma_60', 'price_to_sma_20', 'price_to_sma_60', 'rsi_14', 'roc_20', 'macd', 'macd_signal', 'macd_hist', 'volatility_5', 'volatility_20', 'atr_14', 'volume_sma_20']",0.1079411113770602,,
SFS,Random Forest,10,"['return_5d', 'intraday_return', 'high_low_range', 'gap', 'price_to_sma_5', 'rsi_14', 'roc_10', 'volatility_20', 'volume_change_1d', 'volume_ratio_20']",0.1079420045700172,0.0803561754816622,-0.0632409645832048
SFS,Random Forest,10,"['return_5d', 'intraday_return', 'high_low_range', 'gap', 'price_to_sma_5', 'rsi_14', 'roc_10', 'volatility_20', 'volume_change_1d', 'volume_ratio_20']",0.1079420045700172,0.0803561754816622,-0.0632409645832048
SFS,Random Forest,10,"['return_5d', 'intraday_return', 'high_low_range', 'gap', 'price_to_sma_5', 'rsi_14', 'roc_10', 'volatility_20', 'volume_change_1d', 'volume_ratio_20']",0.1079420045700172,0.0803561754816622,-0.0632409645832048
RFE,XGBoost,25,"['return_1d', 'return_5d', 'return_10d', 'return_20d', 'intraday_return', 'high_low_range', 'gap', 'sma_5', 'sma_20', 'sma_60', 'price_to_sma_5', 'price_to_sma_20', 'price_to_sma_60', 'rsi_14', 'roc_10', 'roc_20', 'macd', 'macd_signal', 'macd_hist', 'volatility_5', 'volatility_20', 'atr_14', 'volume_change_1d', 'volume_sma_20', 'volume_ratio_20']",0.1079528632785968,0.0810960522042758,-0.0634548943606123
RFE,XGBoost,25,"['return_1d', 'return_5d', 'return_10d', 'return_20d', 'intraday_return', 'high_low_range', 'gap', 'sma_5', 'sma_20', 'sma_60', 'price_to_sma_5', 'price_to_sma_20', 'price_to_sma_60', 'rsi_14', 'roc_10', 'roc_20', 'macd', 'macd_signal', 'macd_hist', 'volatility_5', 'volatility_20', 'atr_14', 'volume_change_1d', 'volume_sma_20', 'volume_ratio_20']",0.1079528632785968,0.0810960522042758,-0.0634548943606123
RFE,XGBoost,10,"['sma_5', 'sma_20', 'sma_60', 'price_to_sma_60', 'rsi_14', 'macd', 'macd_hist', 'volatility_20', 'atr_14', 'volume_sma_20']",0.1079595678574753,0.0815830952868411,-0.06358699347159
RFE,XGBoost,5,"['sma_5', 'sma_60', 'macd_hist', 'volatility_20', 'atr_14']",0.1079725108851255,0.0816747063223848,-0.0638420308217297
RFE,XGBoost,5,"['sma_5', 'sma_60', 'price_to_sma_60', 'volatility_20', 'atr_14']",0.1080246158499875,0.0819353174087903,-0.0648690482751557
RFE,XGBoost,5,"['sma_5', 'sma_60', 'macd_hist', 'volatility_20', 'atr_14']",0.108027818938244,0.0817132156966206,-0.0649321990687969
RFE,XGBoost,10,"['sma_5', 'sma_60', 'price_to_sma_20', 'price_to_sma_60', 'macd', 'macd_signal', 'macd_hist', 'volatility_20', 'atr_14', 'volume_sma_20']",0.1080363954348274,0.0808854605308387,-0.0651012990286694
RFE,XGBoost,5,"['sma_5', 'sma_60', 'price_to_sma_60', 'volatility_20', 'atr_14']",0.1080676690468404,0.0821361397036132,-0.0657180242675095
RFE,XGBoost,15,"['return_10d', 'return_20d', 'sma_5', 'sma_20', 'sma_60', 'price_to_sma_20', 'price_to_sma_60', 'rsi_14', 'macd', 'macd_signal', 'macd_hist', 'volatility_20', 'atr_14', 'volume_sma_20', 'volume_ratio_20']",0.1080770541652583,0.0806616500336217,-0.0659031365078732
RFE,XGBoost,25,"['return_1d', 'return_5d', 'return_10d', 'return_20d', 'intraday_return', 'high_low_range', 'gap', 'sma_5', 'sma_20', 'sma_60', 'price_to_sma_5', 'price_to_sma_20', 'price_to_sma_60', 'rsi_14', 'roc_10', 'roc_20', 'macd', 'macd_signal', 'macd_hist', 'volatility_5', 'volatility_20', 'atr_14', 'volume_change_1d', 'volume_sma_20', 'volume_ratio_20']",0.1080866502738166,0.0811063075116565,-0.066092426942967
RFE,XGBoost,25,"['return_1d', 'return_5d', 'return_10d', 'return_20d', 'intraday_return', 'high_low_range', 'gap', 'sma_5', 'sma_20', 'sma_60', 'price_to_sma_5', 'price_to_sma_20', 'price_to_sma_60', 'rsi_14', 'roc_10', 'roc_20', 'macd', 'macd_signal', 'macd_hist', 'volatility_5', 'volatility_20', 'atr_14', 'volume_change_1d', 'volume_sma_20', 'volume_ratio_20']",0.1080866502738166,0.0811063075116565,-0.066092426942967
RFE,XGBoost,15,"['return_10d', 'return_20d', 'sma_5', 'sma_20', 'sma_60', 'price_to_sma_20', 'price_to_sma_60', 'rsi_14', 'roc_10', 'macd', 'macd_signal', 'macd_hist', 'volatility_20', 'atr_14', 'volume_sma_20']",0.1080993203408665,0.0804072505856846,-0.066342379257676
RFE,XGBoost,15,"['return_10d', 'return_20d', 'sma_5', 'sma_20', 'sma_60', 'price_to_sma_20', 'price_to_sma_60', 'rsi_14', 'macd', 'macd_signal', 'macd_hist', 'volatility_20', 'atr_14', 'volume_sma_20', 'volume_ratio_20']",0.1081951341063944,0.0803574960073689,-0.0682335208052438
RFE,XGBoost,25,"['return_1d', 'return_5d', 'return_10d', 'return_20d', 'intraday_return', 'high_low_range', 'gap', 'sma_5', 'sma_20', 'sma_60', 'price_to_sma_5', 'price_to_sma_20', 'price_to_sma_60', 'rsi_14', 'roc_10', 'roc_20', 'macd', 'macd_signal', 'macd_hist', 'volatility_5', 'volatility_20', 'atr_14', 'volume_change_1d', 'volume_sma_20', 'volume_ratio_20']",0.1082191362778775,0.0804027868312841,-0.0687075304427726
RFE,XGBoost,25,"['return_1d', 'return_5d', 'return_10d', 'return_20d', 'intraday_return', 'high_low_range', 'gap', 'sma_5', 'sma_20', 'sma_60', 'price_to_sma_5', 'price_to_sma_20', 'price_to_sma_60', 'rsi_14', 'roc_10', 'roc_20', 'macd', 'macd_signal', 'macd_hist', 'volatility_5', 'volatility_20', 'atr_14', 'volume_change_1d', 'volume_sma_20', 'volume_ratio_20']",0.1082191362778775,0.0804027868312841,-0.0687075304427726
RFE,XGBoost,15,"['return_10d', 'return_20d', 'sma_5', 'sma_20', 'sma_60', 'price_to_sma_20', 'price_to_sma_60', 'rsi_14', 'roc_10', 'macd', 'macd_signal', 'macd_hist', 'volatility_20', 'atr_14', 'volume_sma_20']",0.1082251686344906,0.0800649548716053,-0.0688266776627581
RFE,XGBoost,5,"['sma_5', 'sma_60', 'price_to_sma_60', 'volatility_20', 'atr_14']",0.108258617221871,0.0817203906199436,-0.0694874531112246
RFE,XGBoost,20,"['return_5d', 'return_10d', 'return_20d', 'gap', 'sma_5', 'sma_20', 'sma_60', 'price_to_sma_20', 'price_to_sma_60', 'rsi_14', 'roc_10', 'roc_20', 'macd', 'macd_signal', 'macd_hist', 'volatility_5', 'volatility_20', 'atr_14', 'volume_sma_20', 'volume_ratio_20']",0.1082686623703196,0.0803747250595184,-0.069685934468674
RFE,Random Forest,10,"['return_20d', 'sma_5', 'sma_20', 'sma_60', 'price_to_sma_20', 'price_to_sma_60', 'macd_hist', 'volatility_20', 'atr_14', 'volume_sma_20']",0.1082764577451513,,
RFE,Random Forest,10,"['return_20d', 'sma_5', 'sma_20', 'sma_60', 'price_to_sma_20', 'price_to_sma_60', 'macd_hist', 'volatility_20', 'atr_14', 'volume_sma_20']",0.1082764577451513,,
RFE,XGBoost,10,"['sma_5', 'sma_60', 'price_to_sma_20', 'price_to_sma_60', 'macd', 'macd_signal', 'macd_hist', 'volatility_20', 'atr_14', 'volume_sma_20']",0.1082778955742167,0.0807860596816385,-0.0698683889160527
RFE,XGBoost,5,"['sma_5', 'sma_60', 'macd_hist', 'volatility_20', 'atr_14']",0.1082871712686757,0.081938949235806,-0.070051698672813
RFE,XGBoost,5,"['sma_5', 'sma_60', 'price_to_sma_60', 'volatility_20', 'atr_14']",0.1082880783459859,0.0808973199484217,-0.0700696255180801
RFE,XGBoost,25,"['return_1d', 'return_5d', 'return_10d', 'return_20d', 'intraday_return', 'high_low_range', 'gap', 'sma_5', 'sma_20', 'sma_60', 'price_to_sma_5', 'price_to_sma_20', 'price_to_sma_60', 'rsi_14', 'roc_10', 'roc_20', 'macd', 'macd_signal', 'macd_hist', 'volatility_5', 'volatility_20', 'atr_14', 'volume_change_1d', 'volume_sma_20', 'volume_ratio_20']",0.1083348037010855,0.0804953054730609,-0.0709932760462799
RFE,XGBoost,25,"['return_1d', 'return_5d', 'return_10d', 'return_20d', 'intraday_return', 'high_low_range', 'gap', 'sma_5', 'sma_20', 'sma_60', 'price_to_sma_5', 'price_to_sma_20', 'price_to_sma_60', 'rsi_14', 'roc_10', 'roc_20', 'macd', 'macd_signal', 'macd_hist', 'volatility_5', 'volatility_20', 'atr_14', 'volume_change_1d', 'volume_sma_20', 'volume_ratio_20']",0.1083348037010855,0.0804953054730609,-0.0709932760462799
RFE,XGBoost,15,"['return_10d', 'return_20d', 'sma_5', 'sma_20', 'sma_60', 'price_to_sma_20', 'price_to_sma_60', 'rsi_14', 'macd', 'macd_signal', 'macd_hist', 'volatility_20', 'atr_14', 'volume_sma_20', 'volume_ratio_20']",0.1083652156634864,0.080459624600395,-0.0715946631874195
RFE,XGBoost,10,"['sma_5', 'sma_20', 'sma_60', 'price_to_sma_60', 'rsi_14', 'macd', 'macd_hist', 'volatility_20', 'atr_14', 'volume_sma_20']",0.1083900785637576,0.0820071539914317,-0.0720864447523284
RFE,XGBoost,15,"['return_10d', 'return_20d', 'sma_5', 'sma_20', 'sma_60', 'price_to_sma_20', 'price_to_sma_60', 'rsi_14', 'macd', 'macd_signal', 'macd_hist', 'volatility_20', 'atr_14', 'volume_sma_20', 'volume_ratio_20']",0.1084075460936958,0.0808343745781528,-0.072432015329686
RFE,XGBoost,20,"['return_5d', 'return_10d', 'return_20d', 'sma_5', 'sma_20', 'sma_60', 'price_to_sma_5', 'price_to_sma_20', 'price_to_sma_60', 'rsi_14', 'roc_10', 'roc_20', 'macd', 'macd_signal', 'macd_hist', 'volatility_5', 'volatility_20', 'atr_14', 'volume_sma_20', 'volume_ratio_20']",0.1084150096318679,0.0810074870859656,-0.0725796879429379
RFE,XGBoost,20,"['return_5d', 'return_10d', 'return_20d', 'gap', 'sma_5', 'sma_20', 'sma_60', 'price_to_sma_20', 'price_to_sma_60', 'rsi_14', 'roc_10', 'roc_20', 'macd', 'macd_signal', 'macd_hist', 'volatility_5', 'volatility_20', 'atr_14', 'volume_sma_20', 'volume_ratio_20']",0.1084190715104524,0.0817516614600263,-0.0726600600259805
RFE,Random Forest,10,"['return_20d', 'sma_5', 'sma_20', 'sma_60', 'price_to_sma_20', 'price_to_sma_60', 'macd_signal', 'volatility_20', 'atr_14', 'volume_sma_20']",0.1084600757087521,,
RFE,Random Forest,10,"['return_20d', 'sma_5', 'sma_20', 'sma_60', 'price_to_sma_20', 'price_to_sma_60', 'macd_signal', 'volatility_20', 'atr_14', 'volume_sma_20']",0.1084600757087521,,
RFE,XGBoost,20,"['return_5d', 'return_10d', 'return_20d', 'sma_5', 'sma_20', 'sma_60', 'price_to_sma_5', 'price_to_sma_20', 'price_to_sma_60', 'rsi_14', 'roc_10', 'roc_20', 'macd', 'macd_signal', 'macd_hist', 'volatility_5', 'volatility_20', 'atr_14', 'volume_sma_20', 'volume_ratio_20']",0.1084605608708731,0.0807589550065098,-0.0734811793091168
RFE,XGBoost,20,"['return_5d', 'return_10d', 'return_20d', 'gap', 'sma_5', 'sma_20', 'sma_60', 'price_to_sma_20', 'price_to_sma_60', 'rsi_14', 'roc_10', 'roc_20', 'macd', 'macd_signal', 'macd_hist', 'volatility_5', 'volatility_20', 'atr_14', 'volume_sma_20', 'volume_ratio_20']",0.1084685499573193,0.0813456184675175,-0.0736393280357199
RFE,XGBoost,5,"['sma_5', 'sma_60', 'price_to_sma_60', 'volatility_20', 'atr_14']",0.1084810484058089,0.0821490720364835,-0.0738867656375885
RFE,XGBoost,20,"['return_5d', 'return_10d', 'return_20d', 'sma_5', 'sma_20', 'sma_60', 'price_to_sma_5', 'price_to_sma_20', 'price_to_sma_60', 'rsi_14', 'roc_10', 'roc_20', 'macd', 'macd_signal', 'macd_hist', 'volatility_5', 'volatility_20', 'atr_14', 'volume_sma_20', 'volume_ratio_20']",0.1084830260547102,0.0808068250566583,-0.0739259206858107
RFE,XGBoost,10,"['sma_5', 'sma_20', 'sma_60', 'price_to_sma_60', 'rsi_14', 'macd', 'macd_hist', 'volatility_20', 'atr_14', 'volume_sma_20']",0.1085349762288768,0.0825257637326982,-0.0749547267417634
RFE,XGBoost,15,"['return_10d', 'return_20d', 'sma_5', 'sma_20', 'sma_60', 'price_to_sma_20', 'price_to_sma_60', 'rsi_14', 'macd', 'macd_signal', 'macd_hist', 'volatility_20', 'atr_14', 'volume_sma_20', 'volume_ratio_20']",0.1085355369679581,0.0811962340179866,-0.0749658341414953
RFE,XGBoost,20,"['return_5d', 'return_10d', 'return_20d', 'sma_5', 'sma_20', 'sma_60', 'price_to_sma_5', 'price_to_sma_20', 'price_to_sma_60', 'rsi_14', 'roc_10', 'roc_20', 'macd', 'macd_signal', 'macd_hist', 'volatility_5', 'volatility_20', 'atr_14', 'volume_sma_20', 'volume_ratio_20']",0.1085575016401445,0.0819986588231183,-0.0754009664854489
RFE,XGBoost,10,"['sma_5', 'sma_20', 'sma_60', 'price_to_sma_60', 'rsi_14', 'macd', 'macd_hist', 'volatility_20', 'atr_14', 'volume_sma_20']",0.1085649356935728,0.0821962079404562,-0.075548259152596
RFE,XGBoost,15,"['return_10d', 'return_20d', 'sma_5', 'sma_20', 'sma_60', 'price_to_sma_20', 'price_to_sma_60', 'rsi_14', 'roc_10', 'macd', 'macd_signal', 'macd_hist', 'volatility_20', 'atr_14', 'volume_sma_20']",0.1085730540128631,0.0806569200646298,-0.0757091208634919
RFE,XGBoost,5,"['sma_5', 'sma_60', 'macd_hist', 'volatility_20', 'atr_14']",0.1085733774780162,0.0819943357783034,-0.0757155304636816
RFE,XGBoost,15,"['return_10d', 'return_20d', 'sma_5', 'sma_20', 'sma_60', 'price_to_sma_20', 'price_to_sma_60', 'rsi_14', 'macd', 'macd_signal', 'macd_hist', 'volatility_20', 'atr_14', 'volume_sma_20', 'volume_ratio_20']",0.1085984464631309,0.0805390340946432,-0.0762123412016937
RFE,XGBoost,5,"['sma_5', 'sma_60', 'macd_hist', 'volatility_20', 'atr_14']",0.108611754506142,0.0821539292662316,-0.0764761232012343
RFE,XGBoost,15,"['return_10d', 'return_20d', 'sma_5', 'sma_20', 'sma_60', 'price_to_sma_20', 'price_to_sma_60', 'rsi_14', 'roc_10', 'macd', 'macd_signal', 'macd_hist', 'volatility_20', 'atr_14', 'volume_sma_20']",0.1086568091442927,0.0808004050530898,-0.0773694022378137
RFE,XGBoost,15,"['return_10d', 'return_20d', 'sma_5', 'sma_20', 'sma_60', 'price_to_sma_20', 'price_to_sma_60', 'rsi_14', 'roc_10', 'macd', 'macd_signal', 'macd_hist', 'volatility_20', 'atr_14', 'volume_sma_20']",0.1086610184237963,0.0811810947596638,-0.0774528767447231
RFE,XGBoost,10,"['sma_5', 'sma_60', 'price_to_sma_20', 'price_to_sma_60', 'macd', 'macd_signal', 'macd_hist', 'volatility_20', 'atr_14', 'volume_sma_20']",0.1087305253925112,0.0814962091463642,-0.0788317417140123
RFE,XGBoost,10,"['sma_5', 'sma_20', 'sma_60', 'price_to_sma_60', 'rsi_14', 'macd', 'macd_hist', 'volatility_20', 'atr_14', 'volume_sma_20']",0.1087433535195408,0.0817543141774585,-0.0790863198459266
RFE,XGBoost,25,"['return_1d', 'return_5d', 'return_10d', 'return_20d', 'intraday_return', 'high_low_range', 'gap', 'sma_5', 'sma_20', 'sma_60', 'price_to_sma_5', 'price_to_sma_20', 'price_to_sma_60', 'rsi_14', 'roc_10', 'roc_20', 'macd', 'macd_signal', 'macd_hist', 'volatility_5', 'volatility_20', 'atr_14', 'volume_change_1d', 'volume_sma_20', 'volume_ratio_20']",0.1087488775581436,0.081810427829884,-0.0791959553445105
RFE,XGBoost,25,"['return_1d', 'return_5d', 'return_10d', 'return_20d', 'intraday_return', 'high_low_range', 'gap', 'sma_5', 'sma_20', 'sma_60', 'price_to_sma_5', 'price_to_sma_20', 'price_to_sma_60', 'rsi_14', 'roc_10', 'roc_20', 'macd', 'macd_signal', 'macd_hist', 'volatility_5', 'volatility_20', 'atr_14', 'volume_change_1d', 'volume_sma_20', 'volume_ratio_20']",0.1087488775581436,0.081810427829884,-0.0791959553445105
RFE,XGBoost,10,"['sma_5', 'sma_60', 'price_to_sma_20', 'price_to_sma_60', 'macd', 'macd_signal', 'macd_hist', 'volatility_20', 'atr_14', 'volume_sma_20']",0.1087882188218314,0.0816216535639316,-0.0799769217924613
RFE,XGBoost,15,"['return_10d', 'return_20d', 'sma_5', 'sma_20', 'sma_60', 'price_to_sma_20', 'price_to_sma_60', 'rsi_14', 'roc_10', 'macd', 'macd_signal', 'macd_hist', 'volatility_20', 'atr_14', 'volume_sma_20']",0.108797643848704,0.0813414427220803,-0.0801640606673883
RFE,XGBoost,20,"['return_5d', 'return_10d', 'return_20d', 'gap', 'sma_5', 'sma_20', 'sma_60', 'price_to_sma_20', 'price_to_sma_60', 'rsi_14', 'roc_10', 'roc_20', 'macd', 'macd_signal', 'macd_hist', 'volatility_5', 'volatility_20', 'atr_14', 'volume_sma_20', 'volume_ratio_20']",0.1088181395302439,0.0810049136962585,-0.0805710691851808
RFE,XGBoost,5,"['sma_5', 'sma_60', 'macd_hist', 'volatility_20', 'atr_14']",0.1088204413403837,0.0813531024313294,-0.0806167839118052
RFE,XGBoost,5,"['sma_5', 'sma_60', 'price_to_sma_60', 'volatility_20', 'atr_14']",0.1088385318550544,0.0823254057588134,-0.0809761013059655
RFE,XGBoost,20,"['return_5d', 'return_10d', 'return_20d', 'sma_5', 'sma_20', 'sma_60', 'price_to_sma_5', 'price_to_sma_20', 'price_to_sma_60', 'rsi_14', 'roc_10', 'roc_20', 'macd', 'macd_signal', 'macd_hist', 'volatility_5', 'volatility_20', 'atr_14', 'volume_sma_20', 'volume_ratio_20']",0.1088460458324825,0.0812502923126444,-0.0811253629739547
RFE,XGBoost,25,"['return_1d', 'return_5d', 'return_10d', 'return_20d', 'intraday_return', 'high_low_range', 'gap', 'sma_5', 'sma_20', 'sma_60', 'price_to_sma_5', 'price_to_sma_20', 'price_to_sma_60', 'rsi_14', 'roc_10', 'roc_20', 'macd', 'macd_signal', 'macd_hist', 'volatility_5', 'volatility_20', 'atr_14', 'volume_change_1d', 'volume_sma_20', 'volume_ratio_20']",0.1088492805789525,0.0815483497994206,-0.0811896228814248
RFE,XGBoost,25,"['return_1d', 'return_5d', 'return_10d', 'return_20d', 'intraday_return', 'high_low_range', 'gap', 'sma_5', 'sma_20', 'sma_60', 'price_to_sma_5', 'price_to_sma_20', 'price_to_sma_60', 'rsi_14', 'roc_10', 'roc_20', 'macd', 'macd_signal', 'macd_hist', 'volatility_5', 'volatility_20', 'atr_14', 'volume_change_1d', 'volume_sma_20', 'volume_ratio_20']",0.1088492805789525,0.0815483497994206,-0.0811896228814248
RFE,XGBoost,15,"['return_10d', 'return_20d', 'sma_5', 'sma_20', 'sma_60', 'price_to_sma_20', 'price_to_sma_60', 'rsi_14', 'roc_10', 'macd', 'macd_signal', 'macd_hist', 'volatility_20', 'atr_14', 'volume_sma_20']",0.1088596843690484,0.0808646673897153,-0.081396312487338
RFE,XGBoost,10,"['sma_5', 'sma_20', 'sma_60', 'price_to_sma_60', 'rsi_14', 'macd', 'macd_hist', 'volatility_20', 'atr_14', 'volume_sma_20']",0.108968730776341,0.0832558712394192,-0.0835638999784353
RFE,XGBoost,25,"['return_1d', 'return_5d', 'return_10d', 'return_20d', 'intraday_return', 'high_low_range', 'gap', 'sma_5', 'sma_20', 'sma_60', 'price_to_sma_5', 'price_to_sma_20', 'price_to_sma_60', 'rsi_14', 'roc_10', 'roc_20', 'macd', 'macd_signal', 'macd_hist', 'volatility_5', 'volatility_20', 'atr_14', 'volume_change_1d', 'volume_sma_20', 'volume_ratio_20']",0.1089756993634958,0.0817608880907206,-0.0837024929649283
RFE,XGBoost,25,"['return_1d', 'return_5d', 'return_10d', 'return_20d', 'intraday_return', 'high_low_range', 'gap', 'sma_5', 'sma_20', 'sma_60', 'price_to_sma_5', 'price_to_sma_20', 'price_to_sma_60', 'rsi_14', 'roc_10', 'roc_20', 'macd', 'macd_signal', 'macd_hist', 'volatility_5', 'volatility_20', 'atr_14', 'volume_change_1d', 'volume_sma_20', 'volume_ratio_20']",0.1089756993634958,0.0817608880907206,-0.0837024929649283
RFE,XGBoost,20,"['return_5d', 'return_10d', 'return_20d', 'gap', 'sma_5', 'sma_20', 'sma_60', 'price_to_sma_20', 'price_to_sma_60', 'rsi_14', 'roc_10', 'roc_20', 'macd', 'macd_signal', 'macd_hist', 'volatility_5', 'volatility_20', 'atr_14', 'volume_sma_20', 'volume_ratio_20']",0.1089762204367652,0.0813163092693754,-0.0837128565552411
RFE,XGBoost,15,"['return_10d', 'return_20d', 'sma_5', 'sma_20', 'sma_60', 'price_to_sma_20', 'price_to_sma_60', 'rsi_14', 'roc_10', 'macd', 'macd_signal', 'macd_hist', 'volatility_20', 'atr_14', 'volume_sma_20']",0.1089935289362509,0.0813371794531556,-0.084057132268803
RFE,XGBoost,10,"['sma_5', 'sma_20', 'sma_60', 'price_to_sma_60', 'rsi_14', 'macd', 'macd_hist', 'volatility_20', 'atr_14', 'volume_sma_20']",0.1090099967196729,0.0826479999109107,-0.0843847364279153
RFE,XGBoost,25,"['return_1d', 'return_5d', 'return_10d', 'return_20d', 'intraday_return', 'high_low_range', 'gap', 'sma_5', 'sma_20', 'sma_60', 'price_to_sma_5', 'price_to_sma_20', 'price_to_sma_60', 'rsi_14', 'roc_10', 'roc_20', 'macd', 'macd_signal', 'macd_hist', 'volatility_5', 'volatility_20', 'atr_14', 'volume_change_1d', 'volume_sma_20', 'volume_ratio_20']",0.1090121536564074,0.0831167618399716,-0.0844276494172322
RFE,XGBoost,25,"['return_1d', 'return_5d', 'return_10d', 'return_20d', 'intraday_return', 'high_low_range', 'gap', 'sma_5', 'sma_20', 'sma_60', 'price_to_sma_5', 'price_to_sma_20', 'price_to_sma_60', 'rsi_14', 'roc_10', 'roc_20', 'macd', 'macd_signal', 'macd_hist', 'volatility_5', 'volatility_20', 'atr_14', 'volume_change_1d', 'volume_sma_20', 'volume_ratio_20']",0.1090121536564074,0.0831167618399716,-0.0844276494172322
RFE,XGBoost,20,"['return_5d', 'return_10d', 'return_20d', 'gap', 'sma_5', 'sma_20', 'sma_60', 'price_to_sma_20', 'price_to_sma_60', 'rsi_14', 'roc_10', 'roc_20', 'macd', 'macd_signal', 'macd_hist', 'volatility_5', 'volatility_20', 'atr_14', 'volume_sma_20', 'volume_ratio_20']",0.1090335441023412,0.0812590349166744,-0.0848532655716218
RFE,XGBoost,10,"['sma_5', 'sma_60', 'price_to_sma_20', 'price_to_sma_60', 'macd', 'macd_signal', 'macd_hist', 'volatility_20', 'atr_14', 'volume_sma_20']",0.1090445385402923,0.0811988270707607,-0.0850720597667853
RFE,XGBoost,10,"['sma_5', 'sma_60', 'price_to_sma_20', 'price_to_sma_60', 'macd', 'macd_signal', 'macd_hist', 'volatility_20', 'atr_14', 'volume_sma_20']",0.1090947677175892,0.0809363234073433,-0.086071923314094
RFE,XGBoost,15,"['return_10d', 'return_20d', 'sma_5', 'sma_20', 'sma_60', 'price_to_sma_20', 'price_to_sma_60', 'rsi_14', 'macd', 'macd_signal', 'macd_hist', 'volatility_20', 'atr_14', 'volume_sma_20', 'volume_ratio_20']",0.1091151145983959,0.081155795763709,-0.0864770799895233
RFE,XGBoost,5,"['sma_5', 'sma_60', 'price_to_sma_60', 'volatility_20', 'atr_14']",0.1091552326783669,0.0813926029049286,-0.0872761514540461
RFE,XGBoost,25,"['return_1d', 'return_5d', 'return_10d', 'return_20d', 'intraday_return', 'high_low_range', 'gap', 'sma_5', 'sma_20', 'sma_60', 'price_to_sma_5', 'price_to_sma_20', 'price_to_sma_60', 'rsi_14', 'roc_10', 'roc_20', 'macd', 'macd_signal', 'macd_hist', 'volatility_5', 'volatility_20', 'atr_14', 'volume_change_1d', 'volume_sma_20', 'volume_ratio_20']",0.1091707566148651,0.0823607602932833,-0.087585435869637
RFE,XGBoost,25,"['return_1d', 'return_5d', 'return_10d', 'return_20d', 'intraday_return', 'high_low_range', 'gap', 'sma_5', 'sma_20', 'sma_60', 'price_to_sma_5', 'price_to_sma_20', 'price_to_sma_60', 'rsi_14', 'roc_10', 'roc_20', 'macd', 'macd_signal', 'macd_hist', 'volatility_5', 'volatility_20', 'atr_14', 'volume_change_1d', 'volume_sma_20', 'volume_ratio_20']",0.1091707566148651,0.0823607602932833,-0.087585435869637
RFE,XGBoost,25,"['return_1d', 'return_5d', 'return_10d', 'return_20d', 'intraday_return', 'high_low_range', 'gap', 'sma_5', 'sma_20', 'sma_60', 'price_to_sma_5', 'price_to_sma_20', 'price_to_sma_60', 'rsi_14', 'roc_10', 'roc_20', 'macd', 'macd_signal', 'macd_hist', 'volatility_5', 'volatility_20', 'atr_14', 'volume_change_1d', 'volume_sma_20', 'volume_ratio_20']",0.1091719363393357,0.0823273876634394,-0.087608941396662
RFE,XGBoost,25,"['return_1d', 'return_5d', 'return_10d', 'return_20d', 'intraday_return', 'high_low_range', 'gap', 'sma_5', 'sma_20', 'sma_60', 'price_to_sma_5', 'price_to_sma_20', 'price_to_sma_60', 'rsi_14', 'roc_10', 'roc_20', 'macd', 'macd_signal', 'macd_hist', 'volatility_5', 'volatility_20', 'atr_14', 'volume_change_1d', 'volume_sma_20', 'volume_ratio_20']",0.1091719363393357,0.0823273876634394,-0.087608941396662
RFE,XGBoost,10,"['sma_5', 'sma_60', 'price_to_sma_20', 'price_to_sma_60', 'macd', 'macd_signal', 'macd_hist', 'volatility_20', 'atr_14', 'volume_sma_20']",0.1091821569987731,0.0820290909112286,-0.0878125944838339
RFE,XGBoost,20,"['return_5d', 'return_10d', 'return_20d', 'sma_5', 'sma_20', 'sma_60', 'price_to_sma_5', 'price_to_sma_20', 'price_to_sma_60', 'rsi_14', 'roc_10', 'roc_20', 'macd', 'macd_signal', 'macd_hist', 'volatility_5', 'volatility_20', 'atr_14', 'volume_sma_20', 'volume_ratio_20']",0.1091834206414711,0.0812464336146982,-0.0878377746860616
RFE,XGBoost,20,"['return_5d', 'return_10d', 'return_20d', 'sma_5', 'sma_20', 'sma_60', 'price_to_sma_5', 'price_to_sma_20', 'price_to_sma_60', 'rsi_14', 'roc_10', 'roc_20', 'macd', 'macd_signal', 'macd_hist', 'volatility_5', 'volatility_20', 'atr_14', 'volume_sma_20', 'volume_ratio_20']",0.1092202899750195,0.0819886119849565,-0.0885725863522748
RFE,XGBoost,20,"['return_5d', 'return_10d', 'return_20d', 'gap', 'sma_5', 'sma_20', 'sma_60', 'price_to_sma_20', 'price_to_sma_60', 'rsi_14', 'roc_10', 'roc_20', 'macd', 'macd_signal', 'macd_hist', 'volatility_5', 'volatility_20', 'atr_14', 'volume_sma_20', 'volume_ratio_20']",0.1092346867564346,0.0821482877490504,-0.0888595838410328
RFE,XGBoost,15,"['return_10d', 'return_20d', 'sma_5', 'sma_20', 'sma_60', 'price_to_sma_20', 'price_to_sma_60', 'rsi_14', 'roc_10', 'macd', 'macd_signal', 'macd_hist', 'volatility_20', 'atr_14', 'volume_sma_20']",0.1092373524956722,0.0817264622507307,-0.0889127290684406
RFE,XGBoost,10,"['sma_5', 'sma_20', 'sma_60', 'price_to_sma_60', 'rsi_14', 'macd', 'macd_hist', 'volatility_20', 'atr_14', 'volume_sma_20']",0.1092877141658004,0.0841167609650051,-0.0899170028579254
RFE,XGBoost,5,"['sma_5', 'sma_60', 'price_to_sma_60', 'volatility_20', 'atr_14']",0.1093079889194893,0.0823790279859043,-0.090321437129502
RFE,XGBoost,15,"['return_10d', 'return_20d', 'sma_5', 'sma_20', 'sma_60', 'price_to_sma_20', 'price_to_sma_60', 'rsi_14', 'roc_10', 'macd', 'macd_signal', 'macd_hist', 'volatility_20', 'atr_14', 'volume_sma_20']",0.1093136095100152,0.0814382431100824,-0.0904335681449355
RFE,XGBoost,10,"['sma_5', 'sma_60', 'price_to_sma_20', 'price_to_sma_60', 'macd', 'macd_signal', 'macd_hist', 'volatility_20', 'atr_14', 'volume_sma_20']",0.1094059986818213,0.0824190233801352,-0.0922775622826119
RFE,XGBoost,25,"['return_1d', 'return_5d', 'return_10d', 'return_20d', 'intraday_return', 'high_low_range', 'gap', 'sma_5', 'sma_20', 'sma_60', 'price_to_sma_5', 'price_to_sma_20', 'price_to_sma_60', 'rsi_14', 'roc_10', 'roc_20', 'macd', 'macd_signal', 'macd_hist', 'volatility_5', 'volatility_20', 'atr_14', 'volume_change_1d', 'volume_sma_20', 'volume_ratio_20']",0.1094954135513936,0.0826500707180314,-0.0940636757848552
RFE,XGBoost,25,"['return_1d', 'return_5d', 'return_10d', 'return_20d', 'intraday_return', 'high_low_range', 'gap', 'sma_5', 'sma_20', 'sma_60', 'price_to_sma_5', 'price_to_sma_20', 'price_to_sma_60', 'rsi_14', 'roc_10', 'roc_20', 'macd', 'macd_signal', 'macd_hist', 'volatility_5', 'volatility_20', 'atr_14', 'volume_change_1d', 'volume_sma_20', 'volume_ratio_20']",0.1094954135513936,0.0826500707180314,-0.0940636757848552
RFE,XGBoost,20,"['return_5d', 'return_10d', 'return_20d', 'sma_5', 'sma_20', 'sma_60', 'price_to_sma_5', 'price_to_sma_20', 'price_to_sma_60', 'rsi_14', 'roc_10', 'roc_20', 'macd', 'macd_signal', 'macd_hist', 'volatility_5', 'volatility_20', 'atr_14', 'volume_sma_20', 'volume_ratio_20']",0.1095163176533927,0.0817848731866708,-0.0944814577002954
RFE,XGBoost,5,"['sma_5', 'sma_60', 'price_to_sma_60', 'volatility_20', 'atr_14']",0.1095181742158203,0.0805455291290007,-0.0945185661498659
RFE,XGBoost,10,"['sma_5', 'sma_20', 'sma_60', 'price_to_sma_60', 'rsi_14', 'macd', 'macd_hist', 'volatility_20', 'atr_14', 'volume_sma_20']",0.1095923004147719,0.082548306848642,-0.0960006938131947
RFE,XGBoost,15,"['return_10d', 'return_20d', 'sma_5', 'sma_20', 'sma_60', 'price_to_sma_20', 'price_to_sma_60', 'rsi_14', 'macd', 'macd_signal', 'macd_hist', 'volatility_20', 'atr_14', 'volume_sma_20', 'volume_ratio_20']",0.1096078926364588,0.0813002608414963,-0.0963125825388679
RFE,XGBoost,15,"['return_10d', 'return_20d', 'sma_5', 'sma_20', 'sma_60', 'price_to_sma_20', 'price_to_sma_60', 'rsi_14', 'roc_10', 'macd', 'macd_signal', 'macd_hist', 'volatility_20', 'atr_14', 'volume_sma_20']",0.109639676949644,0.0822761591092918,-0.0969484965031566
RFE,XGBoost,10,"['sma_5', 'sma_20', 'sma_60', 'price_to_sma_60', 'rsi_14', 'macd', 'macd_hist', 'volatility_20', 'atr_14', 'volume_sma_20']",0.1096399414521947,0.0826691814450387,-0.096953789222606
RFE,XGBoost,20,"['return_5d', 'return_10d', 'return_20d', 'gap', 'sma_5', 'sma_20', 'sma_60', 'price_to_sma_20', 'price_to_sma_60', 'rsi_14', 'roc_10', 'roc_20', 'macd', 'macd_signal', 'macd_hist', 'volatility_5', 'volatility_20', 'atr_14', 'volume_sma_20', 'volume_ratio_20']",0.1096573491795281,0.0815466101898233,-0.0973021474599071
RFE,XGBoost,20,"['return_5d', 'return_10d', 'return_20d', 'sma_5', 'sma_20', 'sma_60', 'price_to_sma_5', 'price_to_sma_20', 'price_to_sma_60', 'rsi_14', 'roc_10', 'roc_20', 'macd', 'macd_signal', 'macd_hist', 'volatility_5', 'volatility_20', 'atr_14', 'volume_sma_20', 'volume_ratio_20']",0.1096598475181724,0.0823767704089236,-0.0973521480044983
RFE,XGBoost,25,"['return_1d', 'return_5d', 'return_10d', 'return_20d', 'intraday_return', 'high_low_range', 'gap', 'sma_5', 'sma_20', 'sma_60', 'price_to_sma_5', 'price_to_sma_20', 'price_to_sma_60', 'rsi_14', 'roc_10', 'roc_20', 'macd', 'macd_signal', 'macd_hist', 'volatility_5', 'volatility_20', 'atr_14', 'volume_change_1d', 'volume_sma_20', 'volume_ratio_20']",0.1097398844163117,0.0820381657227673,-0.0989545706891894
RFE,XGBoost,25,"['return_1d', 'return_5d', 'return_10d', 'return_20d', 'intraday_return', 'high_low_range', 'gap', 'sma_5', 'sma_20', 'sma_60', 'price_to_sma_5', 'price_to_sma_20', 'price_to_sma_60', 'rsi_14', 'roc_10', 'roc_20', 'macd', 'macd_signal', 'macd_hist', 'volatility_5', 'volatility_20', 'atr_14', 'volume_change_1d', 'volume_sma_20', 'volume_ratio_20']",0.1097398844163117,0.0820381657227673,-0.0989545706891894
RFE,XGBoost,25,"['return_1d', 'return_5d', 'return_10d', 'return_20d', 'intraday_return', 'high_low_range', 'gap', 'sma_5', 'sma_20', 'sma_60', 'price_to_sma_5', 'price_to_sma_20', 'price_to_sma_60', 'rsi_14', 'roc_10', 'roc_20', 'macd', 'macd_signal', 'macd_hist', 'volatility_5', 'volatility_20', 'atr_14', 'volume_change_1d', 'volume_sma_20', 'volume_ratio_20']",0.1097412873268685,0.0829473362295858,-0.0989826688566266
RFE,XGBoost,25,"['return_1d', 'return_5d', 'return_10d', 'return_20d', 'intraday_return', 'high_low_range', 'gap', 'sma_5', 'sma_20', 'sma_60', 'price_to_sma_5', 'price_to_sma_20', 'price_to_sma_60', 'rsi_14', 'roc_10', 'roc_20', 'macd', 'macd_signal', 'macd_hist', 'volatility_5', 'volatility_20', 'atr_14', 'volume_change_1d', 'volume_sma_20', 'volume_ratio_20']",0.1097412873268685,0.0829473362295858,-0.0989826688566266
RFE,XGBoost,15,"['return_10d', 'return_20d', 'sma_5', 'sma_20', 'sma_60', 'price_to_sma_20', 'price_to_sma_60', 'rsi_14', 'roc_10', 'macd', 'macd_signal', 'macd_hist', 'volatility_20', 'atr_14', 'volume_sma_20']",0.1097518320910236,0.0817095904271861,-0.0991938759618367
RFE,XGBoost,15,"['return_10d', 'return_20d', 'sma_5', 'sma_20', 'sma_60', 'price_to_sma_20', 'price_to_sma_60', 'rsi_14', 'roc_10', 'macd', 'macd_signal', 'macd_hist', 'volatility_20', 'atr_14', 'volume_sma_20']",0.1097589302717481,0.0819734451339296,-0.0993360609065365
RFE,XGBoost,15,"['return_10d', 'return_20d', 'sma_5', 'sma_20', 'sma_60', 'price_to_sma_20', 'price_to_sma_60', 'rsi_14', 'macd', 'macd_signal', 'macd_hist', 'volatility_20', 'atr_14', 'volume_sma_20', 'volume_ratio_20']",0.1097596040017709,0.0815348546226518,-0.0993495569925619
RFE,XGBoost,20,"['return_5d', 'return_10d', 'return_20d', 'gap', 'sma_5', 'sma_20', 'sma_60', 'price_to_sma_20', 'price_to_sma_60', 'rsi_14', 'roc_10', 'roc_20', 'macd', 'macd_signal', 'macd_hist', 'volatility_5', 'volatility_20', 'atr_14', 'volume_sma_20', 'volume_ratio_20']",0.1097749350886026,0.0817838035097898,-0.0996566900358812
RFE,XGBoost,15,"['return_10d', 'return_20d', 'sma_5', 'sma_20', 'sma_60', 'price_to_sma_20', 'price_to_sma_60', 'rsi_14', 'macd', 'macd_signal', 'macd_hist', 'volatility_20', 'atr_14', 'volume_sma_20', 'volume_ratio_20']",0.1097923472033079,0.0824390589599409,-0.1000055650673343
RFE,XGBoost,5,"['sma_5', 'sma_60', 'price_to_sma_60', 'volatility_20', 'atr_14']",0.1098107536992715,0.0818165826144999,-0.1003744240218451
RFE,XGBoost,10,"['sma_5', 'sma_20', 'sma_60', 'price_to_sma_60', 'rsi_14', 'macd', 'macd_hist', 'volatility_20', 'atr_14', 'volume_sma_20']",0.10982725783294,0.0836410470881,-0.1007052129602925
RFE,XGBoost,25,"['return_1d', 'return_5d', 'return_10d', 'return_20d', 'intraday_return', 'high_low_range', 'gap', 'sma_5', 'sma_20', 'sma_60', 'price_to_sma_5', 'price_to_sma_20', 'price_to_sma_60', 'rsi_14', 'roc_10', 'roc_20', 'macd', 'macd_signal', 'macd_hist', 'volatility_5', 'volatility_20', 'atr_14', 'volume_change_1d', 'volume_sma_20', 'volume_ratio_20']",0.1098801347462708,0.0826845693457599,-0.1017653487790641
RFE,XGBoost,25,"['return_1d', 'return_5d', 'return_10d', 'return_20d', 'intraday_return', 'high_low_range', 'gap', 'sma_5', 'sma_20', 'sma_60', 'price_to_sma_5', 'price_to_sma_20', 'price_to_sma_60', 'rsi_14', 'roc_10', 'roc_20', 'macd', 'macd_signal', 'macd_hist', 'volatility_5', 'volatility_20', 'atr_14', 'volume_change_1d', 'volume_sma_20', 'volume_ratio_20']",0.1098801347462708,0.0826845693457599,-0.1017653487790641
RFE,XGBoost,25,"['return_1d', 'return_5d', 'return_10d', 'return_20d', 'intraday_return', 'high_low_range', 'gap', 'sma_5', 'sma_20', 'sma_60', 'price_to_sma_5', 'price_to_sma_20', 'price_to_sma_60', 'rsi_14', 'roc_10', 'roc_20', 'macd', 'macd_signal', 'macd_hist', 'volatility_5', 'volatility_20', 'atr_14', 'volume_change_1d', 'volume_sma_20', 'volume_ratio_20']",0.1098939269851299,0.0831321044168489,-0.1020419550025095
RFE,XGBoost,25,"['return_1d', 'return_5d', 'return_10d', 'return_20d', 'intraday_return', 'high_low_range', 'gap', 'sma_5', 'sma_20', 'sma_60', 'price_to_sma_5', 'price_to_sma_20', 'price_to_sma_60', 'rsi_14', 'roc_10', 'roc_20', 'macd', 'macd_signal', 'macd_hist', 'volatility_5', 'volatility_20', 'atr_14', 'volume_change_1d', 'volume_sma_20', 'volume_ratio_20']",0.1098939269851299,0.0831321044168489,-0.1020419550025095
RFE,XGBoost,10,"['sma_5', 'sma_60', 'price_to_sma_20', 'price_to_sma_60', 'macd', 'macd_signal', 'macd_hist', 'volatility_20', 'atr_14', 'volume_sma_20']",0.1098967861297186,0.0826293196698473,-0.1020993000873136
RFE,XGBoost,20,"['return_5d', 'return_10d', 'return_20d', 'sma_5', 'sma_20', 'sma_60', 'price_to_sma_5', 'price_to_sma_20', 'price_to_sma_60', 'rsi_14', 'roc_10', 'roc_20', 'macd', 'macd_signal', 'macd_hist', 'volatility_5', 'volatility_20', 'atr_14', 'volume_sma_20', 'volume_ratio_20']",0.1098992265635663,0.0820189550930044,-0.1021482483849578
RFE,XGBoost,15,"['return_10d', 'return_20d', 'sma_5', 'sma_20', 'sma_60', 'price_to_sma_20', 'price_to_sma_60', 'rsi_14', 'macd', 'macd_signal', 'macd_hist', 'volatility_20', 'atr_14', 'volume_sma_20', 'volume_ratio_20']",0.109905311715737,0.0823468848857676,-0.1022703043027828
RFE,XGBoost,20,"['return_5d', 'return_10d', 'return_20d', 'gap', 'sma_5', 'sma_20', 'sma_60', 'price_to_sma_20', 'price_to_sma_60', 'rsi_14', 'roc_10', 'roc_20', 'macd', 'macd_signal', 'macd_hist', 'volatility_5', 'volatility_20', 'atr_14', 'volume_sma_20', 'volume_ratio_20']",0.1099474754182155,0.0820791918079467,-0.1031162090428667
RFE,XGBoost,15,"['return_10d', 'return_20d', 'sma_5', 'sma_20', 'sma_60', 'price_to_sma_20', 'price_to_sma_60', 'rsi_14', 'macd', 'macd_signal', 'macd_hist', 'volatility_20', 'atr_14', 'volume_sma_20', 'volume_ratio_20']",0.1099863952298764,0.0816702707216976,-0.1038973215472813
RFE,XGBoost,20,"['return_5d', 'return_10d', 'return_20d', 'sma_5', 'sma_20', 'sma_60', 'price_to_sma_5', 'price_to_sma_20', 'price_to_sma_60', 'rsi_14', 'roc_10', 'roc_20', 'macd', 'macd_signal', 'macd_hist', 'volatility_5', 'volatility_20', 'atr_14', 'volume_sma_20', 'volume_ratio_20']",0.1100123028193792,0.0824572427366847,-0.1044174347289734
RFE,XGBoost,20,"['return_5d', 'return_10d', 'return_20d', 'sma_5', 'sma_20', 'sma_60', 'price_to_sma_5', 'price_to_sma_20', 'price_to_sma_60', 'rsi_14', 'roc_10', 'roc_20', 'macd', 'macd_signal', 'macd_hist', 'volatility_5', 'volatility_20', 'atr_14', 'volume_sma_20', 'volume_ratio_20']",0.1100727200505242,0.0822761890560277,-0.105630829307179
RFE,XGBoost,25,"['return_1d', 'return_5d', 'return_10d', 'return_20d', 'intraday_return', 'high_low_range', 'gap', 'sma_5', 'sma_20', 'sma_60', 'price_to_sma_5', 'price_to_sma_20', 'price_to_sma_60', 'rsi_14', 'roc_10', 'roc_20', 'macd', 'macd_signal', 'macd_hist', 'volatility_5', 'volatility_20', 'atr_14', 'volume_change_1d', 'volume_sma_20', 'volume_ratio_20']",0.1100881284761576,0.0826879104438233,-0.1059403923449575
RFE,XGBoost,25,"['return_1d', 'return_5d', 'return_10d', 'return_20d', 'intraday_return', 'high_low_range', 'gap', 'sma_5', 'sma_20', 'sma_60', 'price_to_sma_5', 'price_to_sma_20', 'price_to_sma_60', 'rsi_14', 'roc_10', 'roc_20', 'macd', 'macd_signal', 'macd_hist', 'volatility_5', 'volatility_20', 'atr_14', 'volume_change_1d', 'volume_sma_20', 'volume_ratio_20']",0.1100881284761576,0.0826879104438233,-0.1059403923449575
RFE,XGBoost,15,"['return_10d', 'return_20d', 'sma_5', 'sma_20', 'sma_60', 'price_to_sma_20', 'price_to_sma_60', 'rsi_14', 'macd', 'macd_signal', 'macd_hist', 'volatility_20', 'atr_14', 'volume_sma_20', 'volume_ratio_20']",0.1100883781934205,0.0827470428069958,-0.1059454096474539
RFE,XGBoost,20,"['return_5d', 'return_10d', 'return_20d', 'sma_5', 'sma_20', 'sma_60', 'price_to_sma_5', 'price_to_sma_20', 'price_to_sma_60', 'rsi_14', 'roc_10', 'roc_20', 'macd', 'macd_signal', 'macd_hist', 'volatility_5', 'volatility_20', 'atr_14', 'volume_sma_20', 'volume_ratio_20']",0.1101297489934153,0.082918755041034,-0.1067767861135386
RFE,XGBoost,10,"['sma_5', 'sma_20', 'sma_60', 'price_to_sma_60', 'rsi_14', 'macd', 'macd_hist', 'volatility_20', 'atr_14', 'volume_sma_20']",0.110133198481325,0.0839411823709268,-0.1068461202029775
RFE,XGBoost,20,"['return_5d', 'return_10d', 'return_20d', 'sma_5', 'sma_20', 'sma_60', 'price_to_sma_5', 'price_to_sma_20', 'price_to_sma_60', 'rsi_14', 'roc_10', 'roc_20', 'macd', 'macd_signal', 'macd_hist', 'volatility_5', 'volatility_20', 'atr_14', 'volume_sma_20', 'volume_ratio_20']",0.1101703966775321,0.0832647259407381,-0.1075939352648618
RFE,XGBoost,15,"['return_10d', 'return_20d', 'sma_5', 'sma_20', 'sma_60', 'price_to_sma_20', 'price_to_sma_60', 'rsi_14', 'macd', 'macd_signal', 'macd_hist', 'volatility_20', 'atr_14', 'volume_sma_20', 'volume_ratio_20']",0.1102178399836644,0.0824934774257004,-0.1085480796490334
RFE,XGBoost,20,"['return_5d', 'return_10d', 'return_20d', 'gap', 'sma_5', 'sma_20', 'sma_60', 'price_to_sma_20', 'price_to_sma_60', 'rsi_14', 'roc_10', 'roc_20', 'macd', 'macd_signal', 'macd_hist', 'volatility_5', 'volatility_20', 'atr_14', 'volume_sma_20', 'volume_ratio_20']",0.1102191577448843,0.0825464701740284,-0.1085745873432981
RFE,XGBoost,20,"['return_5d', 'return_10d', 'return_20d', 'gap', 'sma_5', 'sma_20', 'sma_60', 'price_to_sma_20', 'price_to_sma_60', 'rsi_14', 'roc_10', 'roc_20', 'macd', 'macd_signal', 'macd_hist', 'volatility_5', 'volatility_20', 'atr_14', 'volume_sma_20', 'volume_ratio_20']",0.110244191877593,0.0833708372362855,-0.1090782267394043
RFE,XGBoost,25,"['return_1d', 'return_5d', 'return_10d', 'return_20d', 'intraday_return', 'high_low_range', 'gap', 'sma_5', 'sma_20', 'sma_60', 'price_to_sma_5', 'price_to_sma_20', 'price_to_sma_60', 'rsi_14', 'roc_10', 'roc_20', 'macd', 'macd_signal', 'macd_hist', 'volatility_5', 'volatility_20', 'atr_14', 'volume_change_1d', 'volume_sma_20', 'volume_ratio_20']",0.110250500865041,0.0828396456658334,-0.1092051696777454
RFE,XGBoost,25,"['return_1d', 'return_5d', 'return_10d', 'return_20d', 'intraday_return', 'high_low_range', 'gap', 'sma_5', 'sma_20', 'sma_60', 'price_to_sma_5', 'price_to_sma_20', 'price_to_sma_60', 'rsi_14', 'roc_10', 'roc_20', 'macd', 'macd_signal', 'macd_hist', 'volatility_5', 'volatility_20', 'atr_14', 'volume_change_1d', 'volume_sma_20', 'volume_ratio_20']",0.110250500865041,0.0828396456658334,-0.1092051696777454
RFE,XGBoost,15,"['return_10d', 'return_20d', 'sma_5', 'sma_20', 'sma_60', 'price_to_sma_20', 'price_to_sma_60', 'rsi_14', 'macd', 'macd_signal', 'macd_hist', 'volatility_20', 'atr_14', 'volume_sma_20', 'volume_ratio_20']",0.1102543429832346,0.0818667533723361,-0.1092824803763325
RFE,XGBoost,10,"['sma_5', 'sma_60', 'price_to_sma_20', 'price_to_sma_60', 'macd', 'macd_signal', 'macd_hist', 'volatility_20', 'atr_14', 'volume_sma_20']",0.1102798408431133,0.0829206689004709,-0.1097956139012119
RFE,XGBoost,5,"['sma_5', 'sma_60', 'price_to_sma_60', 'volatility_20', 'atr_14']",0.1102819773095498,0.0825820440741042,-0.1098386147621044
RFE,XGBoost,5,"['sma_5', 'sma_60', 'price_to_sma_60', 'volatility_20', 'atr_14']",0.1102941802409766,0.082289910688781,-0.1100842402783952
RFE,XGBoost,5,"['sma_5', 'sma_60', 'price_to_sma_60', 'volatility_20', 'atr_14']",0.1102996636544484,0.0828264737674008,-0.1101946214821432
RFE,XGBoost,25,"['return_1d', 'return_5d', 'return_10d', 'return_20d', 'intraday_return', 'high_low_range', 'gap', 'sma_5', 'sma_20', 'sma_60', 'price_to_sma_5', 'price_to_sma_20', 'price_to_sma_60', 'rsi_14', 'roc_10', 'roc_20', 'macd', 'macd_signal', 'macd_hist', 'volatility_5', 'volatility_20', 'atr_14', 'volume_change_1d', 'volume_sma_20', 'volume_ratio_20']",0.1103141200508254,0.0829602520991462,-0.1104856552845692
RFE,XGBoost,25,"['return_1d', 'return_5d', 'return_10d', 'return_20d', 'intraday_return', 'high_low_range', 'gap', 'sma_5', 'sma_20', 'sma_60', 'price_to_sma_5', 'price_to_sma_20', 'price_to_sma_60', 'rsi_14', 'roc_10', 'roc_20', 'macd', 'macd_signal', 'macd_hist', 'volatility_5', 'volatility_20', 'atr_14', 'volume_change_1d', 'volume_sma_20', 'volume_ratio_20']",0.1103141200508254,0.0829602520991462,-0.1104856552845692
RFE,XGBoost,25,"['return_1d', 'return_5d', 'return_10d', 'return_20d', 'intraday_return', 'high_low_range', 'gap', 'sma_5', 'sma_20', 'sma_60', 'price_to_sma_5', 'price_to_sma_20', 'price_to_sma_60', 'rsi_14', 'roc_10', 'roc_20', 'macd', 'macd_signal', 'macd_hist', 'volatility_5', 'volatility_20', 'atr_14', 'volume_change_1d', 'volume_sma_20', 'volume_ratio_20']",0.1103353436143402,0.0835687185859766,-0.1109129936891037
RFE,XGBoost,25,"['return_1d', 'return_5d', 'return_10d', 'return_20d', 'intraday_return', 'high_low_range', 'gap', 'sma_5', 'sma_20', 'sma_60', 'price_to_sma_5', 'price_to_sma_20', 'price_to_sma_60', 'rsi_14', 'roc_10', 'roc_20', 'macd', 'macd_signal', 'macd_hist', 'volatility_5', 'volatility_20', 'atr_14', 'volume_change_1d', 'volume_sma_20', 'volume_ratio_20']",0.1103353436143402,0.0835687185859766,-0.1109129936891037
RFE,XGBoost,10,"['sma_5', 'sma_20', 'sma_60', 'price_to_sma_60', 'rsi_14', 'macd', 'macd_hist', 'volatility_20', 'atr_14', 'volume_sma_20']",0.1103604298400694,0.0837695387809491,-0.1114182131657364
RFE,XGBoost,20,"['return_5d', 'return_10d', 'return_20d', 'sma_5', 'sma_20', 'sma_60', 'price_to_sma_5', 'price_to_sma_20', 'price_to_sma_60', 'rsi_14', 'roc_10', 'roc_20', 'macd', 'macd_signal', 'macd_hist', 'volatility_5', 'volatility_20', 'atr_14', 'volume_sma_20', 'volume_ratio_20']",0.1104198769512809,0.082802407534569,-0.1126158960149241
RFE,XGBoost,10,"['sma_5', 'sma_20', 'sma_60', 'price_to_sma_60', 'rsi_14', 'macd', 'macd_hist', 'volatility_20', 'atr_14', 'volume_sma_20']",0.1104230419155473,0.0844874857753506,-0.1126796787344319
RFE,XGBoost,25,"['return_1d', 'return_5d', 'return_10d', 'return_20d', 'intraday_return', 'high_low_range', 'gap', 'sma_5', 'sma_20', 'sma_60', 'price_to_sma_5', 'price_to_sma_20', 'price_to_sma_60', 'rsi_14', 'roc_10', 'roc_20', 'macd', 'macd_signal', 'macd_hist', 'volatility_5', 'volatility_20', 'atr_14', 'volume_change_1d', 'volume_sma_20', 'volume_ratio_20']",0.1104248415316431,0.0830300518833843,-0.1127159467549747
RFE,XGBoost,25,"['return_1d', 'return_5d', 'return_10d', 'return_20d', 'intraday_return', 'high_low_range', 'gap', 'sma_5', 'sma_20', 'sma_60', 'price_to_sma_5', 'price_to_sma_20', 'price_to_sma_60', 'rsi_14', 'roc_10', 'roc_20', 'macd', 'macd_signal', 'macd_hist', 'volatility_5', 'volatility_20', 'atr_14', 'volume_change_1d', 'volume_sma_20', 'volume_ratio_20']",0.1104248415316431,0.0830300518833843,-0.1127159467549747
RFE,XGBoost,20,"['return_5d', 'return_10d', 'return_20d', 'sma_5', 'sma_20', 'sma_60', 'price_to_sma_5', 'price_to_sma_20', 'price_to_sma_60', 'rsi_14', 'roc_10', 'roc_20', 'macd', 'macd_signal', 'macd_hist', 'volatility_5', 'volatility_20', 'atr_14', 'volume_sma_20', 'volume_ratio_20']",0.1104615181191802,0.0826176107860515,-0.1134552260818764
RFE,XGBoost,10,"['sma_5', 'sma_60', 'price_to_sma_20', 'price_to_sma_60', 'macd', 'macd_signal', 'macd_hist', 'volatility_20', 'atr_14', 'volume_sma_20']",0.1104753811530739,0.0828283581266364,-0.1137347231666483
RFE,XGBoost,25,"['return_1d', 'return_5d', 'return_10d', 'return_20d', 'intraday_return', 'high_low_range', 'gap', 'sma_5', 'sma_20', 'sma_60', 'price_to_sma_5', 'price_to_sma_20', 'price_to_sma_60', 'rsi_14', 'roc_10', 'roc_20', 'macd', 'macd_signal', 'macd_hist', 'volatility_5', 'volatility_20', 'atr_14', 'volume_change_1d', 'volume_sma_20', 'volume_ratio_20']",0.1105552017141996,0.0832049686049872,-0.115344693554674
RFE,XGBoost,25,"['return_1d', 'return_5d', 'return_10d', 'return_20d', 'intraday_return', 'high_low_range', 'gap', 'sma_5', 'sma_20', 'sma_60', 'price_to_sma_5', 'price_to_sma_20', 'price_to_sma_60', 'rsi_14', 'roc_10', 'roc_20', 'macd', 'macd_signal', 'macd_hist', 'volatility_5', 'volatility_20', 'atr_14', 'volume_change_1d', 'volume_sma_20', 'volume_ratio_20']",0.1105552017141996,0.0832049686049872,-0.115344693554674
RFE,XGBoost,15,"['return_10d', 'return_20d', 'sma_5', 'sma_20', 'sma_60', 'price_to_sma_20', 'price_to_sma_60', 'rsi_14', 'macd', 'macd_signal', 'macd_hist', 'volatility_20', 'atr_14', 'volume_sma_20', 'volume_ratio_20']",0.110555918325512,0.0825860669037778,-0.115359152778711
RFE,XGBoost,10,"['sma_5', 'sma_20', 'sma_60', 'price_to_sma_60', 'rsi_14', 'macd', 'macd_hist', 'volatility_20', 'atr_14', 'volume_sma_20']",0.1105636502650349,0.0843262487733101,-0.115515167783794
RFE,XGBoost,15,"['return_10d', 'return_20d', 'sma_5', 'sma_20', 'sma_60', 'price_to_sma_20', 'price_to_sma_60', 'rsi_14', 'macd', 'macd_signal', 'macd_hist', 'volatility_20', 'atr_14', 'volume_sma_20', 'volume_ratio_20']",0.1105865473978538,0.082924348138431,-0.1159772499186033
RFE,XGBoost,20,"['return_5d', 'return_10d', 'return_20d', 'gap', 'sma_5', 'sma_20', 'sma_60', 'price_to_sma_20', 'price_to_sma_60', 'rsi_14', 'roc_10', 'roc_20', 'macd', 'macd_signal', 'macd_hist', 'volatility_5', 'volatility_20', 'atr_14', 'volume_sma_20', 'volume_ratio_20']",0.1106017064872337,0.0831956697443994,-0.1162832248996756
RFE,XGBoost,20,"['return_5d', 'return_10d', 'return_20d', 'gap', 'sma_5', 'sma_20', 'sma_60', 'price_to_sma_20', 'price_to_sma_60', 'rsi_14', 'roc_10', 'roc_20', 'macd', 'macd_signal', 'macd_hist', 'volatility_5', 'volatility_20', 'atr_14', 'volume_sma_20', 'volume_ratio_20']",0.1106712952468523,0.0833694806322292,-0.1176883605923595
RFE,XGBoost,5,"['sma_5', 'sma_60', 'macd_hist', 'volatility_20', 'atr_14']",0.1106859723973241,0.0832113133831385,-0.1179848343616007
RFE,XGBoost,15,"['return_10d', 'return_20d', 'sma_5', 'sma_20', 'sma_60', 'price_to_sma_20', 'price_to_sma_60', 'rsi_14', 'roc_10', 'macd', 'macd_signal', 'macd_hist', 'volatility_20', 'atr_14', 'volume_sma_20']",0.1106910002578463,0.0831943222003061,-0.1180864045851564
RFE,XGBoost,20,"['return_5d', 'return_10d', 'return_20d', 'sma_5', 'sma_20', 'sma_60', 'price_to_sma_5', 'price_to_sma_20', 'price_to_sma_60', 'rsi_14', 'roc_10', 'roc_20', 'macd', 'macd_signal', 'macd_hist', 'volatility_5', 'volatility_20', 'atr_14', 'volume_sma_20', 'volume_ratio_20']",0.1107065397739804,0.0833713078748067,-0.1184003549741967
RFE,XGBoost,10,"['sma_5', 'sma_20', 'sma_60', 'price_to_sma_60', 'rsi_14', 'macd', 'macd_hist', 'volatility_20', 'atr_14', 'volume_sma_20']",0.1107272894231671,0.0841620829546996,-0.1188196362532332
RFE,XGBoost,5,"['sma_5', 'sma_60', 'macd_hist', 'volatility_20', 'atr_14']",0.1107467099398854,0.0833119244546593,-0.1192121313826859
RFE,XGBoost,15,"['return_10d', 'return_20d', 'sma_5', 'sma_20', 'sma_60', 'price_to_sma_20', 'price_to_sma_60', 'rsi_14', 'roc_10', 'macd', 'macd_signal', 'macd_hist', 'volatility_20', 'atr_14', 'volume_sma_20']",0.1107650412404331,0.0834425188325497,-0.119582676240765
RFE,XGBoost,20,"['return_5d', 'return_10d', 'return_20d', 'gap', 'sma_5', 'sma_20', 'sma_60', 'price_to_sma_20', 'price_to_sma_60', 'rsi_14', 'roc_10', 'roc_20', 'macd', 'macd_signal', 'macd_hist', 'volatility_5', 'volatility_20', 'atr_14', 'volume_sma_20', 'volume_ratio_20']",0.1107784513803772,0.0831852453109994,-0.1198537846887888
RFE,XGBoost,25,"['return_1d', 'return_5d', 'return_10d', 'return_20d', 'intraday_return', 'high_low_range', 'gap', 'sma_5', 'sma_20', 'sma_60', 'price_to_sma_5', 'price_to_sma_20', 'price_to_sma_60', 'rsi_14', 'roc_10', 'roc_20', 'macd', 'macd_signal', 'macd_hist', 'volatility_5', 'volatility_20', 'atr_14', 'volume_change_1d', 'volume_sma_20', 'volume_ratio_20']",0.1107789375628098,0.083477634725215,-0.1198636142977986
RFE,XGBoost,25,"['return_1d', 'return_5d', 'return_10d', 'return_20d', 'intraday_return', 'high_low_range', 'gap', 'sma_5', 'sma_20', 'sma_60', 'price_to_sma_5', 'price_to_sma_20', 'price_to_sma_60', 'rsi_14', 'roc_10', 'roc_20', 'macd', 'macd_signal', 'macd_hist', 'volatility_5', 'volatility_20', 'atr_14', 'volume_change_1d', 'volume_sma_20', 'volume_ratio_20']",0.1107789375628098,0.083477634725215,-0.1198636142977986
RFE,XGBoost,10,"['sma_5', 'sma_60', 'price_to_sma_20', 'price_to_sma_60', 'macd', 'macd_signal', 'macd_hist', 'volatility_20', 'atr_14', 'volume_sma_20']",0.1108045465336049,0.0835440270140966,-0.1203814360076152
RFE,XGBoost,20,"['return_5d', 'return_10d', 'return_20d', 'sma_5', 'sma_20', 'sma_60', 'price_to_sma_5', 'price_to_sma_20', 'price_to_sma_60', 'rsi_14', 'roc_10', 'roc_20', 'macd', 'macd_signal', 'macd_hist', 'volatility_5', 'volatility_20', 'atr_14', 'volume_sma_20', 'volume_ratio_20']",0.1108119776365074,0.0846451741972111,-0.1205317177276679
RFE,XGBoost,25,"['return_1d', 'return_5d', 'return_10d', 'return_20d', 'intraday_return', 'high_low_range', 'gap', 'sma_5', 'sma_20', 'sma_60', 'price_to_sma_5', 'price_to_sma_20', 'price_to_sma_60', 'rsi_14', 'roc_10', 'roc_20', 'macd', 'macd_signal', 'macd_hist', 'volatility_5', 'volatility_20', 'atr_14', 'volume_change_1d', 'volume_sma_20', 'volume_ratio_20']",0.1108351845886846,0.0832166510880034,-0.121001104693158
RFE,XGBoost,25,"['return_1d', 'return_5d', 'return_10d', 'return_20d', 'intraday_return', 'high_low_range', 'gap', 'sma_5', 'sma_20', 'sma_60', 'price_to_sma_5', 'price_to_sma_20', 'price_to_sma_60', 'rsi_14', 'roc_10', 'roc_20', 'macd', 'macd_signal', 'macd_hist', 'volatility_5', 'volatility_20', 'atr_14', 'volume_change_1d', 'volume_sma_20', 'volume_ratio_20']",0.1108351845886846,0.0832166510880034,-0.121001104693158
RFE,XGBoost,10,"['sma_5', 'sma_20', 'sma_60', 'price_to_sma_60', 'rsi_14', 'macd', 'macd_hist', 'volatility_20', 'atr_14', 'volume_sma_20']",0.1108448697655622,0.0845153681500978,-0.1211970274659706
RFE,XGBoost,5,"['sma_5', 'sma_60', 'price_to_sma_60', 'volatility_20', 'atr_14']",0.1108565742648902,0.0830450886807605,-0.1214338222357556
RFE,XGBoost,5,"['sma_5', 'sma_60', 'macd_hist', 'volatility_20', 'atr_14']",0.1109248344404065,0.0842980747674356,-0.1228152980342418
RFE,XGBoost,15,"['return_10d', 'return_20d', 'sma_5', 'sma_20', 'sma_60', 'price_to_sma_20', 'price_to_sma_60', 'rsi_14', 'macd', 'macd_signal', 'macd_hist', 'volatility_20', 'atr_14', 'volume_sma_20', 'volume_ratio_20']",0.1109560548410975,0.0823592417912241,-0.1234474319807641
RFE,XGBoost,10,"['sma_5', 'sma_20', 'sma_60', 'price_to_sma_60', 'rsi_14', 'macd', 'macd_hist', 'volatility_20', 'atr_14', 'volume_sma_20']",0.1109939271893233,0.0855423740286681,-0.1242144897812449
RFE,XGBoost,20,"['return_5d', 'return_10d', 'return_20d', 'sma_5', 'sma_20', 'sma_60', 'price_to_sma_5', 'price_to_sma_20', 'price_to_sma_60', 'rsi_14', 'roc_10', 'roc_20', 'macd', 'macd_signal', 'macd_hist', 'volatility_5', 'volatility_20', 'atr_14', 'volume_sma_20', 'volume_ratio_20']",0.1110024788016575,0.0835792140405057,-0.1243877283915655
RFE,XGBoost,10,"['sma_5', 'sma_20', 'sma_60', 'price_to_sma_60', 'rsi_14', 'macd', 'macd_hist', 'volatility_20', 'atr_14', 'volume_sma_20']",0.1110506376984248,0.0841380128588774,-0.1253635808151982
RFE,XGBoost,10,"['sma_5', 'sma_60', 'price_to_sma_20', 'price_to_sma_60', 'macd', 'macd_signal', 'macd_hist', 'volatility_20', 'atr_14', 'volume_sma_20']",0.1110580950801432,0.0827790179443405,-0.1255147289355667
RFE,XGBoost,5,"['sma_5', 'sma_60', 'macd_hist', 'volatility_20', 'atr_14']",0.1110672401613644,0.0832714113599795,-0.1257000976363329
RFE,XGBoost,5,"['sma_5', 'sma_60', 'price_to_sma_60', 'volatility_20', 'atr_14']",0.1110803097379569,0.0831129374771212,-0.1259650414532469
RFE,XGBoost,25,"['return_1d', 'return_5d', 'return_10d', 'return_20d', 'intraday_return', 'high_low_range', 'gap', 'sma_5', 'sma_20', 'sma_60', 'price_to_sma_5', 'price_to_sma_20', 'price_to_sma_60', 'rsi_14', 'roc_10', 'roc_20', 'macd', 'macd_signal', 'macd_hist', 'volatility_5', 'volatility_20', 'atr_14', 'volume_change_1d', 'volume_sma_20', 'volume_ratio_20']",0.1110915848310423,0.0834003387100986,-0.1261936329110498
RFE,XGBoost,25,"['return_1d', 'return_5d', 'return_10d', 'return_20d', 'intraday_return', 'high_low_range', 'gap', 'sma_5', 'sma_20', 'sma_60', 'price_to_sma_5', 'price_to_sma_20', 'price_to_sma_60', 'rsi_14', 'roc_10', 'roc_20', 'macd', 'macd_signal', 'macd_hist', 'volatility_5', 'volatility_20', 'atr_14', 'volume_change_1d', 'volume_sma_20', 'volume_ratio_20']",0.1110915848310423,0.0834003387100986,-0.1261936329110498
RFE,XGBoost,10,"['sma_5', 'sma_60', 'price_to_sma_20', 'price_to_sma_60', 'macd', 'macd_signal', 'macd_hist', 'volatility_20', 'atr_14', 'volume_sma_20']",0.1111141971095552,0.0827724566832249,-0.1266521446130901
RFE,XGBoost,20,"['return_5d', 'return_10d', 'return_20d', 'sma_5', 'sma_20', 'sma_60', 'price_to_sma_5', 'price_to_sma_20', 'price_to_sma_60', 'rsi_14', 'roc_10', 'roc_20', 'macd', 'macd_signal', 'macd_hist', 'volatility_5', 'volatility_20', 'atr_14', 'volume_sma_20', 'volume_ratio_20']",0.1111319052994112,0.0834967995554143,-0.1270112807160082
RFE,XGBoost,20,"['return_5d', 'return_10d', 'return_20d', 'sma_5', 'sma_20', 'sma_60', 'price_to_sma_5', 'price_to_sma_20', 'price_to_sma_60', 'rsi_14', 'roc_10', 'roc_20', 'macd', 'macd_signal', 'macd_hist', 'volatility_5', 'volatility_20', 'atr_14', 'volume_sma_20', 'volume_ratio_20']",0.1111447336526777,0.0832146428436338,-0.127271485618593
RFE,XGBoost,20,"['return_5d', 'return_10d', 'return_20d', 'gap', 'sma_5', 'sma_20', 'sma_60', 'price_to_sma_20', 'price_to_sma_60', 'rsi_14', 'roc_10', 'roc_20', 'macd', 'macd_signal', 'macd_hist', 'volatility_5', 'volatility_20', 'atr_14', 'volume_sma_20', 'volume_ratio_20']",0.1111490743472609,0.0846543449359334,-0.1273595372359763
RFE,XGBoost,25,"['return_1d', 'return_5d', 'return_10d', 'return_20d', 'intraday_return', 'high_low_range', 'gap', 'sma_5', 'sma_20', 'sma_60', 'price_to_sma_5', 'price_to_sma_20', 'price_to_sma_60', 'rsi_14', 'roc_10', 'roc_20', 'macd', 'macd_signal', 'macd_hist', 'volatility_5', 'volatility_20', 'atr_14', 'volume_change_1d', 'volume_sma_20', 'volume_ratio_20']",0.1111706987220839,0.0843180837088377,-0.1277982420436461
RFE,XGBoost,25,"['return_1d', 'return_5d', 'return_10d', 'return_20d', 'intraday_return', 'high_low_range', 'gap', 'sma_5', 'sma_20', 'sma_60', 'price_to_sma_5', 'price_to_sma_20', 'price_to_sma_60', 'rsi_14', 'roc_10', 'roc_20', 'macd', 'macd_signal', 'macd_hist', 'volatility_5', 'volatility_20', 'atr_14', 'volume_change_1d', 'volume_sma_20', 'volume_ratio_20']",0.1111706987220839,0.0843180837088377,-0.1277982420436461
RFE,XGBoost,5,"['sma_5', 'sma_60', 'price_to_sma_60', 'volatility_20', 'atr_14']",0.1111719498408848,0.0844024945519348,-0.1278236267455543
RFE,XGBoost,5,"['sma_5', 'sma_60', 'price_to_sma_60', 'volatility_20', 'atr_14']",0.1112109084614905,0.0826461630591175,-0.1286142245833861
RFE,XGBoost,5,"['sma_5', 'sma_60', 'macd_hist', 'volatility_20', 'atr_14']",0.1112169136261454,0.0844049200477024,-0.1287361136557856
RFE,XGBoost,10,"['sma_5', 'sma_60', 'price_to_sma_20', 'price_to_sma_60', 'macd', 'macd_signal', 'macd_hist', 'volatility_20', 'atr_14', 'volume_sma_20']",0.111261490192419,0.0837940107347245,-0.1296411066444269
RFE,XGBoost,15,"['return_10d', 'return_20d', 'sma_5', 'sma_20', 'sma_60', 'price_to_sma_20', 'price_to_sma_60', 'rsi_14', 'roc_10', 'macd', 'macd_signal', 'macd_hist', 'volatility_20', 'atr_14', 'volume_sma_20']",0.1112651584888928,0.0830817909819665,-0.129715596511363
RFE,XGBoost,5,"['sma_5', 'sma_60', 'price_to_sma_60', 'volatility_20', 'atr_14']",0.1112818208249642,0.0844408443515069,-0.1300539793554889
RFE,XGBoost,20,"['return_5d', 'return_10d', 'return_20d', 'gap', 'sma_5', 'sma_20', 'sma_60', 'price_to_sma_20', 'price_to_sma_60', 'rsi_14', 'roc_10', 'roc_20', 'macd', 'macd_signal', 'macd_hist', 'volatility_5', 'volatility_20', 'atr_14', 'volume_sma_20', 'volume_ratio_20']",0.1113029687391967,0.0836216434477815,-0.1304835293981197
RFE,XGBoost,25,"['return_1d', 'return_5d', 'return_10d', 'return_20d', 'intraday_return', 'high_low_range', 'gap', 'sma_5', 'sma_20', 'sma_60', 'price_to_sma_5', 'price_to_sma_20', 'price_to_sma_60', 'rsi_14', 'roc_10', 'roc_20', 'macd', 'macd_signal', 'macd_hist', 'volatility_5', 'volatility_20', 'atr_14', 'volume_change_1d', 'volume_sma_20', 'volume_ratio_20']",0.1113145104843505,0.0854383641978927,-0.1307179962672211
RFE,XGBoost,25,"['return_1d', 'return_5d', 'return_10d', 'return_20d', 'intraday_return', 'high_low_range', 'gap', 'sma_5', 'sma_20', 'sma_60', 'price_to_sma_5', 'price_to_sma_20', 'price_to_sma_60', 'rsi_14', 'roc_10', 'roc_20', 'macd', 'macd_signal', 'macd_hist', 'volatility_5', 'volatility_20', 'atr_14', 'volume_change_1d', 'volume_sma_20', 'volume_ratio_20']",0.1113145104843505,0.0854383641978927,-0.1307179962672211
RFE,XGBoost,10,"['sma_5', 'sma_20', 'sma_60', 'price_to_sma_60', 'rsi_14', 'macd', 'macd_hist', 'volatility_20', 'atr_14', 'volume_sma_20']",0.1113270690315257,0.0848005943052822,-0.1309731467641481
RFE,XGBoost,15,"['return_10d', 'return_20d', 'sma_5', 'sma_20', 'sma_60', 'price_to_sma_20', 'price_to_sma_60', 'rsi_14', 'roc_10', 'macd', 'macd_signal', 'macd_hist', 'volatility_20', 'atr_14', 'volume_sma_20']",0.1113353988877809,0.0841274732331858,-0.1311423993326776
SFS,XGBoost,5,"['return_1d', 'return_5d', 'high_low_range', 'price_to_sma_20', 'rsi_14']",0.1113399580917845,0.0831101162018551,-0.1312350421866033
SFS,XGBoost,5,"['return_1d', 'return_5d', 'high_low_range', 'price_to_sma_20', 'rsi_14']",0.1113399580917845,0.0831101162018551,-0.1312350421866033
SFS,XGBoost,5,"['return_1d', 'return_5d', 'high_low_range', 'price_to_sma_20', 'rsi_14']",0.1113399580917845,0.0831101162018551,-0.1312350421866033
SFS,XGBoost,20,"['return_1d', 'return_5d', 'return_10d', 'return_20d', 'intraday_return', 'high_low_range', 'gap', 'sma_60', 'price_to_sma_5', 'price_to_sma_20', 'price_to_sma_60', 'rsi_14', 'roc_10', 'roc_20', 'macd_signal', 'macd_hist', 'volatility_5', 'volatility_20', 'volume_change_1d', 'volume_ratio_20']",0.1113402834645496,0.0842083082902164,-0.1312416538939864
SFS,XGBoost,20,"['return_1d', 'return_5d', 'return_10d', 'return_20d', 'intraday_return', 'high_low_range', 'gap', 'sma_60', 'price_to_sma_5', 'price_to_sma_20', 'price_to_sma_60', 'rsi_14', 'roc_10', 'roc_20', 'macd_signal', 'macd_hist', 'volatility_5', 'volatility_20', 'volume_change_1d', 'volume_ratio_20']",0.1113402834645496,0.0842083082902164,-0.1312416538939864
SFS,XGBoost,20,"['return_1d', 'return_5d', 'return_10d', 'return_20d', 'intraday_return', 'high_low_range', 'gap', 'sma_60', 'price_to_sma_5', 'price_to_sma_20', 'price_to_sma_60', 'rsi_14', 'roc_10', 'roc_20', 'macd_signal', 'macd_hist', 'volatility_5', 'volatility_20', 'volume_change_1d', 'volume_ratio_20']",0.1113402834645496,0.0842083082902164,-0.1312416538939864
RFE,XGBoost,25,"['return_1d', 'return_5d', 'return_10d', 'return_20d', 'intraday_return', 'high_low_range', 'gap', 'sma_5', 'sma_20', 'sma_60', 'price_to_sma_5', 'price_to_sma_20', 'price_to_sma_60', 'rsi_14', 'roc_10', 'roc_20', 'macd', 'macd_signal', 'macd_hist', 'volatility_5', 'volatility_20', 'atr_14', 'volume_change_1d', 'volume_sma_20', 'volume_ratio_20']",0.1113618705080536,0.0836669144363984,-0.13168035459367
RFE,XGBoost,25,"['return_1d', 'return_5d', 'return_10d', 'return_20d', 'intraday_return', 'high_low_range', 'gap', 'sma_5', 'sma_20', 'sma_60', 'price_to_sma_5', 'price_to_sma_20', 'price_to_sma_60', 'rsi_14', 'roc_10', 'roc_20', 'macd', 'macd_signal', 'macd_hist', 'volatility_5', 'volatility_20', 'atr_14', 'volume_change_1d', 'volume_sma_20', 'volume_ratio_20']",0.1113618705080536,0.0836669144363984,-0.13168035459367
RFE,XGBoost,15,"['return_10d', 'return_20d', 'sma_5', 'sma_20', 'sma_60', 'price_to_sma_20', 'price_to_sma_60', 'rsi_14', 'macd', 'macd_signal', 'macd_hist', 'volatility_20', 'atr_14', 'volume_sma_20', 'volume_ratio_20']",0.1113921772541699,0.0828535777814385,-0.1322964041627807
RFE,XGBoost,20,"['return_5d', 'return_10d', 'return_20d', 'gap', 'sma_5', 'sma_20', 'sma_60', 'price_to_sma_20', 'price_to_sma_60', 'rsi_14', 'roc_10', 'roc_20', 'macd', 'macd_signal', 'macd_hist', 'volatility_5', 'volatility_20', 'atr_14', 'volume_sma_20', 'volume_ratio_20']",0.1114087750498511,0.0835961976084036,-0.1326338609750197
RFE,XGBoost,25,"['return_1d', 'return_5d', 'return_10d', 'return_20d', 'intraday_return', 'high_low_range', 'gap', 'sma_5', 'sma_20', 'sma_60', 'price_to_sma_5', 'price_to_sma_20', 'price_to_sma_60', 'rsi_14', 'roc_10', 'roc_20', 'macd', 'macd_signal', 'macd_hist', 'volatility_5', 'volatility_20', 'atr_14', 'volume_change_1d', 'volume_sma_20', 'volume_ratio_20']",0.1114093565789693,0.0845223931230295,-0.1326456852014181
RFE,XGBoost,25,"['return_1d', 'return_5d', 'return_10d', 'return_20d', 'intraday_return', 'high_low_range', 'gap', 'sma_5', 'sma_20', 'sma_60', 'price_to_sma_5', 'price_to_sma_20', 'price_to_sma_60', 'rsi_14', 'roc_10', 'roc_20', 'macd', 'macd_signal', 'macd_hist', 'volatility_5', 'volatility_20', 'atr_14', 'volume_change_1d', 'volume_sma_20', 'volume_ratio_20']",0.1114093565789693,0.0845223931230295,-0.1326456852014181
RFE,XGBoost,15,"['return_10d', 'return_20d', 'sma_5', 'sma_20', 'sma_60', 'price_to_sma_20', 'price_to_sma_60', 'rsi_14', 'roc_10', 'macd', 'macd_signal', 'macd_hist', 'volatility_20', 'atr_14', 'volume_sma_20']",0.1114419334262951,0.0838265580501937,-0.1333081685207733
RFE,XGBoost,15,"['return_10d', 'return_20d', 'sma_5', 'sma_20', 'sma_60', 'price_to_sma_20', 'price_to_sma_60', 'rsi_14', 'macd', 'macd_signal', 'macd_hist', 'volatility_20', 'atr_14', 'volume_sma_20', 'volume_ratio_20']",0.1114419448322628,0.0840482014573312,-0.1333084005066456
RFE,XGBoost,15,"['return_10d', 'return_20d', 'sma_5', 'sma_20', 'sma_60', 'price_to_sma_20', 'price_to_sma_60', 'rsi_14', 'roc_10', 'macd', 'macd_signal', 'macd_hist', 'volatility_20', 'atr_14', 'volume_sma_20']",0.1114532816707539,0.083985616714047,-0.1335389920999286
RFE,XGBoost,5,"['sma_5', 'sma_60', 'macd_hist', 'volatility_20', 'atr_14']",0.1114739013330427,0.0846379257592095,-0.1339584567036174
RFE,XGBoost,10,"['sma_5', 'sma_60', 'price_to_sma_20', 'price_to_sma_60', 'macd', 'macd_signal', 'macd_hist', 'volatility_20', 'atr_14', 'volume_sma_20']",0.1114817249195238,0.0843200245771858,-0.134117631779846
RFE,XGBoost,20,"['return_5d', 'return_10d', 'return_20d', 'sma_5', 'sma_20', 'sma_60', 'price_to_sma_5', 'price_to_sma_20', 'price_to_sma_60', 'rsi_14', 'roc_10', 'roc_20', 'macd', 'macd_signal', 'macd_hist', 'volatility_5', 'volatility_20', 'atr_14', 'volume_sma_20', 'volume_ratio_20']",0.111573727063868,0.0843390293074374,-0.1359903029968332
RFE,XGBoost,20,"['return_5d', 'return_10d', 'return_20d', 'sma_5', 'sma_20', 'sma_60', 'price_to_sma_5', 'price_to_sma_20', 'price_to_sma_60', 'rsi_14', 'roc_10', 'roc_20', 'macd', 'macd_signal', 'macd_hist', 'volatility_5', 'volatility_20', 'atr_14', 'volume_sma_20', 'volume_ratio_20']",0.111615334256681,0.0847483170639469,-0.1368377100294422
RFE,XGBoost,20,"['return_5d', 'return_10d', 'return_20d', 'gap', 'sma_5', 'sma_20', 'sma_60', 'price_to_sma_20', 'price_to_sma_60', 'rsi_14', 'roc_10', 'roc_20', 'macd', 'macd_signal', 'macd_hist', 'volatility_5', 'volatility_20', 'atr_14', 'volume_sma_20', 'volume_ratio_20']",0.1116578189209601,0.0838001487725355,-0.1377033143973469
RFE,XGBoost,5,"['sma_5', 'sma_60', 'macd_hist', 'volatility_20', 'atr_14']",0.1116581474893435,0.0836685757450791,-0.1377100101019974
RFE,XGBoost,20,"['return_5d', 'return_10d', 'return_20d', 'sma_5', 'sma_20', 'sma_60', 'price_to_sma_5', 'price_to_sma_20', 'price_to_sma_60', 'rsi_14', 'roc_10', 'roc_20', 'macd', 'macd_signal', 'macd_hist', 'volatility_5', 'volatility_20', 'atr_14', 'volume_sma_20', 'volume_ratio_20']",0.1116822380368214,0.0840013510683073,-0.1382009910883757
RFE,XGBoost,15,"['return_10d', 'return_20d', 'sma_5', 'sma_20', 'sma_60', 'price_to_sma_20', 'price_to_sma_60', 'rsi_14', 'macd', 'macd_signal', 'macd_hist', 'volatility_20', 'atr_14', 'volume_sma_20', 'volume_ratio_20']",0.1116979232808239,0.083113177386463,-0.1385207234695489
RFE,XGBoost,5,"['sma_5', 'sma_60', 'price_to_sma_60', 'volatility_20', 'atr_14']",0.1117045225884816,0.0841270480280552,-0.1386552590143819
RFE,XGBoost,20,"['return_5d', 'return_10d', 'return_20d', 'gap', 'sma_5', 'sma_20', 'sma_60', 'price_to_sma_20', 'price_to_sma_60', 'rsi_14', 'roc_10', 'roc_20', 'macd', 'macd_signal', 'macd_hist', 'volatility_5', 'volatility_20', 'atr_14', 'volume_sma_20', 'volume_ratio_20']",0.1117197646419584,0.0852367272872655,-0.1389660186509713
RFE,XGBoost,20,"['return_5d', 'return_10d', 'return_20d', 'gap', 'sma_5', 'sma_20', 'sma_60', 'price_to_sma_20', 'price_to_sma_60', 'rsi_14', 'roc_10', 'roc_20', 'macd', 'macd_signal', 'macd_hist', 'volatility_5', 'volatility_20', 'atr_14', 'volume_sma_20', 'volume_ratio_20']",0.1117278654427156,0.0835914568612826,-0.1391311975040423
RFE,XGBoost,20,"['return_5d', 'return_10d', 'return_20d', 'gap', 'sma_5', 'sma_20', 'sma_60', 'price_to_sma_20', 'price_to_sma_60', 'rsi_14', 'roc_10', 'roc_20', 'macd', 'macd_signal', 'macd_hist', 'volatility_5', 'volatility_20', 'atr_14', 'volume_sma_20', 'volume_ratio_20']",0.1117453847381071,0.0838020279154843,-0.1394884645207108
RFE,XGBoost,15,"['return_10d', 'return_20d', 'sma_5', 'sma_20', 'sma_60', 'price_to_sma_20', 'price_to_sma_60', 'rsi_14', 'roc_10', 'macd', 'macd_signal', 'macd_hist', 'volatility_20', 'atr_14', 'volume_sma_20']",0.111761536578645,0.0832525436127059,-0.1398178949691844
RFE,XGBoost,20,"['return_5d', 'return_10d', 'return_20d', 'gap', 'sma_5', 'sma_20', 'sma_60', 'price_to_sma_20', 'price_to_sma_60', 'rsi_14', 'roc_10', 'roc_20', 'macd', 'macd_signal', 'macd_hist', 'volatility_5', 'volatility_20', 'atr_14', 'volume_sma_20', 'volume_ratio_20']",0.1118177666636676,0.0844581023541971,-0.140965126517405
RFE,XGBoost,20,"['return_5d', 'return_10d', 'return_20d', 'sma_5', 'sma_20', 'sma_60', 'price_to_sma_5', 'price_to_sma_20', 'price_to_sma_60', 'rsi_14', 'roc_10', 'roc_20', 'macd', 'macd_signal', 'macd_hist', 'volatility_5', 'volatility_20', 'atr_14', 'volume_sma_20', 'volume_ratio_20']",0.1118372655611133,0.0833796591725389,-0.1413630865631339
RFE,XGBoost,15,"['return_10d', 'return_20d', 'sma_5', 'sma_20', 'sma_60', 'price_to_sma_20', 'price_to_sma_60', 'rsi_14', 'macd', 'macd_signal', 'macd_hist', 'volatility_20', 'atr_14', 'volume_sma_20', 'volume_ratio_20']",0.1118572730366231,0.0839759848420092,-0.1417714984914451
RFE,XGBoost,10,"['sma_5', 'sma_60', 'price_to_sma_20', 'price_to_sma_60', 'macd', 'macd_signal', 'macd_hist', 'volatility_20', 'atr_14', 'volume_sma_20']",0.1119191678231719,0.084843167762871,-0.1430354172935812
RFE,XGBoost,10,"['sma_5', 'sma_20', 'sma_60', 'price_to_sma_60', 'rsi_14', 'macd', 'macd_hist', 'volatility_20', 'atr_14', 'volume_sma_20']",0.1119825026101881,0.0849512417562738,-0.1443294653084599
RFE,XGBoost,25,"['return_1d', 'return_5d', 'return_10d', 'return_20d', 'intraday_return', 'high_low_range', 'gap', 'sma_5', 'sma_20', 'sma_60', 'price_to_sma_5', 'price_to_sma_20', 'price_to_sma_60', 'rsi_14', 'roc_10', 'roc_20', 'macd', 'macd_signal', 'macd_hist', 'volatility_5', 'volatility_20', 'atr_14', 'volume_change_1d', 'volume_sma_20', 'volume_ratio_20']",0.112025678024321,0.084686192476154,-0.1452120393170035
RFE,XGBoost,25,"['return_1d', 'return_5d', 'return_10d', 'return_20d', 'intraday_return', 'high_low_range', 'gap', 'sma_5', 'sma_20', 'sma_60', 'price_to_sma_5', 'price_to_sma_20', 'price_to_sma_60', 'rsi_14', 'roc_10', 'roc_20', 'macd', 'macd_signal', 'macd_hist', 'volatility_5', 'volatility_20', 'atr_14', 'volume_change_1d', 'volume_sma_20', 'volume_ratio_20']",0.112025678024321,0.084686192476154,-0.1452120393170035
RFE,XGBoost,10,"['sma_5', 'sma_60', 'price_to_sma_20', 'price_to_sma_60', 'macd', 'macd_signal', 'macd_hist', 'volatility_20', 'atr_14', 'volume_sma_20']",0.1120405198821457,0.0846203296021324,-0.1455155090304731
RFE,XGBoost,5,"['sma_5', 'sma_60', 'macd_hist', 'volatility_20', 'atr_14']",0.1121194709444116,0.0850828352497331,-0.1471304878117332
RFE,XGBoost,20,"['return_5d', 'return_10d', 'return_20d', 'gap', 'sma_5', 'sma_20', 'sma_60', 'price_to_sma_20', 'price_to_sma_60', 'rsi_14', 'roc_10', 'roc_20', 'macd', 'macd_signal', 'macd_hist', 'volatility_5', 'volatility_20', 'atr_14', 'volume_sma_20', 'volume_ratio_20']",0.1121462666059993,0.0840900542261554,-0.1476788634537622
RFE,XGBoost,25,"['return_1d', 'return_5d', 'return_10d', 'return_20d', 'intraday_return', 'high_low_range', 'gap', 'sma_5', 'sma_20', 'sma_60', 'price_to_sma_5', 'price_to_sma_20', 'price_to_sma_60', 'rsi_14', 'roc_10', 'roc_20', 'macd', 'macd_signal', 'macd_hist', 'volatility_5', 'volatility_20', 'atr_14', 'volume_change_1d', 'volume_sma_20', 'volume_ratio_20']",0.1121526939096885,0.0848124423468747,-0.1478104182918485
RFE,XGBoost,25,"['return_1d', 'return_5d', 'return_10d', 'return_20d', 'intraday_return', 'high_low_range', 'gap', 'sma_5', 'sma_20', 'sma_60', 'price_to_sma_5', 'price_to_sma_20', 'price_to_sma_60', 'rsi_14', 'roc_10', 'roc_20', 'macd', 'macd_signal', 'macd_hist', 'volatility_5', 'volatility_20', 'atr_14', 'volume_change_1d', 'volume_sma_20', 'volume_ratio_20']",0.1121526939096885,0.0848124423468747,-0.1478104182918485
RFE,XGBoost,20,"['return_5d', 'return_10d', 'return_20d', 'gap', 'sma_5', 'sma_20', 'sma_60', 'price_to_sma_20', 'price_to_sma_60', 'rsi_14', 'roc_10', 'roc_20', 'macd', 'macd_signal', 'macd_hist', 'volatility_5', 'volatility_20', 'atr_14', 'volume_sma_20', 'volume_ratio_20']",0.1121761214660614,0.0849673938144102,-0.1482900002065978
RFE,XGBoost,15,"['return_10d', 'return_20d', 'sma_5', 'sma_20', 'sma_60', 'price_to_sma_20', 'price_to_sma_60', 'rsi_14', 'roc_10', 'macd', 'macd_signal', 'macd_hist', 'volatility_20', 'atr_14', 'volume_sma_20']",0.1121842809583133,0.0845346925977458,-0.1484570554407456
RFE,XGBoost,20,"['return_5d', 'return_10d', 'return_20d', 'gap', 'sma_5', 'sma_20', 'sma_60', 'price_to_sma_20', 'price_to_sma_60', 'rsi_14', 'roc_10', 'roc_20', 'macd', 'macd_signal', 'macd_hist', 'volatility_5', 'volatility_20', 'atr_14', 'volume_sma_20', 'volume_ratio_20']",0.1121995511399991,0.0856424139704426,-0.1487697256525906
RFE,XGBoost,10,"['sma_5', 'sma_60', 'price_to_sma_20', 'price_to_sma_60', 'macd', 'macd_signal', 'macd_hist', 'volatility_20', 'atr_14', 'volume_sma_20']",0.1122104847606025,0.084840760901906,-0.1489936271601639
RFE,XGBoost,10,"['sma_5', 'sma_20', 'sma_60', 'price_to_sma_60', 'rsi_14', 'macd', 'macd_hist', 'volatility_20', 'atr_14', 'volume_sma_20']",0.1122119775836918,0.0855355425614324,-0.1490241992698802
RFE,XGBoost,20,"['return_5d', 'return_10d', 'return_20d', 'sma_5', 'sma_20', 'sma_60', 'price_to_sma_5', 'price_to_sma_20', 'price_to_sma_60', 'rsi_14', 'roc_10', 'roc_20', 'macd', 'macd_signal', 'macd_hist', 'volatility_5', 'volatility_20', 'atr_14', 'volume_sma_20', 'volume_ratio_20']",0.1122187492237715,0.0848993119480708,-0.1491628834506706
RFE,XGBoost,15,"['return_10d', 'return_20d', 'sma_5', 'sma_20', 'sma_60', 'price_to_sma_20', 'price_to_sma_60', 'rsi_14', 'macd', 'macd_signal', 'macd_hist', 'volatility_20', 'atr_14', 'volume_sma_20', 'volume_ratio_20']",0.1122434597903954,0.0836750285482929,-0.1496690304651471
RFE,XGBoost,5,"['sma_5', 'sma_60', 'price_to_sma_60', 'volatility_20', 'atr_14']",0.1122626858921144,0.0850305898387231,-0.1500629161636741
RFE,XGBoost,5,"['sma_5', 'sma_60', 'macd_hist', 'volatility_20', 'atr_14']",0.1122969031782328,0.0851263199107627,-0.1507640935624996
RFE,XGBoost,15,"['return_10d', 'return_20d', 'sma_5', 'sma_20', 'sma_60', 'price_to_sma_20', 'price_to_sma_60', 'rsi_14', 'roc_10', 'macd', 'macd_signal', 'macd_hist', 'volatility_20', 'atr_14', 'volume_sma_20']",0.1123016358630168,0.0846129295684983,-0.1508610921141058
RFE,XGBoost,25,"['return_1d', 'return_5d', 'return_10d', 'return_20d', 'intraday_return', 'high_low_range', 'gap', 'sma_5', 'sma_20', 'sma_60', 'price_to_sma_5', 'price_to_sma_20', 'price_to_sma_60', 'rsi_14', 'roc_10', 'roc_20', 'macd', 'macd_signal', 'macd_hist', 'volatility_5', 'volatility_20', 'atr_14', 'volume_change_1d', 'volume_sma_20', 'volume_ratio_20']",0.1124065421605062,0.0848615162881212,-0.1530122445205681
RFE,XGBoost,25,"['return_1d', 'return_5d', 'return_10d', 'return_20d', 'intraday_return', 'high_low_range', 'gap', 'sma_5', 'sma_20', 'sma_60', 'price_to_sma_5', 'price_to_sma_20', 'price_to_sma_60', 'rsi_14', 'roc_10', 'roc_20', 'macd', 'macd_signal', 'macd_hist', 'volatility_5', 'volatility_20', 'atr_14', 'volume_change_1d', 'volume_sma_20', 'volume_ratio_20']",0.1124065421605062,0.0848615162881212,-0.1530122445205681
RFE,XGBoost,20,"['return_5d', 'return_10d', 'return_20d', 'gap', 'sma_5', 'sma_20', 'sma_60', 'price_to_sma_20', 'price_to_sma_60', 'rsi_14', 'roc_10', 'roc_20', 'macd', 'macd_signal', 'macd_hist', 'volatility_5', 'volatility_20', 'atr_14', 'volume_sma_20', 'volume_ratio_20']",0.1124129637795636,0.0851568046139723,-0.1531439880428953
RFE,XGBoost,25,"['return_1d', 'return_5d', 'return_10d', 'return_20d', 'intraday_return', 'high_low_range', 'gap', 'sma_5', 'sma_20', 'sma_60', 'price_to_sma_5', 'price_to_sma_20', 'price_to_sma_60', 'rsi_14', 'roc_10', 'roc_20', 'macd', 'macd_signal', 'macd_hist', 'volatility_5', 'volatility_20', 'atr_14', 'volume_change_1d', 'volume_sma_20', 'volume_ratio_20']",0.1124142420970632,0.0843712720342245,-0.1531702144223319
RFE,XGBoost,25,"['return_1d', 'return_5d', 'return_10d', 'return_20d', 'intraday_return', 'high_low_range', 'gap', 'sma_5', 'sma_20', 'sma_60', 'price_to_sma_5', 'price_to_sma_20', 'price_to_sma_60', 'rsi_14', 'roc_10', 'roc_20', 'macd', 'macd_signal', 'macd_hist', 'volatility_5', 'volatility_20', 'atr_14', 'volume_change_1d', 'volume_sma_20', 'volume_ratio_20']",0.1124142420970632,0.0843712720342245,-0.1531702144223319
RFE,XGBoost,5,"['sma_5', 'sma_60', 'macd_hist', 'volatility_20', 'atr_14']",0.112419841046386,0.0854816160337659,-0.1532850878095333
RFE,XGBoost,15,"['return_10d', 'return_20d', 'sma_5', 'sma_20', 'sma_60', 'price_to_sma_20', 'price_to_sma_60', 'rsi_14', 'roc_10', 'macd', 'macd_signal', 'macd_hist', 'volatility_20', 'atr_14', 'volume_sma_20']",0.1124445161339902,0.0837586956778402,-0.1537914136213312
RFE,XGBoost,20,"['return_5d', 'return_10d', 'return_20d', 'sma_5', 'sma_20', 'sma_60', 'price_to_sma_5', 'price_to_sma_20', 'price_to_sma_60', 'rsi_14', 'roc_10', 'roc_20', 'macd', 'macd_signal', 'macd_hist', 'volatility_5', 'volatility_20', 'atr_14', 'volume_sma_20', 'volume_ratio_20']",0.1124745330541006,0.0851447003233236,-0.1544075021337914
RFE,XGBoost,15,"['return_10d', 'return_20d', 'sma_5', 'sma_20', 'sma_60', 'price_to_sma_20', 'price_to_sma_60', 'rsi_14', 'macd', 'macd_signal', 'macd_hist', 'volatility_20', 'atr_14', 'volume_sma_20', 'volume_ratio_20']",0.1125020177682673,0.084559278177159,-0.1549717620782174
RFE,XGBoost,20,"['return_5d', 'return_10d', 'return_20d', 'gap', 'sma_5', 'sma_20', 'sma_60', 'price_to_sma_20', 'price_to_sma_60', 'rsi_14', 'roc_10', 'roc_20', 'macd', 'macd_signal', 'macd_hist', 'volatility_5', 'volatility_20', 'atr_14', 'volume_sma_20', 'volume_ratio_20']",0.1125108287285927,0.0849515706876228,-0.1551526798799389
RFE,XGBoost,15,"['return_10d', 'return_20d', 'sma_5', 'sma_20', 'sma_60', 'price_to_sma_20', 'price_to_sma_60', 'rsi_14', 'roc_10', 'macd', 'macd_signal', 'macd_hist', 'volatility_20', 'atr_14', 'volume_sma_20']",0.1125434469159135,0.0855423148333581,-0.1558225611475232
RFE,XGBoost,20,"['return_5d', 'return_10d', 'return_20d', 'sma_5', 'sma_20', 'sma_60', 'price_to_sma_5', 'price_to_sma_20', 'price_to_sma_60', 'rsi_14', 'roc_10', 'roc_20', 'macd', 'macd_signal', 'macd_hist', 'volatility_5', 'volatility_20', 'atr_14', 'volume_sma_20', 'volume_ratio_20']",0.1125680322311289,0.0852366474232469,-0.1563275992740258
RFE,XGBoost,10,"['sma_5', 'sma_20', 'sma_60', 'price_to_sma_60', 'rsi_14', 'macd', 'macd_hist', 'volatility_20', 'atr_14', 'volume_sma_20']",0.1125886117661354,0.085868418716365,-0.156750434408927
RFE,XGBoost,15,"['return_10d', 'return_20d', 'sma_5', 'sma_20', 'sma_60', 'price_to_sma_20', 'price_to_sma_60', 'rsi_14', 'roc_10', 'macd', 'macd_signal', 'macd_hist', 'volatility_20', 'atr_14', 'volume_sma_20']",0.1126150276291397,0.0848824140492437,-0.1572932982947164
RFE,XGBoost,20,"['return_5d', 'return_10d', 'return_20d', 'gap', 'sma_5', 'sma_20', 'sma_60', 'price_to_sma_20', 'price_to_sma_60', 'rsi_14', 'roc_10', 'roc_20', 'macd', 'macd_signal', 'macd_hist', 'volatility_5', 'volatility_20', 'atr_14', 'volume_sma_20', 'volume_ratio_20']",0.112627403924374,0.0861138550961512,-0.1575476833599589
RFE,XGBoost,10,"['sma_5', 'sma_60', 'price_to_sma_20', 'price_to_sma_60', 'macd', 'macd_signal', 'macd_hist', 'volatility_20', 'atr_14', 'volume_sma_20']",0.1126890988532857,0.0852676665533826,-0.1588161913663284
RFE,XGBoost,15,"['return_10d', 'return_20d', 'sma_5', 'sma_20', 'sma_60', 'price_to_sma_20', 'price_to_sma_60', 'rsi_14', 'roc_10', 'macd', 'macd_signal', 'macd_hist', 'volatility_20', 'atr_14', 'volume_sma_20']",0.1127993232141971,0.0846083991422182,-0.1610842411322885
RFE,XGBoost,10,"['sma_5', 'sma_60', 'price_to_sma_20', 'price_to_sma_60', 'macd', 'macd_signal', 'macd_hist', 'volatility_20', 'atr_14', 'volume_sma_20']",0.1128083249112413,0.0856197965996915,-0.161269563975051
RFE,XGBoost,10,"['sma_5', 'sma_60', 'price_to_sma_20', 'price_to_sma_60', 'macd', 'macd_signal', 'macd_hist', 'volatility_20', 'atr_14', 'volume_sma_20']",0.1128656696556952,0.0856661370302268,-0.1624504986664967
RFE,XGBoost,10,"['sma_5', 'sma_20', 'sma_60', 'price_to_sma_60', 'rsi_14', 'macd', 'macd_hist', 'volatility_20', 'atr_14', 'volume_sma_20']",0.1128737669729152,0.0865128296595591,-0.1626172999288742
RFE,XGBoost,20,"['return_5d', 'return_10d', 'return_20d', 'gap', 'sma_5', 'sma_20', 'sma_60', 'price_to_sma_20', 'price_to_sma_60', 'rsi_14', 'roc_10', 'roc_20', 'macd', 'macd_signal', 'macd_hist', 'volatility_5', 'volatility_20', 'atr_14', 'volume_sma_20', 'volume_ratio_20']",0.1129371162324105,0.0856997130452468,-0.1639226805310534
RFE,XGBoost,10,"['sma_5', 'sma_60', 'price_to_sma_20', 'price_to_sma_60', 'macd', 'macd_signal', 'macd_hist', 'volatility_20', 'atr_14', 'volume_sma_20']",0.1129558713143738,0.0854097084384685,-0.1643092899748417
RFE,XGBoost,15,"['return_10d', 'return_20d', 'sma_5', 'sma_20', 'sma_60', 'price_to_sma_20', 'price_to_sma_60', 'rsi_14', 'roc_10', 'macd', 'macd_signal', 'macd_hist', 'volatility_20', 'atr_14', 'volume_sma_20']",0.1129661857840429,0.0858682915959883,-0.1645219355155027
RFE,XGBoost,10,"['sma_5', 'sma_20', 'sma_60', 'price_to_sma_60', 'rsi_14', 'macd', 'macd_hist', 'volatility_20', 'atr_14', 'volume_sma_20']",0.1130523693057283,0.086850232312837,-0.1662994742509951
RFE,XGBoost,20,"['return_5d', 'return_10d', 'return_20d', 'sma_5', 'sma_20', 'sma_60', 'price_to_sma_5', 'price_to_sma_20', 'price_to_sma_60', 'rsi_14', 'roc_10', 'roc_20', 'macd', 'macd_signal', 'macd_hist', 'volatility_5', 'volatility_20', 'atr_14', 'volume_sma_20', 'volume_ratio_20']",0.1130608796815488,0.0851600413384948,-0.1664750746474903
RFE,XGBoost,20,"['return_5d', 'return_10d', 'return_20d', 'sma_5', 'sma_20', 'sma_60', 'price_to_sma_5', 'price_to_sma_20', 'price_to_sma_60', 'rsi_14', 'roc_10', 'roc_20', 'macd', 'macd_signal', 'macd_hist', 'volatility_5', 'volatility_20', 'atr_14', 'volume_sma_20', 'volume_ratio_20']",0.1131013591957365,0.0858329081164839,-0.16731049707348
RFE,XGBoost,15,"['return_10d', 'return_20d', 'sma_5', 'sma_20', 'sma_60', 'price_to_sma_20', 'price_to_sma_60', 'rsi_14', 'roc_10', 'macd', 'macd_signal', 'macd_hist', 'volatility_20', 'atr_14', 'volume_sma_20']",0.1131339134195636,0.0854185240659814,-0.1679825731017272
RFE,XGBoost,5,"['sma_5', 'sma_60', 'price_to_sma_60', 'volatility_20', 'atr_14']",0.1131339977439785,0.0849293403343108,-0.1679843142150825
RFE,XGBoost,20,"['return_5d', 'return_10d', 'return_20d', 'gap', 'sma_5', 'sma_20', 'sma_60', 'price_to_sma_20', 'price_to_sma_60', 'rsi_14', 'roc_10', 'roc_20', 'macd', 'macd_signal', 'macd_hist', 'volatility_5', 'volatility_20', 'atr_14', 'volume_sma_20', 'volume_ratio_20']",0.1131754125213884,0.0857877827352496,-0.1688395949450312
RFE,XGBoost,10,"['sma_5', 'sma_20', 'sma_60', 'price_to_sma_60', 'rsi_14', 'macd', 'macd_hist', 'volatility_20', 'atr_14', 'volume_sma_20']",0.1132240750256465,0.085121808074901,-0.1698449527109333
RFE,XGBoost,15,"['return_10d', 'return_20d', 'sma_5', 'sma_20', 'sma_60', 'price_to_sma_20', 'price_to_sma_60', 'rsi_14', 'macd', 'macd_signal', 'macd_hist', 'volatility_20', 'atr_14', 'volume_sma_20', 'volume_ratio_20']",0.1132354345906979,0.0850954417363303,-0.1700797013094876
RFE,XGBoost,15,"['return_10d', 'return_20d', 'sma_5', 'sma_20', 'sma_60', 'price_to_sma_20', 'price_to_sma_60', 'rsi_14', 'macd', 'macd_signal', 'macd_hist', 'volatility_20', 'atr_14', 'volume_sma_20', 'volume_ratio_20']",0.1134045167129147,0.0860034178110601,-0.1735766149018081
RFE,XGBoost,15,"['return_10d', 'return_20d', 'sma_5', 'sma_20', 'sma_60', 'price_to_sma_20', 'price_to_sma_60', 'rsi_14', 'roc_10', 'macd', 'macd_signal', 'macd_hist', 'volatility_20', 'atr_14', 'volume_sma_20']",0.1134089790296969,0.0861555261997139,-0.173668974074223
RFE,XGBoost,25,"['return_1d', 'return_5d', 'return_10d', 'return_20d', 'intraday_return', 'high_low_range', 'gap', 'sma_5', 'sma_20', 'sma_60', 'price_to_sma_5', 'price_to_sma_20', 'price_to_sma_60', 'rsi_14', 'roc_10', 'roc_20', 'macd', 'macd_signal', 'macd_hist', 'volatility_5', 'volatility_20', 'atr_14', 'volume_change_1d', 'volume_sma_20', 'volume_ratio_20']",0.113463088251534,0.0848814286101462,-0.1747891933965344
RFE,XGBoost,25,"['return_1d', 'return_5d', 'return_10d', 'return_20d', 'intraday_return', 'high_low_range', 'gap', 'sma_5', 'sma_20', 'sma_60', 'price_to_sma_5', 'price_to_sma_20', 'price_to_sma_60', 'rsi_14', 'roc_10', 'roc_20', 'macd', 'macd_signal', 'macd_hist', 'volatility_5', 'volatility_20', 'atr_14', 'volume_change_1d', 'volume_sma_20', 'volume_ratio_20']",0.113463088251534,0.0848814286101462,-0.1747891933965344
RFE,XGBoost,15,"['return_10d', 'return_20d', 'sma_5', 'sma_20', 'sma_60', 'price_to_sma_20', 'price_to_sma_60', 'rsi_14', 'roc_10', 'macd', 'macd_signal', 'macd_hist', 'volatility_20', 'atr_14', 'volume_sma_20']",0.1135121155337677,0.0856052221209206,-0.1758046631141172
RFE,XGBoost,20,"['return_5d', 'return_10d', 'return_20d', 'sma_5', 'sma_20', 'sma_60', 'price_to_sma_5', 'price_to_sma_20', 'price_to_sma_60', 'rsi_14', 'roc_10', 'roc_20', 'macd', 'macd_signal', 'macd_hist', 'volatility_5', 'volatility_20', 'atr_14', 'volume_sma_20', 'volume_ratio_20']",0.1135288066239298,0.0866222061599558,-0.1761504747385405
RFE,XGBoost,15,"['return_10d', 'return_20d', 'sma_5', 'sma_20', 'sma_60', 'price_to_sma_20', 'price_to_sma_60', 'rsi_14', 'macd', 'macd_signal', 'macd_hist', 'volatility_20', 'atr_14', 'volume_sma_20', 'volume_ratio_20']",0.1135691859799512,0.0850994387159152,-0.17698727812017
RFE,XGBoost,5,"['sma_5', 'sma_60', 'price_to_sma_60', 'volatility_20', 'atr_14']",0.1135694368330306,0.0863007160548064,-0.1769924776152009
RFE,XGBoost,5,"['sma_5', 'sma_60', 'price_to_sma_60', 'volatility_20', 'atr_14']",0.1135795123293056,0.0859018563233464,-0.1772013244615042
RFE,XGBoost,5,"['sma_5', 'sma_60', 'price_to_sma_60', 'volatility_20', 'atr_14']",0.1136030707814105,0.0866207126716847,-0.1776897209446271
RFE,XGBoost,15,"['return_10d', 'return_20d', 'sma_5', 'sma_20', 'sma_60', 'price_to_sma_20', 'price_to_sma_60', 'rsi_14', 'macd', 'macd_signal', 'macd_hist', 'volatility_20', 'atr_14', 'volume_sma_20', 'volume_ratio_20']",0.1136197343160267,0.0854050906018781,-0.1780352382370105
RFE,XGBoost,10,"['sma_5', 'sma_20', 'sma_60', 'price_to_sma_60', 'rsi_14', 'macd', 'macd_hist', 'volatility_20', 'atr_14', 'volume_sma_20']",0.1136406775937979,0.0862218295337919,-0.1784695675941003
RFE,XGBoost,10,"['sma_5', 'sma_60', 'price_to_sma_20', 'price_to_sma_60', 'macd', 'macd_signal', 'macd_hist', 'volatility_20', 'atr_14', 'volume_sma_20']",0.1136672681890615,0.0850470884388545,-0.1790211284281226
RFE,XGBoost,5,"['sma_5', 'sma_60', 'price_to_sma_60', 'volatility_20', 'atr_14']",0.1136731367058269,0.085865949512433,-0.1791428747141383
RFE,XGBoost,5,"['sma_5', 'sma_60', 'price_to_sma_60', 'volatility_20', 'atr_14']",0.1136893931937199,0.0861316179656155,-0.1794801591964649
RFE,XGBoost,25,"['return_1d', 'return_5d', 'return_10d', 'return_20d', 'intraday_return', 'high_low_range', 'gap', 'sma_5', 'sma_20', 'sma_60', 'price_to_sma_5', 'price_to_sma_20', 'price_to_sma_60', 'rsi_14', 'roc_10', 'roc_20', 'macd', 'macd_signal', 'macd_hist', 'volatility_5', 'volatility_20', 'atr_14', 'volume_change_1d', 'volume_sma_20', 'volume_ratio_20']",0.1137459550945869,0.086044943754675,-0.1806540635230056
RFE,XGBoost,25,"['return_1d', 'return_5d', 'return_10d', 'return_20d', 'intraday_return', 'high_low_range', 'gap', 'sma_5', 'sma_20', 'sma_60', 'price_to_sma_5', 'price_to_sma_20', 'price_to_sma_60', 'rsi_14', 'roc_10', 'roc_20', 'macd', 'macd_signal', 'macd_hist', 'volatility_5', 'volatility_20', 'atr_14', 'volume_change_1d', 'volume_sma_20', 'volume_ratio_20']",0.1137459550945869,0.086044943754675,-0.1806540635230056
RFE,XGBoost,20,"['return_5d', 'return_10d', 'return_20d', 'sma_5', 'sma_20', 'sma_60', 'price_to_sma_5', 'price_to_sma_20', 'price_to_sma_60', 'rsi_14', 'roc_10', 'roc_20', 'macd', 'macd_signal', 'macd_hist', 'volatility_5', 'volatility_20', 'atr_14', 'volume_sma_20', 'volume_ratio_20']",0.1137648406963215,0.0865358478788252,-0.1810461515486845
RFE,XGBoost,25,"['return_1d', 'return_5d', 'return_10d', 'return_20d', 'intraday_return', 'high_low_range', 'gap', 'sma_5', 'sma_20', 'sma_60', 'price_to_sma_5', 'price_to_sma_20', 'price_to_sma_60', 'rsi_14', 'roc_10', 'roc_20', 'macd', 'macd_signal', 'macd_hist', 'volatility_5', 'volatility_20', 'atr_14', 'volume_change_1d', 'volume_sma_20', 'volume_ratio_20']",0.1137847371449223,0.0856873732032273,-0.1814592963965067
RFE,XGBoost,25,"['return_1d', 'return_5d', 'return_10d', 'return_20d', 'intraday_return', 'high_low_range', 'gap', 'sma_5', 'sma_20', 'sma_60', 'price_to_sma_5', 'price_to_sma_20', 'price_to_sma_60', 'rsi_14', 'roc_10', 'roc_20', 'macd', 'macd_signal', 'macd_hist', 'volatility_5', 'volatility_20', 'atr_14', 'volume_change_1d', 'volume_sma_20', 'volume_ratio_20']",0.1137847371449223,0.0856873732032273,-0.1814592963965067
RFE,XGBoost,15,"['return_10d', 'return_20d', 'sma_5', 'sma_20', 'sma_60', 'price_to_sma_20', 'price_to_sma_60', 'rsi_14', 'roc_10', 'macd', 'macd_signal', 'macd_hist', 'volatility_20', 'atr_14', 'volume_sma_20']",0.1138178893824663,0.0864796093276217,-0.1821478549186488
RFE,XGBoost,20,"['return_5d', 'return_10d', 'return_20d', 'sma_5', 'sma_20', 'sma_60', 'price_to_sma_5', 'price_to_sma_20', 'price_to_sma_60', 'rsi_14', 'roc_10', 'roc_20', 'macd', 'macd_signal', 'macd_hist', 'volatility_5', 'volatility_20', 'atr_14', 'volume_sma_20', 'volume_ratio_20']",0.1138279208890943,0.0864294334466087,-0.1823562447719351
RFE,XGBoost,20,"['return_5d', 'return_10d', 'return_20d', 'sma_5', 'sma_20', 'sma_60', 'price_to_sma_5', 'price_to_sma_20', 'price_to_sma_60', 'rsi_14', 'roc_10', 'roc_20', 'macd', 'macd_signal', 'macd_hist', 'volatility_5', 'volatility_20', 'atr_14', 'volume_sma_20', 'volume_ratio_20']",0.1138599721471509,0.0872892707266291,-0.1830221857841341
RFE,XGBoost,10,"['sma_5', 'sma_60', 'price_to_sma_20', 'price_to_sma_60', 'macd', 'macd_signal', 'macd_hist', 'volatility_20', 'atr_14', 'volume_sma_20']",0.1138696723327682,0.0848254246528968,-0.1832237671370606
RFE,XGBoost,15,"['return_10d', 'return_20d', 'sma_5', 'sma_20', 'sma_60', 'price_to_sma_20', 'price_to_sma_60', 'rsi_14', 'macd', 'macd_signal', 'macd_hist', 'volatility_20', 'atr_14', 'volume_sma_20', 'volume_ratio_20']",0.1138864461115627,0.085851581385042,-0.1835723866621152
RFE,XGBoost,20,"['return_5d', 'return_10d', 'return_20d', 'gap', 'sma_5', 'sma_20', 'sma_60', 'price_to_sma_20', 'price_to_sma_60', 'rsi_14', 'roc_10', 'roc_20', 'macd', 'macd_signal', 'macd_hist', 'volatility_5', 'volatility_20', 'atr_14', 'volume_sma_20', 'volume_ratio_20']",0.1139472678030539,0.0862200456526476,-0.1848369110987531
RFE,XGBoost,10,"['sma_5', 'sma_60', 'price_to_sma_20', 'price_to_sma_60', 'macd', 'macd_signal', 'macd_hist', 'volatility_20', 'atr_14', 'volume_sma_20']",0.1139664273697342,0.085975515276942,-0.1852353913915776
RFE,XGBoost,10,"['sma_5', 'sma_20', 'sma_60', 'price_to_sma_60', 'rsi_14', 'macd', 'macd_hist', 'volatility_20', 'atr_14', 'volume_sma_20']",0.1139737521881864,0.0862679880274952,-0.1853877505250034
RFE,XGBoost,5,"['sma_5', 'sma_60', 'price_to_sma_60', 'volatility_20', 'atr_14']",0.1140686859212386,0.0856211219772457,-0.1873632957547149
RFE,XGBoost,20,"['return_5d', 'return_10d', 'return_20d', 'sma_5', 'sma_20', 'sma_60', 'price_to_sma_5', 'price_to_sma_20', 'price_to_sma_60', 'rsi_14', 'roc_10', 'roc_20', 'macd', 'macd_signal', 'macd_hist', 'volatility_5', 'volatility_20', 'atr_14', 'volume_sma_20', 'volume_ratio_20']",0.114080145108977,0.0872258973429038,-0.1876018695971517
RFE,XGBoost,15,"['return_10d', 'return_20d', 'sma_5', 'sma_20', 'sma_60', 'price_to_sma_20', 'price_to_sma_60', 'rsi_14', 'macd', 'macd_signal', 'macd_hist', 'volatility_20', 'atr_14', 'volume_sma_20', 'volume_ratio_20']",0.1141745276922927,0.0865888730229166,-0.1895677734779186
RFE,XGBoost,20,"['return_5d', 'return_10d', 'return_20d', 'gap', 'sma_5', 'sma_20', 'sma_60', 'price_to_sma_20', 'price_to_sma_60', 'rsi_14', 'roc_10', 'roc_20', 'macd', 'macd_signal', 'macd_hist', 'volatility_5', 'volatility_20', 'atr_14', 'volume_sma_20', 'volume_ratio_20']",0.114222708343413,0.0867316217040456,-0.1905719596842703
RFE,XGBoost,15,"['return_10d', 'return_20d', 'sma_5', 'sma_20', 'sma_60', 'price_to_sma_20', 'price_to_sma_60', 'rsi_14', 'macd', 'macd_signal', 'macd_hist', 'volatility_20', 'atr_14', 'volume_sma_20', 'volume_ratio_20']",0.114230286915568,0.0867422906238093,-0.1907299516450882
SFS,XGBoost,15,"['return_1d', 'return_5d', 'return_10d', 'intraday_return', 'high_low_range', 'gap', 'price_to_sma_5', 'price_to_sma_20', 'rsi_14', 'roc_10', 'roc_20', 'macd_signal', 'volatility_20', 'volume_change_1d', 'volume_ratio_20']",0.1142470787438897,0.0853351970056989,-0.191080051483959
SFS,XGBoost,15,"['return_1d', 'return_5d', 'return_10d', 'intraday_return', 'high_low_range', 'gap', 'price_to_sma_5', 'price_to_sma_20', 'rsi_14', 'roc_10', 'roc_20', 'macd_signal', 'volatility_20', 'volume_change_1d', 'volume_ratio_20']",0.1142470787438897,0.0853351970056989,-0.191080051483959
SFS,XGBoost,15,"['return_1d', 'return_5d', 'return_10d', 'intraday_return', 'high_low_range', 'gap', 'price_to_sma_5', 'price_to_sma_20', 'rsi_14', 'roc_10', 'roc_20', 'macd_signal', 'volatility_20', 'volume_change_1d', 'volume_ratio_20']",0.1142470787438897,0.0853351970056989,-0.191080051483959
RFE,XGBoost,20,"['return_5d', 'return_10d', 'return_20d', 'gap', 'sma_5', 'sma_20', 'sma_60', 'price_to_sma_20', 'price_to_sma_60', 'rsi_14', 'roc_10', 'roc_20', 'macd', 'macd_signal', 'macd_hist', 'volatility_5', 'volatility_20', 'atr_14', 'volume_sma_20', 'volume_ratio_20']",0.1142869162914786,0.0859572558115503,-0.1919108470111039
RFE,XGBoost,20,"['return_5d', 'return_10d', 'return_20d', 'sma_5', 'sma_20', 'sma_60', 'price_to_sma_5', 'price_to_sma_20', 'price_to_sma_60', 'rsi_14', 'roc_10', 'roc_20', 'macd', 'macd_signal', 'macd_hist', 'volatility_5', 'volatility_20', 'atr_14', 'volume_sma_20', 'volume_ratio_20']",0.1142908522400409,0.0853569968615297,-0.1919929453075526
RFE,XGBoost,10,"['sma_5', 'sma_20', 'sma_60', 'price_to_sma_60', 'rsi_14', 'macd', 'macd_hist', 'volatility_20', 'atr_14', 'volume_sma_20']",0.1143032689664925,0.0878749667890775,-0.1922519591135794
RFE,XGBoost,10,"['sma_5', 'sma_60', 'price_to_sma_20', 'price_to_sma_60', 'macd', 'macd_signal', 'macd_hist', 'volatility_20', 'atr_14', 'volume_sma_20']",0.1144198312209968,0.0868246143213876,-0.1946848280348367
RFE,XGBoost,25,"['return_1d', 'return_5d', 'return_10d', 'return_20d', 'intraday_return', 'high_low_range', 'gap', 'sma_5', 'sma_20', 'sma_60', 'price_to_sma_5', 'price_to_sma_20', 'price_to_sma_60', 'rsi_14', 'roc_10', 'roc_20', 'macd', 'macd_signal', 'macd_hist', 'volatility_5', 'volatility_20', 'atr_14', 'volume_change_1d', 'volume_sma_20', 'volume_ratio_20']",0.1144362389742936,0.0869541794688738,-0.1950274871557686
RFE,XGBoost,25,"['return_1d', 'return_5d', 'return_10d', 'return_20d', 'intraday_return', 'high_low_range', 'gap', 'sma_5', 'sma_20', 'sma_60', 'price_to_sma_5', 'price_to_sma_20', 'price_to_sma_60', 'rsi_14', 'roc_10', 'roc_20', 'macd', 'macd_signal', 'macd_hist', 'volatility_5', 'volatility_20', 'atr_14', 'volume_change_1d', 'volume_sma_20', 'volume_ratio_20']",0.1144362389742936,0.0869541794688738,-0.1950274871557686
RFE,XGBoost,15,"['return_10d', 'return_20d', 'sma_5', 'sma_20', 'sma_60', 'price_to_sma_20', 'price_to_sma_60', 'rsi_14', 'macd', 'macd_signal', 'macd_hist', 'volatility_20', 'atr_14', 'volume_sma_20', 'volume_ratio_20']",0.1144654347633601,0.0867749933244702,-0.1956373328029135
RFE,XGBoost,10,"['sma_5', 'sma_20', 'sma_60', 'price_to_sma_60', 'rsi_14', 'macd', 'macd_hist', 'volatility_20', 'atr_14', 'volume_sma_20']",0.1144996464409608,0.0866364772983648,-0.1963521489724129
RFE,XGBoost,10,"['sma_5', 'sma_20', 'sma_60', 'price_to_sma_60', 'rsi_14', 'macd', 'macd_hist', 'volatility_20', 'atr_14', 'volume_sma_20']",0.1145242686471287,0.0875310191486394,-0.1968667356528344
RFE,XGBoost,10,"['sma_5', 'sma_20', 'sma_60', 'price_to_sma_60', 'rsi_14', 'macd', 'macd_hist', 'volatility_20', 'atr_14', 'volume_sma_20']",0.1145389138100769,0.0871741547583991,-0.1971728616700125
RFE,XGBoost,15,"['return_10d', 'return_20d', 'sma_5', 'sma_20', 'sma_60', 'price_to_sma_20', 'price_to_sma_60', 'rsi_14', 'macd', 'macd_signal', 'macd_hist', 'volatility_20', 'atr_14', 'volume_sma_20', 'volume_ratio_20']",0.1145538092074034,0.0856254817588372,-0.1974842584585656
RFE,XGBoost,15,"['return_10d', 'return_20d', 'sma_5', 'sma_20', 'sma_60', 'price_to_sma_20', 'price_to_sma_60', 'rsi_14', 'macd', 'macd_signal', 'macd_hist', 'volatility_20', 'atr_14', 'volume_sma_20', 'volume_ratio_20']",0.1145737316847097,0.0864809259181337,-0.1979008125242178
RFE,XGBoost,15,"['return_10d', 'return_20d', 'sma_5', 'sma_20', 'sma_60', 'price_to_sma_20', 'price_to_sma_60', 'rsi_14', 'roc_10', 'macd', 'macd_signal', 'macd_hist', 'volatility_20', 'atr_14', 'volume_sma_20']",0.1146080188124278,0.0862049610368587,-0.1986178830638825
RFE,XGBoost,20,"['return_5d', 'return_10d', 'return_20d', 'sma_5', 'sma_20', 'sma_60', 'price_to_sma_5', 'price_to_sma_20', 'price_to_sma_60', 'rsi_14', 'roc_10', 'roc_20', 'macd', 'macd_signal', 'macd_hist', 'volatility_5', 'volatility_20', 'atr_14', 'volume_sma_20', 'volume_ratio_20']",0.1147249394019437,0.0868372099634656,-0.2010647379420991
RFE,XGBoost,5,"['sma_5', 'sma_60', 'price_to_sma_60', 'volatility_20', 'atr_14']",0.1147280053167996,0.0868088320758892,-0.2011289334247197
RFE,XGBoost,5,"['sma_5', 'sma_60', 'price_to_sma_60', 'volatility_20', 'atr_14']",0.1148041199395999,0.0856035552486173,-0.2027232050628562
RFE,XGBoost,10,"['sma_5', 'sma_60', 'price_to_sma_20', 'price_to_sma_60', 'macd', 'macd_signal', 'macd_hist', 'volatility_20', 'atr_14', 'volume_sma_20']",0.1148084033483004,0.0873197582279674,-0.2028129553462276
RFE,XGBoost,15,"['return_10d', 'return_20d', 'sma_5', 'sma_20', 'sma_60', 'price_to_sma_20', 'price_to_sma_60', 'rsi_14', 'macd', 'macd_signal', 'macd_hist', 'volatility_20', 'atr_14', 'volume_sma_20', 'volume_ratio_20']",0.1148312827598666,0.0866615057512654,-0.2032924044796551
RFE,XGBoost,15,"['return_10d', 'return_20d', 'sma_5', 'sma_20', 'sma_60', 'price_to_sma_20', 'price_to_sma_60', 'rsi_14', 'roc_10', 'macd', 'macd_signal', 'macd_hist', 'volatility_20', 'atr_14', 'volume_sma_20']",0.1148721626893044,0.0877383675597852,-0.2041493010206456
RFE,XGBoost,10,"['sma_5', 'sma_60', 'price_to_sma_20', 'price_to_sma_60', 'macd', 'macd_signal', 'macd_hist', 'volatility_20', 'atr_14', 'volume_sma_20']",0.1149559650659912,0.0866482837736143,-0.2059068614157153
RFE,XGBoost,15,"['return_10d', 'return_20d', 'sma_5', 'sma_20', 'sma_60', 'price_to_sma_20', 'price_to_sma_60', 'rsi_14', 'macd', 'macd_signal', 'macd_hist', 'volatility_20', 'atr_14', 'volume_sma_20', 'volume_ratio_20']",0.1150114169018255,0.0875282513169233,-0.2070705396538303
RFE,XGBoost,20,"['return_5d', 'return_10d', 'return_20d', 'gap', 'sma_5', 'sma_20', 'sma_60', 'price_to_sma_20', 'price_to_sma_60', 'rsi_14', 'roc_10', 'roc_20', 'macd', 'macd_signal', 'macd_hist', 'volatility_5', 'volatility_20', 'atr_14', 'volume_sma_20', 'volume_ratio_20']",0.1150184518306447,0.0869352896083674,-0.2072182104722684
SFS,XGBoost,10,"['return_1d', 'return_5d', 'intraday_return', 'high_low_range', 'gap', 'price_to_sma_5', 'price_to_sma_20', 'rsi_14', 'macd_signal', 'volume_change_1d']",0.1152034218658029,0.0859802118940219,-0.2111041738737669
SFS,XGBoost,10,"['return_1d', 'return_5d', 'intraday_return', 'high_low_range', 'gap', 'price_to_sma_5', 'price_to_sma_20', 'rsi_14', 'macd_signal', 'volume_change_1d']",0.1152034218658029,0.0859802118940219,-0.2111041738737669
SFS,XGBoost,10,"['return_1d', 'return_5d', 'intraday_return', 'high_low_range', 'gap', 'price_to_sma_5', 'price_to_sma_20', 'rsi_14', 'macd_signal', 'volume_change_1d']",0.1152034218658029,0.0859802118940219,-0.2111041738737669
RFE,XGBoost,15,"['return_10d', 'return_20d', 'sma_5', 'sma_20', 'sma_60', 'price_to_sma_20', 'price_to_sma_60', 'rsi_14', 'roc_10', 'macd', 'macd_signal', 'macd_hist', 'volatility_20', 'atr_14', 'volume_sma_20']",0.1152396200249129,0.0866199608949756,-0.2118653774619006
RFE,XGBoost,10,"['sma_5', 'sma_60', 'price_to_sma_20', 'price_to_sma_60', 'macd', 'macd_signal', 'macd_hist', 'volatility_20', 'atr_14', 'volume_sma_20']",0.1152794537585114,0.0873228654887924,-0.2127033091669476
RFE,XGBoost,5,"['sma_5', 'sma_60', 'price_to_sma_60', 'volatility_20', 'atr_14']",0.1152977074091935,0.0854015407853451,-0.2130873848095984
RFE,XGBoost,5,"['sma_5', 'sma_60', 'price_to_sma_60', 'volatility_20', 'atr_14']",0.1153224549530495,0.0872819326065563,-0.2136081957742517
RFE,XGBoost,10,"['sma_5', 'sma_20', 'sma_60', 'price_to_sma_60', 'rsi_14', 'macd', 'macd_hist', 'volatility_20', 'atr_14', 'volume_sma_20']",0.1154180490271411,0.088588451277685,-0.2156210186089227
RFE,XGBoost,15,"['return_10d', 'return_20d', 'sma_5', 'sma_20', 'sma_60', 'price_to_sma_20', 'price_to_sma_60', 'rsi_14', 'roc_10', 'macd', 'macd_signal', 'macd_hist', 'volatility_20', 'atr_14', 'volume_sma_20']",0.1154841849618819,0.0873881423223077,-0.2170145487723547
RFE,XGBoost,5,"['sma_5', 'sma_60', 'price_to_sma_60', 'volatility_20', 'atr_14']",0.1154853493225916,0.0875638620190387,-0.217039089813499
RFE,XGBoost,10,"['sma_5', 'sma_20', 'sma_60', 'price_to_sma_60', 'rsi_14', 'macd', 'macd_hist', 'volatility_20', 'atr_14', 'volume_sma_20']",0.1154868294467808,0.0877264786067231,-0.2170702865072826
RFE,XGBoost,15,"['return_10d', 'return_20d', 'sma_5', 'sma_20', 'sma_60', 'price_to_sma_20', 'price_to_sma_60', 'rsi_14', 'roc_10', 'macd', 'macd_signal', 'macd_hist', 'volatility_20', 'atr_14', 'volume_sma_20']",0.1155591386170966,0.0871960263438598,-0.2185948394666064
RFE,XGBoost,5,"['sma_5', 'sma_60', 'price_to_sma_60', 'volatility_20', 'atr_14']",0.1155724026611245,0.0866694996247571,-0.2188745996557353
RFE,XGBoost,10,"['sma_5', 'sma_60', 'price_to_sma_20', 'price_to_sma_60', 'macd', 'macd_signal', 'macd_hist', 'volatility_20', 'atr_14', 'volume_sma_20']",0.1155859744919266,0.0878718082753177,-0.2191608848025514
RFE,XGBoost,20,"['return_5d', 'return_10d', 'return_20d', 'gap', 'sma_5', 'sma_20', 'sma_60', 'price_to_sma_20', 'price_to_sma_60', 'rsi_14', 'roc_10', 'roc_20', 'macd', 'macd_signal', 'macd_hist', 'volatility_5', 'volatility_20', 'atr_14', 'volume_sma_20', 'volume_ratio_20']",0.1157529695323069,0.0873786521954162,-0.2226862414924217
RFE,XGBoost,10,"['sma_5', 'sma_60', 'price_to_sma_20', 'price_to_sma_60', 'macd', 'macd_signal', 'macd_hist', 'volatility_20', 'atr_14', 'volume_sma_20']",0.1158733644052998,0.0884166970265996,-0.2252310005517095
RFE,XGBoost,20,"['return_5d', 'return_10d', 'return_20d', 'sma_5', 'sma_20', 'sma_60', 'price_to_sma_5', 'price_to_sma_20', 'price_to_sma_60', 'rsi_14', 'roc_10', 'roc_20', 'macd', 'macd_signal', 'macd_hist', 'volatility_5', 'volatility_20', 'atr_14', 'volume_sma_20', 'volume_ratio_20']",0.1159197111119929,0.0874017926751402,-0.2262113255563929
RFE,XGBoost,15,"['return_10d', 'return_20d', 'sma_5', 'sma_20', 'sma_60', 'price_to_sma_20', 'price_to_sma_60', 'rsi_14', 'roc_10', 'macd', 'macd_signal', 'macd_hist', 'volatility_20', 'atr_14', 'volume_sma_20']",0.1159222287017397,0.0886269203679193,-0.2262645888116985
RFE,XGBoost,5,"['sma_5', 'sma_60', 'price_to_sma_60', 'volatility_20', 'atr_14']",0.1159555364072837,0.088114923709903,-0.2269693704247215
RFE,XGBoost,15,"['return_10d', 'return_20d', 'sma_5', 'sma_20', 'sma_60', 'price_to_sma_20', 'price_to_sma_60', 'rsi_14', 'macd', 'macd_signal', 'macd_hist', 'volatility_20', 'atr_14', 'volume_sma_20', 'volume_ratio_20']",0.1159724653413807,0.0859123254300643,-0.2273276594811462
RFE,XGBoost,5,"['sma_5', 'sma_60', 'price_to_sma_60', 'volatility_20', 'atr_14']",0.116079030156055,0.0878976489575757,-0.2295842301997961
RFE,XGBoost,15,"['return_10d', 'return_20d', 'sma_5', 'sma_20', 'sma_60', 'price_to_sma_20', 'price_to_sma_60', 'rsi_14', 'macd', 'macd_signal', 'macd_hist', 'volatility_20', 'atr_14', 'volume_sma_20', 'volume_ratio_20']",0.1161250131282605,0.0874609041008855,-0.2305585859663979
RFE,XGBoost,15,"['return_10d', 'return_20d', 'sma_5', 'sma_20', 'sma_60', 'price_to_sma_20', 'price_to_sma_60', 'rsi_14', 'macd', 'macd_signal', 'macd_hist', 'volatility_20', 'atr_14', 'volume_sma_20', 'volume_ratio_20']",0.1162024012720467,0.0871743065828433,-0.2321992725690711
RFE,XGBoost,10,"['sma_5', 'sma_60', 'price_to_sma_20', 'price_to_sma_60', 'macd', 'macd_signal', 'macd_hist', 'volatility_20', 'atr_14', 'volume_sma_20']",0.1162786938563126,0.0886562209711947,-0.2338178024123587
RFE,XGBoost,10,"['sma_5', 'sma_60', 'price_to_sma_20', 'price_to_sma_60', 'macd', 'macd_signal', 'macd_hist', 'volatility_20', 'atr_14', 'volume_sma_20']",0.1163150529171119,0.0873054359557907,-0.2345895253942629
RFE,XGBoost,20,"['return_5d', 'return_10d', 'return_20d', 'sma_5', 'sma_20', 'sma_60', 'price_to_sma_5', 'price_to_sma_20', 'price_to_sma_60', 'rsi_14', 'roc_10', 'roc_20', 'macd', 'macd_signal', 'macd_hist', 'volatility_5', 'volatility_20', 'atr_14', 'volume_sma_20', 'volume_ratio_20']",0.1163360695421006,0.088030552886172,-0.2350357144051336
RFE,XGBoost,15,"['return_10d', 'return_20d', 'sma_5', 'sma_20', 'sma_60', 'price_to_sma_20', 'price_to_sma_60', 'rsi_14', 'roc_10', 'macd', 'macd_signal', 'macd_hist', 'volatility_20', 'atr_14', 'volume_sma_20']",0.1163797628640204,0.088928323266478,-0.2359635942432534
RFE,XGBoost,15,"['return_10d', 'return_20d', 'sma_5', 'sma_20', 'sma_60', 'price_to_sma_20', 'price_to_sma_60', 'rsi_14', 'roc_10', 'macd', 'macd_signal', 'macd_hist', 'volatility_20', 'atr_14', 'volume_sma_20']",0.1164294184591182,0.0862612300701093,-0.2370185130563324
RFE,XGBoost,10,"['sma_5', 'sma_60', 'price_to_sma_20', 'price_to_sma_60', 'macd', 'macd_signal', 'macd_hist', 'volatility_20', 'atr_14', 'volume_sma_20']",0.1164974769919957,0.0883630942822447,-0.2384651280559997
RFE,XGBoost,5,"['sma_5', 'sma_60', 'price_to_sma_60', 'volatility_20', 'atr_14']",0.1165083655060686,0.0866750764093191,-0.2386966468067617
RFE,XGBoost,15,"['return_10d', 'return_20d', 'sma_5', 'sma_20', 'sma_60', 'price_to_sma_20', 'price_to_sma_60', 'rsi_14', 'macd', 'macd_signal', 'macd_hist', 'volatility_20', 'atr_14', 'volume_sma_20', 'volume_ratio_20']",0.1165148116427485,0.0873129641231687,-0.2388337190031828
RFE,XGBoost,10,"['sma_5', 'sma_60', 'price_to_sma_20', 'price_to_sma_60', 'macd', 'macd_signal', 'macd_hist', 'volatility_20', 'atr_14', 'volume_sma_20']",0.1165194213982245,0.0882664196420366,-0.2389317465999836
RFE,XGBoost,15,"['return_10d', 'return_20d', 'sma_5', 'sma_20', 'sma_60', 'price_to_sma_20', 'price_to_sma_60', 'rsi_14', 'roc_10', 'macd', 'macd_signal', 'macd_hist', 'volatility_20', 'atr_14', 'volume_sma_20']",0.1166353456785962,0.08846576337946,-0.2413981803288685
RFE,XGBoost,20,"['return_5d', 'return_10d', 'return_20d', 'sma_5', 'sma_20', 'sma_60', 'price_to_sma_5', 'price_to_sma_20', 'price_to_sma_60', 'rsi_14', 'roc_10', 'roc_20', 'macd', 'macd_signal', 'macd_hist', 'volatility_5', 'volatility_20', 'atr_14', 'volume_sma_20', 'volume_ratio_20']",0.1167313553814436,0.0887992822101682,-0.2434427633749025
RFE,XGBoost,10,"['sma_5', 'sma_60', 'price_to_sma_20', 'price_to_sma_60', 'macd', 'macd_signal', 'macd_hist', 'volatility_20', 'atr_14', 'volume_sma_20']",0.1168945669152867,0.0891495671965053,-0.2469223096601311
RFE,XGBoost,10,"['sma_5', 'sma_60', 'price_to_sma_20', 'price_to_sma_60', 'macd', 'macd_signal', 'macd_hist', 'volatility_20', 'atr_14', 'volume_sma_20']",0.1169287692998391,0.0874857754801119,-0.2476520947417195
RFE,XGBoost,20,"['return_5d', 'return_10d', 'return_20d', 'gap', 'sma_5', 'sma_20', 'sma_60', 'price_to_sma_20', 'price_to_sma_60', 'rsi_14', 'roc_10', 'roc_20', 'macd', 'macd_signal', 'macd_hist', 'volatility_5', 'volatility_20', 'atr_14', 'volume_sma_20', 'volume_ratio_20']",0.1171098090407349,0.0878819060251923,-0.2515185422055657
RFE,XGBoost,10,"['sma_5', 'sma_60', 'price_to_sma_20', 'price_to_sma_60', 'macd', 'macd_signal', 'macd_hist', 'volatility_20', 'atr_14', 'volume_sma_20']",0.1171471761762492,0.0892228791237757,-0.252317333088923
RFE,XGBoost,10,"['sma_5', 'sma_60', 'price_to_sma_20', 'price_to_sma_60', 'macd', 'macd_signal', 'macd_hist', 'volatility_20', 'atr_14', 'volume_sma_20']",0.117367649798971,0.0882888877144817,-0.2570355476326731
RFE,XGBoost,15,"['return_10d', 'return_20d', 'sma_5', 'sma_20', 'sma_60', 'price_to_sma_20', 'price_to_sma_60', 'rsi_14', 'macd', 'macd_signal', 'macd_hist', 'volatility_20', 'atr_14', 'volume_sma_20', 'volume_ratio_20']",0.117372314192289,0.0893966266116545,-0.2571354631499036
RFE,XGBoost,5,"['sma_5', 'sma_60', 'price_to_sma_60', 'volatility_20', 'atr_14']",0.1174169495706677,0.0871636053464284,-0.258091794069619
RFE,XGBoost,15,"['return_10d', 'return_20d', 'sma_5', 'sma_20', 'sma_60', 'price_to_sma_20', 'price_to_sma_60', 'rsi_14', 'macd', 'macd_signal', 'macd_hist', 'volatility_20', 'atr_14', 'volume_sma_20', 'volume_ratio_20']",0.1175202045352432,0.0898473218227396,-0.2603054666639328
RFE,XGBoost,5,"['sma_5', 'sma_60', 'price_to_sma_60', 'volatility_20', 'atr_14']",0.1180041999004886,0.0896215258796517,-0.2707077303839806
RFE,XGBoost,15,"['return_10d', 'return_20d', 'sma_5', 'sma_20', 'sma_60', 'price_to_sma_20', 'price_to_sma_60', 'rsi_14', 'roc_10', 'macd', 'macd_signal', 'macd_hist', 'volatility_20', 'atr_14', 'volume_sma_20']",0.1180274411232039,0.0896456042927858,-0.2712083178151456
RFE,XGBoost,5,"['sma_5', 'sma_60', 'price_to_sma_60', 'volatility_20', 'atr_14']",0.1182871803166545,0.0894241923035741,-0.2768094887152483
RFE,XGBoost,10,"['sma_5', 'sma_60', 'price_to_sma_20', 'price_to_sma_60', 'macd', 'macd_signal', 'macd_hist', 'volatility_20', 'atr_14', 'volume_sma_20']",0.118717022415523,0.0903038370195755,-0.2861059087559934
RFE,XGBoost,15,"['return_10d', 'return_20d', 'sma_5', 'sma_20', 'sma_60', 'price_to_sma_20', 'price_to_sma_60', 'rsi_14', 'roc_10', 'macd', 'macd_signal', 'macd_hist', 'volatility_20', 'atr_14', 'volume_sma_20']",0.1191212977343261,0.0887568617309454,-0.2948801546233861
RFE,XGBoost,15,"['return_10d', 'return_20d', 'sma_5', 'sma_20', 'sma_60', 'price_to_sma_20', 'price_to_sma_60', 'rsi_14', 'macd', 'macd_signal', 'macd_hist', 'volatility_20', 'atr_14', 'volume_sma_20', 'volume_ratio_20']",0.119136613235476,0.0899002670268564,-0.2952131431613549
RFE,XGBoost,15,"['return_10d', 'return_20d', 'sma_5', 'sma_20', 'sma_60', 'price_to_sma_20', 'price_to_sma_60', 'rsi_14', 'roc_10', 'macd', 'macd_signal', 'macd_hist', 'volatility_20', 'atr_14', 'volume_sma_20']",0.1191496452259281,0.0902757319276302,-0.2954965174833055
RFE,XGBoost,10,"['sma_5', 'sma_60', 'price_to_sma_20', 'price_to_sma_60', 'macd', 'macd_signal', 'macd_hist', 'volatility_20', 'atr_14', 'volume_sma_20']",0.1204237530308857,0.0914323734786715,-0.3233510267841453
