method,n_features,step,n_estimators,max_depth,max_features,features,rmse
RFE + Random Forest,15,1.0,300,10.0,0.5,"['return_1d', 'return_10d', 'return_20d', 'intraday_return', 'price_to_sma_5', 'price_to_sma_20', 'rsi_14', 'roc_10', 'macd', 'macd_signal', 'macd_hist', 'volatility_5', 'volatility_20', 'volume_ratio_20', 'target_return_5d']",0.05042432626908158
RFE + Random Forest,15,1.0,500,10.0,0.5,"['return_1d', 'return_10d', 'return_20d', 'intraday_return', 'price_to_sma_5', 'price_to_sma_20', 'rsi_14', 'roc_10', 'macd', 'macd_signal', 'macd_hist', 'volatility_5', 'volatility_20', 'volume_ratio_20', 'target_return_5d']",0.05046591864015211
RFE + Random Forest,15,1.0,100,10.0,0.5,"['return_1d', 'return_10d', 'return_20d', 'intraday_return', 'price_to_sma_5', 'price_to_sma_20', 'rsi_14', 'roc_10', 'macd', 'macd_signal', 'macd_hist', 'volatility_5', 'volatility_20', 'volume_ratio_20', 'target_return_5d']",0.050482655964731206
RFE + Random Forest,15,2.0,500,10.0,0.5,"['return_1d', 'return_10d', 'return_20d', 'intraday_return', 'price_to_sma_5', 'price_to_sma_20', 'rsi_14', 'roc_10', 'roc_20', 'macd_signal', 'macd_hist', 'volatility_5', 'volatility_20', 'volume_ratio_20', 'target_return_5d']",0.05060640572002573
RFE + Random Forest,15,0.1,500,10.0,0.5,"['return_1d', 'return_10d', 'return_20d', 'intraday_return', 'price_to_sma_5', 'price_to_sma_20', 'rsi_14', 'roc_10', 'roc_20', 'macd_signal', 'macd_hist', 'volatility_5', 'volatility_20', 'volume_ratio_20', 'target_return_5d']",0.05060640572002573
RFE + Random Forest,20,0.1,500,10.0,0.5,"['return_1d', 'return_10d', 'return_20d', 'intraday_return', 'gap', 'sma_60', 'price_to_sma_5', 'price_to_sma_20', 'price_to_sma_60', 'rsi_14', 'roc_10', 'roc_20', 'macd', 'macd_signal', 'macd_hist', 'volatility_5', 'volatility_20', 'volume_sma_20', 'volume_ratio_20', 'target_return_5d']",0.050615862891744884
RFE + Random Forest,20,2.0,500,10.0,0.5,"['return_1d', 'return_10d', 'return_20d', 'intraday_return', 'gap', 'sma_60', 'price_to_sma_5', 'price_to_sma_20', 'price_to_sma_60', 'rsi_14', 'roc_10', 'roc_20', 'macd', 'macd_signal', 'macd_hist', 'volatility_5', 'volatility_20', 'volume_sma_20', 'volume_ratio_20', 'target_return_5d']",0.050615862891744884
RFE + Random Forest,15,1.0,500,,0.5,"['return_1d', 'return_10d', 'return_20d', 'intraday_return', 'price_to_sma_5', 'price_to_sma_20', 'rsi_14', 'roc_10', 'macd_signal', 'macd_hist', 'volatility_5', 'volatility_20', 'volume_sma_20', 'volume_ratio_20', 'target_return_5d']",0.0506334001568561
RFE + Random Forest,20,2.0,100,,0.5,"['return_1d', 'return_10d', 'return_20d', 'intraday_return', 'gap', 'price_to_sma_5', 'price_to_sma_20', 'price_to_sma_60', 'rsi_14', 'roc_10', 'roc_20', 'macd', 'macd_signal', 'macd_hist', 'volatility_5', 'volatility_20', 'volume_change_1d', 'volume_sma_20', 'volume_ratio_20', 'target_return_5d']",0.050666040387938704
RFE + Random Forest,20,0.1,100,,0.5,"['return_1d', 'return_10d', 'return_20d', 'intraday_return', 'gap', 'price_to_sma_5', 'price_to_sma_20', 'price_to_sma_60', 'rsi_14', 'roc_10', 'roc_20', 'macd', 'macd_signal', 'macd_hist', 'volatility_5', 'volatility_20', 'volume_change_1d', 'volume_sma_20', 'volume_ratio_20', 'target_return_5d']",0.050666040387938704
RFE + Random Forest,15,2.0,300,10.0,0.5,"['return_1d', 'return_10d', 'return_20d', 'intraday_return', 'price_to_sma_5', 'price_to_sma_20', 'rsi_14', 'roc_10', 'roc_20', 'macd_signal', 'macd_hist', 'volatility_5', 'volatility_20', 'volume_ratio_20', 'target_return_5d']",0.05068705396811193
RFE + Random Forest,15,0.1,300,10.0,0.5,"['return_1d', 'return_10d', 'return_20d', 'intraday_return', 'price_to_sma_5', 'price_to_sma_20', 'rsi_14', 'roc_10', 'roc_20', 'macd_signal', 'macd_hist', 'volatility_5', 'volatility_20', 'volume_ratio_20', 'target_return_5d']",0.05068705396811193
RFE + Random Forest,20,2.0,300,10.0,0.5,"['return_1d', 'return_10d', 'return_20d', 'intraday_return', 'gap', 'sma_60', 'price_to_sma_5', 'price_to_sma_20', 'price_to_sma_60', 'rsi_14', 'roc_10', 'roc_20', 'macd', 'macd_signal', 'macd_hist', 'volatility_5', 'volatility_20', 'volume_sma_20', 'volume_ratio_20', 'target_return_5d']",0.050705379297543346
RFE + Random Forest,20,0.1,300,10.0,0.5,"['return_1d', 'return_10d', 'return_20d', 'intraday_return', 'gap', 'sma_60', 'price_to_sma_5', 'price_to_sma_20', 'price_to_sma_60', 'rsi_14', 'roc_10', 'roc_20', 'macd', 'macd_signal', 'macd_hist', 'volatility_5', 'volatility_20', 'volume_sma_20', 'volume_ratio_20', 'target_return_5d']",0.050705379297543346
RFE + Random Forest,15,1.0,300,,0.5,"['return_1d', 'return_10d', 'intraday_return', 'price_to_sma_5', 'price_to_sma_20', 'price_to_sma_60', 'rsi_14', 'roc_10', 'roc_20', 'macd_signal', 'macd_hist', 'volatility_5', 'volatility_20', 'volume_ratio_20', 'target_return_5d']",0.05072082115577245
RFE + Random Forest,15,2.0,100,10.0,0.5,"['return_1d', 'return_10d', 'return_20d', 'intraday_return', 'price_to_sma_5', 'price_to_sma_20', 'rsi_14', 'roc_10', 'roc_20', 'macd_signal', 'macd_hist', 'volatility_5', 'volatility_20', 'volume_ratio_20', 'target_return_5d']",0.05076519750799876
RFE + Random Forest,15,0.1,100,10.0,0.5,"['return_1d', 'return_10d', 'return_20d', 'intraday_return', 'price_to_sma_5', 'price_to_sma_20', 'rsi_14', 'roc_10', 'roc_20', 'macd_signal', 'macd_hist', 'volatility_5', 'volatility_20', 'volume_ratio_20', 'target_return_5d']",0.050765197507998766
RFE + Random Forest,20,1.0,500,10.0,0.5,"['return_1d', 'return_10d', 'return_20d', 'intraday_return', 'gap', 'price_to_sma_5', 'price_to_sma_20', 'price_to_sma_60', 'rsi_14', 'roc_10', 'roc_20', 'macd', 'macd_signal', 'macd_hist', 'volatility_5', 'volatility_20', 'atr_14', 'volume_sma_20', 'volume_ratio_20', 'target_return_5d']",0.050794899162000924
RFE + Random Forest,15,2.0,500,,0.5,"['return_1d', 'return_10d', 'return_20d', 'intraday_return', 'price_to_sma_5', 'price_to_sma_20', 'rsi_14', 'roc_10', 'roc_20', 'macd_signal', 'macd_hist', 'volatility_5', 'volatility_20', 'volume_ratio_20', 'target_return_5d']",0.050816912921916146
RFE + Random Forest,15,0.1,500,,0.5,"['return_1d', 'return_10d', 'return_20d', 'intraday_return', 'price_to_sma_5', 'price_to_sma_20', 'rsi_14', 'roc_10', 'roc_20', 'macd_signal', 'macd_hist', 'volatility_5', 'volatility_20', 'volume_ratio_20', 'target_return_5d']",0.050816912921916146
RFE + Random Forest,20,1.0,300,,0.5,"['return_1d', 'return_10d', 'return_20d', 'intraday_return', 'gap', 'sma_60', 'price_to_sma_5', 'price_to_sma_20', 'price_to_sma_60', 'rsi_14', 'roc_10', 'roc_20', 'macd', 'macd_signal', 'macd_hist', 'volatility_5', 'volatility_20', 'volume_sma_20', 'volume_ratio_20', 'target_return_5d']",0.05085447636619188
RFE + Random Forest,20,1.0,100,10.0,0.5,"['return_1d', 'return_10d', 'return_20d', 'intraday_return', 'gap', 'price_to_sma_5', 'price_to_sma_20', 'rsi_14', 'roc_10', 'roc_20', 'macd', 'macd_signal', 'macd_hist', 'volatility_5', 'volatility_20', 'atr_14', 'volume_change_1d', 'volume_sma_20', 'volume_ratio_20', 'target_return_5d']",0.050856958435865796
RFE + Random Forest,20,0.1,100,10.0,0.5,"['return_1d', 'return_10d', 'return_20d', 'intraday_return', 'gap', 'price_to_sma_5', 'price_to_sma_20', 'rsi_14', 'roc_10', 'roc_20', 'macd', 'macd_signal', 'macd_hist', 'volatility_5', 'volatility_20', 'atr_14', 'volume_change_1d', 'volume_sma_20', 'volume_ratio_20', 'target_return_5d']",0.050856958435865796
RFE + Random Forest,20,2.0,100,10.0,0.5,"['return_1d', 'return_10d', 'return_20d', 'intraday_return', 'gap', 'price_to_sma_5', 'price_to_sma_20', 'rsi_14', 'roc_10', 'roc_20', 'macd', 'macd_signal', 'macd_hist', 'volatility_5', 'volatility_20', 'atr_14', 'volume_change_1d', 'volume_sma_20', 'volume_ratio_20', 'target_return_5d']",0.050856958435865796
RFE + Random Forest,15,0.1,100,,0.5,"['return_1d', 'return_10d', 'intraday_return', 'gap', 'price_to_sma_5', 'price_to_sma_20', 'rsi_14', 'roc_10', 'roc_20', 'macd_signal', 'macd_hist', 'volatility_5', 'volatility_20', 'volume_ratio_20', 'target_return_5d']",0.0508760414012568
RFE + Random Forest,15,1.0,100,,0.5,"['return_1d', 'return_10d', 'intraday_return', 'gap', 'price_to_sma_5', 'price_to_sma_20', 'rsi_14', 'roc_10', 'roc_20', 'macd_signal', 'macd_hist', 'volatility_5', 'volatility_20', 'volume_ratio_20', 'target_return_5d']",0.05087604140125681
RFE + Random Forest,15,2.0,100,,0.5,"['return_1d', 'return_10d', 'intraday_return', 'gap', 'price_to_sma_5', 'price_to_sma_20', 'rsi_14', 'roc_10', 'roc_20', 'macd_signal', 'macd_hist', 'volatility_5', 'volatility_20', 'volume_ratio_20', 'target_return_5d']",0.05087604140125681
RFE + Random Forest,15,2.0,300,,0.5,"['return_1d', 'return_10d', 'return_20d', 'intraday_return', 'price_to_sma_5', 'price_to_sma_20', 'rsi_14', 'roc_10', 'roc_20', 'macd_signal', 'macd_hist', 'volatility_5', 'volatility_20', 'volume_ratio_20', 'target_return_5d']",0.050902780579565376
RFE + Random Forest,15,0.1,300,,0.5,"['return_1d', 'return_10d', 'return_20d', 'intraday_return', 'price_to_sma_5', 'price_to_sma_20', 'rsi_14', 'roc_10', 'roc_20', 'macd_signal', 'macd_hist', 'volatility_5', 'volatility_20', 'volume_ratio_20', 'target_return_5d']",0.050902780579565376
RFE + Random Forest,20,1.0,300,10.0,0.5,"['return_1d', 'return_10d', 'return_20d', 'intraday_return', 'gap', 'price_to_sma_5', 'price_to_sma_20', 'price_to_sma_60', 'rsi_14', 'roc_10', 'roc_20', 'macd', 'macd_signal', 'macd_hist', 'volatility_5', 'volatility_20', 'atr_14', 'volume_sma_20', 'volume_ratio_20', 'target_return_5d']",0.0509062895989988
RFE + Random Forest,20,1.0,500,,0.5,"['return_1d', 'return_10d', 'return_20d', 'intraday_return', 'gap', 'sma_60', 'price_to_sma_5', 'price_to_sma_20', 'price_to_sma_60', 'rsi_14', 'roc_10', 'roc_20', 'macd', 'macd_signal', 'macd_hist', 'volatility_5', 'volatility_20', 'volume_sma_20', 'volume_ratio_20', 'target_return_5d']",0.05096819958767496
RFE + Random Forest,20,2.0,300,,0.5,"['return_1d', 'return_10d', 'return_20d', 'intraday_return', 'gap', 'price_to_sma_5', 'price_to_sma_20', 'price_to_sma_60', 'rsi_14', 'roc_10', 'roc_20', 'macd', 'macd_signal', 'macd_hist', 'volatility_5', 'volatility_20', 'volume_change_1d', 'volume_sma_20', 'volume_ratio_20', 'target_return_5d']",0.05099487439617718
RFE + Random Forest,20,0.1,300,,0.5,"['return_1d', 'return_10d', 'return_20d', 'intraday_return', 'gap', 'price_to_sma_5', 'price_to_sma_20', 'price_to_sma_60', 'rsi_14', 'roc_10', 'roc_20', 'macd', 'macd_signal', 'macd_hist', 'volatility_5', 'volatility_20', 'volume_change_1d', 'volume_sma_20', 'volume_ratio_20', 'target_return_5d']",0.05099487439617718
RFE + Random Forest,25,1.0,300,10.0,0.5,"['return_1d', 'return_10d', 'return_20d', 'intraday_return', 'high_low_range', 'gap', 'sma_5', 'sma_20', 'sma_60', 'price_to_sma_5', 'price_to_sma_20', 'price_to_sma_60', 'rsi_14', 'roc_10', 'roc_20', 'macd', 'macd_signal', 'macd_hist', 'volatility_5', 'volatility_20', 'atr_14', 'volume_change_1d', 'volume_sma_20', 'volume_ratio_20', 'target_return_5d']",0.05110319436956567
RFE + Random Forest,25,0.1,300,10.0,0.5,"['return_1d', 'return_10d', 'return_20d', 'intraday_return', 'high_low_range', 'gap', 'sma_5', 'sma_20', 'sma_60', 'price_to_sma_5', 'price_to_sma_20', 'price_to_sma_60', 'rsi_14', 'roc_10', 'roc_20', 'macd', 'macd_signal', 'macd_hist', 'volatility_5', 'volatility_20', 'atr_14', 'volume_change_1d', 'volume_sma_20', 'volume_ratio_20', 'target_return_5d']",0.05110319436956567
RFE + Random Forest,25,2.0,300,10.0,0.5,"['return_1d', 'return_10d', 'return_20d', 'intraday_return', 'high_low_range', 'gap', 'sma_5', 'sma_20', 'sma_60', 'price_to_sma_5', 'price_to_sma_20', 'price_to_sma_60', 'rsi_14', 'roc_10', 'roc_20', 'macd', 'macd_signal', 'macd_hist', 'volatility_5', 'volatility_20', 'atr_14', 'volume_change_1d', 'volume_sma_20', 'volume_ratio_20', 'target_return_5d']",0.05110319436956567
RFE + Random Forest,25,1.0,500,10.0,0.5,"['return_1d', 'return_10d', 'return_20d', 'intraday_return', 'high_low_range', 'gap', 'sma_5', 'sma_20', 'sma_60', 'price_to_sma_5', 'price_to_sma_20', 'price_to_sma_60', 'rsi_14', 'roc_10', 'roc_20', 'macd', 'macd_signal', 'macd_hist', 'volatility_5', 'volatility_20', 'atr_14', 'volume_change_1d', 'volume_sma_20', 'volume_ratio_20', 'target_return_5d']",0.051132753850513205
RFE + Random Forest,25,0.1,500,10.0,0.5,"['return_1d', 'return_10d', 'return_20d', 'intraday_return', 'high_low_range', 'gap', 'sma_5', 'sma_20', 'sma_60', 'price_to_sma_5', 'price_to_sma_20', 'price_to_sma_60', 'rsi_14', 'roc_10', 'roc_20', 'macd', 'macd_signal', 'macd_hist', 'volatility_5', 'volatility_20', 'atr_14', 'volume_change_1d', 'volume_sma_20', 'volume_ratio_20', 'target_return_5d']",0.051132753850513205
RFE + Random Forest,25,2.0,500,10.0,0.5,"['return_1d', 'return_10d', 'return_20d', 'intraday_return', 'high_low_range', 'gap', 'sma_5', 'sma_20', 'sma_60', 'price_to_sma_5', 'price_to_sma_20', 'price_to_sma_60', 'rsi_14', 'roc_10', 'roc_20', 'macd', 'macd_signal', 'macd_hist', 'volatility_5', 'volatility_20', 'atr_14', 'volume_change_1d', 'volume_sma_20', 'volume_ratio_20', 'target_return_5d']",0.051132753850513205
RFE + Random Forest,10,1.0,500,10.0,0.5,"['return_1d', 'return_10d', 'price_to_sma_5', 'price_to_sma_20', 'rsi_14', 'roc_10', 'macd_signal', 'macd_hist', 'volatility_5', 'volatility_20']",0.0511804407426851
RFE + Random Forest,10,0.1,500,10.0,0.5,"['return_1d', 'return_10d', 'price_to_sma_5', 'price_to_sma_20', 'rsi_14', 'roc_10', 'macd_signal', 'macd_hist', 'volatility_5', 'volatility_20']",0.0511804407426851
RFE + Random Forest,10,2.0,500,10.0,0.5,"['return_1d', 'return_10d', 'price_to_sma_5', 'price_to_sma_20', 'rsi_14', 'roc_10', 'macd_signal', 'macd_hist', 'volatility_5', 'volatility_20']",0.0511804407426851
RFE + Random Forest,20,0.1,500,,0.5,"['return_1d', 'return_10d', 'return_20d', 'intraday_return', 'gap', 'price_to_sma_5', 'price_to_sma_20', 'price_to_sma_60', 'rsi_14', 'roc_10', 'roc_20', 'macd', 'macd_signal', 'macd_hist', 'volatility_5', 'volatility_20', 'volume_change_1d', 'volume_sma_20', 'volume_ratio_20', 'target_return_5d']",0.05118158970647902
RFE + Random Forest,20,2.0,500,,0.5,"['return_1d', 'return_10d', 'return_20d', 'intraday_return', 'gap', 'price_to_sma_5', 'price_to_sma_20', 'price_to_sma_60', 'rsi_14', 'roc_10', 'roc_20', 'macd', 'macd_signal', 'macd_hist', 'volatility_5', 'volatility_20', 'volume_change_1d', 'volume_sma_20', 'volume_ratio_20', 'target_return_5d']",0.05118158970647902
RFE + Random Forest,10,2.0,300,10.0,0.5,"['return_1d', 'return_10d', 'price_to_sma_5', 'price_to_sma_20', 'rsi_14', 'roc_10', 'macd_signal', 'macd_hist', 'volatility_5', 'volatility_20']",0.05124298051017456
RFE + Random Forest,10,0.1,300,10.0,0.5,"['return_1d', 'return_10d', 'price_to_sma_5', 'price_to_sma_20', 'rsi_14', 'roc_10', 'macd_signal', 'macd_hist', 'volatility_5', 'volatility_20']",0.05124298051017456
RFE + Random Forest,10,1.0,300,10.0,0.5,"['return_1d', 'return_10d', 'price_to_sma_5', 'price_to_sma_20', 'rsi_14', 'roc_10', 'macd_signal', 'macd_hist', 'volatility_5', 'volatility_20']",0.05124298051017457
RFE + Random Forest,25,0.1,500,,0.5,"['return_1d', 'return_10d', 'return_20d', 'intraday_return', 'high_low_range', 'gap', 'sma_5', 'sma_20', 'sma_60', 'price_to_sma_5', 'price_to_sma_20', 'price_to_sma_60', 'rsi_14', 'roc_10', 'roc_20', 'macd', 'macd_signal', 'macd_hist', 'volatility_5', 'volatility_20', 'atr_14', 'volume_change_1d', 'volume_sma_20', 'volume_ratio_20', 'target_return_5d']",0.05124482873944154
RFE + Random Forest,25,2.0,500,,0.5,"['return_1d', 'return_10d', 'return_20d', 'intraday_return', 'high_low_range', 'gap', 'sma_5', 'sma_20', 'sma_60', 'price_to_sma_5', 'price_to_sma_20', 'price_to_sma_60', 'rsi_14', 'roc_10', 'roc_20', 'macd', 'macd_signal', 'macd_hist', 'volatility_5', 'volatility_20', 'atr_14', 'volume_change_1d', 'volume_sma_20', 'volume_ratio_20', 'target_return_5d']",0.05124482873944155
RFE + Random Forest,25,1.0,500,,0.5,"['return_1d', 'return_10d', 'return_20d', 'intraday_return', 'high_low_range', 'gap', 'sma_5', 'sma_20', 'sma_60', 'price_to_sma_5', 'price_to_sma_20', 'price_to_sma_60', 'rsi_14', 'roc_10', 'roc_20', 'macd', 'macd_signal', 'macd_hist', 'volatility_5', 'volatility_20', 'atr_14', 'volume_change_1d', 'volume_sma_20', 'volume_ratio_20', 'target_return_5d']",0.05124482873944155
RFE + Random Forest,10,0.1,500,,0.5,"['return_1d', 'return_10d', 'price_to_sma_5', 'price_to_sma_20', 'rsi_14', 'roc_10', 'macd_signal', 'macd_hist', 'volatility_5', 'volatility_20']",0.0512732507612237
RFE + Random Forest,10,2.0,500,,0.5,"['return_1d', 'return_10d', 'price_to_sma_5', 'price_to_sma_20', 'rsi_14', 'roc_10', 'macd_signal', 'macd_hist', 'volatility_5', 'volatility_20']",0.05127325076122371
RFE + Random Forest,10,1.0,500,,0.5,"['return_1d', 'return_10d', 'price_to_sma_5', 'price_to_sma_20', 'rsi_14', 'roc_10', 'macd_signal', 'macd_hist', 'volatility_5', 'volatility_20']",0.05127325076122371
RFE + Random Forest,20,1.0,100,,0.5,"['return_1d', 'return_10d', 'return_20d', 'intraday_return', 'gap', 'sma_60', 'price_to_sma_5', 'price_to_sma_20', 'price_to_sma_60', 'rsi_14', 'roc_10', 'roc_20', 'macd', 'macd_signal', 'macd_hist', 'volatility_5', 'volatility_20', 'volume_sma_20', 'volume_ratio_20', 'target_return_5d']",0.05128756595648935
RFE + Random Forest,10,0.1,300,,0.5,"['return_1d', 'return_10d', 'price_to_sma_5', 'price_to_sma_20', 'rsi_14', 'roc_10', 'macd_signal', 'macd_hist', 'volatility_5', 'volatility_20']",0.0513084103496541
RFE + Random Forest,10,1.0,300,,0.5,"['return_1d', 'return_10d', 'price_to_sma_5', 'price_to_sma_20', 'rsi_14', 'roc_10', 'macd_signal', 'macd_hist', 'volatility_5', 'volatility_20']",0.05130841034965411
RFE + Random Forest,10,2.0,300,,0.5,"['return_1d', 'return_10d', 'price_to_sma_5', 'price_to_sma_20', 'rsi_14', 'roc_10', 'macd_signal', 'macd_hist', 'volatility_5', 'volatility_20']",0.05130841034965411
RFE + Random Forest,25,2.0,100,10.0,0.5,"['return_1d', 'return_10d', 'return_20d', 'intraday_return', 'high_low_range', 'gap', 'sma_5', 'sma_20', 'sma_60', 'price_to_sma_5', 'price_to_sma_20', 'price_to_sma_60', 'rsi_14', 'roc_10', 'roc_20', 'macd', 'macd_signal', 'macd_hist', 'volatility_5', 'volatility_20', 'atr_14', 'volume_change_1d', 'volume_sma_20', 'volume_ratio_20', 'target_return_5d']",0.05135765423835693
RFE + Random Forest,25,1.0,100,10.0,0.5,"['return_1d', 'return_10d', 'return_20d', 'intraday_return', 'high_low_range', 'gap', 'sma_5', 'sma_20', 'sma_60', 'price_to_sma_5', 'price_to_sma_20', 'price_to_sma_60', 'rsi_14', 'roc_10', 'roc_20', 'macd', 'macd_signal', 'macd_hist', 'volatility_5', 'volatility_20', 'atr_14', 'volume_change_1d', 'volume_sma_20', 'volume_ratio_20', 'target_return_5d']",0.05135765423835693
RFE + Random Forest,25,0.1,100,10.0,0.5,"['return_1d', 'return_10d', 'return_20d', 'intraday_return', 'high_low_range', 'gap', 'sma_5', 'sma_20', 'sma_60', 'price_to_sma_5', 'price_to_sma_20', 'price_to_sma_60', 'rsi_14', 'roc_10', 'roc_20', 'macd', 'macd_signal', 'macd_hist', 'volatility_5', 'volatility_20', 'atr_14', 'volume_change_1d', 'volume_sma_20', 'volume_ratio_20', 'target_return_5d']",0.05135765423835693
RFE + Random Forest,25,2.0,300,,0.5,"['return_1d', 'return_10d', 'return_20d', 'intraday_return', 'high_low_range', 'gap', 'sma_5', 'sma_20', 'sma_60', 'price_to_sma_5', 'price_to_sma_20', 'price_to_sma_60', 'rsi_14', 'roc_10', 'roc_20', 'macd', 'macd_signal', 'macd_hist', 'volatility_5', 'volatility_20', 'atr_14', 'volume_change_1d', 'volume_sma_20', 'volume_ratio_20', 'target_return_5d']",0.05138864401853685
RFE + Random Forest,25,1.0,300,,0.5,"['return_1d', 'return_10d', 'return_20d', 'intraday_return', 'high_low_range', 'gap', 'sma_5', 'sma_20', 'sma_60', 'price_to_sma_5', 'price_to_sma_20', 'price_to_sma_60', 'rsi_14', 'roc_10', 'roc_20', 'macd', 'macd_signal', 'macd_hist', 'volatility_5', 'volatility_20', 'atr_14', 'volume_change_1d', 'volume_sma_20', 'volume_ratio_20', 'target_return_5d']",0.05138864401853685
RFE + Random Forest,25,0.1,300,,0.5,"['return_1d', 'return_10d', 'return_20d', 'intraday_return', 'high_low_range', 'gap', 'sma_5', 'sma_20', 'sma_60', 'price_to_sma_5', 'price_to_sma_20', 'price_to_sma_60', 'rsi_14', 'roc_10', 'roc_20', 'macd', 'macd_signal', 'macd_hist', 'volatility_5', 'volatility_20', 'atr_14', 'volume_change_1d', 'volume_sma_20', 'volume_ratio_20', 'target_return_5d']",0.05138864401853685
RFE + Random Forest,10,1.0,100,10.0,0.5,"['return_1d', 'return_10d', 'price_to_sma_5', 'price_to_sma_20', 'rsi_14', 'roc_10', 'macd_signal', 'macd_hist', 'volatility_5', 'volatility_20']",0.051448895473917754
RFE + Random Forest,10,2.0,100,10.0,0.5,"['return_1d', 'return_10d', 'price_to_sma_5', 'price_to_sma_20', 'rsi_14', 'roc_10', 'macd_signal', 'macd_hist', 'volatility_5', 'volatility_20']",0.051448895473917754
RFE + Random Forest,10,0.1,100,10.0,0.5,"['return_1d', 'return_10d', 'price_to_sma_5', 'price_to_sma_20', 'rsi_14', 'roc_10', 'macd_signal', 'macd_hist', 'volatility_5', 'volatility_20']",0.051448895473917754
RFE + Random Forest,10,2.0,100,,0.5,"['return_1d', 'return_10d', 'price_to_sma_5', 'price_to_sma_20', 'rsi_14', 'roc_10', 'macd_signal', 'macd_hist', 'volatility_5', 'volatility_20']",0.05144909055141944
RFE + Random Forest,10,1.0,100,,0.5,"['return_1d', 'return_10d', 'price_to_sma_5', 'price_to_sma_20', 'rsi_14', 'roc_10', 'macd_signal', 'macd_hist', 'volatility_5', 'volatility_20']",0.05144909055141944
RFE + Random Forest,10,0.1,100,,0.5,"['return_1d', 'return_10d', 'price_to_sma_5', 'price_to_sma_20', 'rsi_14', 'roc_10', 'macd_signal', 'macd_hist', 'volatility_5', 'volatility_20']",0.05144909055141944
RFE + Random Forest,25,2.0,100,,0.5,"['return_1d', 'return_10d', 'return_20d', 'intraday_return', 'high_low_range', 'gap', 'sma_5', 'sma_20', 'sma_60', 'price_to_sma_5', 'price_to_sma_20', 'price_to_sma_60', 'rsi_14', 'roc_10', 'roc_20', 'macd', 'macd_signal', 'macd_hist', 'volatility_5', 'volatility_20', 'atr_14', 'volume_change_1d', 'volume_sma_20', 'volume_ratio_20', 'target_return_5d']",0.05164917676899811
RFE + Random Forest,25,0.1,100,,0.5,"['return_1d', 'return_10d', 'return_20d', 'intraday_return', 'high_low_range', 'gap', 'sma_5', 'sma_20', 'sma_60', 'price_to_sma_5', 'price_to_sma_20', 'price_to_sma_60', 'rsi_14', 'roc_10', 'roc_20', 'macd', 'macd_signal', 'macd_hist', 'volatility_5', 'volatility_20', 'atr_14', 'volume_change_1d', 'volume_sma_20', 'volume_ratio_20', 'target_return_5d']",0.05164917676899811
RFE + Random Forest,25,1.0,100,,0.5,"['return_1d', 'return_10d', 'return_20d', 'intraday_return', 'high_low_range', 'gap', 'sma_5', 'sma_20', 'sma_60', 'price_to_sma_5', 'price_to_sma_20', 'price_to_sma_60', 'rsi_14', 'roc_10', 'roc_20', 'macd', 'macd_signal', 'macd_hist', 'volatility_5', 'volatility_20', 'atr_14', 'volume_change_1d', 'volume_sma_20', 'volume_ratio_20', 'target_return_5d']",0.05164917676899811
RFE + Random Forest,10,2.0,300,,sqrt,"['return_1d', 'return_10d', 'return_20d', 'price_to_sma_5', 'price_to_sma_20', 'rsi_14', 'roc_10', 'macd_hist', 'volatility_5', 'volatility_20']",0.0520353870056171
RFE + Random Forest,10,2.0,300,,log2,"['return_1d', 'return_10d', 'return_20d', 'price_to_sma_5', 'price_to_sma_20', 'rsi_14', 'roc_10', 'macd_hist', 'volatility_5', 'volatility_20']",0.0520353870056171
RFE + Random Forest,10,0.1,300,,sqrt,"['return_1d', 'return_10d', 'return_20d', 'price_to_sma_5', 'price_to_sma_20', 'rsi_14', 'roc_10', 'macd_hist', 'volatility_5', 'volatility_20']",0.0520353870056171
RFE + Random Forest,10,0.1,300,,log2,"['return_1d', 'return_10d', 'return_20d', 'price_to_sma_5', 'price_to_sma_20', 'rsi_14', 'roc_10', 'macd_hist', 'volatility_5', 'volatility_20']",0.0520353870056171
RFE + Random Forest,10,1.0,100,,log2,"['return_1d', 'return_10d', 'return_20d', 'price_to_sma_5', 'price_to_sma_20', 'rsi_14', 'roc_10', 'macd_hist', 'volatility_5', 'volatility_20']",0.05206560165493175
RFE + Random Forest,10,1.0,100,,sqrt,"['return_1d', 'return_10d', 'return_20d', 'price_to_sma_5', 'price_to_sma_20', 'rsi_14', 'roc_10', 'macd_hist', 'volatility_5', 'volatility_20']",0.05206560165493175
RFE + Random Forest,20,1.0,100,5.0,0.5,"['return_1d', 'return_10d', 'return_20d', 'intraday_return', 'gap', 'sma_5', 'price_to_sma_5', 'price_to_sma_20', 'price_to_sma_60', 'rsi_14', 'roc_10', 'roc_20', 'macd', 'macd_signal', 'macd_hist', 'volatility_5', 'volatility_20', 'volume_sma_20', 'volume_ratio_20', 'target_return_5d']",0.05220836174906779
RFE + Random Forest,20,0.1,100,5.0,0.5,"['return_1d', 'return_10d', 'return_20d', 'intraday_return', 'gap', 'sma_5', 'price_to_sma_5', 'price_to_sma_20', 'price_to_sma_60', 'rsi_14', 'roc_10', 'roc_20', 'macd', 'macd_signal', 'macd_hist', 'volatility_5', 'volatility_20', 'volume_sma_20', 'volume_ratio_20', 'target_return_5d']",0.05220836174906779
RFE + Random Forest,20,2.0,100,5.0,0.5,"['return_1d', 'return_10d', 'return_20d', 'intraday_return', 'gap', 'sma_5', 'price_to_sma_5', 'price_to_sma_20', 'price_to_sma_60', 'rsi_14', 'roc_10', 'roc_20', 'macd', 'macd_signal', 'macd_hist', 'volatility_5', 'volatility_20', 'volume_sma_20', 'volume_ratio_20', 'target_return_5d']",0.05220836174906779
RFE + Random Forest,10,0.1,500,,sqrt,"['return_1d', 'return_10d', 'return_20d', 'price_to_sma_5', 'price_to_sma_20', 'rsi_14', 'roc_10', 'macd_hist', 'volatility_5', 'volatility_20']",0.052215721573571426
RFE + Random Forest,10,2.0,500,,log2,"['return_1d', 'return_10d', 'return_20d', 'price_to_sma_5', 'price_to_sma_20', 'rsi_14', 'roc_10', 'macd_hist', 'volatility_5', 'volatility_20']",0.052215721573571426
RFE + Random Forest,10,2.0,500,,sqrt,"['return_1d', 'return_10d', 'return_20d', 'price_to_sma_5', 'price_to_sma_20', 'rsi_14', 'roc_10', 'macd_hist', 'volatility_5', 'volatility_20']",0.052215721573571426
RFE + Random Forest,10,0.1,500,,log2,"['return_1d', 'return_10d', 'return_20d', 'price_to_sma_5', 'price_to_sma_20', 'rsi_14', 'roc_10', 'macd_hist', 'volatility_5', 'volatility_20']",0.05221572157357143
RFE + Random Forest,10,0.1,100,,sqrt,"['return_1d', 'return_10d', 'price_to_sma_5', 'price_to_sma_20', 'rsi_14', 'roc_10', 'roc_20', 'macd_hist', 'volatility_5', 'volatility_20']",0.05226525193032493
RFE + Random Forest,10,2.0,100,,log2,"['return_1d', 'return_10d', 'price_to_sma_5', 'price_to_sma_20', 'rsi_14', 'roc_10', 'roc_20', 'macd_hist', 'volatility_5', 'volatility_20']",0.052265251930324934
RFE + Random Forest,10,0.1,100,,log2,"['return_1d', 'return_10d', 'price_to_sma_5', 'price_to_sma_20', 'rsi_14', 'roc_10', 'roc_20', 'macd_hist', 'volatility_5', 'volatility_20']",0.052265251930324934
RFE + Random Forest,10,2.0,100,,sqrt,"['return_1d', 'return_10d', 'price_to_sma_5', 'price_to_sma_20', 'rsi_14', 'roc_10', 'roc_20', 'macd_hist', 'volatility_5', 'volatility_20']",0.052265251930324934
RFE + Random Forest,20,0.1,300,5.0,0.5,"['return_1d', 'return_10d', 'return_20d', 'intraday_return', 'gap', 'sma_60', 'price_to_sma_5', 'price_to_sma_20', 'price_to_sma_60', 'rsi_14', 'roc_10', 'roc_20', 'macd', 'macd_signal', 'macd_hist', 'volatility_5', 'volatility_20', 'volume_sma_20', 'volume_ratio_20', 'target_return_5d']",0.052286548954692424
RFE + Random Forest,20,1.0,300,5.0,0.5,"['return_1d', 'return_10d', 'return_20d', 'intraday_return', 'gap', 'sma_60', 'price_to_sma_5', 'price_to_sma_20', 'price_to_sma_60', 'rsi_14', 'roc_10', 'roc_20', 'macd', 'macd_signal', 'macd_hist', 'volatility_5', 'volatility_20', 'volume_sma_20', 'volume_ratio_20', 'target_return_5d']",0.05228654895469243
RFE + Random Forest,20,2.0,300,5.0,0.5,"['return_1d', 'return_10d', 'return_20d', 'intraday_return', 'gap', 'sma_60', 'price_to_sma_5', 'price_to_sma_20', 'price_to_sma_60', 'rsi_14', 'roc_10', 'roc_20', 'macd', 'macd_signal', 'macd_hist', 'volatility_5', 'volatility_20', 'volume_sma_20', 'volume_ratio_20', 'target_return_5d']",0.05228654895469243
RFE + Random Forest,10,0.1,500,10.0,log2,"['return_10d', 'return_20d', 'price_to_sma_5', 'price_to_sma_20', 'rsi_14', 'roc_10', 'roc_20', 'macd_hist', 'volatility_5', 'volatility_20']",0.05228971397826261
RFE + Random Forest,10,0.1,500,10.0,sqrt,"['return_10d', 'return_20d', 'price_to_sma_5', 'price_to_sma_20', 'rsi_14', 'roc_10', 'roc_20', 'macd_hist', 'volatility_5', 'volatility_20']",0.05228971397826261
RFE + Random Forest,10,2.0,500,10.0,log2,"['return_10d', 'return_20d', 'price_to_sma_5', 'price_to_sma_20', 'rsi_14', 'roc_10', 'roc_20', 'macd_hist', 'volatility_5', 'volatility_20']",0.05228971397826261
RFE + Random Forest,10,2.0,500,10.0,sqrt,"['return_10d', 'return_20d', 'price_to_sma_5', 'price_to_sma_20', 'rsi_14', 'roc_10', 'roc_20', 'macd_hist', 'volatility_5', 'volatility_20']",0.05228971397826261
RFE + Random Forest,10,0.1,300,10.0,log2,"['return_10d', 'return_20d', 'price_to_sma_5', 'price_to_sma_20', 'rsi_14', 'roc_10', 'roc_20', 'macd_hist', 'volatility_5', 'volatility_20']",0.05237037940549064
RFE + Random Forest,10,1.0,300,10.0,sqrt,"['return_10d', 'return_20d', 'price_to_sma_5', 'price_to_sma_20', 'rsi_14', 'roc_10', 'roc_20', 'macd_hist', 'volatility_5', 'volatility_20']",0.05237037940549064
RFE + Random Forest,10,2.0,300,10.0,sqrt,"['return_10d', 'return_20d', 'price_to_sma_5', 'price_to_sma_20', 'rsi_14', 'roc_10', 'roc_20', 'macd_hist', 'volatility_5', 'volatility_20']",0.05237037940549064
RFE + Random Forest,10,1.0,300,10.0,log2,"['return_10d', 'return_20d', 'price_to_sma_5', 'price_to_sma_20', 'rsi_14', 'roc_10', 'roc_20', 'macd_hist', 'volatility_5', 'volatility_20']",0.05237037940549065
RFE + Random Forest,10,0.1,300,10.0,sqrt,"['return_10d', 'return_20d', 'price_to_sma_5', 'price_to_sma_20', 'rsi_14', 'roc_10', 'roc_20', 'macd_hist', 'volatility_5', 'volatility_20']",0.05237037940549065
RFE + Random Forest,10,2.0,300,10.0,log2,"['return_10d', 'return_20d', 'price_to_sma_5', 'price_to_sma_20', 'rsi_14', 'roc_10', 'roc_20', 'macd_hist', 'volatility_5', 'volatility_20']",0.05237037940549065
RFE + Random Forest,15,1.0,300,5.0,0.5,"['return_1d', 'return_10d', 'return_20d', 'price_to_sma_5', 'price_to_sma_20', 'price_to_sma_60', 'rsi_14', 'roc_10', 'roc_20', 'macd_signal', 'macd_hist', 'volatility_5', 'volatility_20', 'volume_ratio_20', 'target_return_5d']",0.052381884874062715
RFE + Random Forest,10,1.0,300,,log2,"['return_10d', 'return_20d', 'price_to_sma_5', 'price_to_sma_20', 'rsi_14', 'roc_10', 'roc_20', 'macd_signal', 'macd_hist', 'volatility_5']",0.052408309776487826
RFE + Random Forest,10,1.0,300,,sqrt,"['return_10d', 'return_20d', 'price_to_sma_5', 'price_to_sma_20', 'rsi_14', 'roc_10', 'roc_20', 'macd_signal', 'macd_hist', 'volatility_5']",0.052408309776487826
RFE + Random Forest,20,1.0,500,5.0,0.5,"['return_1d', 'return_10d', 'return_20d', 'gap', 'sma_60', 'price_to_sma_5', 'price_to_sma_20', 'price_to_sma_60', 'rsi_14', 'roc_10', 'roc_20', 'macd', 'macd_signal', 'macd_hist', 'volatility_5', 'volatility_20', 'atr_14', 'volume_sma_20', 'volume_ratio_20', 'target_return_5d']",0.052430850746248724
RFE + Random Forest,20,2.0,500,5.0,0.5,"['return_1d', 'return_10d', 'return_20d', 'gap', 'sma_60', 'price_to_sma_5', 'price_to_sma_20', 'price_to_sma_60', 'rsi_14', 'roc_10', 'roc_20', 'macd', 'macd_signal', 'macd_hist', 'volatility_5', 'volatility_20', 'atr_14', 'volume_sma_20', 'volume_ratio_20', 'target_return_5d']",0.052430850746248724
RFE + Random Forest,20,0.1,500,5.0,0.5,"['return_1d', 'return_10d', 'return_20d', 'gap', 'sma_60', 'price_to_sma_5', 'price_to_sma_20', 'price_to_sma_60', 'rsi_14', 'roc_10', 'roc_20', 'macd', 'macd_signal', 'macd_hist', 'volatility_5', 'volatility_20', 'atr_14', 'volume_sma_20', 'volume_ratio_20', 'target_return_5d']",0.052430850746248724
RFE + Random Forest,10,1.0,500,,sqrt,"['return_10d', 'return_20d', 'price_to_sma_5', 'price_to_sma_20', 'rsi_14', 'roc_10', 'roc_20', 'macd_signal', 'macd_hist', 'volatility_5']",0.05244293290375214
RFE + Random Forest,10,1.0,500,,log2,"['return_10d', 'return_20d', 'price_to_sma_5', 'price_to_sma_20', 'rsi_14', 'roc_10', 'roc_20', 'macd_signal', 'macd_hist', 'volatility_5']",0.05244293290375214
RFE + Random Forest,15,0.1,500,5.0,0.5,"['return_1d', 'return_10d', 'return_20d', 'price_to_sma_5', 'price_to_sma_20', 'rsi_14', 'roc_10', 'roc_20', 'macd', 'macd_signal', 'macd_hist', 'volatility_5', 'volatility_20', 'volume_ratio_20', 'target_return_5d']",0.052449634283189266
RFE + Random Forest,15,1.0,500,5.0,0.5,"['return_1d', 'return_10d', 'return_20d', 'price_to_sma_5', 'price_to_sma_20', 'rsi_14', 'roc_10', 'roc_20', 'macd', 'macd_signal', 'macd_hist', 'volatility_5', 'volatility_20', 'volume_ratio_20', 'target_return_5d']",0.052449634283189266
RFE + Random Forest,15,2.0,500,5.0,0.5,"['return_1d', 'return_10d', 'return_20d', 'price_to_sma_5', 'price_to_sma_20', 'rsi_14', 'roc_10', 'roc_20', 'macd', 'macd_signal', 'macd_hist', 'volatility_5', 'volatility_20', 'volume_ratio_20', 'target_return_5d']",0.052449634283189266
RFE + Random Forest,10,1.0,500,5.0,0.5,"['return_10d', 'return_20d', 'price_to_sma_5', 'price_to_sma_20', 'rsi_14', 'roc_10', 'macd_signal', 'macd_hist', 'volatility_5', 'volatility_20']",0.05248253817041935
RFE + Random Forest,10,2.0,500,5.0,0.5,"['return_10d', 'price_to_sma_5', 'price_to_sma_20', 'rsi_14', 'roc_10', 'roc_20', 'macd_signal', 'macd_hist', 'volatility_5', 'volatility_20']",0.05248692921385699
RFE + Random Forest,10,0.1,500,5.0,0.5,"['return_10d', 'price_to_sma_5', 'price_to_sma_20', 'rsi_14', 'roc_10', 'roc_20', 'macd_signal', 'macd_hist', 'volatility_5', 'volatility_20']",0.05248692921385699
RFE + Random Forest,10,0.1,100,10.0,sqrt,"['return_10d', 'return_20d', 'price_to_sma_5', 'price_to_sma_20', 'rsi_14', 'roc_10', 'roc_20', 'macd_hist', 'volatility_5', 'volatility_20']",0.052502800021221346
RFE + Random Forest,10,2.0,100,10.0,sqrt,"['return_10d', 'return_20d', 'price_to_sma_5', 'price_to_sma_20', 'rsi_14', 'roc_10', 'roc_20', 'macd_hist', 'volatility_5', 'volatility_20']",0.052502800021221346
RFE + Random Forest,10,2.0,100,10.0,log2,"['return_10d', 'return_20d', 'price_to_sma_5', 'price_to_sma_20', 'rsi_14', 'roc_10', 'roc_20', 'macd_hist', 'volatility_5', 'volatility_20']",0.052502800021221346
RFE + Random Forest,10,0.1,100,10.0,log2,"['return_10d', 'return_20d', 'price_to_sma_5', 'price_to_sma_20', 'rsi_14', 'roc_10', 'roc_20', 'macd_hist', 'volatility_5', 'volatility_20']",0.052502800021221346
RFE + Random Forest,10,1.0,100,10.0,sqrt,"['return_10d', 'return_20d', 'price_to_sma_5', 'price_to_sma_20', 'rsi_14', 'roc_10', 'roc_20', 'macd_hist', 'volatility_5', 'volatility_20']",0.052502800021221346
RFE + Random Forest,10,1.0,100,10.0,log2,"['return_10d', 'return_20d', 'price_to_sma_5', 'price_to_sma_20', 'rsi_14', 'roc_10', 'roc_20', 'macd_hist', 'volatility_5', 'volatility_20']",0.052502800021221346
RFE + Random Forest,25,0.1,500,5.0,0.5,"['return_1d', 'return_10d', 'return_20d', 'intraday_return', 'high_low_range', 'gap', 'sma_5', 'sma_20', 'sma_60', 'price_to_sma_5', 'price_to_sma_20', 'price_to_sma_60', 'rsi_14', 'roc_10', 'roc_20', 'macd', 'macd_signal', 'macd_hist', 'volatility_5', 'volatility_20', 'atr_14', 'volume_change_1d', 'volume_sma_20', 'volume_ratio_20', 'target_return_5d']",0.052529198106501425
RFE + Random Forest,25,2.0,500,5.0,0.5,"['return_1d', 'return_10d', 'return_20d', 'intraday_return', 'high_low_range', 'gap', 'sma_5', 'sma_20', 'sma_60', 'price_to_sma_5', 'price_to_sma_20', 'price_to_sma_60', 'rsi_14', 'roc_10', 'roc_20', 'macd', 'macd_signal', 'macd_hist', 'volatility_5', 'volatility_20', 'atr_14', 'volume_change_1d', 'volume_sma_20', 'volume_ratio_20', 'target_return_5d']",0.05252919810650143
RFE + Random Forest,25,1.0,500,5.0,0.5,"['return_1d', 'return_10d', 'return_20d', 'intraday_return', 'high_low_range', 'gap', 'sma_5', 'sma_20', 'sma_60', 'price_to_sma_5', 'price_to_sma_20', 'price_to_sma_60', 'rsi_14', 'roc_10', 'roc_20', 'macd', 'macd_signal', 'macd_hist', 'volatility_5', 'volatility_20', 'atr_14', 'volume_change_1d', 'volume_sma_20', 'volume_ratio_20', 'target_return_5d']",0.05252919810650144
RFE + Random Forest,10,1.0,300,5.0,0.5,"['return_10d', 'return_20d', 'price_to_sma_5', 'price_to_sma_20', 'rsi_14', 'roc_10', 'macd_signal', 'macd_hist', 'volatility_5', 'volatility_20']",0.052585677351530996
RFE + Random Forest,10,0.1,300,5.0,0.5,"['return_10d', 'price_to_sma_5', 'price_to_sma_20', 'rsi_14', 'roc_10', 'roc_20', 'macd_signal', 'macd_hist', 'volatility_5', 'volatility_20']",0.05260228364060354
RFE + Random Forest,10,2.0,300,5.0,0.5,"['return_10d', 'price_to_sma_5', 'price_to_sma_20', 'rsi_14', 'roc_10', 'roc_20', 'macd_signal', 'macd_hist', 'volatility_5', 'volatility_20']",0.05260228364060354
RFE + Random Forest,15,2.0,300,5.0,0.5,"['return_1d', 'return_10d', 'return_20d', 'price_to_sma_5', 'price_to_sma_20', 'price_to_sma_60', 'rsi_14', 'roc_10', 'roc_20', 'macd', 'macd_signal', 'macd_hist', 'volatility_5', 'volatility_20', 'volume_ratio_20']",0.05266277223345927
RFE + Random Forest,15,0.1,300,5.0,0.5,"['return_1d', 'return_10d', 'return_20d', 'price_to_sma_5', 'price_to_sma_20', 'price_to_sma_60', 'rsi_14', 'roc_10', 'roc_20', 'macd', 'macd_signal', 'macd_hist', 'volatility_5', 'volatility_20', 'volume_ratio_20']",0.052662772233459276
RFE + Random Forest,25,0.1,300,5.0,0.5,"['return_1d', 'return_10d', 'return_20d', 'intraday_return', 'high_low_range', 'gap', 'sma_5', 'sma_20', 'sma_60', 'price_to_sma_5', 'price_to_sma_20', 'price_to_sma_60', 'rsi_14', 'roc_10', 'roc_20', 'macd', 'macd_signal', 'macd_hist', 'volatility_5', 'volatility_20', 'atr_14', 'volume_change_1d', 'volume_sma_20', 'volume_ratio_20', 'target_return_5d']",0.05267588541672048
RFE + Random Forest,25,1.0,300,5.0,0.5,"['return_1d', 'return_10d', 'return_20d', 'intraday_return', 'high_low_range', 'gap', 'sma_5', 'sma_20', 'sma_60', 'price_to_sma_5', 'price_to_sma_20', 'price_to_sma_60', 'rsi_14', 'roc_10', 'roc_20', 'macd', 'macd_signal', 'macd_hist', 'volatility_5', 'volatility_20', 'atr_14', 'volume_change_1d', 'volume_sma_20', 'volume_ratio_20', 'target_return_5d']",0.05267588541672048
RFE + Random Forest,25,2.0,300,5.0,0.5,"['return_1d', 'return_10d', 'return_20d', 'intraday_return', 'high_low_range', 'gap', 'sma_5', 'sma_20', 'sma_60', 'price_to_sma_5', 'price_to_sma_20', 'price_to_sma_60', 'rsi_14', 'roc_10', 'roc_20', 'macd', 'macd_signal', 'macd_hist', 'volatility_5', 'volatility_20', 'atr_14', 'volume_change_1d', 'volume_sma_20', 'volume_ratio_20', 'target_return_5d']",0.05267588541672048
RFE + Random Forest,10,1.0,500,10.0,sqrt,"['return_10d', 'return_20d', 'price_to_sma_5', 'price_to_sma_20', 'rsi_14', 'roc_10', 'roc_20', 'macd_signal', 'macd_hist', 'volatility_5']",0.052687721134194586
RFE + Random Forest,10,1.0,500,10.0,log2,"['return_10d', 'return_20d', 'price_to_sma_5', 'price_to_sma_20', 'rsi_14', 'roc_10', 'roc_20', 'macd_signal', 'macd_hist', 'volatility_5']",0.052687721134194586
RFE + Random Forest,10,1.0,100,5.0,0.5,"['return_10d', 'return_20d', 'price_to_sma_5', 'price_to_sma_20', 'rsi_14', 'roc_10', 'macd_signal', 'macd_hist', 'volatility_5', 'volatility_20']",0.05274776143092302
RFE + Random Forest,10,2.0,100,5.0,0.5,"['return_10d', 'return_20d', 'price_to_sma_5', 'price_to_sma_20', 'rsi_14', 'roc_10', 'macd_signal', 'macd_hist', 'volatility_5', 'volatility_20']",0.05274776143092302
RFE + Random Forest,10,0.1,100,5.0,0.5,"['return_10d', 'return_20d', 'price_to_sma_5', 'price_to_sma_20', 'rsi_14', 'roc_10', 'macd_signal', 'macd_hist', 'volatility_5', 'volatility_20']",0.052747761430923024
RFE + Random Forest,15,1.0,100,5.0,0.5,"['return_1d', 'return_10d', 'return_20d', 'price_to_sma_5', 'price_to_sma_20', 'rsi_14', 'roc_10', 'roc_20', 'macd', 'macd_signal', 'macd_hist', 'volatility_5', 'volatility_20', 'volume_ratio_20', 'target_return_5d']",0.05275538014765449
RFE + Random Forest,15,0.1,100,5.0,0.5,"['return_1d', 'return_10d', 'return_20d', 'price_to_sma_5', 'price_to_sma_20', 'price_to_sma_60', 'rsi_14', 'roc_10', 'roc_20', 'macd', 'macd_signal', 'macd_hist', 'volatility_5', 'volatility_20', 'volume_ratio_20']",0.05277708792545318
RFE + Random Forest,15,2.0,100,5.0,0.5,"['return_1d', 'return_10d', 'return_20d', 'price_to_sma_5', 'price_to_sma_20', 'price_to_sma_60', 'rsi_14', 'roc_10', 'roc_20', 'macd', 'macd_signal', 'macd_hist', 'volatility_5', 'volatility_20', 'volume_ratio_20']",0.05277708792545318
RFE + Random Forest,5,0.1,100,10.0,log2,"['return_10d', 'price_to_sma_5', 'price_to_sma_20', 'rsi_14', 'roc_10']",0.052931357921826114
RFE + Random Forest,5,1.0,100,10.0,sqrt,"['return_10d', 'price_to_sma_5', 'price_to_sma_20', 'rsi_14', 'roc_10']",0.052931357921826114
RFE + Random Forest,5,2.0,100,10.0,log2,"['return_10d', 'price_to_sma_5', 'price_to_sma_20', 'rsi_14', 'roc_10']",0.05293135792182612
RFE + Random Forest,5,2.0,100,10.0,0.5,"['return_10d', 'price_to_sma_5', 'price_to_sma_20', 'rsi_14', 'roc_10']",0.05293135792182612
RFE + Random Forest,5,0.1,100,10.0,sqrt,"['return_10d', 'price_to_sma_5', 'price_to_sma_20', 'rsi_14', 'roc_10']",0.05293135792182612
RFE + Random Forest,5,2.0,100,10.0,sqrt,"['return_10d', 'price_to_sma_5', 'price_to_sma_20', 'rsi_14', 'roc_10']",0.05293135792182612
RFE + Random Forest,5,1.0,100,10.0,log2,"['return_10d', 'price_to_sma_5', 'price_to_sma_20', 'rsi_14', 'roc_10']",0.05293135792182612
RFE + Random Forest,5,1.0,100,10.0,0.5,"['return_10d', 'price_to_sma_5', 'price_to_sma_20', 'rsi_14', 'roc_10']",0.05293135792182612
RFE + Random Forest,5,0.1,100,10.0,0.5,"['return_10d', 'price_to_sma_5', 'price_to_sma_20', 'rsi_14', 'roc_10']",0.05293135792182612
RFE + Random Forest,25,0.1,100,5.0,0.5,"['return_1d', 'return_10d', 'return_20d', 'intraday_return', 'high_low_range', 'gap', 'sma_5', 'sma_20', 'sma_60', 'price_to_sma_5', 'price_to_sma_20', 'price_to_sma_60', 'rsi_14', 'roc_10', 'roc_20', 'macd', 'macd_signal', 'macd_hist', 'volatility_5', 'volatility_20', 'atr_14', 'volume_change_1d', 'volume_sma_20', 'volume_ratio_20', 'target_return_5d']",0.05297379772051817
RFE + Random Forest,25,1.0,100,5.0,0.5,"['return_1d', 'return_10d', 'return_20d', 'intraday_return', 'high_low_range', 'gap', 'sma_5', 'sma_20', 'sma_60', 'price_to_sma_5', 'price_to_sma_20', 'price_to_sma_60', 'rsi_14', 'roc_10', 'roc_20', 'macd', 'macd_signal', 'macd_hist', 'volatility_5', 'volatility_20', 'atr_14', 'volume_change_1d', 'volume_sma_20', 'volume_ratio_20', 'target_return_5d']",0.05297379772051817
RFE + Random Forest,25,2.0,100,5.0,0.5,"['return_1d', 'return_10d', 'return_20d', 'intraday_return', 'high_low_range', 'gap', 'sma_5', 'sma_20', 'sma_60', 'price_to_sma_5', 'price_to_sma_20', 'price_to_sma_60', 'rsi_14', 'roc_10', 'roc_20', 'macd', 'macd_signal', 'macd_hist', 'volatility_5', 'volatility_20', 'atr_14', 'volume_change_1d', 'volume_sma_20', 'volume_ratio_20', 'target_return_5d']",0.05297379772051817
RFE + Random Forest,5,1.0,300,10.0,sqrt,"['return_10d', 'price_to_sma_5', 'price_to_sma_20', 'rsi_14', 'roc_10']",0.05315198012384441
RFE + Random Forest,5,1.0,300,10.0,log2,"['return_10d', 'price_to_sma_5', 'price_to_sma_20', 'rsi_14', 'roc_10']",0.05315198012384441
RFE + Random Forest,5,1.0,300,10.0,0.5,"['return_10d', 'price_to_sma_5', 'price_to_sma_20', 'rsi_14', 'roc_10']",0.05315198012384441
RFE + Random Forest,5,0.1,300,10.0,log2,"['return_10d', 'price_to_sma_5', 'price_to_sma_20', 'rsi_14', 'roc_10']",0.05315198012384441
RFE + Random Forest,5,2.0,300,10.0,0.5,"['return_10d', 'price_to_sma_5', 'price_to_sma_20', 'rsi_14', 'roc_10']",0.05315198012384441
RFE + Random Forest,5,2.0,300,10.0,sqrt,"['return_10d', 'price_to_sma_5', 'price_to_sma_20', 'rsi_14', 'roc_10']",0.05315198012384441
RFE + Random Forest,5,0.1,300,10.0,sqrt,"['return_10d', 'price_to_sma_5', 'price_to_sma_20', 'rsi_14', 'roc_10']",0.053151980123844415
RFE + Random Forest,5,2.0,300,10.0,log2,"['return_10d', 'price_to_sma_5', 'price_to_sma_20', 'rsi_14', 'roc_10']",0.053151980123844415
RFE + Random Forest,5,0.1,300,10.0,0.5,"['return_10d', 'price_to_sma_5', 'price_to_sma_20', 'rsi_14', 'roc_10']",0.053151980123844415
RFE + Random Forest,5,1.0,500,,sqrt,"['return_10d', 'price_to_sma_5', 'price_to_sma_20', 'rsi_14', 'roc_10']",0.053160228814495405
RFE + Random Forest,5,0.1,500,,0.5,"['return_10d', 'price_to_sma_5', 'price_to_sma_20', 'rsi_14', 'roc_10']",0.053160228814495405
RFE + Random Forest,5,1.0,500,,log2,"['return_10d', 'price_to_sma_5', 'price_to_sma_20', 'rsi_14', 'roc_10']",0.053160228814495405
RFE + Random Forest,5,2.0,500,,0.5,"['return_10d', 'price_to_sma_5', 'price_to_sma_20', 'rsi_14', 'roc_10']",0.053160228814495405
RFE + Random Forest,5,0.1,500,,log2,"['return_10d', 'price_to_sma_5', 'price_to_sma_20', 'rsi_14', 'roc_10']",0.053160228814495405
RFE + Random Forest,5,2.0,500,,log2,"['return_10d', 'price_to_sma_5', 'price_to_sma_20', 'rsi_14', 'roc_10']",0.053160228814495405
RFE + Random Forest,5,2.0,500,,sqrt,"['return_10d', 'price_to_sma_5', 'price_to_sma_20', 'rsi_14', 'roc_10']",0.053160228814495405
RFE + Random Forest,5,1.0,500,,0.5,"['return_10d', 'price_to_sma_5', 'price_to_sma_20', 'rsi_14', 'roc_10']",0.053160228814495405
RFE + Random Forest,5,0.1,500,,sqrt,"['return_10d', 'price_to_sma_5', 'price_to_sma_20', 'rsi_14', 'roc_10']",0.053160228814495405
RFE + Random Forest,5,1.0,500,10.0,0.5,"['return_10d', 'price_to_sma_5', 'price_to_sma_20', 'rsi_14', 'roc_10']",0.05320453424446877
RFE + Random Forest,5,0.1,500,10.0,sqrt,"['return_10d', 'price_to_sma_5', 'price_to_sma_20', 'rsi_14', 'roc_10']",0.05320453424446877
RFE + Random Forest,5,1.0,500,10.0,sqrt,"['return_10d', 'price_to_sma_5', 'price_to_sma_20', 'rsi_14', 'roc_10']",0.05320453424446877
RFE + Random Forest,5,2.0,500,10.0,sqrt,"['return_10d', 'price_to_sma_5', 'price_to_sma_20', 'rsi_14', 'roc_10']",0.05320453424446877
RFE + Random Forest,5,2.0,500,10.0,log2,"['return_10d', 'price_to_sma_5', 'price_to_sma_20', 'rsi_14', 'roc_10']",0.05320453424446877
RFE + Random Forest,5,2.0,500,10.0,0.5,"['return_10d', 'price_to_sma_5', 'price_to_sma_20', 'rsi_14', 'roc_10']",0.05320453424446877
RFE + Random Forest,5,0.1,500,10.0,log2,"['return_10d', 'price_to_sma_5', 'price_to_sma_20', 'rsi_14', 'roc_10']",0.05320453424446877
RFE + Random Forest,5,1.0,500,10.0,log2,"['return_10d', 'price_to_sma_5', 'price_to_sma_20', 'rsi_14', 'roc_10']",0.05320453424446877
RFE + Random Forest,5,0.1,500,10.0,0.5,"['return_10d', 'price_to_sma_5', 'price_to_sma_20', 'rsi_14', 'roc_10']",0.05320453424446877
RFE + Random Forest,5,1.0,300,,sqrt,"['return_10d', 'price_to_sma_5', 'price_to_sma_20', 'rsi_14', 'roc_10']",0.053230091867837864
RFE + Random Forest,5,2.0,300,,sqrt,"['return_10d', 'price_to_sma_5', 'price_to_sma_20', 'rsi_14', 'roc_10']",0.053230091867837864
RFE + Random Forest,5,2.0,300,,0.5,"['return_10d', 'price_to_sma_5', 'price_to_sma_20', 'rsi_14', 'roc_10']",0.053230091867837864
RFE + Random Forest,5,1.0,300,,0.5,"['return_10d', 'price_to_sma_5', 'price_to_sma_20', 'rsi_14', 'roc_10']",0.053230091867837864
RFE + Random Forest,5,0.1,300,,sqrt,"['return_10d', 'price_to_sma_5', 'price_to_sma_20', 'rsi_14', 'roc_10']",0.053230091867837864
RFE + Random Forest,5,0.1,300,,log2,"['return_10d', 'price_to_sma_5', 'price_to_sma_20', 'rsi_14', 'roc_10']",0.053230091867837864
RFE + Random Forest,5,0.1,300,,0.5,"['return_10d', 'price_to_sma_5', 'price_to_sma_20', 'rsi_14', 'roc_10']",0.053230091867837864
RFE + Random Forest,5,2.0,300,,log2,"['return_10d', 'price_to_sma_5', 'price_to_sma_20', 'rsi_14', 'roc_10']",0.053230091867837864
RFE + Random Forest,5,1.0,300,,log2,"['return_10d', 'price_to_sma_5', 'price_to_sma_20', 'rsi_14', 'roc_10']",0.053230091867837864
RFE + Random Forest,20,1.0,100,10.0,sqrt,"['return_1d', 'return_10d', 'return_20d', 'intraday_return', 'high_low_range', 'gap', 'sma_20', 'price_to_sma_5', 'price_to_sma_20', 'price_to_sma_60', 'rsi_14', 'roc_10', 'roc_20', 'macd', 'macd_signal', 'macd_hist', 'volatility_5', 'volatility_20', 'volume_ratio_20', 'target_return_5d']",0.05323792817830936
RFE + Random Forest,20,2.0,100,10.0,log2,"['return_1d', 'return_10d', 'return_20d', 'intraday_return', 'high_low_range', 'gap', 'sma_20', 'price_to_sma_5', 'price_to_sma_20', 'price_to_sma_60', 'rsi_14', 'roc_10', 'roc_20', 'macd', 'macd_signal', 'macd_hist', 'volatility_5', 'volatility_20', 'volume_ratio_20', 'target_return_5d']",0.05323792817830936
RFE + Random Forest,20,0.1,100,10.0,log2,"['return_1d', 'return_10d', 'return_20d', 'intraday_return', 'high_low_range', 'gap', 'sma_20', 'price_to_sma_5', 'price_to_sma_20', 'price_to_sma_60', 'rsi_14', 'roc_10', 'roc_20', 'macd', 'macd_signal', 'macd_hist', 'volatility_5', 'volatility_20', 'volume_ratio_20', 'target_return_5d']",0.05323792817830936
RFE + Random Forest,20,1.0,100,10.0,log2,"['return_1d', 'return_10d', 'return_20d', 'intraday_return', 'high_low_range', 'gap', 'sma_20', 'price_to_sma_5', 'price_to_sma_20', 'price_to_sma_60', 'rsi_14', 'roc_10', 'roc_20', 'macd', 'macd_signal', 'macd_hist', 'volatility_5', 'volatility_20', 'volume_ratio_20', 'target_return_5d']",0.053237928178309364
RFE + Random Forest,20,0.1,300,10.0,log2,"['return_1d', 'return_10d', 'return_20d', 'intraday_return', 'gap', 'sma_20', 'sma_60', 'price_to_sma_5', 'price_to_sma_20', 'price_to_sma_60', 'rsi_14', 'roc_10', 'roc_20', 'macd', 'macd_signal', 'macd_hist', 'volatility_5', 'volatility_20', 'volume_ratio_20', 'target_return_5d']",0.05324951070406914
RFE + Random Forest,20,2.0,300,10.0,log2,"['return_1d', 'return_10d', 'return_20d', 'intraday_return', 'gap', 'sma_20', 'sma_60', 'price_to_sma_5', 'price_to_sma_20', 'price_to_sma_60', 'rsi_14', 'roc_10', 'roc_20', 'macd', 'macd_signal', 'macd_hist', 'volatility_5', 'volatility_20', 'volume_ratio_20', 'target_return_5d']",0.05324951070406914
RFE + Random Forest,20,1.0,500,10.0,log2,"['return_1d', 'return_10d', 'return_20d', 'intraday_return', 'gap', 'sma_20', 'sma_60', 'price_to_sma_5', 'price_to_sma_20', 'price_to_sma_60', 'rsi_14', 'roc_10', 'roc_20', 'macd', 'macd_signal', 'macd_hist', 'volatility_5', 'volatility_20', 'volume_ratio_20', 'target_return_5d']",0.053276914662097156
RFE + Random Forest,20,2.0,500,10.0,log2,"['return_1d', 'return_10d', 'return_20d', 'intraday_return', 'gap', 'sma_20', 'sma_60', 'price_to_sma_5', 'price_to_sma_20', 'price_to_sma_60', 'rsi_14', 'roc_10', 'roc_20', 'macd', 'macd_signal', 'macd_hist', 'volatility_5', 'volatility_20', 'volume_ratio_20', 'target_return_5d']",0.053276914662097156
RFE + Random Forest,20,1.0,500,10.0,sqrt,"['return_1d', 'return_10d', 'return_20d', 'intraday_return', 'gap', 'sma_20', 'sma_60', 'price_to_sma_5', 'price_to_sma_20', 'price_to_sma_60', 'rsi_14', 'roc_10', 'roc_20', 'macd', 'macd_signal', 'macd_hist', 'volatility_5', 'volatility_20', 'volume_ratio_20', 'target_return_5d']",0.05327691466209716
RFE + Random Forest,20,0.1,500,10.0,log2,"['return_1d', 'return_10d', 'return_20d', 'intraday_return', 'gap', 'sma_20', 'sma_60', 'price_to_sma_5', 'price_to_sma_20', 'price_to_sma_60', 'rsi_14', 'roc_10', 'roc_20', 'macd', 'macd_signal', 'macd_hist', 'volatility_5', 'volatility_20', 'volume_ratio_20', 'target_return_5d']",0.05327691466209716
RFE + Random Forest,5,1.0,100,,sqrt,"['return_10d', 'price_to_sma_5', 'price_to_sma_20', 'rsi_14', 'roc_10']",0.05331172624073736
RFE + Random Forest,5,2.0,100,,sqrt,"['return_10d', 'price_to_sma_5', 'price_to_sma_20', 'rsi_14', 'roc_10']",0.05331172624073736
RFE + Random Forest,5,1.0,100,,log2,"['return_10d', 'price_to_sma_5', 'price_to_sma_20', 'rsi_14', 'roc_10']",0.05331172624073736
RFE + Random Forest,5,2.0,100,,log2,"['return_10d', 'price_to_sma_5', 'price_to_sma_20', 'rsi_14', 'roc_10']",0.05331172624073736
RFE + Random Forest,5,2.0,100,,0.5,"['return_10d', 'price_to_sma_5', 'price_to_sma_20', 'rsi_14', 'roc_10']",0.05331172624073736
RFE + Random Forest,5,0.1,100,,sqrt,"['return_10d', 'price_to_sma_5', 'price_to_sma_20', 'rsi_14', 'roc_10']",0.05331172624073736
RFE + Random Forest,5,0.1,100,,log2,"['return_10d', 'price_to_sma_5', 'price_to_sma_20', 'rsi_14', 'roc_10']",0.05331172624073736
RFE + Random Forest,5,1.0,100,,0.5,"['return_10d', 'price_to_sma_5', 'price_to_sma_20', 'rsi_14', 'roc_10']",0.05331172624073736
RFE + Random Forest,5,0.1,100,,0.5,"['return_10d', 'price_to_sma_5', 'price_to_sma_20', 'rsi_14', 'roc_10']",0.05331172624073736
RFE + Random Forest,15,2.0,300,,sqrt,"['return_1d', 'return_10d', 'return_20d', 'price_to_sma_5', 'price_to_sma_20', 'price_to_sma_60', 'rsi_14', 'roc_10', 'roc_20', 'macd', 'macd_signal', 'macd_hist', 'volatility_5', 'volatility_20', 'volume_ratio_20']",0.05334922945689422
RFE + Random Forest,15,0.1,300,,sqrt,"['return_1d', 'return_10d', 'return_20d', 'price_to_sma_5', 'price_to_sma_20', 'price_to_sma_60', 'rsi_14', 'roc_10', 'roc_20', 'macd', 'macd_signal', 'macd_hist', 'volatility_5', 'volatility_20', 'volume_ratio_20']",0.05334922945689422
RFE + Random Forest,15,1.0,300,,sqrt,"['return_1d', 'return_10d', 'return_20d', 'price_to_sma_5', 'price_to_sma_20', 'price_to_sma_60', 'rsi_14', 'roc_10', 'roc_20', 'macd', 'macd_signal', 'macd_hist', 'volatility_5', 'volatility_20', 'volume_ratio_20']",0.05334922945689422
RFE + Random Forest,15,1.0,300,,log2,"['return_1d', 'return_10d', 'return_20d', 'price_to_sma_5', 'price_to_sma_20', 'price_to_sma_60', 'rsi_14', 'roc_10', 'roc_20', 'macd', 'macd_signal', 'macd_hist', 'volatility_5', 'volatility_20', 'volume_ratio_20']",0.05334922945689422
RFE + Random Forest,15,2.0,300,,log2,"['return_1d', 'return_10d', 'return_20d', 'price_to_sma_5', 'price_to_sma_20', 'price_to_sma_60', 'rsi_14', 'roc_10', 'roc_20', 'macd', 'macd_signal', 'macd_hist', 'volatility_5', 'volatility_20', 'volume_ratio_20']",0.05334922945689423
RFE + Random Forest,15,0.1,300,,log2,"['return_1d', 'return_10d', 'return_20d', 'price_to_sma_5', 'price_to_sma_20', 'price_to_sma_60', 'rsi_14', 'roc_10', 'roc_20', 'macd', 'macd_signal', 'macd_hist', 'volatility_5', 'volatility_20', 'volume_ratio_20']",0.05334922945689423
RFE + Random Forest,20,2.0,300,,sqrt,"['return_1d', 'return_10d', 'return_20d', 'intraday_return', 'gap', 'price_to_sma_5', 'price_to_sma_20', 'price_to_sma_60', 'rsi_14', 'roc_10', 'roc_20', 'macd', 'macd_signal', 'macd_hist', 'volatility_5', 'volatility_20', 'atr_14', 'volume_sma_20', 'volume_ratio_20', 'target_return_5d']",0.05340214813064329
RFE + Random Forest,20,0.1,300,,sqrt,"['return_1d', 'return_10d', 'return_20d', 'intraday_return', 'gap', 'price_to_sma_5', 'price_to_sma_20', 'price_to_sma_60', 'rsi_14', 'roc_10', 'roc_20', 'macd', 'macd_signal', 'macd_hist', 'volatility_5', 'volatility_20', 'atr_14', 'volume_sma_20', 'volume_ratio_20', 'target_return_5d']",0.05340214813064329
RFE + Random Forest,25,1.0,500,,sqrt,"['return_1d', 'return_10d', 'return_20d', 'intraday_return', 'high_low_range', 'gap', 'sma_5', 'sma_20', 'sma_60', 'price_to_sma_5', 'price_to_sma_20', 'price_to_sma_60', 'rsi_14', 'roc_10', 'roc_20', 'macd', 'macd_signal', 'macd_hist', 'volatility_5', 'volatility_20', 'atr_14', 'volume_change_1d', 'volume_sma_20', 'volume_ratio_20', 'target_return_5d']",0.053402845749243415
RFE + Random Forest,25,2.0,500,,sqrt,"['return_1d', 'return_10d', 'return_20d', 'intraday_return', 'high_low_range', 'gap', 'sma_5', 'sma_20', 'sma_60', 'price_to_sma_5', 'price_to_sma_20', 'price_to_sma_60', 'rsi_14', 'roc_10', 'roc_20', 'macd', 'macd_signal', 'macd_hist', 'volatility_5', 'volatility_20', 'atr_14', 'volume_change_1d', 'volume_sma_20', 'volume_ratio_20', 'target_return_5d']",0.053402845749243415
RFE + Random Forest,25,0.1,500,,sqrt,"['return_1d', 'return_10d', 'return_20d', 'intraday_return', 'high_low_range', 'gap', 'sma_5', 'sma_20', 'sma_60', 'price_to_sma_5', 'price_to_sma_20', 'price_to_sma_60', 'rsi_14', 'roc_10', 'roc_20', 'macd', 'macd_signal', 'macd_hist', 'volatility_5', 'volatility_20', 'atr_14', 'volume_change_1d', 'volume_sma_20', 'volume_ratio_20', 'target_return_5d']",0.053402845749243415
RFE + Random Forest,15,1.0,500,,sqrt,"['return_1d', 'return_10d', 'return_20d', 'price_to_sma_5', 'price_to_sma_20', 'price_to_sma_60', 'rsi_14', 'roc_10', 'roc_20', 'macd', 'macd_signal', 'macd_hist', 'volatility_5', 'volatility_20', 'volume_ratio_20']",0.05340445041179182
RFE + Random Forest,15,0.1,500,,sqrt,"['return_1d', 'return_10d', 'return_20d', 'price_to_sma_5', 'price_to_sma_20', 'price_to_sma_60', 'rsi_14', 'roc_10', 'roc_20', 'macd', 'macd_signal', 'macd_hist', 'volatility_5', 'volatility_20', 'volume_ratio_20']",0.05340445041179182
RFE + Random Forest,15,2.0,500,,sqrt,"['return_1d', 'return_10d', 'return_20d', 'price_to_sma_5', 'price_to_sma_20', 'price_to_sma_60', 'rsi_14', 'roc_10', 'roc_20', 'macd', 'macd_signal', 'macd_hist', 'volatility_5', 'volatility_20', 'volume_ratio_20']",0.05340445041179182
RFE + Random Forest,15,2.0,500,,log2,"['return_1d', 'return_10d', 'return_20d', 'price_to_sma_5', 'price_to_sma_20', 'price_to_sma_60', 'rsi_14', 'roc_10', 'roc_20', 'macd', 'macd_signal', 'macd_hist', 'volatility_5', 'volatility_20', 'volume_ratio_20']",0.05340445041179182
RFE + Random Forest,15,0.1,500,,log2,"['return_1d', 'return_10d', 'return_20d', 'price_to_sma_5', 'price_to_sma_20', 'price_to_sma_60', 'rsi_14', 'roc_10', 'roc_20', 'macd', 'macd_signal', 'macd_hist', 'volatility_5', 'volatility_20', 'volume_ratio_20']",0.05340445041179183
RFE + Random Forest,15,1.0,500,,log2,"['return_1d', 'return_10d', 'return_20d', 'price_to_sma_5', 'price_to_sma_20', 'price_to_sma_60', 'rsi_14', 'roc_10', 'roc_20', 'macd', 'macd_signal', 'macd_hist', 'volatility_5', 'volatility_20', 'volume_ratio_20']",0.053404450411791836
RFE + Random Forest,15,1.0,100,,sqrt,"['return_1d', 'return_10d', 'return_20d', 'price_to_sma_5', 'price_to_sma_20', 'price_to_sma_60', 'rsi_14', 'roc_10', 'roc_20', 'macd', 'macd_signal', 'macd_hist', 'volatility_5', 'volatility_20', 'volume_ratio_20']",0.05340589499359212
RFE + Random Forest,15,2.0,100,,log2,"['return_1d', 'return_10d', 'return_20d', 'price_to_sma_5', 'price_to_sma_20', 'price_to_sma_60', 'rsi_14', 'roc_10', 'roc_20', 'macd', 'macd_signal', 'macd_hist', 'volatility_5', 'volatility_20', 'volume_ratio_20']",0.05340589499359212
RFE + Random Forest,15,0.1,100,,sqrt,"['return_1d', 'return_10d', 'return_20d', 'price_to_sma_5', 'price_to_sma_20', 'price_to_sma_60', 'rsi_14', 'roc_10', 'roc_20', 'macd', 'macd_signal', 'macd_hist', 'volatility_5', 'volatility_20', 'volume_ratio_20']",0.05340589499359212
RFE + Random Forest,15,2.0,100,,sqrt,"['return_1d', 'return_10d', 'return_20d', 'price_to_sma_5', 'price_to_sma_20', 'price_to_sma_60', 'rsi_14', 'roc_10', 'roc_20', 'macd', 'macd_signal', 'macd_hist', 'volatility_5', 'volatility_20', 'volume_ratio_20']",0.05340589499359212
RFE + Random Forest,15,0.1,100,,log2,"['return_1d', 'return_10d', 'return_20d', 'price_to_sma_5', 'price_to_sma_20', 'price_to_sma_60', 'rsi_14', 'roc_10', 'roc_20', 'macd', 'macd_signal', 'macd_hist', 'volatility_5', 'volatility_20', 'volume_ratio_20']",0.05340589499359212
RFE + Random Forest,15,1.0,100,,log2,"['return_1d', 'return_10d', 'return_20d', 'price_to_sma_5', 'price_to_sma_20', 'price_to_sma_60', 'rsi_14', 'roc_10', 'roc_20', 'macd', 'macd_signal', 'macd_hist', 'volatility_5', 'volatility_20', 'volume_ratio_20']",0.05340589499359212
RFE + Random Forest,20,1.0,300,,sqrt,"['return_1d', 'return_10d', 'return_20d', 'intraday_return', 'gap', 'sma_20', 'price_to_sma_5', 'price_to_sma_20', 'price_to_sma_60', 'rsi_14', 'roc_10', 'roc_20', 'macd', 'macd_signal', 'macd_hist', 'volatility_5', 'volatility_20', 'volume_sma_20', 'volume_ratio_20', 'target_return_5d']",0.053452433486767835
RFE + Random Forest,20,1.0,300,,log2,"['return_1d', 'return_10d', 'return_20d', 'intraday_return', 'gap', 'sma_20', 'price_to_sma_5', 'price_to_sma_20', 'price_to_sma_60', 'rsi_14', 'roc_10', 'roc_20', 'macd', 'macd_signal', 'macd_hist', 'volatility_5', 'volatility_20', 'volume_sma_20', 'volume_ratio_20', 'target_return_5d']",0.05345243348676784
RFE + Random Forest,20,0.1,500,,sqrt,"['return_1d', 'return_10d', 'return_20d', 'intraday_return', 'gap', 'sma_5', 'price_to_sma_5', 'price_to_sma_20', 'price_to_sma_60', 'rsi_14', 'roc_10', 'roc_20', 'macd', 'macd_signal', 'macd_hist', 'volatility_5', 'volatility_20', 'volume_sma_20', 'volume_ratio_20', 'target_return_5d']",0.05349849593397205
RFE + Random Forest,20,2.0,500,,sqrt,"['return_1d', 'return_10d', 'return_20d', 'intraday_return', 'gap', 'sma_5', 'price_to_sma_5', 'price_to_sma_20', 'price_to_sma_60', 'rsi_14', 'roc_10', 'roc_20', 'macd', 'macd_signal', 'macd_hist', 'volatility_5', 'volatility_20', 'volume_sma_20', 'volume_ratio_20', 'target_return_5d']",0.05349849593397206
RFE + Random Forest,20,0.1,100,10.0,sqrt,"['return_1d', 'return_10d', 'return_20d', 'intraday_return', 'gap', 'sma_5', 'sma_60', 'price_to_sma_5', 'price_to_sma_20', 'price_to_sma_60', 'rsi_14', 'roc_10', 'roc_20', 'macd', 'macd_signal', 'macd_hist', 'volatility_5', 'volatility_20', 'volume_ratio_20', 'target_return_5d']",0.05354917761368409
RFE + Random Forest,20,2.0,100,10.0,sqrt,"['return_1d', 'return_10d', 'return_20d', 'intraday_return', 'gap', 'sma_5', 'sma_60', 'price_to_sma_5', 'price_to_sma_20', 'price_to_sma_60', 'rsi_14', 'roc_10', 'roc_20', 'macd', 'macd_signal', 'macd_hist', 'volatility_5', 'volatility_20', 'volume_ratio_20', 'target_return_5d']",0.05354917761368409
RFE + Random Forest,5,0.1,100,5.0,0.5,"['return_10d', 'price_to_sma_5', 'price_to_sma_20', 'rsi_14', 'roc_10']",0.053596228446119304
RFE + Random Forest,5,2.0,100,5.0,sqrt,"['return_10d', 'price_to_sma_5', 'price_to_sma_20', 'rsi_14', 'roc_10']",0.053596228446119304
RFE + Random Forest,5,0.1,100,5.0,sqrt,"['return_10d', 'price_to_sma_5', 'price_to_sma_20', 'rsi_14', 'roc_10']",0.05359622844611931
RFE + Random Forest,5,1.0,100,5.0,sqrt,"['return_10d', 'price_to_sma_5', 'price_to_sma_20', 'rsi_14', 'roc_10']",0.05359622844611931
RFE + Random Forest,5,2.0,100,5.0,0.5,"['return_10d', 'price_to_sma_5', 'price_to_sma_20', 'rsi_14', 'roc_10']",0.05359622844611931
RFE + Random Forest,5,0.1,100,5.0,log2,"['return_10d', 'price_to_sma_5', 'price_to_sma_20', 'rsi_14', 'roc_10']",0.05359622844611931
RFE + Random Forest,5,1.0,100,5.0,0.5,"['return_10d', 'price_to_sma_5', 'price_to_sma_20', 'rsi_14', 'roc_10']",0.05359622844611931
RFE + Random Forest,5,1.0,100,5.0,log2,"['return_10d', 'price_to_sma_5', 'price_to_sma_20', 'rsi_14', 'roc_10']",0.05359622844611931
RFE + Random Forest,5,2.0,100,5.0,log2,"['return_10d', 'price_to_sma_5', 'price_to_sma_20', 'rsi_14', 'roc_10']",0.05359622844611931
RFE + Random Forest,20,1.0,300,10.0,log2,"['return_1d', 'return_10d', 'return_20d', 'intraday_return', 'gap', 'sma_20', 'price_to_sma_5', 'price_to_sma_20', 'price_to_sma_60', 'rsi_14', 'roc_10', 'roc_20', 'macd', 'macd_signal', 'macd_hist', 'volatility_5', 'volatility_20', 'volume_sma_20', 'volume_ratio_20', 'target_return_5d']",0.05360198376587686
RFE + Random Forest,20,1.0,300,10.0,sqrt,"['return_1d', 'return_10d', 'return_20d', 'intraday_return', 'gap', 'sma_20', 'price_to_sma_5', 'price_to_sma_20', 'price_to_sma_60', 'rsi_14', 'roc_10', 'roc_20', 'macd', 'macd_signal', 'macd_hist', 'volatility_5', 'volatility_20', 'volume_sma_20', 'volume_ratio_20', 'target_return_5d']",0.05360198376587686
RFE + Random Forest,20,0.1,500,,log2,"['return_1d', 'return_10d', 'return_20d', 'intraday_return', 'gap', 'sma_20', 'price_to_sma_5', 'price_to_sma_20', 'price_to_sma_60', 'rsi_14', 'roc_10', 'roc_20', 'macd', 'macd_signal', 'macd_hist', 'volatility_5', 'volatility_20', 'volume_sma_20', 'volume_ratio_20', 'target_return_5d']",0.053613886427644766
RFE + Random Forest,20,2.0,500,,log2,"['return_1d', 'return_10d', 'return_20d', 'intraday_return', 'gap', 'sma_20', 'price_to_sma_5', 'price_to_sma_20', 'price_to_sma_60', 'rsi_14', 'roc_10', 'roc_20', 'macd', 'macd_signal', 'macd_hist', 'volatility_5', 'volatility_20', 'volume_sma_20', 'volume_ratio_20', 'target_return_5d']",0.053613886427644766
RFE + Random Forest,25,0.1,300,,sqrt,"['return_1d', 'return_10d', 'return_20d', 'intraday_return', 'high_low_range', 'gap', 'sma_5', 'sma_20', 'sma_60', 'price_to_sma_5', 'price_to_sma_20', 'price_to_sma_60', 'rsi_14', 'roc_10', 'roc_20', 'macd', 'macd_signal', 'macd_hist', 'volatility_5', 'volatility_20', 'atr_14', 'volume_change_1d', 'volume_sma_20', 'volume_ratio_20', 'target_return_5d']",0.053617856435635124
RFE + Random Forest,25,1.0,300,,sqrt,"['return_1d', 'return_10d', 'return_20d', 'intraday_return', 'high_low_range', 'gap', 'sma_5', 'sma_20', 'sma_60', 'price_to_sma_5', 'price_to_sma_20', 'price_to_sma_60', 'rsi_14', 'roc_10', 'roc_20', 'macd', 'macd_signal', 'macd_hist', 'volatility_5', 'volatility_20', 'atr_14', 'volume_change_1d', 'volume_sma_20', 'volume_ratio_20', 'target_return_5d']",0.053617856435635124
RFE + Random Forest,25,2.0,300,,sqrt,"['return_1d', 'return_10d', 'return_20d', 'intraday_return', 'high_low_range', 'gap', 'sma_5', 'sma_20', 'sma_60', 'price_to_sma_5', 'price_to_sma_20', 'price_to_sma_60', 'rsi_14', 'roc_10', 'roc_20', 'macd', 'macd_signal', 'macd_hist', 'volatility_5', 'volatility_20', 'atr_14', 'volume_change_1d', 'volume_sma_20', 'volume_ratio_20', 'target_return_5d']",0.053617856435635124
RFE + Random Forest,25,0.1,300,10.0,sqrt,"['return_1d', 'return_10d', 'return_20d', 'intraday_return', 'high_low_range', 'gap', 'sma_5', 'sma_20', 'sma_60', 'price_to_sma_5', 'price_to_sma_20', 'price_to_sma_60', 'rsi_14', 'roc_10', 'roc_20', 'macd', 'macd_signal', 'macd_hist', 'volatility_5', 'volatility_20', 'atr_14', 'volume_change_1d', 'volume_sma_20', 'volume_ratio_20', 'target_return_5d']",0.05362188160135614
RFE + Random Forest,25,1.0,300,10.0,sqrt,"['return_1d', 'return_10d', 'return_20d', 'intraday_return', 'high_low_range', 'gap', 'sma_5', 'sma_20', 'sma_60', 'price_to_sma_5', 'price_to_sma_20', 'price_to_sma_60', 'rsi_14', 'roc_10', 'roc_20', 'macd', 'macd_signal', 'macd_hist', 'volatility_5', 'volatility_20', 'atr_14', 'volume_change_1d', 'volume_sma_20', 'volume_ratio_20', 'target_return_5d']",0.05362188160135615
RFE + Random Forest,25,2.0,300,10.0,sqrt,"['return_1d', 'return_10d', 'return_20d', 'intraday_return', 'high_low_range', 'gap', 'sma_5', 'sma_20', 'sma_60', 'price_to_sma_5', 'price_to_sma_20', 'price_to_sma_60', 'rsi_14', 'roc_10', 'roc_20', 'macd', 'macd_signal', 'macd_hist', 'volatility_5', 'volatility_20', 'atr_14', 'volume_change_1d', 'volume_sma_20', 'volume_ratio_20', 'target_return_5d']",0.05362188160135615
RFE + Random Forest,20,1.0,100,,log2,"['return_1d', 'return_10d', 'return_20d', 'intraday_return', 'gap', 'sma_20', 'price_to_sma_5', 'price_to_sma_20', 'price_to_sma_60', 'rsi_14', 'roc_10', 'roc_20', 'macd', 'macd_signal', 'macd_hist', 'volatility_5', 'volatility_20', 'volume_sma_20', 'volume_ratio_20', 'target_return_5d']",0.05367678588013734
RFE + Random Forest,20,1.0,100,,sqrt,"['return_1d', 'return_10d', 'return_20d', 'intraday_return', 'gap', 'sma_20', 'price_to_sma_5', 'price_to_sma_20', 'price_to_sma_60', 'rsi_14', 'roc_10', 'roc_20', 'macd', 'macd_signal', 'macd_hist', 'volatility_5', 'volatility_20', 'volume_sma_20', 'volume_ratio_20', 'target_return_5d']",0.05367678588013734
RFE + Random Forest,10,1.0,300,5.0,log2,"['return_10d', 'return_20d', 'price_to_sma_5', 'price_to_sma_20', 'rsi_14', 'roc_10', 'roc_20', 'macd_hist', 'volatility_20', 'volume_ratio_20']",0.05372998080008994
RFE + Random Forest,10,1.0,300,5.0,sqrt,"['return_10d', 'return_20d', 'price_to_sma_5', 'price_to_sma_20', 'rsi_14', 'roc_10', 'roc_20', 'macd_hist', 'volatility_20', 'volume_ratio_20']",0.05372998080008994
RFE + Random Forest,20,1.0,500,,log2,"['return_1d', 'return_10d', 'return_20d', 'intraday_return', 'gap', 'sma_20', 'sma_60', 'price_to_sma_5', 'price_to_sma_20', 'price_to_sma_60', 'rsi_14', 'roc_10', 'roc_20', 'macd', 'macd_signal', 'macd_hist', 'volatility_5', 'volatility_20', 'volume_ratio_20', 'target_return_5d']",0.0537445203479467
RFE + Random Forest,20,1.0,500,,sqrt,"['return_1d', 'return_10d', 'return_20d', 'intraday_return', 'gap', 'sma_20', 'sma_60', 'price_to_sma_5', 'price_to_sma_20', 'price_to_sma_60', 'rsi_14', 'roc_10', 'roc_20', 'macd', 'macd_signal', 'macd_hist', 'volatility_5', 'volatility_20', 'volume_ratio_20', 'target_return_5d']",0.0537445203479467
RFE + Random Forest,20,2.0,300,10.0,sqrt,"['return_1d', 'return_10d', 'return_20d', 'intraday_return', 'gap', 'sma_60', 'price_to_sma_5', 'price_to_sma_20', 'price_to_sma_60', 'rsi_14', 'roc_10', 'roc_20', 'macd', 'macd_signal', 'macd_hist', 'volatility_5', 'volatility_20', 'volume_sma_20', 'volume_ratio_20', 'target_return_5d']",0.05374880266764861
RFE + Random Forest,20,0.1,300,10.0,sqrt,"['return_1d', 'return_10d', 'return_20d', 'intraday_return', 'gap', 'sma_60', 'price_to_sma_5', 'price_to_sma_20', 'price_to_sma_60', 'rsi_14', 'roc_10', 'roc_20', 'macd', 'macd_signal', 'macd_hist', 'volatility_5', 'volatility_20', 'volume_sma_20', 'volume_ratio_20', 'target_return_5d']",0.05374880266764861
RFE + Random Forest,20,2.0,300,,log2,"['return_1d', 'return_10d', 'return_20d', 'intraday_return', 'gap', 'sma_20', 'sma_60', 'price_to_sma_5', 'price_to_sma_20', 'price_to_sma_60', 'rsi_14', 'roc_10', 'roc_20', 'macd', 'macd_signal', 'macd_hist', 'volatility_5', 'volatility_20', 'volume_ratio_20', 'target_return_5d']",0.053752840603571224
RFE + Random Forest,20,0.1,300,,log2,"['return_1d', 'return_10d', 'return_20d', 'intraday_return', 'gap', 'sma_20', 'sma_60', 'price_to_sma_5', 'price_to_sma_20', 'price_to_sma_60', 'rsi_14', 'roc_10', 'roc_20', 'macd', 'macd_signal', 'macd_hist', 'volatility_5', 'volatility_20', 'volume_ratio_20', 'target_return_5d']",0.05375284060357124
RFE + Random Forest,5,1.0,300,5.0,0.5,"['return_10d', 'price_to_sma_5', 'price_to_sma_20', 'rsi_14', 'roc_10']",0.05375849799664145
RFE + Random Forest,5,0.1,300,5.0,log2,"['return_10d', 'price_to_sma_5', 'price_to_sma_20', 'rsi_14', 'roc_10']",0.05375849799664145
RFE + Random Forest,5,2.0,300,5.0,0.5,"['return_10d', 'price_to_sma_5', 'price_to_sma_20', 'rsi_14', 'roc_10']",0.05375849799664145
RFE + Random Forest,5,2.0,300,5.0,log2,"['return_10d', 'price_to_sma_5', 'price_to_sma_20', 'rsi_14', 'roc_10']",0.05375849799664145
RFE + Random Forest,5,0.1,300,5.0,0.5,"['return_10d', 'price_to_sma_5', 'price_to_sma_20', 'rsi_14', 'roc_10']",0.05375849799664145
RFE + Random Forest,5,1.0,300,5.0,sqrt,"['return_10d', 'price_to_sma_5', 'price_to_sma_20', 'rsi_14', 'roc_10']",0.05375849799664145
RFE + Random Forest,5,2.0,300,5.0,sqrt,"['return_10d', 'price_to_sma_5', 'price_to_sma_20', 'rsi_14', 'roc_10']",0.05375849799664145
RFE + Random Forest,5,1.0,300,5.0,log2,"['return_10d', 'price_to_sma_5', 'price_to_sma_20', 'rsi_14', 'roc_10']",0.05375849799664145
RFE + Random Forest,5,0.1,300,5.0,sqrt,"['return_10d', 'price_to_sma_5', 'price_to_sma_20', 'rsi_14', 'roc_10']",0.05375849799664146
RFE + Random Forest,25,1.0,500,10.0,sqrt,"['return_1d', 'return_10d', 'return_20d', 'intraday_return', 'high_low_range', 'gap', 'sma_5', 'sma_20', 'sma_60', 'price_to_sma_5', 'price_to_sma_20', 'price_to_sma_60', 'rsi_14', 'roc_10', 'roc_20', 'macd', 'macd_signal', 'macd_hist', 'volatility_5', 'volatility_20', 'atr_14', 'volume_change_1d', 'volume_sma_20', 'volume_ratio_20', 'target_return_5d']",0.05382825763088894
RFE + Random Forest,25,0.1,500,10.0,sqrt,"['return_1d', 'return_10d', 'return_20d', 'intraday_return', 'high_low_range', 'gap', 'sma_5', 'sma_20', 'sma_60', 'price_to_sma_5', 'price_to_sma_20', 'price_to_sma_60', 'rsi_14', 'roc_10', 'roc_20', 'macd', 'macd_signal', 'macd_hist', 'volatility_5', 'volatility_20', 'atr_14', 'volume_change_1d', 'volume_sma_20', 'volume_ratio_20', 'target_return_5d']",0.05382825763088894
RFE + Random Forest,25,2.0,500,10.0,sqrt,"['return_1d', 'return_10d', 'return_20d', 'intraday_return', 'high_low_range', 'gap', 'sma_5', 'sma_20', 'sma_60', 'price_to_sma_5', 'price_to_sma_20', 'price_to_sma_60', 'rsi_14', 'roc_10', 'roc_20', 'macd', 'macd_signal', 'macd_hist', 'volatility_5', 'volatility_20', 'atr_14', 'volume_change_1d', 'volume_sma_20', 'volume_ratio_20', 'target_return_5d']",0.05382825763088894
RFE + Random Forest,20,2.0,500,10.0,sqrt,"['return_1d', 'return_10d', 'return_20d', 'intraday_return', 'gap', 'sma_60', 'price_to_sma_5', 'price_to_sma_20', 'price_to_sma_60', 'rsi_14', 'roc_10', 'roc_20', 'macd', 'macd_signal', 'macd_hist', 'volatility_5', 'volatility_20', 'atr_14', 'volume_ratio_20', 'target_return_5d']",0.053836211618711785
RFE + Random Forest,20,0.1,500,10.0,sqrt,"['return_1d', 'return_10d', 'return_20d', 'intraday_return', 'gap', 'sma_60', 'price_to_sma_5', 'price_to_sma_20', 'price_to_sma_60', 'rsi_14', 'roc_10', 'roc_20', 'macd', 'macd_signal', 'macd_hist', 'volatility_5', 'volatility_20', 'atr_14', 'volume_ratio_20', 'target_return_5d']",0.053836211618711785
RFE + Random Forest,25,0.1,100,10.0,sqrt,"['return_1d', 'return_10d', 'return_20d', 'intraday_return', 'high_low_range', 'gap', 'sma_5', 'sma_20', 'sma_60', 'price_to_sma_5', 'price_to_sma_20', 'price_to_sma_60', 'rsi_14', 'roc_10', 'roc_20', 'macd', 'macd_signal', 'macd_hist', 'volatility_5', 'volatility_20', 'atr_14', 'volume_change_1d', 'volume_sma_20', 'volume_ratio_20', 'target_return_5d']",0.05386003218398526
RFE + Random Forest,25,2.0,100,10.0,sqrt,"['return_1d', 'return_10d', 'return_20d', 'intraday_return', 'high_low_range', 'gap', 'sma_5', 'sma_20', 'sma_60', 'price_to_sma_5', 'price_to_sma_20', 'price_to_sma_60', 'rsi_14', 'roc_10', 'roc_20', 'macd', 'macd_signal', 'macd_hist', 'volatility_5', 'volatility_20', 'atr_14', 'volume_change_1d', 'volume_sma_20', 'volume_ratio_20', 'target_return_5d']",0.05386003218398527
RFE + Random Forest,25,1.0,100,10.0,sqrt,"['return_1d', 'return_10d', 'return_20d', 'intraday_return', 'high_low_range', 'gap', 'sma_5', 'sma_20', 'sma_60', 'price_to_sma_5', 'price_to_sma_20', 'price_to_sma_60', 'rsi_14', 'roc_10', 'roc_20', 'macd', 'macd_signal', 'macd_hist', 'volatility_5', 'volatility_20', 'atr_14', 'volume_change_1d', 'volume_sma_20', 'volume_ratio_20', 'target_return_5d']",0.05386003218398527
RFE + Random Forest,5,0.1,500,5.0,log2,"['return_10d', 'price_to_sma_5', 'price_to_sma_20', 'rsi_14', 'roc_10']",0.053903011943164915
RFE + Random Forest,5,0.1,500,5.0,0.5,"['return_10d', 'price_to_sma_5', 'price_to_sma_20', 'rsi_14', 'roc_10']",0.053903011943164915
RFE + Random Forest,5,0.1,500,5.0,sqrt,"['return_10d', 'price_to_sma_5', 'price_to_sma_20', 'rsi_14', 'roc_10']",0.053903011943164915
RFE + Random Forest,5,1.0,500,5.0,0.5,"['return_10d', 'price_to_sma_5', 'price_to_sma_20', 'rsi_14', 'roc_10']",0.053903011943164915
RFE + Random Forest,5,2.0,500,5.0,log2,"['return_10d', 'price_to_sma_5', 'price_to_sma_20', 'rsi_14', 'roc_10']",0.053903011943164915
RFE + Random Forest,5,1.0,500,5.0,sqrt,"['return_10d', 'price_to_sma_5', 'price_to_sma_20', 'rsi_14', 'roc_10']",0.053903011943164915
RFE + Random Forest,5,2.0,500,5.0,0.5,"['return_10d', 'price_to_sma_5', 'price_to_sma_20', 'rsi_14', 'roc_10']",0.053903011943164915
RFE + Random Forest,5,2.0,500,5.0,sqrt,"['return_10d', 'price_to_sma_5', 'price_to_sma_20', 'rsi_14', 'roc_10']",0.053903011943164915
RFE + Random Forest,5,1.0,500,5.0,log2,"['return_10d', 'price_to_sma_5', 'price_to_sma_20', 'rsi_14', 'roc_10']",0.053903011943164915
RFE + Random Forest,15,2.0,300,10.0,sqrt,"['return_1d', 'return_10d', 'return_20d', 'price_to_sma_5', 'price_to_sma_20', 'price_to_sma_60', 'rsi_14', 'roc_10', 'roc_20', 'macd', 'macd_signal', 'macd_hist', 'volatility_5', 'volatility_20', 'volume_ratio_20']",0.053925331532751995
RFE + Random Forest,15,1.0,300,10.0,sqrt,"['return_1d', 'return_10d', 'return_20d', 'price_to_sma_5', 'price_to_sma_20', 'price_to_sma_60', 'rsi_14', 'roc_10', 'roc_20', 'macd', 'macd_signal', 'macd_hist', 'volatility_5', 'volatility_20', 'volume_ratio_20']",0.053925331532751995
RFE + Random Forest,15,2.0,300,10.0,log2,"['return_1d', 'return_10d', 'return_20d', 'price_to_sma_5', 'price_to_sma_20', 'price_to_sma_60', 'rsi_14', 'roc_10', 'roc_20', 'macd', 'macd_signal', 'macd_hist', 'volatility_5', 'volatility_20', 'volume_ratio_20']",0.053925331532751995
RFE + Random Forest,15,0.1,300,10.0,sqrt,"['return_1d', 'return_10d', 'return_20d', 'price_to_sma_5', 'price_to_sma_20', 'price_to_sma_60', 'rsi_14', 'roc_10', 'roc_20', 'macd', 'macd_signal', 'macd_hist', 'volatility_5', 'volatility_20', 'volume_ratio_20']",0.053925331532751995
RFE + Random Forest,15,0.1,300,10.0,log2,"['return_1d', 'return_10d', 'return_20d', 'price_to_sma_5', 'price_to_sma_20', 'price_to_sma_60', 'rsi_14', 'roc_10', 'roc_20', 'macd', 'macd_signal', 'macd_hist', 'volatility_5', 'volatility_20', 'volume_ratio_20']",0.053925331532751995
RFE + Random Forest,15,1.0,300,10.0,log2,"['return_1d', 'return_10d', 'return_20d', 'price_to_sma_5', 'price_to_sma_20', 'price_to_sma_60', 'rsi_14', 'roc_10', 'roc_20', 'macd', 'macd_signal', 'macd_hist', 'volatility_5', 'volatility_20', 'volume_ratio_20']",0.053925331532751995
RFE + Random Forest,15,2.0,500,10.0,log2,"['return_1d', 'return_10d', 'return_20d', 'price_to_sma_5', 'price_to_sma_20', 'price_to_sma_60', 'rsi_14', 'roc_10', 'roc_20', 'macd', 'macd_signal', 'macd_hist', 'volatility_5', 'volatility_20', 'volume_ratio_20']",0.05393815944841546
RFE + Random Forest,15,2.0,500,10.0,sqrt,"['return_1d', 'return_10d', 'return_20d', 'price_to_sma_5', 'price_to_sma_20', 'price_to_sma_60', 'rsi_14', 'roc_10', 'roc_20', 'macd', 'macd_signal', 'macd_hist', 'volatility_5', 'volatility_20', 'volume_ratio_20']",0.05393815944841546
RFE + Random Forest,15,1.0,500,10.0,sqrt,"['return_1d', 'return_10d', 'return_20d', 'price_to_sma_5', 'price_to_sma_20', 'price_to_sma_60', 'rsi_14', 'roc_10', 'roc_20', 'macd', 'macd_signal', 'macd_hist', 'volatility_5', 'volatility_20', 'volume_ratio_20']",0.05393815944841546
RFE + Random Forest,15,0.1,500,10.0,log2,"['return_1d', 'return_10d', 'return_20d', 'price_to_sma_5', 'price_to_sma_20', 'price_to_sma_60', 'rsi_14', 'roc_10', 'roc_20', 'macd', 'macd_signal', 'macd_hist', 'volatility_5', 'volatility_20', 'volume_ratio_20']",0.05393815944841546
RFE + Random Forest,15,0.1,500,10.0,sqrt,"['return_1d', 'return_10d', 'return_20d', 'price_to_sma_5', 'price_to_sma_20', 'price_to_sma_60', 'rsi_14', 'roc_10', 'roc_20', 'macd', 'macd_signal', 'macd_hist', 'volatility_5', 'volatility_20', 'volume_ratio_20']",0.05393815944841546
RFE + Random Forest,15,1.0,500,10.0,log2,"['return_1d', 'return_10d', 'return_20d', 'price_to_sma_5', 'price_to_sma_20', 'price_to_sma_60', 'rsi_14', 'roc_10', 'roc_20', 'macd', 'macd_signal', 'macd_hist', 'volatility_5', 'volatility_20', 'volume_ratio_20']",0.05393815944841546
RFE + Random Forest,15,0.1,100,10.0,sqrt,"['return_1d', 'return_10d', 'return_20d', 'price_to_sma_5', 'price_to_sma_20', 'price_to_sma_60', 'rsi_14', 'roc_10', 'roc_20', 'macd', 'macd_signal', 'macd_hist', 'volatility_5', 'volatility_20', 'volume_ratio_20']",0.05400843808012537
RFE + Random Forest,15,1.0,100,10.0,log2,"['return_1d', 'return_10d', 'return_20d', 'price_to_sma_5', 'price_to_sma_20', 'price_to_sma_60', 'rsi_14', 'roc_10', 'roc_20', 'macd', 'macd_signal', 'macd_hist', 'volatility_5', 'volatility_20', 'volume_ratio_20']",0.05400843808012537
RFE + Random Forest,15,1.0,100,10.0,sqrt,"['return_1d', 'return_10d', 'return_20d', 'price_to_sma_5', 'price_to_sma_20', 'price_to_sma_60', 'rsi_14', 'roc_10', 'roc_20', 'macd', 'macd_signal', 'macd_hist', 'volatility_5', 'volatility_20', 'volume_ratio_20']",0.05400843808012537
RFE + Random Forest,15,0.1,100,10.0,log2,"['return_1d', 'return_10d', 'return_20d', 'price_to_sma_5', 'price_to_sma_20', 'price_to_sma_60', 'rsi_14', 'roc_10', 'roc_20', 'macd', 'macd_signal', 'macd_hist', 'volatility_5', 'volatility_20', 'volume_ratio_20']",0.05400843808012537
RFE + Random Forest,15,2.0,100,10.0,log2,"['return_1d', 'return_10d', 'return_20d', 'price_to_sma_5', 'price_to_sma_20', 'price_to_sma_60', 'rsi_14', 'roc_10', 'roc_20', 'macd', 'macd_signal', 'macd_hist', 'volatility_5', 'volatility_20', 'volume_ratio_20']",0.05400843808012537
RFE + Random Forest,15,2.0,100,10.0,sqrt,"['return_1d', 'return_10d', 'return_20d', 'price_to_sma_5', 'price_to_sma_20', 'price_to_sma_60', 'rsi_14', 'roc_10', 'roc_20', 'macd', 'macd_signal', 'macd_hist', 'volatility_5', 'volatility_20', 'volume_ratio_20']",0.05400843808012537
RFE + Random Forest,25,2.0,100,,sqrt,"['return_1d', 'return_10d', 'return_20d', 'intraday_return', 'high_low_range', 'gap', 'sma_5', 'sma_20', 'sma_60', 'price_to_sma_5', 'price_to_sma_20', 'price_to_sma_60', 'rsi_14', 'roc_10', 'roc_20', 'macd', 'macd_signal', 'macd_hist', 'volatility_5', 'volatility_20', 'atr_14', 'volume_change_1d', 'volume_sma_20', 'volume_ratio_20', 'target_return_5d']",0.054041414622089105
RFE + Random Forest,25,1.0,100,,sqrt,"['return_1d', 'return_10d', 'return_20d', 'intraday_return', 'high_low_range', 'gap', 'sma_5', 'sma_20', 'sma_60', 'price_to_sma_5', 'price_to_sma_20', 'price_to_sma_60', 'rsi_14', 'roc_10', 'roc_20', 'macd', 'macd_signal', 'macd_hist', 'volatility_5', 'volatility_20', 'atr_14', 'volume_change_1d', 'volume_sma_20', 'volume_ratio_20', 'target_return_5d']",0.054041414622089105
RFE + Random Forest,25,0.1,100,,sqrt,"['return_1d', 'return_10d', 'return_20d', 'intraday_return', 'high_low_range', 'gap', 'sma_5', 'sma_20', 'sma_60', 'price_to_sma_5', 'price_to_sma_20', 'price_to_sma_60', 'rsi_14', 'roc_10', 'roc_20', 'macd', 'macd_signal', 'macd_hist', 'volatility_5', 'volatility_20', 'atr_14', 'volume_change_1d', 'volume_sma_20', 'volume_ratio_20', 'target_return_5d']",0.054041414622089105
RFE + Random Forest,20,2.0,100,,sqrt,"['return_1d', 'return_10d', 'return_20d', 'intraday_return', 'gap', 'sma_60', 'price_to_sma_5', 'price_to_sma_20', 'price_to_sma_60', 'rsi_14', 'roc_10', 'roc_20', 'macd', 'macd_signal', 'macd_hist', 'volatility_5', 'volatility_20', 'volume_sma_20', 'volume_ratio_20', 'target_return_5d']",0.05411503879456696
RFE + Random Forest,20,0.1,100,,sqrt,"['return_1d', 'return_10d', 'return_20d', 'intraday_return', 'gap', 'sma_60', 'price_to_sma_5', 'price_to_sma_20', 'price_to_sma_60', 'rsi_14', 'roc_10', 'roc_20', 'macd', 'macd_signal', 'macd_hist', 'volatility_5', 'volatility_20', 'volume_sma_20', 'volume_ratio_20', 'target_return_5d']",0.05411503879456696
RFE + Random Forest,20,0.1,100,,log2,"['return_1d', 'return_10d', 'return_20d', 'intraday_return', 'gap', 'sma_20', 'sma_60', 'price_to_sma_5', 'price_to_sma_20', 'price_to_sma_60', 'rsi_14', 'roc_10', 'roc_20', 'macd', 'macd_signal', 'macd_hist', 'volatility_5', 'volatility_20', 'volume_ratio_20', 'target_return_5d']",0.054123907611351475
RFE + Random Forest,20,2.0,100,,log2,"['return_1d', 'return_10d', 'return_20d', 'intraday_return', 'gap', 'sma_20', 'sma_60', 'price_to_sma_5', 'price_to_sma_20', 'price_to_sma_60', 'rsi_14', 'roc_10', 'roc_20', 'macd', 'macd_signal', 'macd_hist', 'volatility_5', 'volatility_20', 'volume_ratio_20', 'target_return_5d']",0.05412390761135148
RFE + Random Forest,10,1.0,100,5.0,log2,"['return_10d', 'return_20d', 'price_to_sma_5', 'price_to_sma_20', 'rsi_14', 'roc_10', 'roc_20', 'macd_hist', 'volatility_20', 'volume_ratio_20']",0.054174277515976914
RFE + Random Forest,10,1.0,100,5.0,sqrt,"['return_10d', 'return_20d', 'price_to_sma_5', 'price_to_sma_20', 'rsi_14', 'roc_10', 'roc_20', 'macd_hist', 'volatility_20', 'volume_ratio_20']",0.054174277515976914
RFE + Random Forest,10,1.0,500,5.0,log2,"['return_1d', 'return_10d', 'return_20d', 'price_to_sma_5', 'price_to_sma_20', 'rsi_14', 'roc_10', 'roc_20', 'macd_hist', 'volume_ratio_20']",0.0542427305980587
RFE + Random Forest,10,2.0,500,5.0,sqrt,"['return_1d', 'return_10d', 'return_20d', 'price_to_sma_5', 'price_to_sma_20', 'rsi_14', 'roc_10', 'roc_20', 'macd_hist', 'volume_ratio_20']",0.0542427305980587
RFE + Random Forest,10,0.1,500,5.0,sqrt,"['return_1d', 'return_10d', 'return_20d', 'price_to_sma_5', 'price_to_sma_20', 'rsi_14', 'roc_10', 'roc_20', 'macd_hist', 'volume_ratio_20']",0.0542427305980587
RFE + Random Forest,10,0.1,500,5.0,log2,"['return_1d', 'return_10d', 'return_20d', 'price_to_sma_5', 'price_to_sma_20', 'rsi_14', 'roc_10', 'roc_20', 'macd_hist', 'volume_ratio_20']",0.0542427305980587
RFE + Random Forest,10,1.0,500,5.0,sqrt,"['return_1d', 'return_10d', 'return_20d', 'price_to_sma_5', 'price_to_sma_20', 'rsi_14', 'roc_10', 'roc_20', 'macd_hist', 'volume_ratio_20']",0.0542427305980587
RFE + Random Forest,10,2.0,500,5.0,log2,"['return_1d', 'return_10d', 'return_20d', 'price_to_sma_5', 'price_to_sma_20', 'rsi_14', 'roc_10', 'roc_20', 'macd_hist', 'volume_ratio_20']",0.0542427305980587
RFE + Random Forest,10,2.0,300,5.0,log2,"['return_1d', 'return_10d', 'return_20d', 'price_to_sma_5', 'price_to_sma_20', 'rsi_14', 'roc_10', 'roc_20', 'macd_hist', 'volatility_5']",0.054466348069875756
RFE + Random Forest,10,0.1,300,5.0,log2,"['return_1d', 'return_10d', 'return_20d', 'price_to_sma_5', 'price_to_sma_20', 'rsi_14', 'roc_10', 'roc_20', 'macd_hist', 'volatility_5']",0.054466348069875756
RFE + Random Forest,10,0.1,300,5.0,sqrt,"['return_1d', 'return_10d', 'return_20d', 'price_to_sma_5', 'price_to_sma_20', 'rsi_14', 'roc_10', 'roc_20', 'macd_hist', 'volatility_5']",0.054466348069875756
RFE + Random Forest,10,2.0,300,5.0,sqrt,"['return_1d', 'return_10d', 'return_20d', 'price_to_sma_5', 'price_to_sma_20', 'rsi_14', 'roc_10', 'roc_20', 'macd_hist', 'volatility_5']",0.054466348069875756
RFE + Random Forest,25,1.0,500,,log2,"['return_1d', 'return_10d', 'return_20d', 'intraday_return', 'high_low_range', 'gap', 'sma_5', 'sma_20', 'sma_60', 'price_to_sma_5', 'price_to_sma_20', 'price_to_sma_60', 'rsi_14', 'roc_10', 'roc_20', 'macd', 'macd_signal', 'macd_hist', 'volatility_5', 'volatility_20', 'atr_14', 'volume_change_1d', 'volume_sma_20', 'volume_ratio_20', 'target_return_5d']",0.05459971996969057
RFE + Random Forest,25,0.1,500,,log2,"['return_1d', 'return_10d', 'return_20d', 'intraday_return', 'high_low_range', 'gap', 'sma_5', 'sma_20', 'sma_60', 'price_to_sma_5', 'price_to_sma_20', 'price_to_sma_60', 'rsi_14', 'roc_10', 'roc_20', 'macd', 'macd_signal', 'macd_hist', 'volatility_5', 'volatility_20', 'atr_14', 'volume_change_1d', 'volume_sma_20', 'volume_ratio_20', 'target_return_5d']",0.05459971996969057
RFE + Random Forest,25,2.0,500,,log2,"['return_1d', 'return_10d', 'return_20d', 'intraday_return', 'high_low_range', 'gap', 'sma_5', 'sma_20', 'sma_60', 'price_to_sma_5', 'price_to_sma_20', 'price_to_sma_60', 'rsi_14', 'roc_10', 'roc_20', 'macd', 'macd_signal', 'macd_hist', 'volatility_5', 'volatility_20', 'atr_14', 'volume_change_1d', 'volume_sma_20', 'volume_ratio_20', 'target_return_5d']",0.05459971996969057
RFE + Random Forest,25,2.0,100,10.0,log2,"['return_1d', 'return_10d', 'return_20d', 'intraday_return', 'high_low_range', 'gap', 'sma_5', 'sma_20', 'sma_60', 'price_to_sma_5', 'price_to_sma_20', 'price_to_sma_60', 'rsi_14', 'roc_10', 'roc_20', 'macd', 'macd_signal', 'macd_hist', 'volatility_5', 'volatility_20', 'atr_14', 'volume_change_1d', 'volume_sma_20', 'volume_ratio_20', 'target_return_5d']",0.05467118742009477
RFE + Random Forest,25,0.1,100,10.0,log2,"['return_1d', 'return_10d', 'return_20d', 'intraday_return', 'high_low_range', 'gap', 'sma_5', 'sma_20', 'sma_60', 'price_to_sma_5', 'price_to_sma_20', 'price_to_sma_60', 'rsi_14', 'roc_10', 'roc_20', 'macd', 'macd_signal', 'macd_hist', 'volatility_5', 'volatility_20', 'atr_14', 'volume_change_1d', 'volume_sma_20', 'volume_ratio_20', 'target_return_5d']",0.054671187420094775
RFE + Random Forest,25,1.0,100,10.0,log2,"['return_1d', 'return_10d', 'return_20d', 'intraday_return', 'high_low_range', 'gap', 'sma_5', 'sma_20', 'sma_60', 'price_to_sma_5', 'price_to_sma_20', 'price_to_sma_60', 'rsi_14', 'roc_10', 'roc_20', 'macd', 'macd_signal', 'macd_hist', 'volatility_5', 'volatility_20', 'atr_14', 'volume_change_1d', 'volume_sma_20', 'volume_ratio_20', 'target_return_5d']",0.054671187420094775
RFE + Random Forest,25,2.0,300,,log2,"['return_1d', 'return_10d', 'return_20d', 'intraday_return', 'high_low_range', 'gap', 'sma_5', 'sma_20', 'sma_60', 'price_to_sma_5', 'price_to_sma_20', 'price_to_sma_60', 'rsi_14', 'roc_10', 'roc_20', 'macd', 'macd_signal', 'macd_hist', 'volatility_5', 'volatility_20', 'atr_14', 'volume_change_1d', 'volume_sma_20', 'volume_ratio_20', 'target_return_5d']",0.0547574599299714
RFE + Random Forest,25,0.1,300,,log2,"['return_1d', 'return_10d', 'return_20d', 'intraday_return', 'high_low_range', 'gap', 'sma_5', 'sma_20', 'sma_60', 'price_to_sma_5', 'price_to_sma_20', 'price_to_sma_60', 'rsi_14', 'roc_10', 'roc_20', 'macd', 'macd_signal', 'macd_hist', 'volatility_5', 'volatility_20', 'atr_14', 'volume_change_1d', 'volume_sma_20', 'volume_ratio_20', 'target_return_5d']",0.0547574599299714
RFE + Random Forest,25,1.0,300,,log2,"['return_1d', 'return_10d', 'return_20d', 'intraday_return', 'high_low_range', 'gap', 'sma_5', 'sma_20', 'sma_60', 'price_to_sma_5', 'price_to_sma_20', 'price_to_sma_60', 'rsi_14', 'roc_10', 'roc_20', 'macd', 'macd_signal', 'macd_hist', 'volatility_5', 'volatility_20', 'atr_14', 'volume_change_1d', 'volume_sma_20', 'volume_ratio_20', 'target_return_5d']",0.0547574599299714
RFE + Random Forest,10,2.0,100,5.0,sqrt,"['return_10d', 'return_20d', 'price_to_sma_5', 'price_to_sma_20', 'rsi_14', 'roc_10', 'roc_20', 'macd_hist', 'volatility_5', 'volume_ratio_20']",0.0548469666020956
RFE + Random Forest,10,0.1,100,5.0,log2,"['return_10d', 'return_20d', 'price_to_sma_5', 'price_to_sma_20', 'rsi_14', 'roc_10', 'roc_20', 'macd_hist', 'volatility_5', 'volume_ratio_20']",0.0548469666020956
RFE + Random Forest,10,2.0,100,5.0,log2,"['return_10d', 'return_20d', 'price_to_sma_5', 'price_to_sma_20', 'rsi_14', 'roc_10', 'roc_20', 'macd_hist', 'volatility_5', 'volume_ratio_20']",0.054846966602095606
RFE + Random Forest,10,0.1,100,5.0,sqrt,"['return_10d', 'return_20d', 'price_to_sma_5', 'price_to_sma_20', 'rsi_14', 'roc_10', 'roc_20', 'macd_hist', 'volatility_5', 'volume_ratio_20']",0.054846966602095606
RFE + Random Forest,25,1.0,300,10.0,log2,"['return_1d', 'return_10d', 'return_20d', 'intraday_return', 'high_low_range', 'gap', 'sma_5', 'sma_20', 'sma_60', 'price_to_sma_5', 'price_to_sma_20', 'price_to_sma_60', 'rsi_14', 'roc_10', 'roc_20', 'macd', 'macd_signal', 'macd_hist', 'volatility_5', 'volatility_20', 'atr_14', 'volume_change_1d', 'volume_sma_20', 'volume_ratio_20', 'target_return_5d']",0.055036395755145885
RFE + Random Forest,25,0.1,300,10.0,log2,"['return_1d', 'return_10d', 'return_20d', 'intraday_return', 'high_low_range', 'gap', 'sma_5', 'sma_20', 'sma_60', 'price_to_sma_5', 'price_to_sma_20', 'price_to_sma_60', 'rsi_14', 'roc_10', 'roc_20', 'macd', 'macd_signal', 'macd_hist', 'volatility_5', 'volatility_20', 'atr_14', 'volume_change_1d', 'volume_sma_20', 'volume_ratio_20', 'target_return_5d']",0.055036395755145885
RFE + Random Forest,25,2.0,300,10.0,log2,"['return_1d', 'return_10d', 'return_20d', 'intraday_return', 'high_low_range', 'gap', 'sma_5', 'sma_20', 'sma_60', 'price_to_sma_5', 'price_to_sma_20', 'price_to_sma_60', 'rsi_14', 'roc_10', 'roc_20', 'macd', 'macd_signal', 'macd_hist', 'volatility_5', 'volatility_20', 'atr_14', 'volume_change_1d', 'volume_sma_20', 'volume_ratio_20', 'target_return_5d']",0.055036395755145885
RFE + Random Forest,25,2.0,500,10.0,log2,"['return_1d', 'return_10d', 'return_20d', 'intraday_return', 'high_low_range', 'gap', 'sma_5', 'sma_20', 'sma_60', 'price_to_sma_5', 'price_to_sma_20', 'price_to_sma_60', 'rsi_14', 'roc_10', 'roc_20', 'macd', 'macd_signal', 'macd_hist', 'volatility_5', 'volatility_20', 'atr_14', 'volume_change_1d', 'volume_sma_20', 'volume_ratio_20', 'target_return_5d']",0.05505073986817568
RFE + Random Forest,25,1.0,500,10.0,log2,"['return_1d', 'return_10d', 'return_20d', 'intraday_return', 'high_low_range', 'gap', 'sma_5', 'sma_20', 'sma_60', 'price_to_sma_5', 'price_to_sma_20', 'price_to_sma_60', 'rsi_14', 'roc_10', 'roc_20', 'macd', 'macd_signal', 'macd_hist', 'volatility_5', 'volatility_20', 'atr_14', 'volume_change_1d', 'volume_sma_20', 'volume_ratio_20', 'target_return_5d']",0.05505073986817568
RFE + Random Forest,25,0.1,500,10.0,log2,"['return_1d', 'return_10d', 'return_20d', 'intraday_return', 'high_low_range', 'gap', 'sma_5', 'sma_20', 'sma_60', 'price_to_sma_5', 'price_to_sma_20', 'price_to_sma_60', 'rsi_14', 'roc_10', 'roc_20', 'macd', 'macd_signal', 'macd_hist', 'volatility_5', 'volatility_20', 'atr_14', 'volume_change_1d', 'volume_sma_20', 'volume_ratio_20', 'target_return_5d']",0.05505073986817568
RFE + Random Forest,25,0.1,100,,log2,"['return_1d', 'return_10d', 'return_20d', 'intraday_return', 'high_low_range', 'gap', 'sma_5', 'sma_20', 'sma_60', 'price_to_sma_5', 'price_to_sma_20', 'price_to_sma_60', 'rsi_14', 'roc_10', 'roc_20', 'macd', 'macd_signal', 'macd_hist', 'volatility_5', 'volatility_20', 'atr_14', 'volume_change_1d', 'volume_sma_20', 'volume_ratio_20', 'target_return_5d']",0.05528248153964732
RFE + Random Forest,25,1.0,100,,log2,"['return_1d', 'return_10d', 'return_20d', 'intraday_return', 'high_low_range', 'gap', 'sma_5', 'sma_20', 'sma_60', 'price_to_sma_5', 'price_to_sma_20', 'price_to_sma_60', 'rsi_14', 'roc_10', 'roc_20', 'macd', 'macd_signal', 'macd_hist', 'volatility_5', 'volatility_20', 'atr_14', 'volume_change_1d', 'volume_sma_20', 'volume_ratio_20', 'target_return_5d']",0.05528248153964732
RFE + Random Forest,25,2.0,100,,log2,"['return_1d', 'return_10d', 'return_20d', 'intraday_return', 'high_low_range', 'gap', 'sma_5', 'sma_20', 'sma_60', 'price_to_sma_5', 'price_to_sma_20', 'price_to_sma_60', 'rsi_14', 'roc_10', 'roc_20', 'macd', 'macd_signal', 'macd_hist', 'volatility_5', 'volatility_20', 'atr_14', 'volume_change_1d', 'volume_sma_20', 'volume_ratio_20', 'target_return_5d']",0.05528248153964732
RFE + Random Forest,20,1.0,100,5.0,log2,"['return_1d', 'return_10d', 'return_20d', 'intraday_return', 'gap', 'sma_60', 'price_to_sma_5', 'price_to_sma_20', 'price_to_sma_60', 'rsi_14', 'roc_10', 'roc_20', 'macd', 'macd_signal', 'macd_hist', 'volatility_5', 'volatility_20', 'atr_14', 'volume_ratio_20', 'target_return_5d']",0.05565984022095133
RFE + Random Forest,20,1.0,100,5.0,sqrt,"['return_1d', 'return_10d', 'return_20d', 'intraday_return', 'gap', 'sma_60', 'price_to_sma_5', 'price_to_sma_20', 'price_to_sma_60', 'rsi_14', 'roc_10', 'roc_20', 'macd', 'macd_signal', 'macd_hist', 'volatility_5', 'volatility_20', 'atr_14', 'volume_ratio_20', 'target_return_5d']",0.055659840220951336
RFE + Random Forest,20,2.0,100,5.0,sqrt,"['return_1d', 'return_10d', 'return_20d', 'intraday_return', 'gap', 'sma_20', 'price_to_sma_5', 'price_to_sma_20', 'price_to_sma_60', 'rsi_14', 'roc_10', 'roc_20', 'macd', 'macd_signal', 'macd_hist', 'volatility_5', 'volatility_20', 'atr_14', 'volume_ratio_20', 'target_return_5d']",0.05570367305137624
RFE + Random Forest,20,0.1,100,5.0,sqrt,"['return_1d', 'return_10d', 'return_20d', 'intraday_return', 'gap', 'sma_20', 'price_to_sma_5', 'price_to_sma_20', 'price_to_sma_60', 'rsi_14', 'roc_10', 'roc_20', 'macd', 'macd_signal', 'macd_hist', 'volatility_5', 'volatility_20', 'atr_14', 'volume_ratio_20', 'target_return_5d']",0.05570367305137624
RFE + Random Forest,20,0.1,100,5.0,log2,"['return_1d', 'return_10d', 'return_20d', 'high_low_range', 'gap', 'sma_5', 'sma_60', 'price_to_sma_5', 'price_to_sma_20', 'price_to_sma_60', 'rsi_14', 'roc_10', 'roc_20', 'macd', 'macd_signal', 'macd_hist', 'volatility_5', 'volatility_20', 'volume_ratio_20', 'target_return_5d']",0.0557592424435758
RFE + Random Forest,20,2.0,100,5.0,log2,"['return_1d', 'return_10d', 'return_20d', 'high_low_range', 'gap', 'sma_5', 'sma_60', 'price_to_sma_5', 'price_to_sma_20', 'price_to_sma_60', 'rsi_14', 'roc_10', 'roc_20', 'macd', 'macd_signal', 'macd_hist', 'volatility_5', 'volatility_20', 'volume_ratio_20', 'target_return_5d']",0.0557592424435758
RFE + Random Forest,20,0.1,500,5.0,sqrt,"['return_1d', 'return_10d', 'return_20d', 'intraday_return', 'high_low_range', 'gap', 'sma_5', 'price_to_sma_5', 'price_to_sma_20', 'price_to_sma_60', 'rsi_14', 'roc_10', 'roc_20', 'macd', 'macd_signal', 'macd_hist', 'volatility_5', 'volatility_20', 'volume_ratio_20', 'target_return_5d']",0.05578668886154409
RFE + Random Forest,20,0.1,500,5.0,log2,"['return_1d', 'return_10d', 'return_20d', 'intraday_return', 'high_low_range', 'gap', 'sma_5', 'price_to_sma_5', 'price_to_sma_20', 'price_to_sma_60', 'rsi_14', 'roc_10', 'roc_20', 'macd', 'macd_signal', 'macd_hist', 'volatility_5', 'volatility_20', 'volume_ratio_20', 'target_return_5d']",0.05578668886154409
RFE + Random Forest,20,2.0,500,5.0,log2,"['return_1d', 'return_10d', 'return_20d', 'intraday_return', 'high_low_range', 'gap', 'sma_5', 'price_to_sma_5', 'price_to_sma_20', 'price_to_sma_60', 'rsi_14', 'roc_10', 'roc_20', 'macd', 'macd_signal', 'macd_hist', 'volatility_5', 'volatility_20', 'volume_ratio_20', 'target_return_5d']",0.05578668886154409
RFE + Random Forest,20,2.0,500,5.0,sqrt,"['return_1d', 'return_10d', 'return_20d', 'intraday_return', 'high_low_range', 'gap', 'sma_5', 'price_to_sma_5', 'price_to_sma_20', 'price_to_sma_60', 'rsi_14', 'roc_10', 'roc_20', 'macd', 'macd_signal', 'macd_hist', 'volatility_5', 'volatility_20', 'volume_ratio_20', 'target_return_5d']",0.05578668886154409
RFE + Random Forest,20,2.0,300,5.0,log2,"['return_1d', 'return_10d', 'return_20d', 'intraday_return', 'high_low_range', 'gap', 'sma_5', 'price_to_sma_5', 'price_to_sma_20', 'price_to_sma_60', 'rsi_14', 'roc_10', 'roc_20', 'macd', 'macd_signal', 'macd_hist', 'volatility_5', 'volatility_20', 'volume_ratio_20', 'target_return_5d']",0.0558589675155138
RFE + Random Forest,20,0.1,300,5.0,log2,"['return_1d', 'return_10d', 'return_20d', 'intraday_return', 'high_low_range', 'gap', 'sma_5', 'price_to_sma_5', 'price_to_sma_20', 'price_to_sma_60', 'rsi_14', 'roc_10', 'roc_20', 'macd', 'macd_signal', 'macd_hist', 'volatility_5', 'volatility_20', 'volume_ratio_20', 'target_return_5d']",0.0558589675155138
RFE + Random Forest,20,0.1,300,5.0,sqrt,"['return_1d', 'return_10d', 'return_20d', 'intraday_return', 'high_low_range', 'gap', 'sma_5', 'price_to_sma_5', 'price_to_sma_20', 'price_to_sma_60', 'rsi_14', 'roc_10', 'roc_20', 'macd', 'macd_signal', 'macd_hist', 'volatility_5', 'volatility_20', 'volume_ratio_20', 'target_return_5d']",0.0558589675155138
RFE + Random Forest,20,1.0,300,5.0,log2,"['return_1d', 'return_10d', 'return_20d', 'intraday_return', 'high_low_range', 'gap', 'sma_5', 'price_to_sma_5', 'price_to_sma_20', 'price_to_sma_60', 'rsi_14', 'roc_10', 'roc_20', 'macd', 'macd_signal', 'macd_hist', 'volatility_5', 'volatility_20', 'volume_ratio_20', 'target_return_5d']",0.0558589675155138
RFE + Random Forest,20,1.0,300,5.0,sqrt,"['return_1d', 'return_10d', 'return_20d', 'intraday_return', 'high_low_range', 'gap', 'sma_5', 'price_to_sma_5', 'price_to_sma_20', 'price_to_sma_60', 'rsi_14', 'roc_10', 'roc_20', 'macd', 'macd_signal', 'macd_hist', 'volatility_5', 'volatility_20', 'volume_ratio_20', 'target_return_5d']",0.0558589675155138
RFE + Random Forest,20,2.0,300,5.0,sqrt,"['return_1d', 'return_10d', 'return_20d', 'intraday_return', 'high_low_range', 'gap', 'sma_5', 'price_to_sma_5', 'price_to_sma_20', 'price_to_sma_60', 'rsi_14', 'roc_10', 'roc_20', 'macd', 'macd_signal', 'macd_hist', 'volatility_5', 'volatility_20', 'volume_ratio_20', 'target_return_5d']",0.0558589675155138
RFE + Random Forest,25,0.1,300,5.0,sqrt,"['return_1d', 'return_10d', 'return_20d', 'intraday_return', 'high_low_range', 'gap', 'sma_5', 'sma_20', 'sma_60', 'price_to_sma_5', 'price_to_sma_20', 'price_to_sma_60', 'rsi_14', 'roc_10', 'roc_20', 'macd', 'macd_signal', 'macd_hist', 'volatility_5', 'volatility_20', 'atr_14', 'volume_change_1d', 'volume_sma_20', 'volume_ratio_20', 'target_return_5d']",0.05594052772862743
RFE + Random Forest,25,1.0,300,5.0,sqrt,"['return_1d', 'return_10d', 'return_20d', 'intraday_return', 'high_low_range', 'gap', 'sma_5', 'sma_20', 'sma_60', 'price_to_sma_5', 'price_to_sma_20', 'price_to_sma_60', 'rsi_14', 'roc_10', 'roc_20', 'macd', 'macd_signal', 'macd_hist', 'volatility_5', 'volatility_20', 'atr_14', 'volume_change_1d', 'volume_sma_20', 'volume_ratio_20', 'target_return_5d']",0.05594052772862744
RFE + Random Forest,25,2.0,300,5.0,sqrt,"['return_1d', 'return_10d', 'return_20d', 'intraday_return', 'high_low_range', 'gap', 'sma_5', 'sma_20', 'sma_60', 'price_to_sma_5', 'price_to_sma_20', 'price_to_sma_60', 'rsi_14', 'roc_10', 'roc_20', 'macd', 'macd_signal', 'macd_hist', 'volatility_5', 'volatility_20', 'atr_14', 'volume_change_1d', 'volume_sma_20', 'volume_ratio_20', 'target_return_5d']",0.05594052772862744
RFE + Random Forest,25,2.0,500,5.0,sqrt,"['return_1d', 'return_10d', 'return_20d', 'intraday_return', 'high_low_range', 'gap', 'sma_5', 'sma_20', 'sma_60', 'price_to_sma_5', 'price_to_sma_20', 'price_to_sma_60', 'rsi_14', 'roc_10', 'roc_20', 'macd', 'macd_signal', 'macd_hist', 'volatility_5', 'volatility_20', 'atr_14', 'volume_change_1d', 'volume_sma_20', 'volume_ratio_20', 'target_return_5d']",0.055940780530644586
RFE + Random Forest,25,1.0,500,5.0,sqrt,"['return_1d', 'return_10d', 'return_20d', 'intraday_return', 'high_low_range', 'gap', 'sma_5', 'sma_20', 'sma_60', 'price_to_sma_5', 'price_to_sma_20', 'price_to_sma_60', 'rsi_14', 'roc_10', 'roc_20', 'macd', 'macd_signal', 'macd_hist', 'volatility_5', 'volatility_20', 'atr_14', 'volume_change_1d', 'volume_sma_20', 'volume_ratio_20', 'target_return_5d']",0.055940780530644586
RFE + Random Forest,25,0.1,500,5.0,sqrt,"['return_1d', 'return_10d', 'return_20d', 'intraday_return', 'high_low_range', 'gap', 'sma_5', 'sma_20', 'sma_60', 'price_to_sma_5', 'price_to_sma_20', 'price_to_sma_60', 'rsi_14', 'roc_10', 'roc_20', 'macd', 'macd_signal', 'macd_hist', 'volatility_5', 'volatility_20', 'atr_14', 'volume_change_1d', 'volume_sma_20', 'volume_ratio_20', 'target_return_5d']",0.055940780530644586
RFE + Random Forest,20,1.0,500,5.0,sqrt,"['return_1d', 'return_10d', 'return_20d', 'intraday_return', 'gap', 'sma_60', 'price_to_sma_5', 'price_to_sma_20', 'price_to_sma_60', 'rsi_14', 'roc_10', 'roc_20', 'macd', 'macd_signal', 'macd_hist', 'volatility_5', 'volatility_20', 'atr_14', 'volume_ratio_20', 'target_return_5d']",0.05613321678468102
RFE + Random Forest,20,1.0,500,5.0,log2,"['return_1d', 'return_10d', 'return_20d', 'intraday_return', 'gap', 'sma_60', 'price_to_sma_5', 'price_to_sma_20', 'price_to_sma_60', 'rsi_14', 'roc_10', 'roc_20', 'macd', 'macd_signal', 'macd_hist', 'volatility_5', 'volatility_20', 'atr_14', 'volume_ratio_20', 'target_return_5d']",0.05613321678468102
RFE + Random Forest,25,1.0,100,5.0,sqrt,"['return_1d', 'return_10d', 'return_20d', 'intraday_return', 'high_low_range', 'gap', 'sma_5', 'sma_20', 'sma_60', 'price_to_sma_5', 'price_to_sma_20', 'price_to_sma_60', 'rsi_14', 'roc_10', 'roc_20', 'macd', 'macd_signal', 'macd_hist', 'volatility_5', 'volatility_20', 'atr_14', 'volume_change_1d', 'volume_sma_20', 'volume_ratio_20', 'target_return_5d']",0.056521093790222666
RFE + Random Forest,25,2.0,100,5.0,sqrt,"['return_1d', 'return_10d', 'return_20d', 'intraday_return', 'high_low_range', 'gap', 'sma_5', 'sma_20', 'sma_60', 'price_to_sma_5', 'price_to_sma_20', 'price_to_sma_60', 'rsi_14', 'roc_10', 'roc_20', 'macd', 'macd_signal', 'macd_hist', 'volatility_5', 'volatility_20', 'atr_14', 'volume_change_1d', 'volume_sma_20', 'volume_ratio_20', 'target_return_5d']",0.056521093790222666
RFE + Random Forest,25,0.1,100,5.0,sqrt,"['return_1d', 'return_10d', 'return_20d', 'intraday_return', 'high_low_range', 'gap', 'sma_5', 'sma_20', 'sma_60', 'price_to_sma_5', 'price_to_sma_20', 'price_to_sma_60', 'rsi_14', 'roc_10', 'roc_20', 'macd', 'macd_signal', 'macd_hist', 'volatility_5', 'volatility_20', 'atr_14', 'volume_change_1d', 'volume_sma_20', 'volume_ratio_20', 'target_return_5d']",0.056521093790222666
RFE + Random Forest,15,0.1,500,5.0,log2,"['return_1d', 'return_10d', 'return_20d', 'price_to_sma_5', 'price_to_sma_20', 'price_to_sma_60', 'rsi_14', 'roc_10', 'roc_20', 'macd', 'macd_signal', 'macd_hist', 'volatility_5', 'volatility_20', 'volume_ratio_20']",0.05667356425750267
RFE + Random Forest,15,2.0,500,5.0,log2,"['return_1d', 'return_10d', 'return_20d', 'price_to_sma_5', 'price_to_sma_20', 'price_to_sma_60', 'rsi_14', 'roc_10', 'roc_20', 'macd', 'macd_signal', 'macd_hist', 'volatility_5', 'volatility_20', 'volume_ratio_20']",0.05667356425750267
RFE + Random Forest,15,1.0,500,5.0,log2,"['return_1d', 'return_10d', 'return_20d', 'price_to_sma_5', 'price_to_sma_20', 'price_to_sma_60', 'rsi_14', 'roc_10', 'roc_20', 'macd', 'macd_signal', 'macd_hist', 'volatility_5', 'volatility_20', 'volume_ratio_20']",0.05667356425750267
RFE + Random Forest,15,0.1,500,5.0,sqrt,"['return_1d', 'return_10d', 'return_20d', 'price_to_sma_5', 'price_to_sma_20', 'price_to_sma_60', 'rsi_14', 'roc_10', 'roc_20', 'macd', 'macd_signal', 'macd_hist', 'volatility_5', 'volatility_20', 'volume_ratio_20']",0.056673564257502675
RFE + Random Forest,15,2.0,500,5.0,sqrt,"['return_1d', 'return_10d', 'return_20d', 'price_to_sma_5', 'price_to_sma_20', 'price_to_sma_60', 'rsi_14', 'roc_10', 'roc_20', 'macd', 'macd_signal', 'macd_hist', 'volatility_5', 'volatility_20', 'volume_ratio_20']",0.056673564257502675
RFE + Random Forest,15,1.0,500,5.0,sqrt,"['return_1d', 'return_10d', 'return_20d', 'price_to_sma_5', 'price_to_sma_20', 'price_to_sma_60', 'rsi_14', 'roc_10', 'roc_20', 'macd', 'macd_signal', 'macd_hist', 'volatility_5', 'volatility_20', 'volume_ratio_20']",0.056673564257502675
RFE + Random Forest,15,2.0,100,5.0,log2,"['return_1d', 'return_10d', 'return_20d', 'price_to_sma_5', 'price_to_sma_20', 'price_to_sma_60', 'rsi_14', 'roc_10', 'roc_20', 'macd', 'macd_signal', 'macd_hist', 'volatility_5', 'volatility_20', 'volume_ratio_20']",0.05671560004130602
RFE + Random Forest,15,1.0,100,5.0,sqrt,"['return_1d', 'return_10d', 'return_20d', 'price_to_sma_5', 'price_to_sma_20', 'price_to_sma_60', 'rsi_14', 'roc_10', 'roc_20', 'macd', 'macd_signal', 'macd_hist', 'volatility_5', 'volatility_20', 'volume_ratio_20']",0.05671560004130602
RFE + Random Forest,15,1.0,100,5.0,log2,"['return_1d', 'return_10d', 'return_20d', 'price_to_sma_5', 'price_to_sma_20', 'price_to_sma_60', 'rsi_14', 'roc_10', 'roc_20', 'macd', 'macd_signal', 'macd_hist', 'volatility_5', 'volatility_20', 'volume_ratio_20']",0.05671560004130602
RFE + Random Forest,15,0.1,100,5.0,sqrt,"['return_1d', 'return_10d', 'return_20d', 'price_to_sma_5', 'price_to_sma_20', 'price_to_sma_60', 'rsi_14', 'roc_10', 'roc_20', 'macd', 'macd_signal', 'macd_hist', 'volatility_5', 'volatility_20', 'volume_ratio_20']",0.05671560004130602
RFE + Random Forest,15,2.0,100,5.0,sqrt,"['return_1d', 'return_10d', 'return_20d', 'price_to_sma_5', 'price_to_sma_20', 'price_to_sma_60', 'rsi_14', 'roc_10', 'roc_20', 'macd', 'macd_signal', 'macd_hist', 'volatility_5', 'volatility_20', 'volume_ratio_20']",0.056715600041306026
RFE + Random Forest,15,0.1,100,5.0,log2,"['return_1d', 'return_10d', 'return_20d', 'price_to_sma_5', 'price_to_sma_20', 'price_to_sma_60', 'rsi_14', 'roc_10', 'roc_20', 'macd', 'macd_signal', 'macd_hist', 'volatility_5', 'volatility_20', 'volume_ratio_20']",0.056715600041306026
RFE + Random Forest,15,2.0,300,5.0,log2,"['return_1d', 'return_10d', 'return_20d', 'price_to_sma_5', 'price_to_sma_20', 'price_to_sma_60', 'rsi_14', 'roc_10', 'roc_20', 'macd', 'macd_signal', 'macd_hist', 'volatility_5', 'volatility_20', 'volume_ratio_20']",0.05678624147616739
RFE + Random Forest,15,1.0,300,5.0,log2,"['return_1d', 'return_10d', 'return_20d', 'price_to_sma_5', 'price_to_sma_20', 'price_to_sma_60', 'rsi_14', 'roc_10', 'roc_20', 'macd', 'macd_signal', 'macd_hist', 'volatility_5', 'volatility_20', 'volume_ratio_20']",0.0567862414761674
RFE + Random Forest,15,0.1,300,5.0,sqrt,"['return_1d', 'return_10d', 'return_20d', 'price_to_sma_5', 'price_to_sma_20', 'price_to_sma_60', 'rsi_14', 'roc_10', 'roc_20', 'macd', 'macd_signal', 'macd_hist', 'volatility_5', 'volatility_20', 'volume_ratio_20']",0.0567862414761674
RFE + Random Forest,15,0.1,300,5.0,log2,"['return_1d', 'return_10d', 'return_20d', 'price_to_sma_5', 'price_to_sma_20', 'price_to_sma_60', 'rsi_14', 'roc_10', 'roc_20', 'macd', 'macd_signal', 'macd_hist', 'volatility_5', 'volatility_20', 'volume_ratio_20']",0.0567862414761674
RFE + Random Forest,15,2.0,300,5.0,sqrt,"['return_1d', 'return_10d', 'return_20d', 'price_to_sma_5', 'price_to_sma_20', 'price_to_sma_60', 'rsi_14', 'roc_10', 'roc_20', 'macd', 'macd_signal', 'macd_hist', 'volatility_5', 'volatility_20', 'volume_ratio_20']",0.0567862414761674
RFE + Random Forest,15,1.0,300,5.0,sqrt,"['return_1d', 'return_10d', 'return_20d', 'price_to_sma_5', 'price_to_sma_20', 'price_to_sma_60', 'rsi_14', 'roc_10', 'roc_20', 'macd', 'macd_signal', 'macd_hist', 'volatility_5', 'volatility_20', 'volume_ratio_20']",0.0567862414761674
RFE + Random Forest,25,1.0,100,5.0,log2,"['return_1d', 'return_10d', 'return_20d', 'intraday_return', 'high_low_range', 'gap', 'sma_5', 'sma_20', 'sma_60', 'price_to_sma_5', 'price_to_sma_20', 'price_to_sma_60', 'rsi_14', 'roc_10', 'roc_20', 'macd', 'macd_signal', 'macd_hist', 'volatility_5', 'volatility_20', 'atr_14', 'volume_change_1d', 'volume_sma_20', 'volume_ratio_20', 'target_return_5d']",0.05720481592156286
RFE + Random Forest,25,0.1,100,5.0,log2,"['return_1d', 'return_10d', 'return_20d', 'intraday_return', 'high_low_range', 'gap', 'sma_5', 'sma_20', 'sma_60', 'price_to_sma_5', 'price_to_sma_20', 'price_to_sma_60', 'rsi_14', 'roc_10', 'roc_20', 'macd', 'macd_signal', 'macd_hist', 'volatility_5', 'volatility_20', 'atr_14', 'volume_change_1d', 'volume_sma_20', 'volume_ratio_20', 'target_return_5d']",0.05720481592156286
RFE + Random Forest,25,2.0,100,5.0,log2,"['return_1d', 'return_10d', 'return_20d', 'intraday_return', 'high_low_range', 'gap', 'sma_5', 'sma_20', 'sma_60', 'price_to_sma_5', 'price_to_sma_20', 'price_to_sma_60', 'rsi_14', 'roc_10', 'roc_20', 'macd', 'macd_signal', 'macd_hist', 'volatility_5', 'volatility_20', 'atr_14', 'volume_change_1d', 'volume_sma_20', 'volume_ratio_20', 'target_return_5d']",0.05720481592156286
RFE + Random Forest,25,2.0,500,5.0,log2,"['return_1d', 'return_10d', 'return_20d', 'intraday_return', 'high_low_range', 'gap', 'sma_5', 'sma_20', 'sma_60', 'price_to_sma_5', 'price_to_sma_20', 'price_to_sma_60', 'rsi_14', 'roc_10', 'roc_20', 'macd', 'macd_signal', 'macd_hist', 'volatility_5', 'volatility_20', 'atr_14', 'volume_change_1d', 'volume_sma_20', 'volume_ratio_20', 'target_return_5d']",0.057269960833729934
RFE + Random Forest,25,0.1,500,5.0,log2,"['return_1d', 'return_10d', 'return_20d', 'intraday_return', 'high_low_range', 'gap', 'sma_5', 'sma_20', 'sma_60', 'price_to_sma_5', 'price_to_sma_20', 'price_to_sma_60', 'rsi_14', 'roc_10', 'roc_20', 'macd', 'macd_signal', 'macd_hist', 'volatility_5', 'volatility_20', 'atr_14', 'volume_change_1d', 'volume_sma_20', 'volume_ratio_20', 'target_return_5d']",0.057269960833729934
RFE + Random Forest,25,1.0,500,5.0,log2,"['return_1d', 'return_10d', 'return_20d', 'intraday_return', 'high_low_range', 'gap', 'sma_5', 'sma_20', 'sma_60', 'price_to_sma_5', 'price_to_sma_20', 'price_to_sma_60', 'rsi_14', 'roc_10', 'roc_20', 'macd', 'macd_signal', 'macd_hist', 'volatility_5', 'volatility_20', 'atr_14', 'volume_change_1d', 'volume_sma_20', 'volume_ratio_20', 'target_return_5d']",0.057269960833729934
RFE + Random Forest,25,1.0,300,5.0,log2,"['return_1d', 'return_10d', 'return_20d', 'intraday_return', 'high_low_range', 'gap', 'sma_5', 'sma_20', 'sma_60', 'price_to_sma_5', 'price_to_sma_20', 'price_to_sma_60', 'rsi_14', 'roc_10', 'roc_20', 'macd', 'macd_signal', 'macd_hist', 'volatility_5', 'volatility_20', 'atr_14', 'volume_change_1d', 'volume_sma_20', 'volume_ratio_20', 'target_return_5d']",0.05767204096919991
RFE + Random Forest,25,2.0,300,5.0,log2,"['return_1d', 'return_10d', 'return_20d', 'intraday_return', 'high_low_range', 'gap', 'sma_5', 'sma_20', 'sma_60', 'price_to_sma_5', 'price_to_sma_20', 'price_to_sma_60', 'rsi_14', 'roc_10', 'roc_20', 'macd', 'macd_signal', 'macd_hist', 'volatility_5', 'volatility_20', 'atr_14', 'volume_change_1d', 'volume_sma_20', 'volume_ratio_20', 'target_return_5d']",0.05767204096919991
RFE + Random Forest,25,0.1,300,5.0,log2,"['return_1d', 'return_10d', 'return_20d', 'intraday_return', 'high_low_range', 'gap', 'sma_5', 'sma_20', 'sma_60', 'price_to_sma_5', 'price_to_sma_20', 'price_to_sma_60', 'rsi_14', 'roc_10', 'roc_20', 'macd', 'macd_signal', 'macd_hist', 'volatility_5', 'volatility_20', 'atr_14', 'volume_change_1d', 'volume_sma_20', 'volume_ratio_20', 'target_return_5d']",0.05767204096919991
